name,atr_period,rsi_period,volume_period,breakout_lookback_bars,upper_wick_min,close_position_max,volume_multiple,rsi_min,rsi_must_fall,breakout_min_pct,stop_atr,target_r,signals,trades,wins,win_rate,total_r,avg_net_r,profit_factor,max_drawdown_r,symbols,pump_episodes_24h,avg_margin_return_2x_pct,account_return_pct,account_drawdown_pct,train_trades,train_wins,train_win_rate,train_total_r,train_avg_net_r,train_profit_factor,train_max_drawdown_r,train_symbols,train_pump_episodes_24h,train_avg_margin_return_2x_pct,train_account_return_pct,validation_trades,validation_wins,validation_win_rate,validation_total_r,validation_avg_net_r,validation_profit_factor,validation_max_drawdown_r,validation_symbols,validation_pump_episodes_24h,validation_avg_margin_return_2x_pct,validation_account_return_pct
grid_0000,14,14,20,20,0.2,0.5,0.0,55.0,True,,0.3,1.5,221,61,24,0.39344262295081966,-3.2238243059585754,-0.05284957878620619,0.9136262371930074,7.795289013266241,26,35,-1.2649238726242795,-1.7065441629538491,3.868094300876024,49,20,0.40816326530612246,-0.9231963329280404,-0.018840741488327387,0.9683091607416329,5.414316581527023,21,29,-0.33570962281482974,-0.5481301303212782,12,4,0.3333333333333333,-2.3006279730305357,-0.19171899775254464,0.7191885135343952,5.240557357890273,5,6,-5.0592153926795325,-1.1647986449632275
grid_0001,14,14,20,20,0.2,0.5,0.0,55.0,True,,0.3,2.0,221,60,21,0.35,-3.0912929449985302,-0.05152154908330885,0.9215143493683285,10.610368932714186,26,35,-1.211012632824782,-1.6674627560093414,5.2226101036880745,48,18,0.375,0.21013514803200728,0.004377815584000158,1.00696701832579,6.30393058704119,21,29,-0.13421631770706907,-0.004418425825458705,12,3,0.25,-3.3014280930305393,-0.2751190077525449,0.6421336495359481,7.242157597890276,5,6,-5.518197893295633,-1.663117813810877
grid_0002,14,14,20,20,0.2,0.5,0.0,55.0,True,,0.45,1.5,221,60,24,0.4,-3.9297359066617856,-0.06549559844436306,0.8910054529730373,8.433362942099697,26,35,-0.38776279153388366,-2.0468134373268,4.1572958133178854,48,21,0.4375,0.8607240092597359,0.01793175019291118,1.032087191057536,5.087081600260889,21,29,1.0743622889801818,0.34783036515739774,12,3,0.25,-4.790459915921521,-0.39920499299346,0.48098411650545186,8.162113303344078,5,6,-6.236263113590145,-2.386343375606881
grid_0003,14,14,20,20,0.2,0.5,0.0,55.0,True,,0.45,2.0,221,60,21,0.35,-6.225907637056924,-0.10376512728428204,0.8409335435156426,11.415248007997931,26,35,-0.5933065519909101,-3.1862712166780494,5.599387147894275,48,19,0.3958333333333333,0.06575245886459458,0.0013698428930124125,1.002276447237597,7.146723554716502,21,29,1.0131037803885143,-0.06932490809946623,12,2,0.16666666666666666,-6.291660095921518,-0.5243050079934598,0.38656774181247217,8.265980664960168,5,6,-7.018947881508608,-3.1191086277683078
grid_0004,14,14,20,20,0.2,0.5,0.0,55.0,True,0.0,0.3,1.5,45,34,13,0.38235294117647056,-2.7460837510531375,-0.0807671691486217,0.8689818230232115,4.771335354775676,20,26,2.9707950577099043,-1.4225582297463957,2.3771472493669954,27,11,0.4074074074074074,-0.6255939791523857,-0.023170147376014284,0.96055136184997,4.643686184449315,16,21,3.8968721386298886,-0.35982672833799745,7,2,0.2857142857142857,-2.120489771900752,-0.30292711027153596,0.5843089918738716,3.0545043617751464,4,5,-0.6012165401243218,-1.0665693028362289
grid_0005,14,14,20,20,0.2,0.5,0.0,55.0,True,0.0,0.3,2.0,45,34,12,0.35294117647058826,-2.631852983486331,-0.07740744069077443,0.8802879444708572,6.283057395647169,20,26,4.101097067059804,-1.3795618079326277,3.12281278686406,27,10,0.37037037037037035,-1.5121633315855783,-0.0560060493179844,0.9104367164879503,5.1633677437464165,16,21,4.347148496770159,-0.8096558757820227,7,2,0.2857142857142857,-1.1196896519007524,-0.15995566455725035,0.7805012189378283,3.0545043617751464,4,5,3.1520415524627197,-0.574557873735071
grid_0006,14,14,20,20,0.2,0.5,0.0,55.0,True,0.0,0.45,1.5,45,34,14,0.4117647058823529,-0.6893960340943603,-0.02027635394395176,0.9652697915712418,4.736936474731393,20,26,4.582478088251056,-0.40332082353452536,2.3602820205519626,27,12,0.4444444444444444,1.418876547335385,0.05255098323464392,1.0961327715680385,4.627105585581966,16,21,6.0156770389621785,0.664227788370475,7,2,0.2857142857142857,-2.1082725814297456,-0.30118179734710654,0.5858408686629405,3.0487663484571303,4,5,-0.945575007348987,-1.060504446673316
grid_0007,14,14,20,20,0.2,0.5,0.0,55.0,True,0.0,0.45,2.0,45,34,13,0.38235294117647056,-2.1403431768352696,-0.06295126990691968,0.897455413963114,6.205159195723682,20,26,4.389755474834381,-1.131007669672568,3.0720309096823994,27,11,0.4074074074074074,0.13836700615723596,0.005124703931749492,1.0087674888998528,4.126705525581967,16,21,6.116343669365538,0.014164246011461046,7,2,0.2857142857142857,-2.2787101829925054,-0.3255300261417865,0.552359292498565,3.2421368165596602,4,5,-2.2699418469286505,-1.1450097336884957
grid_0008,14,14,20,20,0.2,0.5,0.0,55.0,True,0.01,0.3,1.5,33,26,14,0.5384615384615384,7.982596943237452,0.3070229593552866,1.6816550468658173,2.6035447023281133,18,20,9.766947349739121,4.019445885307005,1.3011880859600145,21,11,0.5238095238095238,5.553379332923679,0.26444663490112763,1.5737276439164927,2.6035447023281133,15,16,9.282803225732831,2.7747944647420253,5,3,0.6,2.4292176103137715,0.4858435220627543,2.1959866317439767,1.016091221511916,3,4,11.800352670565543,1.2110473458469828
grid_0009,14,14,20,20,0.2,0.5,0.0,55.0,True,0.01,0.3,2.0,33,26,13,0.5,8.597227770804261,0.33066260656939456,1.6750383922685244,2.1711382573936886,18,20,11.496032587034136,4.323273903306846,1.082758463040212,21,10,0.47619047619047616,4.666809980490488,0.2222290466900232,1.4359561902532674,2.1711382573936886,15,16,9.86172997191318,2.310813957133284,5,3,0.6,3.9304177903137716,0.7860835580627544,2.9350786501900905,1.016091221511916,3,4,18.360103570542158,1.9670060947972967
grid_0010,14,14,20,20,0.2,0.5,0.0,55.0,True,0.01,0.45,1.5,33,26,15,0.5769230769230769,10.006235200885673,0.38485520003406426,1.940749720280027,2.59154208797297,18,20,12.583044593498729,5.077479806793339,1.2952511721239346,21,12,0.5714285714285714,7.570971468945399,0.36052245090216184,1.8795829309095238,2.59154208797297,15,16,12.512176734480967,3.817039126849897,5,3,0.6,2.435263731940272,0.4870527463880544,2.200233522677938,1.014999203681156,3,4,12.880689601373328,1.2140980811477187
grid_0011,14,14,20,20,0.2,0.5,0.0,55.0,True,0.01,0.45,2.0,33,26,13,0.5,6.053287758144762,0.23281875992864468,1.477438071984862,2.2273244420622103,18,20,10.924714048997762,3.0144318250084012,1.1121596035419068,21,11,0.5238095238095238,6.290461927767251,0.2995458060841547,1.6532332259490463,2.09114202797297,15,16,12.641605259285287,3.146615544463782,5,2,0.4,-0.2371741696224885,-0.047434833924497696,0.9222112784932942,2.2273244420622094,3,4,3.7137709657901707,-0.12815129101196865
grid_0012,14,14,20,20,0.2,0.5,0.5,55.0,True,,0.3,1.5,187,58,22,0.3793103448275862,-5.149966201311153,-0.08879252071226126,0.8581897594541696,10.750322620464367,26,35,-1.5313551963544063,-2.6421830492086906,5.272996853664003,46,19,0.41304347826086957,-0.3357694486607816,-0.0072993358404517825,0.9876003836298223,5.367533102858876,21,29,-0.10480130746287673,-0.25029977701548356,12,3,0.25,-4.814196752650372,-0.4011830627208643,0.47880697367179337,7.754126137510109,5,6,-6.999811770438604,-2.3978851734354434
grid_0013,14,14,20,20,0.2,0.5,0.5,55.0,True,,0.3,2.0,187,57,20,0.3508771929824561,-3.0158346003511056,-0.05290937895352816,0.919246080272522,11.563802299912311,26,35,-1.1595414401440682,-1.6230694032903337,5.667620240508031,45,17,0.37777777777777777,0.2971619722992678,0.006603599384428175,1.01057173353926,6.397941333878166,21,29,0.02951020081927622,0.04654380172821604,12,3,0.25,-3.3129965726503734,-0.27608304772086445,0.6413294265623826,7.25372607751011,5,6,-5.61848509375661,-1.668836465083079
grid_0014,14,14,20,20,0.2,0.5,0.5,55.0,True,,0.45,1.5,187,56,23,0.4107142857142857,-2.3249558423589436,-0.04151706861355257,0.9294958244098805,8.885594717263205,26,35,0.060653474020964694,-1.2511044742123167,4.369832165662324,45,20,0.4444444444444444,1.4297797124902787,0.03177288249978397,1.0576893292904934,5.088805232968291,21,29,1.5079047728763806,0.6390920638830178,11,3,0.2727272727272727,-3.7547355548492236,-0.3413395958953839,0.5416591577006332,8.192016090062523,5,6,-5.859920021296645,-1.8781931546993147
grid_0015,14,14,20,20,0.2,0.5,0.5,55.0,True,,0.45,2.0,187,56,20,0.35714285714285715,-5.121527632754083,-0.09145585058489433,0.8579799720677054,13.321110720804409,26,35,-0.2800255091657019,-2.6416276240859182,6.483090658124135,45,18,0.4,0.13440810209513687,0.002986846713225286,1.0050071196584034,7.148447187423905,21,29,1.3382375284404666,-0.02757832468867072,11,2,0.18181818181818182,-5.25593573484922,-0.47781233953174734,0.4298560944199893,9.218612500123676,5,6,-6.9001924811909365,-2.6147704092705726
grid_0016,14,14,20,20,0.2,0.5,0.5,55.0,True,0.0,0.3,1.5,45,34,13,0.38235294117647056,-2.7460837510531375,-0.0807671691486217,0.8689818230232115,4.771335354775676,20,26,2.9707950577099043,-1.4225582297463957,2.3771472493669954,27,11,0.4074074074074074,-0.6255939791523857,-0.023170147376014284,0.96055136184997,4.643686184449315,16,21,3.8968721386298886,-0.35982672833799745,7,2,0.2857142857142857,-2.120489771900752,-0.30292711027153596,0.5843089918738716,3.0545043617751464,4,5,-0.6012165401243218,-1.0665693028362289
grid_0017,14,14,20,20,0.2,0.5,0.5,55.0,True,0.0,0.3,2.0,45,34,12,0.35294117647058826,-2.631852983486331,-0.07740744069077443,0.8802879444708572,6.283057395647169,20,26,4.101097067059804,-1.3795618079326277,3.12281278686406,27,10,0.37037037037037035,-1.5121633315855783,-0.0560060493179844,0.9104367164879503,5.1633677437464165,16,21,4.347148496770159,-0.8096558757820227,7,2,0.2857142857142857,-1.1196896519007524,-0.15995566455725035,0.7805012189378283,3.0545043617751464,4,5,3.1520415524627197,-0.574557873735071
grid_0018,14,14,20,20,0.2,0.5,0.5,55.0,True,0.0,0.45,1.5,45,34,14,0.4117647058823529,-0.6893960340943603,-0.02027635394395176,0.9652697915712418,4.736936474731393,20,26,4.582478088251056,-0.40332082353452536,2.3602820205519626,27,12,0.4444444444444444,1.418876547335385,0.05255098323464392,1.0961327715680385,4.627105585581966,16,21,6.0156770389621785,0.664227788370475,7,2,0.2857142857142857,-2.1082725814297456,-0.30118179734710654,0.5858408686629405,3.0487663484571303,4,5,-0.945575007348987,-1.060504446673316
grid_0019,14,14,20,20,0.2,0.5,0.5,55.0,True,0.0,0.45,2.0,45,34,13,0.38235294117647056,-2.1403431768352696,-0.06295126990691968,0.897455413963114,6.205159195723682,20,26,4.389755474834381,-1.131007669672568,3.0720309096823994,27,11,0.4074074074074074,0.13836700615723596,0.005124703931749492,1.0087674888998528,4.126705525581967,16,21,6.116343669365538,0.014164246011461046,7,2,0.2857142857142857,-2.2787101829925054,-0.3255300261417865,0.552359292498565,3.2421368165596602,4,5,-2.2699418469286505,-1.1450097336884957
grid_0020,14,14,20,20,0.2,0.5,0.5,55.0,True,0.01,0.3,1.5,33,26,14,0.5384615384615384,7.982596943237452,0.3070229593552866,1.6816550468658173,2.6035447023281133,18,20,9.766947349739121,4.019445885307005,1.3011880859600145,21,11,0.5238095238095238,5.553379332923679,0.26444663490112763,1.5737276439164927,2.6035447023281133,15,16,9.282803225732831,2.7747944647420253,5,3,0.6,2.4292176103137715,0.4858435220627543,2.1959866317439767,1.016091221511916,3,4,11.800352670565543,1.2110473458469828
grid_0021,14,14,20,20,0.2,0.5,0.5,55.0,True,0.01,0.3,2.0,33,26,13,0.5,8.597227770804261,0.33066260656939456,1.6750383922685244,2.1711382573936886,18,20,11.496032587034136,4.323273903306846,1.082758463040212,21,10,0.47619047619047616,4.666809980490488,0.2222290466900232,1.4359561902532674,2.1711382573936886,15,16,9.86172997191318,2.310813957133284,5,3,0.6,3.9304177903137716,0.7860835580627544,2.9350786501900905,1.016091221511916,3,4,18.360103570542158,1.9670060947972967
grid_0022,14,14,20,20,0.2,0.5,0.5,55.0,True,0.01,0.45,1.5,33,26,15,0.5769230769230769,10.006235200885673,0.38485520003406426,1.940749720280027,2.59154208797297,18,20,12.583044593498729,5.077479806793339,1.2952511721239346,21,12,0.5714285714285714,7.570971468945399,0.36052245090216184,1.8795829309095238,2.59154208797297,15,16,12.512176734480967,3.817039126849897,5,3,0.6,2.435263731940272,0.4870527463880544,2.200233522677938,1.014999203681156,3,4,12.880689601373328,1.2140980811477187
grid_0023,14,14,20,20,0.2,0.5,0.5,55.0,True,0.01,0.45,2.0,33,26,13,0.5,6.053287758144762,0.23281875992864468,1.477438071984862,2.2273244420622103,18,20,10.924714048997762,3.0144318250084012,1.1121596035419068,21,11,0.5238095238095238,6.290461927767251,0.2995458060841547,1.6532332259490463,2.09114202797297,15,16,12.641605259285287,3.146615544463782,5,2,0.4,-0.2371741696224885,-0.047434833924497696,0.9222112784932942,2.2273244420622094,3,4,3.7137709657901707,-0.12815129101196865
grid_0024,14,14,20,20,0.2,0.5,1.0,55.0,True,,0.3,1.5,86,46,23,0.5,9.760506149213468,0.2121849162872493,1.425319338681777,4.094146404773638,25,32,6.228324049893401,4.908471953785165,2.031412410292277,36,18,0.5,7.454652855598738,0.20707369043329832,1.4178262396820236,4.094146404773638,20,26,6.3923653876358495,3.7268652033683347,10,5,0.5,2.305853293614729,0.23058532936147288,1.4514960745411185,3.6274108312641355,5,6,5.637775234020588,1.1391520876488093
grid_0025,14,14,20,20,0.2,0.5,1.0,55.0,True,,0.3,2.0,86,45,19,0.4222222222222222,6.382844907114494,0.14184099793587762,1.2454537880922414,5.1072328327591965,25,32,2.987170209453475,3.1303096353062942,2.5276656425725075,35,14,0.4,1.5749913134997633,0.04499975181427893,1.075368807346549,5.1072328327591965,20,26,0.9970153782510885,0.7118684551363996,10,5,0.5,4.8078535936147295,0.48078535936147293,1.9413985835510637,3.1270107712641346,5,6,9.952712118661827,2.4013467501571295
grid_0026,14,14,20,20,0.2,0.5,1.0,55.0,True,,0.45,1.5,86,45,22,0.4888888888888889,7.905812074180298,0.17568471275956218,1.34832137427538,4.082984860182173,25,32,4.514221671117572,3.9453758558607666,2.0259167423482993,35,17,0.4857142857142857,5.577305443133118,0.15935158408951766,1.3168630980901885,4.082984860182173,20,26,4.0390692334808636,2.7629857399402713,10,5,0.5,2.32850663104718,0.23285066310471803,1.4569941788640464,3.613226688264503,5,6,6.177255202846051,1.1505992234526197
grid_0027,14,14,20,20,0.2,0.5,1.0,55.0,True,,0.45,2.0,86,44,19,0.4318181818181818,6.140461217668395,0.13955593676519082,1.248253307905253,5.0988681235982565,25,32,3.8023626221611333,3.01291363381877,2.523567880810562,35,15,0.42857142857142855,3.295995781954968,0.09417130805585626,1.1678565227738371,5.094874435442838,20,26,2.37764424723686,1.5847199937627288,9,4,0.4444444444444444,2.8444654357134267,0.31605171507926955,1.5578621307244354,5.0988681235982565,5,6,9.342934080199973,1.405913842301998
grid_0028,14,14,20,20,0.2,0.5,1.0,55.0,True,0.0,0.3,1.5,39,30,14,0.4666666666666667,3.892730698264464,0.1297576899421488,1.2463679223713617,3.6207905337419,18,24,5.983337062222378,1.908573685640702,1.8031929702395866,25,11,0.44,1.4635130879506928,0.058540523518027715,1.1062878483101877,3.6207905337419,15,20,4.819933940553745,0.6891800431727546,5,3,0.6,2.4292176103137715,0.4858435220627543,2.1959866317439767,1.016091221511916,3,4,11.800352670565543,1.2110473458469828
grid_0029,14,14,20,20,0.2,0.5,1.0,55.0,True,0.0,0.3,2.0,39,30,13,0.43333333333333335,4.507361525831271,0.15024538419437572,1.2678843243062186,4.099366663050109,18,24,7.481877601211391,2.206236105360193,2.04184279501628,25,10,0.4,0.5769437355175002,0.023077749420699997,1.0389968225312252,4.099366663050109,15,20,5.306232407345237,0.23461511691387216,5,3,0.6,3.9304177903137716,0.7860835580627544,2.9350786501900905,1.016091221511916,3,4,18.360103570542158,1.9670060947972967
grid_0030,14,14,20,20,0.2,0.5,1.0,55.0,True,0.0,0.45,1.5,39,30,15,0.5,5.927744083314124,0.19759146944380418,1.4028385136902282,3.607282500142042,18,24,8.18666220181523,2.9510223046075312,1.796543262845507,25,12,0.48,3.4924803513738523,0.13969921405495414,1.2753030806421664,3.607282500142042,15,20,7.2478567219036085,1.7160892172030096,5,3,0.6,2.435263731940272,0.4870527463880544,2.200233522677938,1.014999203681156,3,4,12.880689601373328,1.2140980811477187
grid_0031,14,14,20,20,0.2,0.5,1.0,55.0,True,0.0,0.45,2.0,39,30,13,0.43333333333333335,1.9747966405732174,0.06582655468577385,1.1178478056359704,3.1112776952270593,18,24,6.749442396581059,0.9297243140318878,1.5570143503963463,25,11,0.44,2.2119708101957056,0.08847883240782815,1.1613608515994018,3.1068824401420425,15,20,7.356576682739237,1.0592330258412996,5,2,0.4,-0.2371741696224885,-0.047434833924497696,0.9222112784932942,2.2273244420622094,3,4,3.7137709657901707,-0.12815129101196865
grid_0032,14,14,20,20,0.2,0.5,1.0,55.0,True,0.01,0.3,1.5,32,26,14,0.5384615384615384,7.984807278936808,0.3071079722668003,1.6819725131329044,2.6035447023281133,18,20,9.674833626334346,4.020601356275733,1.3011880859600145,21,11,0.5238095238095238,5.5555896686230355,0.26455188898204934,1.574087091387026,2.6035447023281133,15,16,9.168757663422157,2.7759361098479873,5,3,0.6,2.4292176103137715,0.4858435220627543,2.1959866317439767,1.016091221511916,3,4,11.800352670565543,1.2110473458469828
grid_0033,14,14,20,20,0.2,0.5,1.0,55.0,True,0.01,0.3,2.0,32,26,13,0.5,8.599438106503618,0.3307476194809083,1.675329148093085,2.1711382573936886,18,20,11.403918863629361,4.324432749264284,1.0827584630401899,21,10,0.47619047619047616,4.669020316189844,0.2223343007709449,1.4362527497540618,2.1711382573936886,15,16,9.747684409602504,2.3119504482413733,5,3,0.6,3.9304177903137716,0.7860835580627544,2.9350786501900905,1.016091221511916,3,4,18.360103570542158,1.9670060947972967
grid_0034,14,14,20,20,0.2,0.5,1.0,55.0,True,0.01,0.45,1.5,32,26,15,0.5769230769230769,10.00767043235761,0.3849104012445234,1.9410116311226604,2.59154208797297,18,20,12.50781686150424,5.07823770899638,1.2952511721239346,21,12,0.5714285714285714,7.572406700417338,0.36059079525796844,1.879896390127907,2.59154208797297,15,16,12.419037637725886,3.8177879377541357,5,3,0.6,2.435263731940272,0.4870527463880544,2.200233522677938,1.014999203681156,3,4,12.880689601373328,1.2140980811477187
grid_0035,14,14,20,20,0.2,0.5,1.0,55.0,True,0.01,0.45,2.0,32,26,13,0.5,6.0547229896167,0.23287396113910383,1.4776053373905635,2.2273244420622103,18,20,10.849486317003276,3.015174846871549,1.1121596035419068,21,11,0.5238095238095238,6.291897159239189,0.2996141504399613,1.6534796633019253,2.09114202797297,15,16,12.548466162530206,3.1473595197408555,5,2,0.4,-0.2371741696224885,-0.047434833924497696,0.9222112784932942,2.2273244420622094,3,4,3.7137709657901707,-0.12815129101196865
grid_0036,14,14,20,20,0.2,0.5,0.0,60.0,True,,0.3,1.5,158,53,24,0.4528301886792453,5.028656105496515,0.0948803038772928,1.1727119060851405,5.67652732434383,26,34,3.2455060762059085,2.444776999702092,2.8098681623557886,43,21,0.4883720930232558,7.765254044980608,0.18058730337164208,1.3534503098412813,5.119832841066355,21,28,5.787325504061961,3.8740394704185332,10,3,0.3,-2.736597939484091,-0.2736597939484092,0.6170448879606238,5.676527324343828,5,6,-7.68431746357512,-1.3759573402587044
grid_0037,14,14,20,20,0.2,0.5,0.0,60.0,True,,0.3,2.0,158,52,21,0.40384615384615385,5.156005619096894,0.0991539542134018,1.1654472703783088,10.418392708263985,26,34,1.6249498728108962,2.4829346649592354,5.117305917132775,42,19,0.4523809523809524,9.393803738580988,0.2236619937757378,1.4086836492997294,5.377823427608872,21,28,4.153431631263599,4.6986882575052125,10,2,0.2,-4.237798119484095,-0.4237798119484095,0.48183850270676365,8.17852762434383,5,6,-8.994673512690456,-2.116314568427391
grid_0038,14,14,20,20,0.2,0.5,0.0,60.0,True,,0.45,1.5,158,53,24,0.4528301886792453,4.676277166885419,0.08823164465821542,1.1619557079780123,7.122263617696262,26,34,2.4426886434606323,2.266692627789735,3.5072405863080913,42,21,0.5,8.426887397159124,0.20064017612283624,1.407415611086093,5.101957031839767,21,28,4.686688213363155,4.222079373943366,11,3,0.2727272727272727,-3.750610230273705,-0.3409645663885186,0.5420523305475816,7.122263617696262,5,6,-6.125309714348997,-1.8761732234661932
grid_0039,14,14,20,20,0.2,0.5,0.0,60.0,True,,0.45,2.0,158,53,20,0.37735849056603776,-0.10648511867835464,-0.0020091531826104377,0.9967697424035632,9.400515398865808,26,34,1.6187517081459855,-0.17041876762606822,4.627146285771921,42,18,0.42857142857142855,5.145325291595348,0.12250774503798449,1.2166611258096285,8.166830425651527,21,28,3.8705824905856607,2.5078743934064285,11,2,0.18181818181818182,-5.251810410273702,-0.477437310024882,0.43018151579084585,7.226130979312352,5,6,-6.97914764298732,-2.6127682159847287
grid_0040,14,14,20,20,0.2,0.5,0.0,60.0,True,0.0,0.3,1.5,44,33,13,0.3939393939393939,-1.7345071488102368,-0.05256082269121929,0.9130485100985896,4.771335354775676,19,25,3.8573508663252802,-0.9214304158714048,2.3771472493669843,26,11,0.4230769230769231,0.385982623090515,0.014845485503481358,1.025997581779115,4.643686184449315,15,20,5.057734398830942,0.14670358234025738,7,2,0.2857142857142857,-2.120489771900752,-0.30292711027153596,0.5843089918738716,3.0545043617751464,4,5,-0.6012165401243218,-1.0665693028362289
grid_0041,14,14,20,20,0.2,0.5,0.0,60.0,True,0.0,0.3,2.0,44,33,12,0.36363636363636365,-1.62027638124343,-0.04909928428010395,0.9227457036687425,6.283057395647169,19,25,5.021904451716086,-0.8782154176522838,3.1228127868640487,26,10,0.38461538461538464,-0.5005867293426776,-0.019253335743949142,0.9684613453268706,5.1633677437464165,15,20,5.525329078438147,-0.30541231441706396,7,2,0.2857142857142857,-1.1196896519007524,-0.15995566455725035,0.7805012189378283,3.0545043617751464,4,5,3.1520415524627197,-0.574557873735071
grid_0042,14,14,20,20,0.2,0.5,0.0,60.0,True,0.0,0.45,1.5,44,33,14,0.42424242424242425,0.3211597298048703,0.009732113024390024,1.0170471612737264,4.736936474731393,19,25,5.600334552020396,0.10247484112180238,2.3602820205519737,26,12,0.46153846153846156,2.429432311234616,0.09343970427825449,1.1766988979722983,4.627105585581966,15,20,7.362694818004461,1.175444933583969,7,2,0.2857142857142857,-2.1082725814297456,-0.30118179734710654,0.5858408686629405,3.0487663484571303,4,5,-0.945575007348987,-1.060504446673316
grid_0043,14,14,20,20,0.2,0.5,0.0,60.0,True,0.0,0.45,2.0,44,33,13,0.3939393939393939,-1.1297874129360381,-0.03423598221018299,0.9431174627248587,6.205159195723681,19,25,5.401771859409276,-0.628907518310895,3.0720309096823994,26,11,0.4230769230769231,1.1489227700564673,0.04418933730986411,1.0777808920667307,4.126705525581967,15,20,7.4672332418848715,0.5220800831472916,7,2,0.2857142857142857,-2.2787101829925054,-0.3255300261417865,0.552359292498565,3.2421368165596602,4,5,-2.2699418469286505,-1.1450097336884957
grid_0044,14,14,20,20,0.2,0.5,0.0,60.0,True,0.01,0.3,1.5,32,25,14,0.56,8.99417354548035,0.3597669418192141,1.840652846989729,2.6035447023281133,17,19,11.209047108792586,4.54823864540399,1.3011880859600145,20,11,0.55,6.56495593516658,0.32824779675832905,1.7573877385796406,2.6035447023281133,14,15,11.061220718349347,3.2972599208004327,5,3,0.6,2.4292176103137715,0.4858435220627543,2.1959866317439767,1.016091221511916,3,4,11.800352670565543,1.2110473458469828
grid_0045,14,14,20,20,0.2,0.5,0.0,60.0,True,0.01,0.3,2.0,32,25,13,0.52,9.608804373047162,0.3843521749218864,1.8195608723212753,2.1711382573936886,17,19,13.0072957555794,4.853611202070307,1.082758463040212,20,10,0.5,5.678386582733388,0.2839193291366694,1.5858118557382934,2.1711382573936886,14,15,11.669093801838713,2.8309207240912126,5,3,0.6,3.9304177903137716,0.7860835580627544,2.9350786501900905,1.016091221511916,3,4,18.360103570542158,1.9670060947972967
grid_0046,14,14,20,20,0.2,0.5,0.0,60.0,True,0.01,0.45,1.5,32,25,15,0.6,11.0167909647849,0.440671638591396,2.1444955994803907,2.59154208797297,17,19,14.246637785884163,5.611109383389201,1.2952511721239346,20,12,0.6,8.581527232844628,0.4290763616422315,2.1296090309173747,2.59154208797297,14,15,14.588124832011871,4.344267632278109,5,3,0.6,2.435263731940272,0.4870527463880544,2.200233522677938,1.014999203681156,3,4,12.880689601373328,1.2140980811477187
grid_0047,14,14,20,20,0.2,0.5,0.0,60.0,True,0.01,0.45,2.0,32,25,13,0.52,7.063843522043994,0.28255374088175966,1.605396316623969,2.2273244420622085,17,19,12.52197401960316,3.5375843381741046,1.1121596035418957,20,11,0.55,7.301017691666481,0.365050884583324,1.8470666056871086,2.09114202797297,14,15,14.724024783056407,3.670439344591969,5,2,0.4,-0.2371741696224885,-0.047434833924497696,0.9222112784932942,2.2273244420622094,3,4,3.7137709657901707,-0.12815129101196865
grid_0048,14,14,20,20,0.2,0.5,0.5,60.0,True,,0.3,1.5,140,52,23,0.4423076923076923,3.5581780130400418,0.06842650025077006,1.122203330810565,8.170425745903271,26,34,3.068614059246883,1.6970541527840943,4.012940324778969,42,21,0.5,8.788674374083577,0.20925415176389472,1.4195784223975447,5.119832841066355,21,28,6.226769009545964,4.40830739197946,10,2,0.2,-5.230496361043534,-0.5230496361043535,0.3598257271151194,8.170425745903271,5,6,-10.195636732009254,-2.5967792285115365
grid_0049,14,14,20,20,0.2,0.5,0.5,60.0,True,,0.3,2.0,140,51,21,0.4117647058823529,6.187527826640421,0.12132407503216511,1.2053438593383876,9.386870500720459,26,34,1.8458276971699712,3.014242077990259,4.625400812157087,41,19,0.4634146341463415,10.417224067683957,0.25407863579716966,1.4743274584105268,5.119832841066355,21,28,4.563742200959447,5.23719769499964,10,2,0.2,-4.229696241043536,-0.4229696241043537,0.48231629873579773,8.170425745903271,5,6,-9.297621768366877,-2.1123287826915083
grid_0050,14,14,20,20,0.2,0.5,0.5,60.0,True,,0.45,1.5,140,51,23,0.45098039215686275,4.24317279814553,0.08319946663030449,1.1525399290156295,8.151560556177014,26,34,1.9803125569417623,2.0497210041250824,4.003839207412041,41,21,0.5121951219512195,9.445408955345052,0.23037582817914756,1.4803098719055645,5.101957031839767,21,28,5.19353654465705,4.755558346522015,10,2,0.2,-5.202236157199523,-0.5202236157199522,0.36181101503841256,8.151560556177015,5,6,-11.193905792690918,-2.5830012126385693
grid_0051,14,14,20,20,0.2,0.5,0.5,60.0,True,,0.45,2.0,140,51,19,0.37254901960784315,-1.039989547418242,-0.0203919519101616,0.9674065164033773,11.101409874395959,26,34,0.8763989941589128,-0.6290073084638248,5.420246362702519,41,18,0.43902439024390244,6.163846849781277,0.15033772804344578,1.2711798107445607,8.166830425651527,21,28,4.357525804250837,3.032578907470218,10,1,0.1,-7.2038363971995185,-0.7203836397199519,0.21511078708951956,9.178156966238168,5,6,-13.396220927217977,-3.553814002095712
grid_0052,14,14,20,20,0.2,0.5,0.5,60.0,True,0.0,0.3,1.5,44,33,13,0.3939393939393939,-1.7345071488102368,-0.05256082269121929,0.9130485100985896,4.771335354775676,19,25,3.8573508663252802,-0.9214304158714048,2.3771472493669843,26,11,0.4230769230769231,0.385982623090515,0.014845485503481358,1.025997581779115,4.643686184449315,15,20,5.057734398830942,0.14670358234025738,7,2,0.2857142857142857,-2.120489771900752,-0.30292711027153596,0.5843089918738716,3.0545043617751464,4,5,-0.6012165401243218,-1.0665693028362289
grid_0053,14,14,20,20,0.2,0.5,0.5,60.0,True,0.0,0.3,2.0,44,33,12,0.36363636363636365,-1.62027638124343,-0.04909928428010395,0.9227457036687425,6.283057395647169,19,25,5.021904451716086,-0.8782154176522838,3.1228127868640487,26,10,0.38461538461538464,-0.5005867293426776,-0.019253335743949142,0.9684613453268706,5.1633677437464165,15,20,5.525329078438147,-0.30541231441706396,7,2,0.2857142857142857,-1.1196896519007524,-0.15995566455725035,0.7805012189378283,3.0545043617751464,4,5,3.1520415524627197,-0.574557873735071
grid_0054,14,14,20,20,0.2,0.5,0.5,60.0,True,0.0,0.45,1.5,44,33,14,0.42424242424242425,0.3211597298048703,0.009732113024390024,1.0170471612737264,4.736936474731393,19,25,5.600334552020396,0.10247484112180238,2.3602820205519737,26,12,0.46153846153846156,2.429432311234616,0.09343970427825449,1.1766988979722983,4.627105585581966,15,20,7.362694818004461,1.175444933583969,7,2,0.2857142857142857,-2.1082725814297456,-0.30118179734710654,0.5858408686629405,3.0487663484571303,4,5,-0.945575007348987,-1.060504446673316
grid_0055,14,14,20,20,0.2,0.5,0.5,60.0,True,0.0,0.45,2.0,44,33,13,0.3939393939393939,-1.1297874129360381,-0.03423598221018299,0.9431174627248587,6.205159195723681,19,25,5.401771859409276,-0.628907518310895,3.0720309096823994,26,11,0.4230769230769231,1.1489227700564673,0.04418933730986411,1.0777808920667307,4.126705525581967,15,20,7.4672332418848715,0.5220800831472916,7,2,0.2857142857142857,-2.2787101829925054,-0.3255300261417865,0.552359292498565,3.2421368165596602,4,5,-2.2699418469286505,-1.1450097336884957
grid_0056,14,14,20,20,0.2,0.5,0.5,60.0,True,0.01,0.3,1.5,32,25,14,0.56,8.99417354548035,0.3597669418192141,1.840652846989729,2.6035447023281133,17,19,11.209047108792586,4.54823864540399,1.3011880859600145,20,11,0.55,6.56495593516658,0.32824779675832905,1.7573877385796406,2.6035447023281133,14,15,11.061220718349347,3.2972599208004327,5,3,0.6,2.4292176103137715,0.4858435220627543,2.1959866317439767,1.016091221511916,3,4,11.800352670565543,1.2110473458469828
grid_0057,14,14,20,20,0.2,0.5,0.5,60.0,True,0.01,0.3,2.0,32,25,13,0.52,9.608804373047162,0.3843521749218864,1.8195608723212753,2.1711382573936886,17,19,13.0072957555794,4.853611202070307,1.082758463040212,20,10,0.5,5.678386582733388,0.2839193291366694,1.5858118557382934,2.1711382573936886,14,15,11.669093801838713,2.8309207240912126,5,3,0.6,3.9304177903137716,0.7860835580627544,2.9350786501900905,1.016091221511916,3,4,18.360103570542158,1.9670060947972967
grid_0058,14,14,20,20,0.2,0.5,0.5,60.0,True,0.01,0.45,1.5,32,25,15,0.6,11.0167909647849,0.440671638591396,2.1444955994803907,2.59154208797297,17,19,14.246637785884163,5.611109383389201,1.2952511721239346,20,12,0.6,8.581527232844628,0.4290763616422315,2.1296090309173747,2.59154208797297,14,15,14.588124832011871,4.344267632278109,5,3,0.6,2.435263731940272,0.4870527463880544,2.200233522677938,1.014999203681156,3,4,12.880689601373328,1.2140980811477187
grid_0059,14,14,20,20,0.2,0.5,0.5,60.0,True,0.01,0.45,2.0,32,25,13,0.52,7.063843522043994,0.28255374088175966,1.605396316623969,2.2273244420622085,17,19,12.52197401960316,3.5375843381741046,1.1121596035418957,20,11,0.55,7.301017691666481,0.365050884583324,1.8470666056871086,2.09114202797297,14,15,14.724024783056407,3.670439344591969,5,2,0.4,-0.2371741696224885,-0.047434833924497696,0.9222112784932942,2.2273244420622094,3,4,3.7137709657901707,-0.12815129101196865
grid_0060,14,14,20,20,0.2,0.5,1.0,60.0,True,,0.3,1.5,72,44,22,0.5,9.303905664704306,0.2114524014705525,1.4243353267487753,4.094146404773638,24,31,6.437459657410178,4.673462075781543,2.031412410292277,35,18,0.5142857142857142,8.473271414739028,0.2420934689925437,1.5034642157508538,4.094146404773638,19,25,7.53680504438986,4.257814452534503,9,4,0.4444444444444444,0.8306342499652799,0.09229269444058666,1.1630006409655786,3.6161672528249182,5,6,2.162227596933639,0.39867287208119606
grid_0061,14,14,20,20,0.2,0.5,1.0,60.0,True,,0.3,2.0,72,43,19,0.4418604651162791,8.428244722605335,0.19600569122337988,1.3518103640675359,5.1072328327591965,24,31,3.70596799674742,4.193184974644737,2.5276656425725075,34,15,0.4411764705882353,5.5960102326400545,0.16458853625411923,1.296699193905118,5.1072328327591965,19,25,3.1251517909687,2.7548271387298984,9,4,0.4444444444444444,2.8322344899652805,0.31469272110725344,1.5557873844576677,3.1157671928249173,5,6,5.900162551911472,1.3997958791492016
grid_0062,14,14,20,20,0.2,0.5,1.0,60.0,True,,0.45,1.5,72,43,22,0.5116279069767442,9.94608769315857,0.2313043649571761,1.4815220670884655,4.082984860182173,24,31,5.459496625949484,5.013937808469082,2.0259167423482993,34,18,0.5294117647058824,9.096094943909744,0.2675322042326395,1.5842179356108854,4.082984860182173,19,25,6.273769102895827,4.586823120599703,9,4,0.4444444444444444,0.8499927492488295,0.09444363880542553,1.1671298280825686,3.6037844338270464,5,6,2.383356157485525,0.4083828871796369
grid_0063,14,14,20,20,0.2,0.5,1.0,60.0,True,,0.45,2.0,72,42,19,0.4523809523809524,8.18073683664667,0.19477944849158738,1.3604914786409241,5.094874435442838,24,31,4.716978313856784,4.071891247089243,2.5216115098190217,34,16,0.47058823529411764,7.315185342731595,0.21515251008034098,1.415544351279985,5.094874435442838,19,25,4.850858334050276,3.64441255287673,8,3,0.375,0.8655514939150766,0.10819393673938452,1.1700685924437677,5.0894258691608,5,6,4.147988228034448,0.4124474090626329
grid_0064,14,14,20,20,0.2,0.5,1.0,60.0,True,0.0,0.3,1.5,38,29,14,0.4827586206896552,4.904307300507366,0.16911404484508155,1.3316208209386409,3.6207905337419,17,23,7.096057189423063,2.426635625868645,1.8031929702395866,24,11,0.4583333333333333,2.4750896901935935,0.10312873709139975,1.19400661416327,3.6207905337419,14,19,6.115995630851714,1.201043079682651,5,3,0.6,2.4292176103137715,0.4858435220627543,2.1959866317439767,1.016091221511916,3,4,11.800352670565543,1.2110473458469828
grid_0065,14,14,20,20,0.2,0.5,1.0,60.0,True,0.0,0.3,2.0,38,29,13,0.4482758620689655,5.518938128074172,0.19030821131290251,1.3489862579239846,4.099366663050109,17,23,8.646271540101353,2.725811240848497,2.041842795016291,24,10,0.4166666666666667,1.588520337760401,0.06618834740668338,1.1152516626573068,4.099366663050109,14,19,6.622556533759519,0.7441673293277828,5,3,0.6,3.9304177903137716,0.7860835580627544,2.9350786501900905,1.016091221511916,3,4,18.360103570542158,1.9670060947972967
grid_0066,14,14,20,20,0.2,0.5,1.0,60.0,True,0.0,0.45,1.5,38,29,15,0.5172413793103449,6.938299847213356,0.23925171886942606,1.506283268555904,3.607282500142042,17,23,9.469194871399793,3.47385279638881,1.796543262845507,24,12,0.5,4.503036115273084,0.18762650480304519,1.385686092926486,3.607282500142042,14,19,8.758466802655308,2.232648176570584,5,3,0.6,2.435263731940272,0.4870527463880544,2.200233522677938,1.014999203681156,3,4,12.880689601373328,1.2140980811477187
grid_0067,14,14,20,20,0.2,0.5,1.0,60.0,True,0.0,0.45,2.0,38,29,13,0.4482758620689655,2.985352404472448,0.10294318636111882,1.1895868450039842,3.1112776952270584,17,23,7.982415762536859,1.4422897671685586,1.5570143503963463,24,11,0.4583333333333333,3.2225265740949363,0.13427194058728895,1.2537888326098086,3.1068824401420425,14,19,8.871716761859087,1.5724561810771975,5,2,0.4,-0.2371741696224885,-0.047434833924497696,0.9222112784932942,2.2273244420622094,3,4,3.7137709657901707,-0.12815129101196865
grid_0068,14,14,20,20,0.2,0.5,1.0,60.0,True,0.01,0.3,1.5,31,25,14,0.56,8.996383881179707,0.35985535524718837,1.8410331898612324,2.6035447023281133,17,19,11.113248836451621,4.549399990319425,1.3011880859600145,20,11,0.55,6.567166270865936,0.32835831354329686,1.757835991414709,2.6035447023281133,14,15,10.94147287792314,3.298407369568057,5,3,0.6,2.4292176103137715,0.4858435220627543,2.1959866317439767,1.016091221511916,3,4,11.800352670565543,1.2110473458469828
grid_0069,14,14,20,20,0.2,0.5,1.0,60.0,True,0.01,0.3,2.0,31,25,13,0.52,9.611014708746518,0.38444058834986067,1.8199039706282476,2.1711382573936886,17,19,12.911497483238437,4.854775939131484,1.082758463040212,20,10,0.5,5.6805969184327445,0.2840298459216372,1.5861735504363934,2.1711382573936886,14,15,11.549345961412504,2.832062992660056,5,3,0.6,3.9304177903137716,0.7860835580627544,2.9350786501900905,1.016091221511916,3,4,18.360103570542158,1.9670060947972967
grid_0070,14,14,20,20,0.2,0.5,1.0,60.0,True,0.01,0.45,1.5,31,25,15,0.6,11.01822619625684,0.4407290478502736,2.1448153939030234,2.59154208797297,17,19,14.168400944609896,5.611871134552415,1.2952511721239346,20,12,0.6,8.58296246431657,0.4291481232158284,2.1300114397046954,2.59154208797297,14,15,14.490328780419038,4.345020245972875,5,3,0.6,2.435263731940272,0.4870527463880544,2.200233522677938,1.014999203681156,3,4,12.880689601373328,1.2140980811477187
grid_0071,14,14,20,20,0.2,0.5,1.0,60.0,True,0.01,0.45,2.0,31,25,13,0.52,7.065278753515932,0.2826111501406372,1.6055938117302637,2.2273244420622085,17,19,12.443737178328893,3.5383311334285628,1.1121596035418957,20,11,0.55,7.302452923138419,0.3651226461569209,1.8473742231517716,2.09114202797297,14,15,14.626228731463573,3.671187098102191,5,2,0.4,-0.2371741696224885,-0.047434833924497696,0.9222112784932942,2.2273244420622094,3,4,3.7137709657901707,-0.12815129101196865
grid_0072,14,14,20,20,0.2,0.5,0.0,65.0,True,,0.3,1.5,100,43,17,0.3953488372093023,-0.8226406292212818,-0.019131177423750718,0.9683862942909048,6.116543242293753,24,31,-0.0413939290692643,-0.48956742748922366,3.0195647030401784,33,14,0.42424242424242425,1.9055330742448815,0.05774342649226914,1.101010152836901,4.0668305637818545,19,25,1.3443371309250296,0.8946061047510723,10,3,0.3,-2.7281737034661626,-0.27281737034661624,0.6188039022112528,6.116543242293753,5,6,-4.614306427050434,-1.3719004272668145
grid_0073,14,14,20,20,0.2,0.5,0.0,65.0,True,,0.3,2.0,100,43,16,0.37209302325581395,1.800254219068028,0.04186637718762851,1.0665786584543089,6.755276539834135,24,31,0.28625845929240407,0.7996973954095044,3.3655090762852446,33,13,0.3939393939393939,3.027227742534192,0.09173417401618758,1.1522548838202866,4.725531855196953,19,25,1.1574336126418108,1.4440654129898478,10,3,0.3,-1.2269735234661645,-0.12269735234661641,0.8285602127748781,6.116543242293753,5,6,-2.588619546760638,-0.635195380781528
grid_0074,14,14,20,20,0.2,0.5,0.0,65.0,True,,0.45,1.5,100,43,18,0.4186046511627907,1.4285385677141846,0.03322182715614383,1.0576686335322407,6.1042382436582505,24,31,0.92423289685543,0.6373422346085844,3.0135671965505373,33,15,0.45454545454545453,4.161479673107663,0.12610544463962614,1.2364546344793559,4.058851436146419,19,25,2.6058370312204846,2.0397038775030296,10,3,0.3,-2.7329411053934782,-0.2732941105393479,0.6189437930277173,6.1042382436582505,5,6,-4.62506074654925,-1.374329392976248
grid_0075,14,14,20,20,0.2,0.5,0.0,65.0,True,,0.45,2.0,100,43,15,0.3488372093023256,-2.353971273463964,-0.054743517987534025,0.915454038302151,8.131714762589915,24,31,0.04847578424990649,-1.2634369194555628,4.008973544440753,33,13,0.3939393939393939,1.8801700119295108,0.056974848846348854,1.095712704376497,5.080981307304601,19,25,1.7612205038027169,0.8696445708463063,10,2,0.2,-4.234141285393475,-0.4234141285393475,0.4835538966997091,6.208461854432125,5,6,-5.603581790274368,-2.114691193150442
grid_0076,14,14,20,20,0.2,0.5,0.0,65.0,True,0.0,0.3,1.5,39,30,10,0.3333333333333333,-5.091649659281973,-0.16972165530939912,0.7447254189975345,6.579444634644638,19,25,-0.7758429254617574,-2.5650706309571114,3.2845345486490096,23,8,0.34782608695652173,-2.9711598873812215,-0.12918086466874876,0.7998498667213573,4.923634892145625,15,20,-0.8289900862166292,-1.5146561860447383,7,2,0.2857142857142857,-2.120489771900752,-0.30292711027153596,0.5843089918738716,3.0545043617751464,4,5,-0.6012165401243218,-1.0665693028362289
grid_0077,14,14,20,20,0.2,0.5,0.0,65.0,True,0.0,0.3,2.0,39,30,9,0.3,-5.978219011715165,-0.1992739670571722,0.7149302512021479,7.966414047077829,19,25,-1.065531426506538,-3.0049350696954913,3.9596696100746898,23,7,0.30434782608695654,-4.858529359814414,-0.21124040694845278,0.6938536071955781,6.846724395177078,15,20,-2.349140594018921,-2.4444218139598184,7,2,0.2857142857142857,-1.1196896519007524,-0.15995566455725035,0.7805012189378283,3.0545043617751464,4,5,3.1520415524627197,-0.574557873735071
grid_0078,14,14,20,20,0.2,0.5,0.0,65.0,True,0.0,0.45,1.5,39,30,11,0.36666666666666664,-3.0068155597653288,-0.10022718532551093,0.8403860439999736,4.736936474731393,19,25,0.8434627676189107,-1.5438192712512455,2.3602820205519626,23,9,0.391304347826087,-0.8985429783355829,-0.03906708601459054,0.9346398214474768,4.627105585581966,15,20,1.387952525217836,-0.48849533937378453,7,2,0.2857142857142857,-2.1082725814297456,-0.30118179734710654,0.5858408686629405,3.0487663484571303,4,5,-0.945575007348987,-1.060504446673316
grid_0079,14,14,20,20,0.2,0.5,0.0,65.0,True,0.0,0.45,2.0,39,30,10,0.3333333333333333,-5.458562822506238,-0.18195209408354127,0.7251524153009091,7.13607366138135,19,25,-1.0498572682522813,-2.746818273643381,3.5557496501883445,23,8,0.34782608695652173,-3.1798526395137325,-0.13825446258755358,0.7847063219620004,4.857363478388844,15,20,-0.6785271790899082,-1.6203618407524822,7,2,0.2857142857142857,-2.2787101829925054,-0.3255300261417865,0.552359292498565,3.2421368165596602,4,5,-2.2699418469286505,-1.1450097336884957
grid_0080,14,14,20,20,0.2,0.5,0.0,65.0,True,0.01,0.3,1.5,28,22,11,0.5,5.637031035008615,0.2562286834094825,1.5269817579303182,2.6035447023281133,17,19,5.893559607601259,2.81386066462328,1.3011880859600145,17,8,0.47058823529411764,3.207813424694843,0.18869490733499084,1.370174344109683,2.6035447023281133,14,15,4.156267530258822,1.5836347521425154,5,3,0.6,2.4292176103137715,0.4858435220627543,2.1959866317439767,1.016091221511916,3,4,11.800352670565543,1.2110473458469828
grid_0081,14,14,20,20,0.2,0.5,0.0,65.0,True,0.01,0.3,2.0,28,22,10,0.45454545454545453,5.250861742575422,0.23867553375342834,1.4479446262879605,3.5580823211162675,17,19,5.795163826711729,2.6039116383393512,1.7674513217408871,17,7,0.4117647058823529,1.320443952261651,0.07767317366245009,1.1362549272133573,3.5580823211162675,14,15,2.0995933138204275,0.6246192449250954,5,3,0.6,3.9304177903137716,0.7860835580627544,2.9350786501900905,1.016091221511916,3,4,18.360103570542158,1.9670060947972967
grid_0082,14,14,20,20,0.2,0.5,0.0,65.0,True,0.01,0.45,1.5,28,22,12,0.5454545454545454,7.688815675214704,0.3494916216006683,1.7988830859960931,2.59154208797297,17,19,8.939035793590834,3.874219782457611,1.2952511721239346,17,9,0.5294117647058824,5.253551943274432,0.3090324672514371,1.6916695511210822,2.59154208797297,14,15,7.779725850125394,2.628212622294157,5,3,0.6,2.435263731940272,0.4870527463880544,2.200233522677938,1.014999203681156,3,4,12.880689601373328,1.2140980811477187
grid_0083,14,14,20,20,0.2,0.5,0.0,65.0,True,0.01,0.45,2.0,28,22,10,0.45454545454545453,2.735068112473792,0.12432127783971782,1.2344338250986415,2.2273244420622094,17,19,4.695234594636566,1.3308725271776067,1.1121596035419068,17,8,0.47058823529411764,2.9722422820962806,0.17483778129978123,1.3448980118488392,2.09114202797297,14,15,4.983900367826681,1.4608959752421935,5,2,0.4,-0.2371741696224885,-0.047434833924497696,0.9222112784932942,2.2273244420622094,3,4,3.7137709657901707,-0.12815129101196865
grid_0084,14,14,20,20,0.2,0.5,0.5,65.0,True,,0.3,1.5,92,43,17,0.3953488372093023,-0.8226406292212818,-0.019131177423750718,0.9683862942909048,6.116543242293753,24,31,-0.0413939290692643,-0.48956742748922366,3.0195647030401784,33,14,0.42424242424242425,1.9055330742448815,0.05774342649226914,1.101010152836901,4.0668305637818545,19,25,1.3443371309250296,0.8946061047510723,10,3,0.3,-2.7281737034661626,-0.27281737034661624,0.6188039022112528,6.116543242293753,5,6,-4.614306427050434,-1.3719004272668145
grid_0085,14,14,20,20,0.2,0.5,0.5,65.0,True,,0.3,2.0,92,43,16,0.37209302325581395,1.800254219068028,0.04186637718762851,1.0665786584543089,6.755276539834135,24,31,0.28625845929240407,0.7996973954095044,3.3655090762852446,33,13,0.3939393939393939,3.027227742534192,0.09173417401618758,1.1522548838202866,4.725531855196953,19,25,1.1574336126418108,1.4440654129898478,10,3,0.3,-1.2269735234661645,-0.12269735234661641,0.8285602127748781,6.116543242293753,5,6,-2.588619546760638,-0.635195380781528
grid_0086,14,14,20,20,0.2,0.5,0.5,65.0,True,,0.45,1.5,92,43,18,0.4186046511627907,1.4609844710879383,0.033976383048556706,1.0590557930355207,6.1042382436582505,24,31,0.8328023693297174,0.6537562144076192,3.0135671965505373,33,15,0.45454545454545453,4.161479673107663,0.12610544463962614,1.2364546344793559,4.058851436146419,19,25,2.6058370312204846,2.0397038775030296,10,3,0.3,-2.7004952020197246,-0.2700495202019725,0.6217565942226251,6.1042382436582505,5,6,-5.018212014909816,-1.3582435174049667
grid_0087,14,14,20,20,0.2,0.5,0.5,65.0,True,,0.45,2.0,92,43,15,0.3488372093023256,-2.3215253700902103,-0.05398896209512114,0.9165220955211705,8.099268859216162,24,31,-0.04295474327580611,-1.247332957289582,3.9933173800971167,33,13,0.3939393939393939,1.8801700119295108,0.056974848846348854,1.095712704376497,5.080981307304601,19,25,1.7612205038027169,0.8696445708463063,10,2,0.2,-4.201695382019722,-0.42016953820197217,0.4854751584740745,6.176015951058371,5,6,-5.996733058634932,-2.0987260708042244
grid_0088,14,14,20,20,0.2,0.5,0.5,65.0,True,0.0,0.3,1.5,39,30,10,0.3333333333333333,-5.091649659281973,-0.16972165530939912,0.7447254189975345,6.579444634644638,19,25,-0.7758429254617574,-2.5650706309571114,3.2845345486490096,23,8,0.34782608695652173,-2.9711598873812215,-0.12918086466874876,0.7998498667213573,4.923634892145625,15,20,-0.8289900862166292,-1.5146561860447383,7,2,0.2857142857142857,-2.120489771900752,-0.30292711027153596,0.5843089918738716,3.0545043617751464,4,5,-0.6012165401243218,-1.0665693028362289
grid_0089,14,14,20,20,0.2,0.5,0.5,65.0,True,0.0,0.3,2.0,39,30,9,0.3,-5.978219011715165,-0.1992739670571722,0.7149302512021479,7.966414047077829,19,25,-1.065531426506538,-3.0049350696954913,3.9596696100746898,23,7,0.30434782608695654,-4.858529359814414,-0.21124040694845278,0.6938536071955781,6.846724395177078,15,20,-2.349140594018921,-2.4444218139598184,7,2,0.2857142857142857,-1.1196896519007524,-0.15995566455725035,0.7805012189378283,3.0545043617751464,4,5,3.1520415524627197,-0.574557873735071
grid_0090,14,14,20,20,0.2,0.5,0.5,65.0,True,0.0,0.45,1.5,39,30,11,0.36666666666666664,-3.0068155597653288,-0.10022718532551093,0.8403860439999736,4.736936474731393,19,25,0.8434627676189107,-1.5438192712512455,2.3602820205519626,23,9,0.391304347826087,-0.8985429783355829,-0.03906708601459054,0.9346398214474768,4.627105585581966,15,20,1.387952525217836,-0.48849533937378453,7,2,0.2857142857142857,-2.1082725814297456,-0.30118179734710654,0.5858408686629405,3.0487663484571303,4,5,-0.945575007348987,-1.060504446673316
grid_0091,14,14,20,20,0.2,0.5,0.5,65.0,True,0.0,0.45,2.0,39,30,10,0.3333333333333333,-5.458562822506238,-0.18195209408354127,0.7251524153009091,7.13607366138135,19,25,-1.0498572682522813,-2.746818273643381,3.5557496501883445,23,8,0.34782608695652173,-3.1798526395137325,-0.13825446258755358,0.7847063219620004,4.857363478388844,15,20,-0.6785271790899082,-1.6203618407524822,7,2,0.2857142857142857,-2.2787101829925054,-0.3255300261417865,0.552359292498565,3.2421368165596602,4,5,-2.2699418469286505,-1.1450097336884957
grid_0092,14,14,20,20,0.2,0.5,0.5,65.0,True,0.01,0.3,1.5,28,22,11,0.5,5.637031035008615,0.2562286834094825,1.5269817579303182,2.6035447023281133,17,19,5.893559607601259,2.81386066462328,1.3011880859600145,17,8,0.47058823529411764,3.207813424694843,0.18869490733499084,1.370174344109683,2.6035447023281133,14,15,4.156267530258822,1.5836347521425154,5,3,0.6,2.4292176103137715,0.4858435220627543,2.1959866317439767,1.016091221511916,3,4,11.800352670565543,1.2110473458469828
grid_0093,14,14,20,20,0.2,0.5,0.5,65.0,True,0.01,0.3,2.0,28,22,10,0.45454545454545453,5.250861742575422,0.23867553375342834,1.4479446262879605,3.5580823211162675,17,19,5.795163826711729,2.6039116383393512,1.7674513217408871,17,7,0.4117647058823529,1.320443952261651,0.07767317366245009,1.1362549272133573,3.5580823211162675,14,15,2.0995933138204275,0.6246192449250954,5,3,0.6,3.9304177903137716,0.7860835580627544,2.9350786501900905,1.016091221511916,3,4,18.360103570542158,1.9670060947972967
grid_0094,14,14,20,20,0.2,0.5,0.5,65.0,True,0.01,0.45,1.5,28,22,12,0.5454545454545454,7.688815675214704,0.3494916216006683,1.7988830859960931,2.59154208797297,17,19,8.939035793590834,3.874219782457611,1.2952511721239346,17,9,0.5294117647058824,5.253551943274432,0.3090324672514371,1.6916695511210822,2.59154208797297,14,15,7.779725850125394,2.628212622294157,5,3,0.6,2.435263731940272,0.4870527463880544,2.200233522677938,1.014999203681156,3,4,12.880689601373328,1.2140980811477187
grid_0095,14,14,20,20,0.2,0.5,0.5,65.0,True,0.01,0.45,2.0,28,22,10,0.45454545454545453,2.735068112473792,0.12432127783971782,1.2344338250986415,2.2273244420622094,17,19,4.695234594636566,1.3308725271776067,1.1121596035419068,17,8,0.47058823529411764,2.9722422820962806,0.17483778129978123,1.3448980118488392,2.09114202797297,14,15,4.983900367826681,1.4608959752421935,5,2,0.4,-0.2371741696224885,-0.047434833924497696,0.9222112784932942,2.2273244420622094,3,4,3.7137709657901707,-0.12815129101196865
grid_0096,14,14,20,20,0.2,0.5,1.0,65.0,True,,0.3,1.5,54,36,15,0.4166666666666667,1.3746620011998816,0.0381850555888856,1.0658075177112964,3.6161672528249182,21,27,1.6579960444561666,0.6217742388458181,1.8009077431703768,28,12,0.42857142857142855,2.0330252665897444,0.07260804523534801,1.1287275809022954,3.60951559822096,17,22,2.6570353164310663,0.9683686030040439,8,3,0.375,-0.6583632653898623,-0.08229540817373279,0.8708051898278639,3.6161672528249182,4,5,-1.838641407455981,-0.34327024290249364
grid_0097,14,14,20,20,0.2,0.5,1.0,65.0,True,,0.3,2.0,54,36,13,0.3611111111111111,-0.0056436305108054086,-0.00015676751418903143,0.9997537691972321,4.250581941437755,21,27,0.018641686181648593,-0.08653911054609109,2.1174876171236257,28,10,0.35714285714285715,-0.8484805451209436,-0.030302876611462266,0.9523972391005969,4.250581941437755,17,22,-0.24207552697368176,-0.4856982218072292,8,3,0.375,0.8428369146101382,0.10535461432626728,1.1653952474469307,3.115767192824917,4,5,0.9311519322253048,0.4011072821983097
grid_0098,14,14,20,20,0.2,0.5,1.0,65.0,True,,0.45,1.5,54,36,16,0.4444444444444444,3.628340022210133,0.10078722283917035,1.1848959242669808,3.6037844338270464,21,27,2.779263356411224,1.7626304628027167,1.794810651244394,28,13,0.4642857142857143,4.2684537345588085,0.15244477623424318,1.2936093871804104,3.597586447722934,17,22,4.150573350149339,2.103841612513091,8,3,0.375,-0.6401137123486758,-0.0800142140435845,0.874137638476713,3.603784433827046,4,5,-2.020321621672178,-0.33418052085182337
grid_0099,14,14,20,20,0.2,0.5,1.0,65.0,True,,0.45,2.0,54,35,13,0.37142857142857144,-0.1386110743017721,-0.003960316408622056,0.9936010275644463,5.0894258691608,21,27,0.7417547106302046,-0.1459451587558558,2.5189422241554738,28,11,0.39285714285714285,0.9863439533806568,0.03522656976359491,1.0595185871162083,4.303294868852841,17,22,1.5364721988849206,0.4336197157459587,7,2,0.2857142857142857,-1.1249550276824298,-0.1607078610974899,0.7789622922893807,5.0894258691608005,4,5,-2.4371152423886593,-0.5770626172213689
grid_0100,14,14,20,20,0.2,0.5,1.0,65.0,True,0.0,0.3,1.5,34,26,11,0.4230769230769231,1.5449544543362719,0.0594213251667797,1.1044671618368616,3.6207905337419,17,23,2.2158749595848475,0.7263345802012156,1.8031929702395866,21,8,0.38095238095238093,-0.8842631559774994,-0.042107769332261874,0.9306882083505006,3.6207905337419,14,19,-0.06614354302960362,-0.47891290363737404,5,3,0.6,2.4292176103137715,0.4858435220627543,2.1959866317439767,1.016091221511916,3,4,11.800352670565543,1.2110473458469828
grid_0101,14,14,20,20,0.2,0.5,1.0,65.0,True,0.0,0.3,2.0,34,26,10,0.38461538461538464,1.1587851619030798,0.04456866007319538,1.0732749829778414,5.486310726772688,17,23,2.1326169911398614,0.5206483455869382,2.7198969911057636,21,7,0.3333333333333333,-2.771632628410692,-0.13198250611479484,0.7989101800547705,5.486310726772688,14,19,-1.7310702896702088,-1.4184566210228122,5,3,0.6,3.9304177903137716,0.7860835580627544,2.9350786501900905,1.016091221511916,3,4,18.360103570542158,1.9670060947972967
grid_0102,14,14,20,20,0.2,0.5,1.0,65.0,True,0.0,0.45,1.5,34,26,12,0.46153846153846156,3.6088893261712176,0.13880343562196995,1.263338328429883,3.607282500142042,17,23,4.502131350551729,1.77137864943393,1.796543262845507,21,9,0.42857142857142855,1.1736255942309466,0.05588693305861651,1.100521305716867,3.607282500142042,14,19,2.507236528927539,0.5505957953006124,5,3,0.6,2.435263731940272,0.4870527463880544,2.200233522677938,1.014999203681156,3,4,12.880689601373328,1.2140980811477187
grid_0103,14,14,20,20,0.2,0.5,1.0,65.0,True,0.0,0.45,2.0,34,26,10,0.38461538461538464,-1.344858236569692,-0.05172531679114199,0.9145938584446862,3.698564865537678,17,23,0.9112226437442713,-0.7204808042033051,1.8556884339448354,21,8,0.38095238095238093,-1.1076840669472034,-0.0527468603308192,0.9127647701927889,3.461390695915189,14,19,0.2439492337333428,-0.5930895651259038,5,2,0.4,-0.2371741696224885,-0.047434833924497696,0.9222112784932942,2.2273244420622094,3,4,3.7137709657901707,-0.12815129101196865
grid_0104,14,14,20,20,0.2,0.5,1.0,65.0,True,0.01,0.3,1.5,28,22,11,0.5,5.637031035008615,0.2562286834094825,1.5269817579303182,2.6035447023281133,17,19,5.893559607601259,2.81386066462328,1.3011880859600145,17,8,0.47058823529411764,3.207813424694843,0.18869490733499084,1.370174344109683,2.6035447023281133,14,15,4.156267530258822,1.5836347521425154,5,3,0.6,2.4292176103137715,0.4858435220627543,2.1959866317439767,1.016091221511916,3,4,11.800352670565543,1.2110473458469828
grid_0105,14,14,20,20,0.2,0.5,1.0,65.0,True,0.01,0.3,2.0,28,22,10,0.45454545454545453,5.250861742575422,0.23867553375342834,1.4479446262879605,3.5580823211162675,17,19,5.795163826711729,2.6039116383393512,1.7674513217408871,17,7,0.4117647058823529,1.320443952261651,0.07767317366245009,1.1362549272133573,3.5580823211162675,14,15,2.0995933138204275,0.6246192449250954,5,3,0.6,3.9304177903137716,0.7860835580627544,2.9350786501900905,1.016091221511916,3,4,18.360103570542158,1.9670060947972967
grid_0106,14,14,20,20,0.2,0.5,1.0,65.0,True,0.01,0.45,1.5,28,22,12,0.5454545454545454,7.688815675214704,0.3494916216006683,1.7988830859960931,2.59154208797297,17,19,8.939035793590834,3.874219782457611,1.2952511721239346,17,9,0.5294117647058824,5.253551943274432,0.3090324672514371,1.6916695511210822,2.59154208797297,14,15,7.779725850125394,2.628212622294157,5,3,0.6,2.435263731940272,0.4870527463880544,2.200233522677938,1.014999203681156,3,4,12.880689601373328,1.2140980811477187
grid_0107,14,14,20,20,0.2,0.5,1.0,65.0,True,0.01,0.45,2.0,28,22,10,0.45454545454545453,2.735068112473792,0.12432127783971782,1.2344338250986415,2.2273244420622094,17,19,4.695234594636566,1.3308725271776067,1.1121596035419068,17,8,0.47058823529411764,2.9722422820962806,0.17483778129978123,1.3448980118488392,2.09114202797297,14,15,4.983900367826681,1.4608959752421935,5,2,0.4,-0.2371741696224885,-0.047434833924497696,0.9222112784932942,2.2273244420622094,3,4,3.7137709657901707,-0.12815129101196865
grid_0108,14,14,20,20,0.2,0.6,0.0,55.0,True,,0.3,1.5,241,63,22,0.3492063492063492,-10.342799369368837,-0.1641714185614101,0.750692316195268,12.28475726815115,26,35,-3.0383360967783046,-5.143748211610822,6.054003469011448,50,17,0.34,-9.489320906109,-0.18978641812218006,0.7146193437564462,9.962249040550457,21,29,-3.42999317547728,-4.715048229298646,13,5,0.38461538461538464,-0.8534784632598333,-0.06565218948152564,0.8963550018384258,4.212615271300869,5,6,-1.5319627171668628,-0.44991362680631974
grid_0109,14,14,20,20,0.2,0.6,0.0,55.0,True,,0.3,2.0,241,63,20,0.31746031746031744,-9.22776848180203,-0.14647251558415922,0.7880812964308955,13.754208740763374,26,35,-2.7363855572030937,-4.639255023190946,6.704617420855286,50,16,0.32,-7.873889958542194,-0.15747779917084387,0.7702848123069793,10.430900393162682,21,29,-3.1690410530116537,-3.961366301346547,13,4,0.3076923076923077,-1.353878523259836,-0.10414450178921816,0.8539057504702946,6.214215511300871,5,6,-1.0723259579394018,-0.7058500269500056
grid_0110,14,14,20,20,0.2,0.6,0.0,55.0,True,,0.45,1.5,241,61,23,0.3770491803278688,-7.641270780712728,-0.12526673411004471,0.8000432815943511,9.590255890256163,26,35,-2.9947922714979294,-3.847729937023847,4.773750455923342,50,20,0.4,-3.8669350285583537,-0.07733870057116707,0.871289494830896,7.890509875755933,21,29,-1.7177962440610195,-1.9978317148567681,11,3,0.2727272727272727,-3.774335752154374,-0.343121432014034,0.5380793308878653,8.17096095615095,5,6,-8.799319668938427,-1.8876094830725387
grid_0111,14,14,20,20,0.2,0.6,0.0,55.0,True,,0.45,2.0,241,62,21,0.3387096774193548,-8.45719527244708,-0.13640637536204972,0.7954378748418278,13.66897350751961,26,35,-2.4897518028487693,-4.26309254736712,6.659894691514845,50,19,0.38,-2.156687523718692,-0.04313375047437387,0.9306031142586629,9.171098417251683,21,29,-1.4761846829183098,-1.1764205620080626,12,2,0.16666666666666666,-6.300507748728389,-0.5250423123940324,0.3862345605554149,8.274828317767039,5,6,-6.712948135892351,-3.1234164992939073
grid_0112,14,14,20,20,0.2,0.6,0.0,55.0,True,0.0,0.3,1.5,47,36,13,0.3611111111111111,-4.779293850235723,-0.13275816250654782,0.7921393038002711,6.267088825598387,21,27,1.8037417986003947,-2.422154521665565,3.1426737383612013,29,11,0.3793103448275862,-2.6588040783349705,-0.09168289925293,0.8513941632437273,5.660877760324446,17,22,2.3842489838098087,-1.3701993444246163,7,2,0.2857142857142857,-2.120489771900752,-0.30292711027153596,0.5843089918738716,3.0545043617751464,4,5,-0.6012165401243218,-1.0665693028362289
grid_0113,14,14,20,20,0.2,0.6,0.0,55.0,True,0.0,0.3,2.0,47,36,12,0.3333333333333333,-4.6650630826689135,-0.1295850856296921,0.805768626077437,6.6532581180315775,21,27,2.8712492518753,-2.3795940927426873,3.340483942473338,29,10,0.3448275862068966,-3.545373430768162,-0.12225425623338493,0.8125822016314701,5.533568466130826,17,22,2.8034718000093712,-1.8154671283385548,7,2,0.2857142857142857,-1.1196896519007524,-0.15995566455725035,0.7805012189378283,3.0545043617751464,4,5,3.1520415524627197,-0.574557873735071
grid_0114,14,14,20,20,0.2,0.6,0.0,55.0,True,0.0,0.45,1.5,47,36,14,0.3888888888888889,-2.718606320136355,-0.07551684222600988,0.8757449977722108,5.641659661825618,21,27,3.184521383099581,-1.411270673452314,2.792917417137708,29,12,0.41379310344827586,-0.6103337387066097,-0.021045990989883107,0.9636462912705356,5.641659661825618,17,22,4.181441201483719,-0.35452599067470336,7,2,0.2857142857142857,-2.1082725814297456,-0.30118179734710654,0.5858408686629405,3.0487663484571303,4,5,-0.945575007348987,-1.060504446673316
grid_0115,14,14,20,20,0.2,0.6,0.0,55.0,True,0.0,0.45,2.0,47,36,13,0.3611111111111111,-4.169553462877265,-0.11582092952436847,0.8179355775824004,6.205159195723681,21,27,3.002505581539389,-2.1315930988744403,3.072030909682366,29,11,0.3793103448275862,-1.8908432798847599,-0.0652014924098193,0.8938386860511934,5.141259601825619,17,22,4.275165305652363,-0.998010684668682,7,2,0.2857142857142857,-2.2787101829925054,-0.3255300261417865,0.552359292498565,3.2421368165596602,4,5,-2.2699418469286505,-1.1450097336884957
grid_0116,14,14,20,20,0.2,0.6,0.0,55.0,True,0.01,0.3,1.5,34,27,14,0.5185185185185185,6.9665784199299985,0.25802142296037034,1.5474016922591176,2.6035447023281133,19,21,8.71279744960663,3.4910174662887483,1.3011880859600145,22,11,0.5,4.537360809616226,0.20624367316437395,1.4242312949221907,2.6035447023281133,16,17,8.01108035393415,2.2526889902155567,5,3,0.6,2.4292176103137715,0.4858435220627543,2.1959866317439767,1.016091221511916,3,4,11.800352670565543,1.2110473458469828
grid_0117,14,14,20,20,0.2,0.6,0.0,55.0,True,0.01,0.3,2.0,34,27,13,0.48148148148148145,7.5812092474968065,0.28078552768506687,1.5512833777251587,2.207826813043736,19,21,10.377842492927755,3.793302009817645,1.1083675386557967,22,10,0.45454545454545453,3.650791457183034,0.16594506623559246,1.311480067863012,2.207826813043736,16,17,8.563692248015391,1.791065546557724,5,3,0.6,3.9304177903137716,0.7860835580627544,2.9350786501900905,1.016091221511916,3,4,18.360103570542158,1.9670060947972967
grid_0118,14,14,20,20,0.2,0.6,0.0,55.0,True,0.01,0.45,1.5,34,27,15,0.5555555555555556,8.991578991087327,0.3330214441143454,1.771736228496599,2.59154208797297,19,21,11.357537485983046,4.544392219813709,1.2952511721239346,22,12,0.5454545454545454,6.556315259147055,0.2980143299612298,1.681380038427449,2.59154208797297,16,17,11.011366550667072,3.2903461096851716,5,3,0.6,2.435263731940272,0.4870527463880544,2.200233522677938,1.014999203681156,3,4,12.880689601373328,1.2140980811477187
grid_0119,14,14,20,20,0.2,0.6,0.0,55.0,True,0.01,0.45,2.0,34,27,13,0.48148148148148145,5.038631548346419,0.18661598327208953,1.3679621230861156,2.2273244420622094,19,21,9.760626591278413,2.491810660257898,1.1121596035419068,22,11,0.5,5.275805717968907,0.23980935081676844,1.4956419132501506,2.09114202797297,16,17,11.134911960707559,2.6233237745543647,5,2,0.4,-0.2371741696224885,-0.047434833924497696,0.9222112784932942,2.2273244420622094,3,4,3.7137709657901707,-0.12815129101196865
grid_0120,14,14,20,20,0.2,0.6,0.5,55.0,True,,0.3,1.5,202,59,19,0.3220338983050847,-13.70487820311605,-0.2322860712392551,0.6609784961979158,15.646836101898362,26,35,-4.179589652505259,-6.716105853133991,7.6112725235124135,47,16,0.3404255319148936,-8.878289467928736,-0.1888997759133774,0.7152161257648246,10.25165460175593,21,29,-3.5361127564544677,-4.418357790569949,12,3,0.25,-4.826588735187312,-0.40221572793227606,0.4781654779395042,7.766518120047049,5,6,-6.699874162037525,-2.4039637836829164
grid_0121,14,14,20,20,0.2,0.6,0.5,55.0,True,,0.3,2.0,202,59,18,0.3050847457627119,-11.088647135549241,-0.18794317178897021,0.7324820406838137,16.643979106356138,26,35,-3.742895463426655,-5.510640436248904,8.032698522471938,47,15,0.3191489361702128,-7.763258580361928,-0.16517571447578572,0.7589112496278141,11.465726157785053,21,29,-3.3406013301682185,-3.901020507963826,12,3,0.25,-3.325388555187315,-0.2771157129322762,0.6404701865914685,7.266118060047051,5,6,-5.3185474853555315,-1.6749604801146178
grid_0122,14,14,20,20,0.2,0.6,0.5,55.0,True,,0.45,1.5,202,58,21,0.3620689655172414,-9.544695834348413,-0.16456372128186914,0.7435782146584851,13.245840668278877,26,35,-2.719402982170224,-4.752343407819771,6.448447280415969,47,18,0.3829787234042553,-5.781112626692316,-0.12300239631260247,0.8008008692563282,7.433087269218186,21,29,-2.0625159506171276,-2.924849132292784,11,3,0.2727272727272727,-3.7635832076560947,-0.34214392796873583,0.5410747787477254,8.200863742869394,5,6,-5.5261021169880005,-1.882556204334418
grid_0123,14,14,20,20,0.2,0.6,0.5,55.0,True,,0.45,2.0,202,58,19,0.3275862068965517,-10.324805315526557,-0.17801388475045785,0.737091742473161,18.546826267708404,26,35,-2.8802031126138683,-5.141234686531282,8.894345256965808,47,17,0.3617021276595745,-5.060021927870465,-0.1076600410185205,0.83157992080409,9.434687509218186,21,29,-2.017482131614875,-2.5899678461674958,11,2,0.18181818181818182,-5.264783387656091,-0.47861667160509924,0.4294439314393518,9.227460152930547,5,6,-6.566374576882293,-2.6191007065214045
grid_0124,14,14,20,20,0.2,0.6,0.5,55.0,True,0.0,0.3,1.5,47,36,13,0.3611111111111111,-4.779293850235723,-0.13275816250654782,0.7921393038002711,6.267088825598387,21,27,1.8037417986003947,-2.422154521665565,3.1426737383612013,29,11,0.3793103448275862,-2.6588040783349705,-0.09168289925293,0.8513941632437273,5.660877760324446,17,22,2.3842489838098087,-1.3701993444246163,7,2,0.2857142857142857,-2.120489771900752,-0.30292711027153596,0.5843089918738716,3.0545043617751464,4,5,-0.6012165401243218,-1.0665693028362289
grid_0125,14,14,20,20,0.2,0.6,0.5,55.0,True,0.0,0.3,2.0,47,36,12,0.3333333333333333,-4.6650630826689135,-0.1295850856296921,0.805768626077437,6.6532581180315775,21,27,2.8712492518753,-2.3795940927426873,3.340483942473338,29,10,0.3448275862068966,-3.545373430768162,-0.12225425623338493,0.8125822016314701,5.533568466130826,17,22,2.8034718000093712,-1.8154671283385548,7,2,0.2857142857142857,-1.1196896519007524,-0.15995566455725035,0.7805012189378283,3.0545043617751464,4,5,3.1520415524627197,-0.574557873735071
grid_0126,14,14,20,20,0.2,0.6,0.5,55.0,True,0.0,0.45,1.5,47,36,14,0.3888888888888889,-2.718606320136355,-0.07551684222600988,0.8757449977722108,5.641659661825618,21,27,3.184521383099581,-1.411270673452314,2.792917417137708,29,12,0.41379310344827586,-0.6103337387066097,-0.021045990989883107,0.9636462912705356,5.641659661825618,17,22,4.181441201483719,-0.35452599067470336,7,2,0.2857142857142857,-2.1082725814297456,-0.30118179734710654,0.5858408686629405,3.0487663484571303,4,5,-0.945575007348987,-1.060504446673316
grid_0127,14,14,20,20,0.2,0.6,0.5,55.0,True,0.0,0.45,2.0,47,36,13,0.3611111111111111,-4.169553462877265,-0.11582092952436847,0.8179355775824004,6.205159195723681,21,27,3.002505581539389,-2.1315930988744403,3.072030909682366,29,11,0.3793103448275862,-1.8908432798847599,-0.0652014924098193,0.8938386860511934,5.141259601825619,17,22,4.275165305652363,-0.998010684668682,7,2,0.2857142857142857,-2.2787101829925054,-0.3255300261417865,0.552359292498565,3.2421368165596602,4,5,-2.2699418469286505,-1.1450097336884957
grid_0128,14,14,20,20,0.2,0.6,0.5,55.0,True,0.01,0.3,1.5,34,27,14,0.5185185185185185,6.9665784199299985,0.25802142296037034,1.5474016922591176,2.6035447023281133,19,21,8.71279744960663,3.4910174662887483,1.3011880859600145,22,11,0.5,4.537360809616226,0.20624367316437395,1.4242312949221907,2.6035447023281133,16,17,8.01108035393415,2.2526889902155567,5,3,0.6,2.4292176103137715,0.4858435220627543,2.1959866317439767,1.016091221511916,3,4,11.800352670565543,1.2110473458469828
grid_0129,14,14,20,20,0.2,0.6,0.5,55.0,True,0.01,0.3,2.0,34,27,13,0.48148148148148145,7.5812092474968065,0.28078552768506687,1.5512833777251587,2.207826813043736,19,21,10.377842492927755,3.793302009817645,1.1083675386557967,22,10,0.45454545454545453,3.650791457183034,0.16594506623559246,1.311480067863012,2.207826813043736,16,17,8.563692248015391,1.791065546557724,5,3,0.6,3.9304177903137716,0.7860835580627544,2.9350786501900905,1.016091221511916,3,4,18.360103570542158,1.9670060947972967
grid_0130,14,14,20,20,0.2,0.6,0.5,55.0,True,0.01,0.45,1.5,34,27,15,0.5555555555555556,8.991578991087327,0.3330214441143454,1.771736228496599,2.59154208797297,19,21,11.357537485983046,4.544392219813709,1.2952511721239346,22,12,0.5454545454545454,6.556315259147055,0.2980143299612298,1.681380038427449,2.59154208797297,16,17,11.011366550667072,3.2903461096851716,5,3,0.6,2.435263731940272,0.4870527463880544,2.200233522677938,1.014999203681156,3,4,12.880689601373328,1.2140980811477187
grid_0131,14,14,20,20,0.2,0.6,0.5,55.0,True,0.01,0.45,2.0,34,27,13,0.48148148148148145,5.038631548346419,0.18661598327208953,1.3679621230861156,2.2273244420622094,19,21,9.760626591278413,2.491810660257898,1.1121596035419068,22,11,0.5,5.275805717968907,0.23980935081676844,1.4956419132501506,2.09114202797297,16,17,11.134911960707559,2.6233237745543647,5,2,0.4,-0.2371741696224885,-0.047434833924497696,0.9222112784932942,2.2273244420622094,3,4,3.7137709657901707,-0.12815129101196865
grid_0132,14,14,20,20,0.2,0.6,1.0,55.0,True,,0.3,1.5,92,46,21,0.45652173913043476,4.751951279869457,0.10330328869281429,1.190182668575537,5.11133798064877,25,32,3.8898550325059995,2.316848577160746,2.529676520275459,36,16,0.4444444444444444,2.4460979862547285,0.06794716628485359,1.1230486756897207,5.11133798064877,20,26,3.4043216431963916,1.1644318398984943,10,5,0.5,2.305853293614729,0.23058532936147288,1.4514960745411185,3.6274108312641355,5,6,5.637775234020588,1.1391520876488093
grid_0133,14,14,20,20,0.2,0.6,1.0,55.0,True,,0.3,2.0,92,46,19,0.41304347826086957,5.36658210743627,0.11666482842252758,1.1985811297921913,6.124424408634328,25,32,4.231168436840236,2.6062405272501588,3.0234058295188104,36,14,0.3888888888888889,0.5587285138215401,0.015520236495042765,1.0254923543906047,6.124424408634328,20,26,2.64185074744535,0.20008894765120022,10,5,0.5,4.8078535936147295,0.48078535936147293,1.9413985835510637,3.1270107712641346,5,6,9.952712118661827,2.4013467501571295
grid_0134,14,14,20,20,0.2,0.6,1.0,55.0,True,,0.45,1.5,92,46,22,0.4782608695652174,6.728335264518982,0.14626815792432568,1.2817773451695427,5.097538936425826,25,32,5.247854233526189,3.3334570076174685,2.5229167700247412,36,17,0.4722222222222222,4.3998286334718015,0.12221746204088338,1.234246095030262,5.097538936425826,20,26,4.9896872976040045,2.158027536092688,10,5,0.5,2.32850663104718,0.23285066310471803,1.4569941788640464,3.613226688264503,5,6,6.177255202846051,1.1505992234526197
grid_0135,14,14,20,20,0.2,0.6,1.0,55.0,True,,0.45,2.0,92,45,19,0.4222222222222222,4.9629844080070775,0.1102885424001573,1.1915029543642217,6.109428511686492,25,32,4.949521524618937,2.4064792995408313,3.016096991760886,36,15,0.4166666666666667,2.1185189722936513,0.05884774923037924,1.1017682098078152,6.109428511686492,20,26,3.851168385723677,0.9866933981728332,9,4,0.4444444444444444,2.8444654357134267,0.31605171507926955,1.5578621307244354,5.0988681235982565,5,6,9.342934080199973,1.405913842301998
grid_0136,14,14,20,20,0.2,0.6,1.0,55.0,True,0.0,0.3,1.5,41,32,14,0.4375,1.8595205990818804,0.05811001872130875,1.1042701145114513,4.637982109617031,19,25,4.48211827044215,0.8751990053730285,2.302617794682116,27,11,0.4074074074074074,-0.5696970112318913,-0.02109988930488487,0.9639490364134761,4.637982109617031,16,21,3.126889677826707,-0.3318297253918856,5,3,0.6,2.4292176103137715,0.4858435220627543,2.1959866317439767,1.016091221511916,3,4,11.800352670565543,1.2110473458469828
grid_0137,14,14,20,20,0.2,0.6,1.0,55.0,True,0.0,0.3,2.0,41,32,13,0.40625,2.4741514266486875,0.07731723208277148,1.1311921789934778,4.137582049617031,19,25,5.887000025744349,1.1698430646476465,2.066115710375649,27,10,0.37037037037037035,-1.456266363665084,-0.053935791246854985,0.9134609096146149,4.137582049617031,16,21,3.5771660359669775,-0.7817852663130509,5,3,0.6,3.9304177903137716,0.7860835580627544,2.9350786501900905,1.016091221511916,3,4,18.360103570542158,1.9670060947972967
grid_0138,14,14,20,20,0.2,0.6,1.0,55.0,True,0.0,0.45,1.5,41,32,15,0.46875,3.898533797272128,0.12182918116475404,1.2328296154417462,4.621836576385695,19,25,6.388699401422059,1.9091254427960225,2.2947068495149825,27,12,0.4444444444444444,1.4632700653318569,0.054195187604883614,1.0994396468013485,4.621836576385695,16,21,5.186478994023675,0.6866902682777454,5,3,0.6,2.435263731940272,0.4870527463880544,2.200233522677938,1.014999203681156,3,4,12.880689601373328,1.2140980811477187
grid_0139,14,14,20,20,0.2,0.6,1.0,55.0,True,0.0,0.45,2.0,41,32,13,0.40625,-0.054413645468781136,-0.0017004264208993862,0.9971035600340926,4.121436516385695,19,25,5.041305834015025,-0.09171637370749552,2.052047507199517,27,11,0.4074074074074074,0.18276052415370736,0.00676890830198919,1.0116131074987915,4.121436516385695,16,21,5.287145624427035,0.036481669034316155,5,2,0.4,-0.2371741696224885,-0.047434833924497696,0.9222112784932942,2.2273244420622094,3,4,3.7137709657901707,-0.12815129101196865
grid_0140,14,14,20,20,0.2,0.6,1.0,55.0,True,0.01,0.3,1.5,33,27,14,0.5185185185185185,6.968788755629355,0.25810328724553167,1.5476704885954455,2.6035447023281133,19,21,8.624095345587216,3.492167067357932,1.3011880859600145,22,11,0.5,4.539571145315582,0.20634414296889014,1.4245256882143849,2.6035447023281133,16,17,7.9022186808194155,2.2538248356586577,5,3,0.6,2.4292176103137715,0.4858435220627543,2.1959866317439767,1.016091221511916,3,4,11.800352670565543,1.2110473458469828
grid_0141,14,14,20,20,0.2,0.6,1.0,55.0,True,0.01,0.3,2.0,33,27,13,0.48148148148148145,7.583419583196163,0.2808673919702282,1.55153275426839,2.20561647734438,19,21,10.289140388908342,3.7944549687302542,1.1072690285706344,22,10,0.45454545454545453,3.65300179288239,0.16604553604010863,1.3117274367503775,2.20561647734438,16,17,8.454830574900656,1.792196264185697,5,3,0.6,3.9304177903137716,0.7860835580627544,2.9350786501900905,1.016091221511916,3,4,18.360103570542158,1.9670060947972967
grid_0142,14,14,20,20,0.2,0.6,1.0,55.0,True,0.01,0.45,1.5,33,27,15,0.5555555555555556,8.993014222559266,0.33307460083552837,1.771954505227447,2.59154208797297,19,21,11.28509596628465,4.545146276965917,1.2952511721239346,22,12,0.5454545454545454,6.557750490618994,0.29807956775540884,1.6816308699984928,2.59154208797297,16,17,10.92246104921904,3.2910911216612826,5,3,0.6,2.435263731940272,0.4870527463880544,2.200233522677938,1.014999203681156,3,4,12.880689601373328,1.2140980811477187
grid_0143,14,14,20,20,0.2,0.6,1.0,55.0,True,0.01,0.45,2.0,33,27,13,0.48148148148148145,5.040066779818357,0.18666913999327245,1.3681055174421217,2.2273244420622094,19,21,9.688185071580017,2.492549912562403,1.1121596035419068,22,11,0.5,5.277240949440845,0.23987458861094746,1.4958436046445878,2.09114202797297,16,17,11.046006459259528,2.624063975435864,5,2,0.4,-0.2371741696224885,-0.047434833924497696,0.9222112784932942,2.2273244420622094,3,4,3.7137709657901707,-0.12815129101196865
grid_0144,14,14,20,20,0.2,0.6,0.0,60.0,True,,0.3,1.5,176,57,24,0.42105263157894735,0.8337108508438804,0.014626506155155778,1.025040134661965,7.163484343795767,26,35,1.8674776056507358,0.3129655846776158,3.5272283481503686,46,20,0.43478260869565216,2.1231592805572705,0.04615563653385367,1.0813248736186933,7.163484343795767,21,29,3.0977027993229993,0.9820724476449882,11,4,0.36363636363636365,-1.2894484297133897,-0.11722258451939904,0.8206072114136029,4.648585237754426,5,6,-3.2771004769787293,-0.6625996543240587
grid_0145,14,14,20,20,0.2,0.6,0.0,60.0,True,,0.3,2.0,176,57,21,0.3684210526315789,-0.05285850158931393,-0.0009273421331458488,0.998547482864718,12.634621100195883,26,35,2.580962902298854,-0.15863964919904383,6.17275606383042,46,18,0.391304347826087,2.237390048124079,0.04863891408965388,1.0794229025354023,8.4945765062955,21,29,4.017032245469649,1.0166470767299263,11,3,0.2727272727272727,-2.2902485497133913,-0.2082044136103084,0.7213936865153476,7.150585537754426,5,6,-3.4244179873244707,-1.1634584595114017
grid_0146,14,14,20,20,0.2,0.6,0.0,60.0,True,,0.45,1.5,176,55,24,0.43636363636363634,2.440891656020559,0.044379848291282865,1.0785988521323193,7.139161122163859,26,35,2.1246290128529814,1.1272647245351708,3.5154345360620787,45,21,0.4666666666666667,5.175377722527116,0.1150083938339359,1.2163262811422124,7.139161122163859,21,29,4.582008034666531,2.5369766472126853,10,3,0.3,-2.734486066506558,-0.2734486066506558,0.6165413828532749,7.131111270503133,5,6,-8.933576585307993,-1.3748327371966074
grid_0147,14,14,20,20,0.2,0.6,0.0,60.0,True,,0.45,2.0,176,56,22,0.39285714285714285,2.6374105982683917,0.047096617826221245,1.0771811214408265,9.532200348230276,26,35,3.5114396378966597,1.1970545831777146,4.704224634929044,45,20,0.4444444444444444,7.898068661348964,0.17551263691886584,1.3166038126042183,7.139161122163861,21,29,5.994205485503964,3.916655933123381,11,2,0.18181818181818182,-5.260658063080573,-0.4782416420982339,0.42976895248038216,7.234978632119223,5,6,-6.645329738678675,-2.6170986022643783
grid_0148,14,14,20,20,0.2,0.6,0.0,60.0,True,0.0,0.3,1.5,46,35,13,0.37142857142857144,-3.767717247992821,-0.1076490642283663,0.8285936242438572,5.660877760324446,20,26,2.6062928964631915,-1.926108250743308,2.8022889313986887,28,11,0.39285714285714285,-1.6472274760920693,-0.058829552717573896,0.9024158760581152,5.660877760324446,16,21,3.40817025561007,-0.8688053591693445,7,2,0.2857142857142857,-2.120489771900752,-0.30292711027153596,0.5843089918738716,3.0545043617751464,4,5,-0.6012165401243218,-1.0665693028362289
grid_0149,14,14,20,20,0.2,0.6,0.0,60.0,True,0.0,0.3,2.0,46,35,12,0.34285714285714286,-3.653486480426014,-0.10438532801217185,0.8411976074291254,6.319745951297216,20,26,3.704300562688809,-1.883331461826443,3.1478937047527467,28,10,0.35714285714285715,-2.5337968285252614,-0.09049274387590221,0.8584895976067092,5.200056299396463,16,21,3.842365315245331,-1.3163367042706486,7,2,0.2857142857142857,-1.1196896519007524,-0.15995566455725035,0.7805012189378283,3.0545043617751464,4,5,3.1520415524627197,-0.574557873735071
grid_0150,14,14,20,20,0.2,0.6,0.0,60.0,True,0.0,0.45,1.5,46,35,14,0.4,-1.7080505562371255,-0.04880144446391786,0.9181524969579363,5.641659661825618,20,26,4.104273000220631,-0.9105938206729891,2.792917417137708,28,12,0.42857142857142855,0.40022202519262007,0.014293643756879306,1.025365496978947,5.641659661825618,16,21,5.366735002113036,0.15151747556618744,7,2,0.2857142857142857,-2.1082725814297456,-0.30118179734710654,0.5858408686629405,3.0487663484571303,4,5,-0.945575007348987,-1.060504446673316
grid_0151,14,14,20,20,0.2,0.6,0.0,60.0,True,0.0,0.45,2.0,46,35,13,0.37142857142857144,-3.158997698978035,-0.09025707711365813,0.8556940427857896,6.205159195723682,20,26,3.91705674718729,-1.6345743596280826,3.0720309096823772,28,11,0.39285714285714285,-0.8802875159855292,-0.03143883985662603,0.9476034400296807,5.141259601825619,16,21,5.463806395716276,-0.4952351162250124,7,2,0.2857142857142857,-2.2787101829925054,-0.3255300261417865,0.552359292498565,3.2421368165596602,4,5,-2.2699418469286505,-1.1450097336884957
grid_0152,14,14,20,20,0.2,0.6,0.0,60.0,True,0.01,0.3,1.5,33,26,14,0.5384615384615384,7.978155022172899,0.3068521162374192,1.6810174245551348,2.6035447023281133,18,20,10.058887606383713,4.017123910189491,1.3011880859600145,21,11,0.5238095238095238,5.548937411859127,0.26423511485043466,1.573005789539817,2.6035447023281133,15,16,9.6442530672928,2.7725002733682613,5,3,0.6,2.4292176103137715,0.4858435220627543,2.1959866317439767,1.016091221511916,3,4,11.800352670565543,1.2110473458469828
grid_0153,14,14,20,20,0.2,0.6,0.0,60.0,True,0.01,0.3,2.0,33,26,13,0.5,8.592785849739709,0.3304917634515272,1.6744543904493416,2.207826813043736,18,20,11.787972843678727,4.320945145985355,1.1083675386557967,21,10,0.47619047619047616,4.662368059425935,0.22201752663933025,1.4353605903955826,2.207826813043736,15,16,10.223179813473147,2.3085301229690103,5,3,0.6,3.9304177903137716,0.7860835580627544,2.9350786501900905,1.016091221511916,3,4,18.360103570542158,1.9670060947972967
grid_0154,14,14,20,20,0.2,0.6,0.0,60.0,True,0.01,0.45,1.5,33,26,15,0.5769230769230769,10.00213475498656,0.3846974905764061,1.9400018321899821,2.59154208797297,18,20,12.910011436064591,5.075314543591514,1.2952511721239346,21,12,0.5714285714285714,7.566871023046287,0.36032719157363263,1.8786879558750924,2.59154208797297,15,16,12.916992825276798,3.814899836728336,5,3,0.6,2.435263731940272,0.4870527463880544,2.200233522677938,1.014999203681156,3,4,12.880689601373328,1.2140980811477187
grid_0155,14,14,20,20,0.2,0.6,0.0,60.0,True,0.01,0.45,2.0,33,26,13,0.5,6.049187312245646,0.23266105047098645,1.4769604045140639,2.2273244420622103,18,20,11.251680891563627,3.0123090736928537,1.1121596035419068,21,11,0.5238095238095238,6.286361481868135,0.29935054675562556,1.652529560784439,2.09114202797297,15,16,13.046421350081115,3.1444900693244016,5,2,0.4,-0.2371741696224885,-0.047434833924497696,0.9222112784932942,2.2273244420622094,3,4,3.7137709657901707,-0.12815129101196865
grid_0156,14,14,20,20,0.2,0.6,0.5,60.0,True,,0.3,1.5,153,54,22,0.4074074074074074,-1.0492838509042672,-0.019431182424153086,0.9674332725291684,8.22934357351537,26,35,1.169430815703339,-0.6201948758097764,4.072712960016068,44,20,0.45454545454545453,4.19360449267621,0.0953091930153684,1.1744668214581688,7.163484343795767,21,29,3.6705995469831794,2.0356350091786934,10,2,0.2,-5.242888343580476,-0.5242888343580476,0.35928081040369675,8.182817728440213,5,6,-9.83571160192796,-2.6028454517380673
grid_0157,14,14,20,20,0.2,0.6,0.5,60.0,True,,0.3,2.0,153,54,20,0.37037037037037035,0.06574703666254123,0.0012175377159729958,1.0019177758061941,12.516015561944029,26,35,2.1188623742064814,-0.09171830003504855,6.109865837470463,44,18,0.4090909090909091,4.307835260243019,0.097905346823705,1.1650502418658997,7.471156177192532,21,29,4.6317166952274045,2.070570361052315,10,2,0.2,-4.2420882235804775,-0.42420882235804774,0.48158588344982073,8.182817728440213,5,6,-8.937696638285583,-2.1184251772462637
grid_0158,14,14,20,20,0.2,0.6,0.5,60.0,True,,0.45,1.5,153,53,22,0.41509433962264153,-0.4818962724719238,-0.009092382499470296,0.9844878997117632,8.160408208983885,26,35,1.9391834893492559,-0.3346277408360243,4.0081077388199216,43,20,0.46511627906976744,4.729187537534469,0.10998110552405739,1.2064658557436931,7.139161122163859,21,29,4.9079950212796435,2.3125382450514875,10,2,0.2,-5.211083810006394,-0.5211083810006393,0.3614187334073004,8.160408208983887,5,6,-10.82670609795141,-2.5873329225272967
grid_0159,14,14,20,20,0.2,0.6,0.5,60.0,True,,0.45,2.0,153,53,20,0.37735849056603776,-0.2612056336500712,-0.004928408182076825,0.9921120951707283,12.43081658014874,26,35,2.650230714585645,-0.24793553543406288,6.064950540590585,43,19,0.4418604651162791,6.951478416356319,0.16166228875247254,1.2905201333355159,7.139161122163861,21,29,6.296568376693579,3.432291458437353,10,1,0.1,-7.21268405000639,-0.721268405000639,0.21490362211702838,9.18700461904504,5,6,-13.029021232478467,-3.5581025441655534
grid_0160,14,14,20,20,0.2,0.6,0.5,60.0,True,0.0,0.3,1.5,46,35,13,0.37142857142857144,-3.767717247992821,-0.1076490642283663,0.8285936242438572,5.660877760324446,20,26,2.6062928964631915,-1.926108250743308,2.8022889313986887,28,11,0.39285714285714285,-1.6472274760920693,-0.058829552717573896,0.9024158760581152,5.660877760324446,16,21,3.40817025561007,-0.8688053591693445,7,2,0.2857142857142857,-2.120489771900752,-0.30292711027153596,0.5843089918738716,3.0545043617751464,4,5,-0.6012165401243218,-1.0665693028362289
grid_0161,14,14,20,20,0.2,0.6,0.5,60.0,True,0.0,0.3,2.0,46,35,12,0.34285714285714286,-3.653486480426014,-0.10438532801217185,0.8411976074291254,6.319745951297216,20,26,3.704300562688809,-1.883331461826443,3.1478937047527467,28,10,0.35714285714285715,-2.5337968285252614,-0.09049274387590221,0.8584895976067092,5.200056299396463,16,21,3.842365315245331,-1.3163367042706486,7,2,0.2857142857142857,-1.1196896519007524,-0.15995566455725035,0.7805012189378283,3.0545043617751464,4,5,3.1520415524627197,-0.574557873735071
grid_0162,14,14,20,20,0.2,0.6,0.5,60.0,True,0.0,0.45,1.5,46,35,14,0.4,-1.7080505562371255,-0.04880144446391786,0.9181524969579363,5.641659661825618,20,26,4.104273000220631,-0.9105938206729891,2.792917417137708,28,12,0.42857142857142855,0.40022202519262007,0.014293643756879306,1.025365496978947,5.641659661825618,16,21,5.366735002113036,0.15151747556618744,7,2,0.2857142857142857,-2.1082725814297456,-0.30118179734710654,0.5858408686629405,3.0487663484571303,4,5,-0.945575007348987,-1.060504446673316
grid_0163,14,14,20,20,0.2,0.6,0.5,60.0,True,0.0,0.45,2.0,46,35,13,0.37142857142857144,-3.158997698978035,-0.09025707711365813,0.8556940427857896,6.205159195723682,20,26,3.91705674718729,-1.6345743596280826,3.0720309096823772,28,11,0.39285714285714285,-0.8802875159855292,-0.03143883985662603,0.9476034400296807,5.141259601825619,16,21,5.463806395716276,-0.4952351162250124,7,2,0.2857142857142857,-2.2787101829925054,-0.3255300261417865,0.552359292498565,3.2421368165596602,4,5,-2.2699418469286505,-1.1450097336884957
grid_0164,14,14,20,20,0.2,0.6,0.5,60.0,True,0.01,0.3,1.5,33,26,14,0.5384615384615384,7.978155022172899,0.3068521162374192,1.6810174245551348,2.6035447023281133,18,20,10.058887606383713,4.017123910189491,1.3011880859600145,21,11,0.5238095238095238,5.548937411859127,0.26423511485043466,1.573005789539817,2.6035447023281133,15,16,9.6442530672928,2.7725002733682613,5,3,0.6,2.4292176103137715,0.4858435220627543,2.1959866317439767,1.016091221511916,3,4,11.800352670565543,1.2110473458469828
grid_0165,14,14,20,20,0.2,0.6,0.5,60.0,True,0.01,0.3,2.0,33,26,13,0.5,8.592785849739709,0.3304917634515272,1.6744543904493416,2.207826813043736,18,20,11.787972843678727,4.320945145985355,1.1083675386557967,21,10,0.47619047619047616,4.662368059425935,0.22201752663933025,1.4353605903955826,2.207826813043736,15,16,10.223179813473147,2.3085301229690103,5,3,0.6,3.9304177903137716,0.7860835580627544,2.9350786501900905,1.016091221511916,3,4,18.360103570542158,1.9670060947972967
grid_0166,14,14,20,20,0.2,0.6,0.5,60.0,True,0.01,0.45,1.5,33,26,15,0.5769230769230769,10.00213475498656,0.3846974905764061,1.9400018321899821,2.59154208797297,18,20,12.910011436064591,5.075314543591514,1.2952511721239346,21,12,0.5714285714285714,7.566871023046287,0.36032719157363263,1.8786879558750924,2.59154208797297,15,16,12.916992825276798,3.814899836728336,5,3,0.6,2.435263731940272,0.4870527463880544,2.200233522677938,1.014999203681156,3,4,12.880689601373328,1.2140980811477187
grid_0167,14,14,20,20,0.2,0.6,0.5,60.0,True,0.01,0.45,2.0,33,26,13,0.5,6.049187312245646,0.23266105047098645,1.4769604045140639,2.2273244420622103,18,20,11.251680891563627,3.0123090736928537,1.1121596035419068,21,11,0.5238095238095238,6.286361481868135,0.29935054675562556,1.652529560784439,2.09114202797297,15,16,13.046421350081115,3.1444900693244016,5,2,0.4,-0.2371741696224885,-0.047434833924497696,0.9222112784932942,2.2273244420622094,3,4,3.7137709657901707,-0.12815129101196865
grid_0168,14,14,20,20,0.2,0.6,1.0,60.0,True,,0.3,1.5,78,45,21,0.4666666666666667,5.772691576804301,0.1282820350400956,1.2408959049645558,5.11133798064877,25,32,4.289274373894025,2.8417355046821857,2.529676520275459,36,17,0.4722222222222222,4.942057326839022,0.13727937018997285,1.2619344877365501,5.11133798064877,20,26,4.821036068134121,2.4333614804985526,9,4,0.4444444444444444,0.8306342499652799,0.09229269444058666,1.1630006409655786,3.6161672528249182,5,6,2.162227596933639,0.39867287208119606
grid_0169,14,14,20,20,0.2,0.6,1.0,60.0,True,,0.3,2.0,78,45,19,0.4222222222222222,6.387322404371117,0.14194049787491367,1.2456491209118123,6.124424408634328,25,32,4.612041660667727,3.1326146771745167,3.0234058295188104,36,15,0.4166666666666667,3.5550879144058354,0.09875244206682872,1.1700517569903888,6.124424408634328,20,26,4.290011437856791,1.7088977181872522,9,4,0.4444444444444444,2.8322344899652805,0.31469272110725344,1.5557873844576677,3.1157671928249173,5,6,5.900162551911472,1.3997958791492016
grid_0170,14,14,20,20,0.2,0.6,1.0,60.0,True,,0.45,1.5,78,45,22,0.4888888888888889,7.747236385022259,0.1721608085560502,1.3389259154960635,5.097538936425826,25,32,5.758187432902787,3.862592740168891,2.5229167700247412,36,18,0.5,6.897243635773431,0.19159010099370635,1.3880878550117894,5.097538936425826,20,26,6.601895251757103,3.440160824888938,9,4,0.4444444444444444,0.8499927492488295,0.09444363880542553,1.1671298280825686,3.6037844338270464,5,6,2.383356157485525,0.4083828871796369
grid_0171,14,14,20,20,0.2,0.6,1.0,60.0,True,,0.45,2.0,78,44,19,0.4318181818181818,5.981885528510354,0.13595194382978082,1.2402752561782036,6.109428511686492,25,32,5.446280964491612,2.9308696805481427,3.016096991760886,36,16,0.4444444444444444,5.116334034595279,0.14212038984986888,1.2583153348168001,6.109428511686492,20,26,5.734790461482092,2.508077769707051,8,3,0.375,0.8655514939150766,0.10819393673938452,1.1700685924437677,5.0894258691608,5,6,4.147988228034448,0.4124474090626329
grid_0172,14,14,20,20,0.2,0.6,1.0,60.0,True,0.0,0.3,1.5,40,31,14,0.45161290322580644,2.871097201324781,0.0926160387524123,1.1706740183873685,4.637982109617031,18,24,5.474623589701493,1.3880076869939417,2.302617794682116,26,11,0.4230769230769231,0.4418795910110096,0.016995368885038824,1.0298749580541704,4.637982109617031,15,20,4.258137227996869,0.17484291071729885,5,3,0.6,2.4292176103137715,0.4858435220627543,2.1959866317439767,1.016091221511916,3,4,11.800352670565543,1.2110473458469828
grid_0173,14,14,20,20,0.2,0.6,1.0,60.0,True,0.0,0.3,2.0,40,31,13,0.41935483870967744,3.485728028891588,0.11244283964166414,1.1953072298169458,4.137582049617031,18,24,6.924824111303764,1.684149597406126,2.066115710375671,26,10,0.38461538461538464,-0.4446897614221834,-0.017103452362391674,0.9718840271381393,4.137582049617031,15,20,4.725731907604073,-0.2774000220504558,5,3,0.6,3.9304177903137716,0.7860835580627544,2.9350786501900905,1.016091221511916,3,4,18.360103570542158,1.9670060947972967
grid_0174,14,14,20,20,0.2,0.6,1.0,60.0,True,0.0,0.45,1.5,40,31,15,0.4838709677419355,4.90908956117136,0.1583577277797213,1.312013247984787,4.621836576385695,18,24,7.530489227794937,2.4266647248694984,2.2947068495149825,26,12,0.46153846153846156,2.473825829231088,0.09514714727811878,1.180510596019038,4.621836576385695,15,20,6.501604540568323,1.1980214878263507,5,3,0.6,2.435263731940272,0.4870527463880544,2.200233522677938,1.014999203681156,3,4,12.880689601373328,1.2140980811477187
grid_0175,14,14,20,20,0.2,0.6,1.0,60.0,True,0.0,0.45,2.0,40,31,13,0.41935483870967744,0.9561421184304502,0.03084329414291775,1.0537888801696575,4.121436516385695,18,24,6.13963135176187,0.4156617551546171,2.052047507199517,26,11,0.4230769230769231,1.1933162880529382,0.04589678030972841,1.0810298143083619,4.121436516385695,15,20,6.606142964448735,0.5445108438426827,5,2,0.4,-0.2371741696224885,-0.047434833924497696,0.9222112784932942,2.2273244420622094,3,4,3.7137709657901707,-0.12815129101196865
grid_0176,14,14,20,20,0.2,0.6,1.0,60.0,True,0.01,0.3,1.5,32,26,14,0.5384615384615384,7.980365357872255,0.3069371291489329,1.681334650101877,2.6035447023281133,18,20,9.966773882978938,4.018279355365206,1.3011880859600145,21,11,0.5238095238095238,5.551147747558483,0.2643403689313564,1.5733649072978646,2.6035447023281133,15,16,9.530207504982124,2.773641892989853,5,3,0.6,2.4292176103137715,0.4858435220627543,2.1959866317439767,1.016091221511916,3,4,11.800352670565543,1.2110473458469828
grid_0177,14,14,20,20,0.2,0.6,1.0,60.0,True,0.01,0.3,2.0,32,26,13,0.5,8.594996185439065,0.3305767763630409,1.6747449435477348,2.20561647734438,18,20,11.695859120273951,4.322103966074398,1.1072690285706344,21,10,0.47619047619047616,4.664578395125291,0.22212278072025196,1.4356569039106142,2.20561647734438,15,16,10.109134251162473,2.309666588707704,5,3,0.6,3.9304177903137716,0.7860835580627544,2.9350786501900905,1.016091221511916,3,4,18.360103570542158,1.9670060947972967
grid_0178,14,14,20,20,0.2,0.6,1.0,60.0,True,0.01,0.45,1.5,32,26,15,0.5769230769230769,10.003569986458498,0.3847526917868652,1.940263541197765,2.59154208797297,18,20,12.834783704070105,5.076072430176981,1.2952511721239346,21,12,0.5714285714285714,7.568306254518226,0.3603955359294393,1.879001116628587,2.59154208797297,15,16,12.823853728521717,3.815648632202362,5,3,0.6,2.435263731940272,0.4870527463880544,2.200233522677938,1.014999203681156,3,4,12.880689601373328,1.2140980811477187
grid_0179,14,14,20,20,0.2,0.6,1.0,60.0,True,0.01,0.45,2.0,32,26,13,0.5,6.050622543717587,0.23271625168144564,1.4771275617746609,2.2273244420622103,18,20,11.176453159569139,3.013052080245071,1.1121596035419068,21,11,0.5238095238095238,6.287796713340076,0.29941889111143216,1.6527757883842267,2.09114202797297,15,16,12.953282253326037,3.1452340292709158,5,2,0.4,-0.2371741696224885,-0.047434833924497696,0.9222112784932942,2.2273244420622094,3,4,3.7137709657901707,-0.12815129101196865
grid_0180,14,14,20,20,0.2,0.6,0.0,65.0,True,,0.3,1.5,110,43,16,0.37209302325581395,-3.39748891244587,-0.07901137005688072,0.8747305543969216,6.128935224830694,24,31,-0.31976594779372464,-1.7613057419430644,3.0256045954016098,33,13,0.3939393939393939,-0.6274672033952684,-0.0190141576786445,0.9685049491591786,5.084022139656986,19,25,0.7808254169224125,-0.3738684602624054,10,3,0.3,-2.770021709050602,-0.27700217090506024,0.6152066390827041,6.128935224830695,5,6,-3.951717451356977,-1.39264393812909
grid_0181,14,14,20,20,0.2,0.6,0.0,65.0,True,,0.3,2.0,110,43,15,0.3488372093023256,-1.2456638455129767,-0.0289689266398367,0.9556860685513056,6.808558875660829,24,31,-0.4037850856046297,-0.7204264474351296,3.391385571381522,33,12,0.36363636363636365,0.02315768353762726,0.0007017479859886662,1.0011074266427626,5.084022139656985,19,25,0.057501425141597944,-0.06475748146431703,10,3,0.3,-1.268821529050604,-0.12688215290506039,0.8237435833183625,6.128935224830695,5,6,-1.9260305710671812,-0.6560938358149193
grid_0182,14,14,20,20,0.2,0.6,0.0,65.0,True,,0.45,1.5,110,43,18,0.4186046511627907,1.4317442212128235,0.03329637723750755,1.0578816357737402,6.1130858964651225,24,31,0.412110842752159,0.6391690561970531,3.017879761044162,33,14,0.42424242424242425,1.65845470124165,0.05025620306792883,1.0890558367116585,5.073405512390073,19,25,1.4641198275251255,0.7720438001190821,10,4,0.4,-0.22671048002882688,-0.022671048002882645,0.962913905698606,6.1130858964651225,5,6,-3.0595188069986308,-0.1318567520428804
grid_0183,14,14,20,20,0.2,0.6,0.0,65.0,True,,0.45,2.0,110,43,15,0.3488372093023256,-2.363843598136847,-0.054973106933415034,0.9151295539782102,8.140562415396786,24,31,0.021555165963842694,-1.268336041135476,4.013241847546977,33,13,0.3939393939393939,1.8791453400634999,0.05694379818374244,1.0956555523910936,5.073405512390071,19,25,1.614869487630116,0.8691248206003088,10,2,0.2,-4.242988938200346,-0.4242988938200346,0.483032624941302,6.217309507238996,5,6,-5.236382095534859,-2.1190437267472273
grid_0184,14,14,20,20,0.2,0.6,0.0,65.0,True,0.0,0.3,1.5,40,31,10,0.3225806451612903,-6.108841235157106,-0.19705939468248723,0.7085889124179355,7.596636210519771,19,25,-1.3113714523399065,-3.060620577707973,3.776425332218769,24,8,0.3333333333333333,-3.9883514632563535,-0.1661813109690147,0.7485569426272595,5.940826468020756,15,20,-1.5184999684027856,-2.015548496418307,7,2,0.2857142857142857,-2.120489771900752,-0.30292711027153596,0.5843089918738716,3.0545043617751464,4,5,-0.6012165401243218,-1.0665693028362289
grid_0185,14,14,20,20,0.2,0.6,0.0,65.0,True,0.0,0.3,2.0,40,31,9,0.2903225806451613,-6.995410587590296,-0.22565840605129994,0.68185711037327,8.983605622952961,19,25,-1.591715163028404,-3.4982478844383325,4.4481266851591705,24,7,0.2916666666666667,-5.875720935689545,-0.24482170565373104,0.6520595683396718,7.863915971052209,15,20,-2.975310871713315,-2.9405853755121614,7,2,0.2857142857142857,-1.1196896519007524,-0.15995566455725035,0.7805012189378283,3.0545043617751464,4,5,3.1520415524627197,-0.574557873735071
grid_0186,14,14,20,20,0.2,0.6,0.0,65.0,True,0.0,0.45,1.5,40,31,11,0.3548387096774194,-4.02136963600898,-0.12972160116158002,0.7974386746440391,5.641659661825618,19,25,0.14993693964648525,-2.0432648686999566,2.792917417137708,24,9,0.375,-1.9130970545792343,-0.07971237727413477,0.8704049406076916,5.641659661825618,15,20,0.46946125752016465,-0.9932943528067173,7,2,0.2857142857142857,-2.1082725814297456,-0.30118179734710654,0.5858408686629405,3.0487663484571303,4,5,-0.945575007348987,-1.060504446673316
grid_0187,14,14,20,20,0.2,0.6,0.0,65.0,True,0.0,0.45,2.0,40,31,10,0.3225806451612903,-6.47311689874989,-0.20881022254031903,0.6899087965696018,8.150627737625001,19,25,-1.6823082563578942,-3.240161333384095,4.0449891868016845,24,8,0.3333333333333333,-4.194406715757385,-0.17476694648989102,0.7342687112547277,5.871917554632497,15,20,-1.5109151257747568,-2.119419155321689,7,2,0.2857142857142857,-2.2787101829925054,-0.3255300261417865,0.552359292498565,3.2421368165596602,4,5,-2.2699418469286505,-1.1450097336884957
grid_0188,14,14,20,20,0.2,0.6,0.0,65.0,True,0.01,0.3,1.5,28,22,11,0.5,5.637031035008615,0.2562286834094825,1.5269817579303182,2.6035447023281133,17,19,5.893559607601259,2.81386066462328,1.3011880859600145,17,8,0.47058823529411764,3.207813424694843,0.18869490733499084,1.370174344109683,2.6035447023281133,14,15,4.156267530258822,1.5836347521425154,5,3,0.6,2.4292176103137715,0.4858435220627543,2.1959866317439767,1.016091221511916,3,4,11.800352670565543,1.2110473458469828
grid_0189,14,14,20,20,0.2,0.6,0.0,65.0,True,0.01,0.3,2.0,28,22,10,0.45454545454545453,5.250861742575422,0.23867553375342834,1.4479446262879605,3.5580823211162675,17,19,5.795163826711729,2.6039116383393512,1.7674513217408871,17,7,0.4117647058823529,1.320443952261651,0.07767317366245009,1.1362549272133573,3.5580823211162675,14,15,2.0995933138204275,0.6246192449250954,5,3,0.6,3.9304177903137716,0.7860835580627544,2.9350786501900905,1.016091221511916,3,4,18.360103570542158,1.9670060947972967
grid_0190,14,14,20,20,0.2,0.6,0.0,65.0,True,0.01,0.45,1.5,28,22,12,0.5454545454545454,7.688815675214704,0.3494916216006683,1.7988830859960931,2.59154208797297,17,19,8.939035793590834,3.874219782457611,1.2952511721239346,17,9,0.5294117647058824,5.253551943274432,0.3090324672514371,1.6916695511210822,2.59154208797297,14,15,7.779725850125394,2.628212622294157,5,3,0.6,2.435263731940272,0.4870527463880544,2.200233522677938,1.014999203681156,3,4,12.880689601373328,1.2140980811477187
grid_0191,14,14,20,20,0.2,0.6,0.0,65.0,True,0.01,0.45,2.0,28,22,10,0.45454545454545453,2.735068112473792,0.12432127783971782,1.2344338250986415,2.2273244420622094,17,19,4.695234594636566,1.3308725271776067,1.1121596035419068,17,8,0.47058823529411764,2.9722422820962806,0.17483778129978123,1.3448980118488392,2.09114202797297,14,15,4.983900367826681,1.4608959752421935,5,2,0.4,-0.2371741696224885,-0.047434833924497696,0.9222112784932942,2.2273244420622094,3,4,3.7137709657901707,-0.12815129101196865
grid_0192,14,14,20,20,0.2,0.6,0.5,65.0,True,,0.3,1.5,100,43,16,0.37209302325581395,-3.368032889398372,-0.07832634626507842,0.8756816133739277,6.128935224830695,24,31,-0.3901528886337626,-1.7467593276826898,3.0256045954016098,33,13,0.3939393939393939,-0.6274672033952684,-0.0190141576786445,0.9685049491591786,5.084022139656986,19,25,0.7808254169224125,-0.3738684602624054,10,3,0.3,-2.7405656860031042,-0.2740565686003104,0.617734308249082,6.128935224830695,5,6,-4.25438129696914,-1.3780429353243528
grid_0193,14,14,20,20,0.2,0.6,0.5,65.0,True,,0.3,2.0,100,43,15,0.3488372093023256,-1.216207822465478,-0.028283902848034406,0.956688567941903,6.779102852613331,24,31,-0.47417202644466766,-0.7057259079440659,3.3770805265393222,33,12,0.36363636363636365,0.02315768353762726,0.0007017479859886662,1.0011074266427626,5.084022139656985,19,25,0.057501425141597944,-0.06475748146431703,10,3,0.3,-1.2393655060031057,-0.12393655060031054,0.8271280579392152,6.128935224830695,5,6,-2.228694416679344,-0.6413837704559944
grid_0194,14,14,20,20,0.2,0.6,0.5,65.0,True,,0.45,1.5,100,43,17,0.3953488372093023,-1.0508881535849468,-0.0244392593856964,0.9592221547672131,6.1130858964651225,24,31,0.04199607224711812,-0.6011059848346156,3.017879761044173,33,14,0.42424242424242425,1.65845470124165,0.05025620306792883,1.0890558367116585,5.073405512390073,19,25,1.4641198275251255,0.7720438001190821,10,3,0.3,-2.7093428548265965,-0.27093428548265963,0.6209870411709123,6.1130858964651225,5,6,-4.651012320170307,-1.3626296869371668
grid_0195,14,14,20,20,0.2,0.6,0.5,65.0,True,,0.45,2.0,100,43,15,0.3488372093023256,-2.3313976947630923,-0.05421855104100215,0.9161968537404579,8.108116512023033,24,31,-0.06987536156186991,-1.2522328780176228,3.9975863793647926,33,13,0.3939393939393939,1.8791453400634999,0.05694379818374244,1.0956555523910936,5.073405512390071,19,25,1.614869487630116,0.8691248206003088,10,2,0.2,-4.210543034826593,-0.42105430348265926,0.48494973849148715,6.184863603865242,5,6,-5.6295333638954235,-2.1030793143004822
grid_0196,14,14,20,20,0.2,0.6,0.5,65.0,True,0.0,0.3,1.5,40,31,10,0.3225806451612903,-6.108841235157106,-0.19705939468248723,0.7085889124179355,7.596636210519771,19,25,-1.3113714523399065,-3.060620577707973,3.776425332218769,24,8,0.3333333333333333,-3.9883514632563535,-0.1661813109690147,0.7485569426272595,5.940826468020756,15,20,-1.5184999684027856,-2.015548496418307,7,2,0.2857142857142857,-2.120489771900752,-0.30292711027153596,0.5843089918738716,3.0545043617751464,4,5,-0.6012165401243218,-1.0665693028362289
grid_0197,14,14,20,20,0.2,0.6,0.5,65.0,True,0.0,0.3,2.0,40,31,9,0.2903225806451613,-6.995410587590296,-0.22565840605129994,0.68185711037327,8.983605622952961,19,25,-1.591715163028404,-3.4982478844383325,4.4481266851591705,24,7,0.2916666666666667,-5.875720935689545,-0.24482170565373104,0.6520595683396718,7.863915971052209,15,20,-2.975310871713315,-2.9405853755121614,7,2,0.2857142857142857,-1.1196896519007524,-0.15995566455725035,0.7805012189378283,3.0545043617751464,4,5,3.1520415524627197,-0.574557873735071
grid_0198,14,14,20,20,0.2,0.6,0.5,65.0,True,0.0,0.45,1.5,40,31,11,0.3548387096774194,-4.02136963600898,-0.12972160116158002,0.7974386746440391,5.641659661825618,19,25,0.14993693964648525,-2.0432648686999566,2.792917417137708,24,9,0.375,-1.9130970545792343,-0.07971237727413477,0.8704049406076916,5.641659661825618,15,20,0.46946125752016465,-0.9932943528067173,7,2,0.2857142857142857,-2.1082725814297456,-0.30118179734710654,0.5858408686629405,3.0487663484571303,4,5,-0.945575007348987,-1.060504446673316
grid_0199,14,14,20,20,0.2,0.6,0.5,65.0,True,0.0,0.45,2.0,40,31,10,0.3225806451612903,-6.47311689874989,-0.20881022254031903,0.6899087965696018,8.150627737625001,19,25,-1.6823082563578942,-3.240161333384095,4.0449891868016845,24,8,0.3333333333333333,-4.194406715757385,-0.17476694648989102,0.7342687112547277,5.871917554632497,15,20,-1.5109151257747568,-2.119419155321689,7,2,0.2857142857142857,-2.2787101829925054,-0.3255300261417865,0.552359292498565,3.2421368165596602,4,5,-2.2699418469286505,-1.1450097336884957
grid_0200,14,14,20,20,0.2,0.6,0.5,65.0,True,0.01,0.3,1.5,28,22,11,0.5,5.637031035008615,0.2562286834094825,1.5269817579303182,2.6035447023281133,17,19,5.893559607601259,2.81386066462328,1.3011880859600145,17,8,0.47058823529411764,3.207813424694843,0.18869490733499084,1.370174344109683,2.6035447023281133,14,15,4.156267530258822,1.5836347521425154,5,3,0.6,2.4292176103137715,0.4858435220627543,2.1959866317439767,1.016091221511916,3,4,11.800352670565543,1.2110473458469828
grid_0201,14,14,20,20,0.2,0.6,0.5,65.0,True,0.01,0.3,2.0,28,22,10,0.45454545454545453,5.250861742575422,0.23867553375342834,1.4479446262879605,3.5580823211162675,17,19,5.795163826711729,2.6039116383393512,1.7674513217408871,17,7,0.4117647058823529,1.320443952261651,0.07767317366245009,1.1362549272133573,3.5580823211162675,14,15,2.0995933138204275,0.6246192449250954,5,3,0.6,3.9304177903137716,0.7860835580627544,2.9350786501900905,1.016091221511916,3,4,18.360103570542158,1.9670060947972967
grid_0202,14,14,20,20,0.2,0.6,0.5,65.0,True,0.01,0.45,1.5,28,22,12,0.5454545454545454,7.688815675214704,0.3494916216006683,1.7988830859960931,2.59154208797297,17,19,8.939035793590834,3.874219782457611,1.2952511721239346,17,9,0.5294117647058824,5.253551943274432,0.3090324672514371,1.6916695511210822,2.59154208797297,14,15,7.779725850125394,2.628212622294157,5,3,0.6,2.435263731940272,0.4870527463880544,2.200233522677938,1.014999203681156,3,4,12.880689601373328,1.2140980811477187
grid_0203,14,14,20,20,0.2,0.6,0.5,65.0,True,0.01,0.45,2.0,28,22,10,0.45454545454545453,2.735068112473792,0.12432127783971782,1.2344338250986415,2.2273244420622094,17,19,4.695234594636566,1.3308725271776067,1.1121596035419068,17,8,0.47058823529411764,2.9722422820962806,0.17483778129978123,1.3448980118488392,2.09114202797297,14,15,4.983900367826681,1.4608959752421935,5,2,0.4,-0.2371741696224885,-0.047434833924497696,0.9222112784932942,2.2273244420622094,3,4,3.7137709657901707,-0.12815129101196865
grid_0204,14,14,20,20,0.2,0.6,1.0,65.0,True,,0.3,1.5,58,37,15,0.40540540540540543,0.35308629233954036,0.00954287276593353,1.0161147817835123,4.626707174096092,21,27,1.1710200279860346,0.1078102570724715,2.2970815931802613,29,12,0.41379310344827586,1.0114495577294025,0.03487757095618631,1.0601522919789625,4.626707174096092,17,22,2.0012714584527975,0.45263425869424,8,3,0.375,-0.6583632653898623,-0.08229540817373279,0.8708051898278639,3.6161672528249182,4,5,-1.838641407455981,-0.34327024290249364
grid_0205,14,14,20,20,0.2,0.6,1.0,65.0,True,,0.3,2.0,58,37,13,0.35135135135135137,-1.027219339371147,-0.027762684847868823,0.957094897269599,5.267773517312887,21,27,-0.4240274557405235,-0.5968851124920516,2.6153139522304136,29,10,0.3448275862068966,-1.8700562539812855,-0.06448469841314775,0.9007704695319233,5.267773517312887,17,22,-0.7978700455242003,-0.9940053667787607,8,3,0.375,0.8428369146101382,0.10535461432626728,1.1653952474469307,3.115767192824917,4,5,0.9311519322253048,0.4011072821983097
grid_0206,14,14,20,20,0.2,0.6,1.0,65.0,True,,0.45,1.5,58,37,16,0.43243243243243246,2.6102424399264477,0.07054709297098506,1.1264542917885192,4.612140523966586,21,27,2.1770381920488284,1.244608896839483,2.289945613944655,29,13,0.4482758620689655,3.250356152275123,0.11208124663017666,1.2089459950297488,4.612140523966586,17,22,3.3349305544546235,1.5840831148953738,8,3,0.375,-0.6401137123486758,-0.0800142140435845,0.874137638476713,3.603784433827046,4,5,-2.020321621672178,-0.33418052085182337
grid_0207,14,14,20,20,0.2,0.6,1.0,65.0,True,,0.45,2.0,58,36,13,0.3611111111111111,-1.1567086565854583,-0.032130796016262717,0.9489977376641894,5.317848945096493,21,27,0.17939853186277094,-0.6542511412309437,2.6395281972241835,29,11,0.3793103448275862,-0.031753628903028464,-0.001094952720794087,0.9981948041909533,5.317848945096493,17,22,0.8109708221993229,-0.07763653543289006,7,2,0.2857142857142857,-1.1249550276824298,-0.1607078610974899,0.7789622922893807,5.0894258691608005,4,5,-2.4371152423886593,-0.5770626172213689
grid_0208,14,14,20,20,0.2,0.6,1.0,65.0,True,0.0,0.3,1.5,35,27,11,0.4074074074074074,0.5277628784611408,0.01954677327633855,1.0333898397119587,4.637982109617031,17,23,1.4902045070563577,0.21404468518237962,2.302617794682116,22,8,0.36363636363636365,-1.9014547318526307,-0.08642976053875594,0.8619628667952457,4.637982109617031,14,19,-0.8530109846502754,-0.985072960719191,5,3,0.6,2.4292176103137715,0.4858435220627543,2.1959866317439767,1.016091221511916,3,4,11.800352670565543,1.2110473458469828
grid_0209,14,14,20,20,0.2,0.6,1.0,65.0,True,0.0,0.3,2.0,35,27,10,0.37037037037037035,0.14159358602794936,0.005244206889924028,1.008412471058882,5.777019239648487,17,23,1.4100301670722966,0.009404562093773272,2.8852534827624954,22,7,0.3181818181818182,-3.7888242042858225,-0.17221928201299194,0.7440026795308766,5.777019239648487,14,19,-2.442259242807217,-1.9198381983321244,5,3,0.6,3.9304177903137716,0.7860835580627544,2.9350786501900905,1.016091221511916,3,4,18.360103570542158,1.9670060947972967
grid_0210,14,14,20,20,0.2,0.6,1.0,65.0,True,0.0,0.45,1.5,35,27,12,0.4444444444444444,2.594335249927566,0.09608649073805801,1.1762583280702155,4.621836576385695,17,23,3.570354711659951,1.2551158141653307,2.2947068495149825,22,9,0.4090909090909091,0.1590715179872937,0.007230523544877021,1.0125352404029964,4.621836576385695,14,19,1.4543695094523654,0.04052571113635217,5,3,0.6,2.435263731940272,0.4870527463880544,2.200233522677938,1.014999203681156,3,4,12.880689601373328,1.2140980811477187
grid_0211,14,14,20,20,0.2,0.6,1.0,65.0,True,0.0,0.45,2.0,35,27,10,0.37037037037037035,-2.3594123128133444,-0.08738564121530903,0.8592334877209956,4.313737347212319,17,23,0.11244262362313989,-1.2241030086413418,2.1482581733214268,22,8,0.36363636363636365,-2.122238143190856,-0.09646537014503888,0.8452301904265296,4.313737347212319,14,19,-0.7060410905057307,-1.0973579960683266,5,2,0.4,-0.2371741696224885,-0.047434833924497696,0.9222112784932942,2.2273244420622094,3,4,3.7137709657901707,-0.12815129101196865
grid_0212,14,14,20,20,0.2,0.6,1.0,65.0,True,0.01,0.3,1.5,28,22,11,0.5,5.637031035008615,0.2562286834094825,1.5269817579303182,2.6035447023281133,17,19,5.893559607601259,2.81386066462328,1.3011880859600145,17,8,0.47058823529411764,3.207813424694843,0.18869490733499084,1.370174344109683,2.6035447023281133,14,15,4.156267530258822,1.5836347521425154,5,3,0.6,2.4292176103137715,0.4858435220627543,2.1959866317439767,1.016091221511916,3,4,11.800352670565543,1.2110473458469828
grid_0213,14,14,20,20,0.2,0.6,1.0,65.0,True,0.01,0.3,2.0,28,22,10,0.45454545454545453,5.250861742575422,0.23867553375342834,1.4479446262879605,3.5580823211162675,17,19,5.795163826711729,2.6039116383393512,1.7674513217408871,17,7,0.4117647058823529,1.320443952261651,0.07767317366245009,1.1362549272133573,3.5580823211162675,14,15,2.0995933138204275,0.6246192449250954,5,3,0.6,3.9304177903137716,0.7860835580627544,2.9350786501900905,1.016091221511916,3,4,18.360103570542158,1.9670060947972967
grid_0214,14,14,20,20,0.2,0.6,1.0,65.0,True,0.01,0.45,1.5,28,22,12,0.5454545454545454,7.688815675214704,0.3494916216006683,1.7988830859960931,2.59154208797297,17,19,8.939035793590834,3.874219782457611,1.2952511721239346,17,9,0.5294117647058824,5.253551943274432,0.3090324672514371,1.6916695511210822,2.59154208797297,14,15,7.779725850125394,2.628212622294157,5,3,0.6,2.435263731940272,0.4870527463880544,2.200233522677938,1.014999203681156,3,4,12.880689601373328,1.2140980811477187
grid_0215,14,14,20,20,0.2,0.6,1.0,65.0,True,0.01,0.45,2.0,28,22,10,0.45454545454545453,2.735068112473792,0.12432127783971782,1.2344338250986415,2.2273244420622094,17,19,4.695234594636566,1.3308725271776067,1.1121596035419068,17,8,0.47058823529411764,2.9722422820962806,0.17483778129978123,1.3448980118488392,2.09114202797297,14,15,4.983900367826681,1.4608959752421935,5,2,0.4,-0.2371741696224885,-0.047434833924497696,0.9222112784932942,2.2273244420622094,3,4,3.7137709657901707,-0.12815129101196865
grid_0216,14,14,20,20,0.2,0.7,0.0,55.0,True,,0.3,1.5,251,63,22,0.3492063492063492,-10.363360456231256,-0.16449778501954368,0.7503204468210766,12.305318355013569,26,35,-2.8890196410014894,-5.153549815719794,6.063711015412032,50,17,0.34,-9.509881992971419,-0.1901976398594284,0.7141777308367279,9.982810127412876,21,29,-3.2418544411984924,-4.724894131463076,13,5,0.38461538461538464,-0.8534784632598333,-0.06565218948152564,0.8963550018384258,4.212615271300869,5,6,-1.5319627171668628,-0.44991362680631974
grid_0217,14,14,20,20,0.2,0.7,0.0,55.0,True,,0.3,2.0,251,63,20,0.31746031746031744,-9.248329568664449,-0.1467988820422928,0.7877093463436394,13.774769827625793,26,35,-2.5870691014262786,-4.64910875715332,6.714257738578011,50,16,0.32,-7.894451045404611,-0.1578890209080922,0.7698230299503975,10.451461480025099,21,29,-2.9809023187328667,-3.971290082319634,13,4,0.3076923076923077,-1.353878523259836,-0.10414450178921816,0.8539057504702946,6.214215511300871,5,6,-1.0723259579394018,-0.7058500269500056
grid_0218,14,14,20,20,0.2,0.7,0.0,55.0,True,,0.45,1.5,251,61,23,0.3770491803278688,-7.656214659693837,-0.12551171573268585,0.799730545911236,9.605199769237272,26,35,-2.837272759287604,-3.8549510516252994,4.780902025621847,50,20,0.4,-3.8818789075394626,-0.07763757815078925,0.8708563262257956,7.905453754737044,21,29,-1.525622439164423,-2.0051917583369328,11,3,0.2727272727272727,-3.774335752154374,-0.343121432014034,0.5380793308878653,8.17096095615095,5,6,-8.799319668938427,-1.8876094830725387
grid_0219,14,14,20,20,0.2,0.7,0.0,55.0,True,,0.45,2.0,251,62,21,0.3387096774193548,-8.47213915142819,-0.13664740566819666,0.7951504584559349,13.683917386500719,26,35,-2.334772927932159,-4.270282467894737,6.666904610229207,50,19,0.38,-2.171631402699801,-0.04343262805399606,0.9301558421514726,9.186042296232792,21,29,-1.2840108780217134,-1.183842294141646,12,2,0.16666666666666666,-6.300507748728389,-0.5250423123940324,0.3862345605554149,8.274828317767039,5,6,-6.712948135892351,-3.1234164992939073
grid_0220,14,14,20,20,0.2,0.7,0.0,55.0,True,0.0,0.3,1.5,48,36,13,0.3611111111111111,-4.779293850235723,-0.13275816250654782,0.7921393038002711,6.267088825598387,21,27,1.8037417986003947,-2.422154521665565,3.1426737383612013,29,11,0.3793103448275862,-2.6588040783349705,-0.09168289925293,0.8513941632437273,5.660877760324446,17,22,2.3842489838098087,-1.3701993444246163,7,2,0.2857142857142857,-2.120489771900752,-0.30292711027153596,0.5843089918738716,3.0545043617751464,4,5,-0.6012165401243218,-1.0665693028362289
grid_0221,14,14,20,20,0.2,0.7,0.0,55.0,True,0.0,0.3,2.0,48,36,12,0.3333333333333333,-4.6650630826689135,-0.1295850856296921,0.805768626077437,6.6532581180315775,21,27,2.8712492518753,-2.3795940927426873,3.340483942473338,29,10,0.3448275862068966,-3.545373430768162,-0.12225425623338493,0.8125822016314701,5.533568466130826,17,22,2.8034718000093712,-1.8154671283385548,7,2,0.2857142857142857,-1.1196896519007524,-0.15995566455725035,0.7805012189378283,3.0545043617751464,4,5,3.1520415524627197,-0.574557873735071
grid_0222,14,14,20,20,0.2,0.7,0.0,55.0,True,0.0,0.45,1.5,48,36,14,0.3888888888888889,-2.718606320136355,-0.07551684222600988,0.8757449977722108,5.641659661825618,21,27,3.184521383099581,-1.411270673452314,2.792917417137708,29,12,0.41379310344827586,-0.6103337387066097,-0.021045990989883107,0.9636462912705356,5.641659661825618,17,22,4.181441201483719,-0.35452599067470336,7,2,0.2857142857142857,-2.1082725814297456,-0.30118179734710654,0.5858408686629405,3.0487663484571303,4,5,-0.945575007348987,-1.060504446673316
grid_0223,14,14,20,20,0.2,0.7,0.0,55.0,True,0.0,0.45,2.0,48,36,13,0.3611111111111111,-4.169553462877265,-0.11582092952436847,0.8179355775824004,6.205159195723681,21,27,3.002505581539389,-2.1315930988744403,3.072030909682366,29,11,0.3793103448275862,-1.8908432798847599,-0.0652014924098193,0.8938386860511934,5.141259601825619,17,22,4.275165305652363,-0.998010684668682,7,2,0.2857142857142857,-2.2787101829925054,-0.3255300261417865,0.552359292498565,3.2421368165596602,4,5,-2.2699418469286505,-1.1450097336884957
grid_0224,14,14,20,20,0.2,0.7,0.0,55.0,True,0.01,0.3,1.5,35,28,14,0.5,5.93970308237364,0.21213225294191565,1.4318683299613666,3.630420039884473,19,22,8.00777959742805,2.959655598815081,1.807944964963215,23,11,0.4782608695652174,3.5104854720598673,0.1526298031330377,1.2994690840558798,3.630420039884473,16,18,7.183307190224246,1.7276851676012228,5,3,0.6,2.4292176103137715,0.4858435220627543,2.1959866317439767,1.016091221511916,3,4,11.800352670565543,1.2110473458469828
grid_0225,14,14,20,20,0.2,0.7,0.0,55.0,True,0.01,0.3,2.0,35,28,13,0.4642857142857143,6.554333909940446,0.23408335392644447,1.4434955805969447,3.130019979884473,19,22,9.613358746344847,3.2603880996305623,1.5640733849174304,23,10,0.43478260869565216,2.6239161196266747,0.11408330954898582,1.205835085553434,3.130019979884473,16,18,7.711892480214998,1.2684318725910249,5,3,0.6,3.9304177903137716,0.7860835580627544,2.9350786501900905,1.016091221511916,3,4,18.360103570542158,1.9670060947972967
grid_0226,14,14,20,20,0.2,0.7,0.0,55.0,True,0.01,0.45,1.5,35,28,15,0.5357142857142857,7.968307124400402,0.2845823973000144,1.6286942460410418,3.6148139546598945,19,22,10.496512824156355,4.009505542921654,1.8002601350437408,23,12,0.5217391304347826,5.53304339246013,0.24056710402000567,1.5197598600364877,3.6148139546598945,16,18,9.978213524761362,2.761875583313267,5,3,0.6,2.435263731940272,0.4870527463880544,2.200233522677938,1.014999203681156,3,4,12.880689601373328,1.2140980811477187
grid_0227,14,14,20,20,0.2,0.7,0.0,55.0,True,0.01,0.45,2.0,35,28,13,0.4642857142857143,4.015359681659493,0.14340570291641044,1.272845333554877,3.1144138946598954,19,22,8.95663446140546,1.9674257281856677,1.5563727925792747,23,11,0.4782608695652174,4.2525338512819815,0.1848927761426948,1.3644718177954032,3.1144138946598954,16,18,10.09638739523487,2.098265974132363,5,2,0.4,-0.2371741696224885,-0.047434833924497696,0.9222112784932942,2.2273244420622094,3,4,3.7137709657901707,-0.12815129101196865
grid_0228,14,14,20,20,0.2,0.7,0.5,55.0,True,,0.3,1.5,212,59,19,0.3220338983050847,-13.725439289978468,-0.2326345642369232,0.660642476585078,15.66739718876078,26,35,-4.020150047184253,-6.725744983744075,7.620819155534897,47,16,0.3404255319148936,-8.898850554791155,-0.18933724584662032,0.7147447327697235,10.272215688618349,21,29,-3.3359651667961834,-4.428234350094041,12,3,0.25,-4.826588735187312,-0.40221572793227606,0.4781654779395042,7.766518120047049,5,6,-6.699874162037525,-2.4039637836829164
grid_0229,14,14,20,20,0.2,0.7,0.5,55.0,True,,0.3,2.0,212,59,18,0.3050847457627119,-11.109208222411656,-0.18829166478663834,0.7321188773015089,16.664540193218553,26,35,-3.583455858105649,-5.520404128968037,8.042201608067822,47,15,0.3191489361702128,-7.7838196672243445,-0.16561318440902864,0.7584269738668221,11.48628724464747,21,29,-3.140453740509934,-3.9109505245362164,12,3,0.25,-3.325388555187315,-0.2771157129322762,0.6404701865914685,7.266118060047051,5,6,-5.3185474853555315,-1.6749604801146178
grid_0230,14,14,20,20,0.2,0.7,0.5,55.0,True,,0.45,1.5,212,58,21,0.3620689655172414,-9.568128983442637,-0.16496774109383858,0.7430518321475461,13.260784547259984,26,35,-2.7674974945137905,-4.763509342963501,6.45547307900487,47,18,0.3829787234042553,-5.796056505673425,-0.12332035118454096,0.8003887334788321,7.448031148199295,21,29,-1.8580757326420247,-2.9321395560020447,11,3,0.2727272727272727,-3.7720724777692123,-0.34291567979720106,0.5400396109435415,8.200863742869394,5,6,-6.653208658874971,-1.8866901759085009
grid_0231,14,14,20,20,0.2,0.7,0.5,55.0,True,,0.45,2.0,212,58,19,0.3275862068965517,-10.348238464620788,-0.17841790456242732,0.7365952792905567,18.561770146689515,26,35,-2.999551486800864,-5.152345131236558,8.901187366604024,47,17,0.3617021276595745,-5.0749658068515755,-0.10797799589045902,0.8311664995112744,9.449631388199297,21,29,-1.8130419136397724,-2.5972834197368733,11,2,0.18181818181818182,-5.27327265776921,-0.47938842343356464,0.4285239307054095,9.227460152930547,5,6,-8.069183299398254,-2.623193480845276
grid_0232,14,14,20,20,0.2,0.7,0.5,55.0,True,0.0,0.3,1.5,48,36,13,0.3611111111111111,-4.779293850235723,-0.13275816250654782,0.7921393038002711,6.267088825598387,21,27,1.8037417986003947,-2.422154521665565,3.1426737383612013,29,11,0.3793103448275862,-2.6588040783349705,-0.09168289925293,0.8513941632437273,5.660877760324446,17,22,2.3842489838098087,-1.3701993444246163,7,2,0.2857142857142857,-2.120489771900752,-0.30292711027153596,0.5843089918738716,3.0545043617751464,4,5,-0.6012165401243218,-1.0665693028362289
grid_0233,14,14,20,20,0.2,0.7,0.5,55.0,True,0.0,0.3,2.0,48,36,12,0.3333333333333333,-4.6650630826689135,-0.1295850856296921,0.805768626077437,6.6532581180315775,21,27,2.8712492518753,-2.3795940927426873,3.340483942473338,29,10,0.3448275862068966,-3.545373430768162,-0.12225425623338493,0.8125822016314701,5.533568466130826,17,22,2.8034718000093712,-1.8154671283385548,7,2,0.2857142857142857,-1.1196896519007524,-0.15995566455725035,0.7805012189378283,3.0545043617751464,4,5,3.1520415524627197,-0.574557873735071
grid_0234,14,14,20,20,0.2,0.7,0.5,55.0,True,0.0,0.45,1.5,48,36,14,0.3888888888888889,-2.718606320136355,-0.07551684222600988,0.8757449977722108,5.641659661825618,21,27,3.184521383099581,-1.411270673452314,2.792917417137708,29,12,0.41379310344827586,-0.6103337387066097,-0.021045990989883107,0.9636462912705356,5.641659661825618,17,22,4.181441201483719,-0.35452599067470336,7,2,0.2857142857142857,-2.1082725814297456,-0.30118179734710654,0.5858408686629405,3.0487663484571303,4,5,-0.945575007348987,-1.060504446673316
grid_0235,14,14,20,20,0.2,0.7,0.5,55.0,True,0.0,0.45,2.0,48,36,13,0.3611111111111111,-4.169553462877265,-0.11582092952436847,0.8179355775824004,6.205159195723681,21,27,3.002505581539389,-2.1315930988744403,3.072030909682366,29,11,0.3793103448275862,-1.8908432798847599,-0.0652014924098193,0.8938386860511934,5.141259601825619,17,22,4.275165305652363,-0.998010684668682,7,2,0.2857142857142857,-2.2787101829925054,-0.3255300261417865,0.552359292498565,3.2421368165596602,4,5,-2.2699418469286505,-1.1450097336884957
grid_0236,14,14,20,20,0.2,0.7,0.5,55.0,True,0.01,0.3,1.5,35,28,14,0.5,5.93970308237364,0.21213225294191565,1.4318683299613666,3.630420039884473,19,22,8.00777959742805,2.959655598815081,1.807944964963215,23,11,0.4782608695652174,3.5104854720598673,0.1526298031330377,1.2994690840558798,3.630420039884473,16,18,7.183307190224246,1.7276851676012228,5,3,0.6,2.4292176103137715,0.4858435220627543,2.1959866317439767,1.016091221511916,3,4,11.800352670565543,1.2110473458469828
grid_0237,14,14,20,20,0.2,0.7,0.5,55.0,True,0.01,0.3,2.0,35,28,13,0.4642857142857143,6.554333909940446,0.23408335392644447,1.4434955805969447,3.130019979884473,19,22,9.613358746344847,3.2603880996305623,1.5640733849174304,23,10,0.43478260869565216,2.6239161196266747,0.11408330954898582,1.205835085553434,3.130019979884473,16,18,7.711892480214998,1.2684318725910249,5,3,0.6,3.9304177903137716,0.7860835580627544,2.9350786501900905,1.016091221511916,3,4,18.360103570542158,1.9670060947972967
grid_0238,14,14,20,20,0.2,0.7,0.5,55.0,True,0.01,0.45,1.5,35,28,15,0.5357142857142857,7.968307124400402,0.2845823973000144,1.6286942460410418,3.6148139546598945,19,22,10.496512824156355,4.009505542921654,1.8002601350437408,23,12,0.5217391304347826,5.53304339246013,0.24056710402000567,1.5197598600364877,3.6148139546598945,16,18,9.978213524761362,2.761875583313267,5,3,0.6,2.435263731940272,0.4870527463880544,2.200233522677938,1.014999203681156,3,4,12.880689601373328,1.2140980811477187
grid_0239,14,14,20,20,0.2,0.7,0.5,55.0,True,0.01,0.45,2.0,35,28,13,0.4642857142857143,4.015359681659493,0.14340570291641044,1.272845333554877,3.1144138946598954,19,22,8.95663446140546,1.9674257281856677,1.5563727925792747,23,11,0.4782608695652174,4.2525338512819815,0.1848927761426948,1.3644718177954032,3.1144138946598954,16,18,10.09638739523487,2.098265974132363,5,2,0.4,-0.2371741696224885,-0.047434833924497696,0.9222112784932942,2.2273244420622094,3,4,3.7137709657901707,-0.12815129101196865
grid_0240,14,14,20,20,0.2,0.7,1.0,55.0,True,,0.3,1.5,95,47,21,0.44680851063829785,3.7326234260411333,0.07941751970300284,1.1435316594820542,5.11133798064877,25,32,3.2789183557212884,1.7953759916350398,2.529676520275459,37,16,0.43243243243243246,1.426770132426404,0.03856135493044336,1.0682716209923115,5.11133798064877,20,26,2.6413894696944507,0.6488327125953486,10,5,0.5,2.305853293614729,0.23058532936147288,1.4514960745411185,3.6274108312641355,5,6,5.637775234020588,1.1391520876488093
grid_0241,14,14,20,20,0.2,0.7,1.0,55.0,True,,0.3,2.0,95,47,19,0.40425531914893614,4.347254253607946,0.09249477135336052,1.155015702386519,6.124424408634328,25,32,3.612969772729265,2.0832930138847017,3.0234058295188104,37,14,0.3783783783783784,-0.46059934000678426,-0.012448630810994184,0.9799187807588754,6.124424408634328,20,26,1.8995258954501943,-0.3105952669240075,10,5,0.5,4.8078535936147295,0.48078535936147293,1.9413985835510637,3.1270107712641346,5,6,9.952712118661827,2.4013467501571295
grid_0242,14,14,20,20,0.2,0.7,1.0,55.0,True,,0.45,1.5,95,47,22,0.46808510638297873,5.712234959814378,0.1215369140386038,1.2294595682042042,5.097538936425826,25,32,4.533331339110181,2.808470896250981,2.5229167700247412,37,17,0.4594594594594595,3.383728328767197,0.09145211699370806,1.1709037169343777,5.097538936425826,20,26,4.089027592154541,1.6390131996508739,10,5,0.5,2.32850663104718,0.23285066310471803,1.4569941788640464,3.613226688264503,5,6,6.177255202846051,1.1505992234526197
grid_0243,14,14,20,20,0.2,0.7,1.0,55.0,True,,0.45,2.0,95,46,19,0.41304347826086957,3.946884103302474,0.0858018283326625,1.1465496107092452,6.109428511686492,25,32,4.225951017474478,1.8862027027534367,3.016096991760886,37,15,0.40540540540540543,1.1024186675890477,0.029795099124028366,1.0504927663440968,6.109428511686492,20,26,2.9812794616763845,0.47363003029423645,9,4,0.4444444444444444,2.8444654357134267,0.31605171507926955,1.5578621307244354,5.0988681235982565,5,6,9.342934080199973,1.405913842301998
grid_0244,14,14,20,20,0.2,0.7,1.0,55.0,True,0.0,0.3,1.5,42,32,14,0.4375,1.8595205990818804,0.05811001872130875,1.1042701145114513,4.637982109617031,19,25,4.48211827044215,0.8751990053730285,2.302617794682116,27,11,0.4074074074074074,-0.5696970112318913,-0.02109988930488487,0.9639490364134761,4.637982109617031,16,21,3.126889677826707,-0.3318297253918856,5,3,0.6,2.4292176103137715,0.4858435220627543,2.1959866317439767,1.016091221511916,3,4,11.800352670565543,1.2110473458469828
grid_0245,14,14,20,20,0.2,0.7,1.0,55.0,True,0.0,0.3,2.0,42,32,13,0.40625,2.4741514266486875,0.07731723208277148,1.1311921789934778,4.137582049617031,19,25,5.887000025744349,1.1698430646476465,2.066115710375649,27,10,0.37037037037037035,-1.456266363665084,-0.053935791246854985,0.9134609096146149,4.137582049617031,16,21,3.5771660359669775,-0.7817852663130509,5,3,0.6,3.9304177903137716,0.7860835580627544,2.9350786501900905,1.016091221511916,3,4,18.360103570542158,1.9670060947972967
grid_0246,14,14,20,20,0.2,0.7,1.0,55.0,True,0.0,0.45,1.5,42,32,15,0.46875,3.898533797272128,0.12182918116475404,1.2328296154417462,4.621836576385695,19,25,6.388699401422059,1.9091254427960225,2.2947068495149825,27,12,0.4444444444444444,1.4632700653318569,0.054195187604883614,1.0994396468013485,4.621836576385695,16,21,5.186478994023675,0.6866902682777454,5,3,0.6,2.435263731940272,0.4870527463880544,2.200233522677938,1.014999203681156,3,4,12.880689601373328,1.2140980811477187
grid_0247,14,14,20,20,0.2,0.7,1.0,55.0,True,0.0,0.45,2.0,42,32,13,0.40625,-0.054413645468781136,-0.0017004264208993862,0.9971035600340926,4.121436516385695,19,25,5.041305834015025,-0.09171637370749552,2.052047507199517,27,11,0.4074074074074074,0.18276052415370736,0.00676890830198919,1.0116131074987915,4.121436516385695,16,21,5.287145624427035,0.036481669034316155,5,2,0.4,-0.2371741696224885,-0.047434833924497696,0.9222112784932942,2.2273244420622094,3,4,3.7137709657901707,-0.12815129101196865
grid_0248,14,14,20,20,0.2,0.7,1.0,55.0,True,0.01,0.3,1.5,34,28,14,0.5,5.941913418072996,0.21221119350260695,1.4320984835465629,3.630420039884473,19,22,7.922245425695043,2.960799297399319,1.807944964963215,23,11,0.4782608695652174,3.5126958077592234,0.1527259046851836,1.2997141544791775,3.630420039884473,16,18,7.079178633331891,1.7288151811859498,5,3,0.6,2.4292176103137715,0.4858435220627543,2.1959866317439767,1.016091221511916,3,4,11.800352670565543,1.2110473458469828
grid_0249,14,14,20,20,0.2,0.7,1.0,55.0,True,0.01,0.3,2.0,34,28,13,0.4642857142857143,6.556544245639802,0.23416229448713577,1.4437115038372275,3.130019979884473,19,22,9.527824574611842,3.261535138817817,1.5640733849174304,23,10,0.43478260869565216,2.626126455326031,0.11417941110113174,1.2060442033144791,3.130019979884473,16,18,7.6077639233226435,1.2695567846887856,5,3,0.6,3.9304177903137716,0.7860835580627544,2.9350786501900905,1.016091221511916,3,4,18.360103570542158,1.9670060947972967
grid_0250,14,14,20,20,0.2,0.7,1.0,55.0,True,0.01,0.45,1.5,34,28,15,0.5357142857142857,7.9697423558723415,0.2846336555668693,1.628878698357481,3.6148139546598945,19,22,10.426658501590046,4.010255742046498,1.8002601350437408,23,12,0.5217391304347826,5.53447862393207,0.24062950538835082,1.5199647846552597,3.6148139546598945,16,18,9.893173479898026,2.7626167835403503,5,3,0.6,2.435263731940272,0.4870527463880544,2.200233522677938,1.014999203681156,3,4,12.880689601373328,1.2140980811477187
grid_0251,14,14,20,20,0.2,0.7,1.0,55.0,True,0.01,0.45,2.0,34,28,13,0.4642857142857143,4.016794913131433,0.1434569611832654,1.2729694793506923,3.1144138946598954,19,22,8.88678013883915,1.9681611982096836,1.5563727925792747,23,11,0.4782608695652174,4.253969082753921,0.18495517751104,1.364639681235138,3.1144138946598954,16,18,10.011347350371537,2.099002387880078,5,2,0.4,-0.2371741696224885,-0.047434833924497696,0.9222112784932942,2.2273244420622094,3,4,3.7137709657901707,-0.12815129101196865
grid_0252,14,14,20,20,0.2,0.7,0.0,60.0,True,,0.3,1.5,184,58,24,0.41379310344827586,-0.21372557357489685,-0.003684923682325826,0.9937766302168682,7.163484343795767,26,35,1.807335479735132,-0.21239119970070108,3.5272283481503686,47,20,0.425531914893617,1.0757228561384924,0.02288772034337216,1.0396148009120616,7.163484343795767,21,29,2.997309852583057,0.4532114320051628,11,4,0.36363636363636365,-1.2894484297133897,-0.11722258451939904,0.8206072114136029,4.648585237754426,5,6,-3.2771004769787293,-0.6625996543240587
grid_0253,14,14,20,20,0.2,0.7,0.0,60.0,True,,0.3,2.0,184,58,21,0.3620689655172414,-1.100294926008089,-0.018970602172553284,0.9706105267137229,12.655182187058298,26,35,2.5085193057513866,-0.6815265533607784,6.182451339390593,47,18,0.3829787234042553,1.1899536237053039,0.02531816220649577,1.040726693651935,8.515137593157915,21,29,3.8970790977478638,0.4876049876281652,11,3,0.2727272727272727,-2.2902485497133913,-0.2082044136103084,0.7213936865153476,7.150585537754426,5,6,-3.4244179873244707,-1.1634584595114017
grid_0254,14,14,20,20,0.2,0.7,0.0,60.0,True,,0.45,1.5,184,57,25,0.43859649122807015,2.8783214366843253,0.05049686731025131,1.0896861364547397,7.139161122163859,26,35,1.2240273145311686,1.3445723750780347,3.5154345360620787,47,22,0.46808510638297873,5.612807503190882,0.11942143623810389,1.2248526440856522,7.139161122163859,21,29,3.3852196336458835,2.7573135617892763,10,3,0.3,-2.734486066506558,-0.2734486066506558,0.6165413828532749,7.131111270503133,5,6,-8.933576585307993,-1.3748327371966074
grid_0255,14,14,20,20,0.2,0.7,0.0,60.0,True,,0.45,2.0,184,58,23,0.39655172413793105,3.5752404389321595,0.06164207653331307,1.1015407093120808,8.4850800604016,26,35,2.3276102922553092,1.6663929074112183,4.195525641045627,47,21,0.44680851063829785,8.835898502012732,0.187997840468356,1.340045797686438,7.139161122163861,21,29,4.42766008672922,4.398607402526222,11,2,0.18181818181818182,-5.260658063080573,-0.4782416420982339,0.42976895248038216,7.234978632119223,5,6,-6.645329738678675,-2.6170986022643783
grid_0256,14,14,20,20,0.2,0.7,0.0,60.0,True,0.0,0.3,1.5,47,35,13,0.37142857142857144,-3.767717247992821,-0.1076490642283663,0.8285936242438572,5.660877760324446,20,26,2.6062928964631915,-1.926108250743308,2.8022889313986887,28,11,0.39285714285714285,-1.6472274760920693,-0.058829552717573896,0.9024158760581152,5.660877760324446,16,21,3.40817025561007,-0.8688053591693445,7,2,0.2857142857142857,-2.120489771900752,-0.30292711027153596,0.5843089918738716,3.0545043617751464,4,5,-0.6012165401243218,-1.0665693028362289
grid_0257,14,14,20,20,0.2,0.7,0.0,60.0,True,0.0,0.3,2.0,47,35,12,0.34285714285714286,-3.653486480426014,-0.10438532801217185,0.8411976074291254,6.319745951297216,20,26,3.704300562688809,-1.883331461826443,3.1478937047527467,28,10,0.35714285714285715,-2.5337968285252614,-0.09049274387590221,0.8584895976067092,5.200056299396463,16,21,3.842365315245331,-1.3163367042706486,7,2,0.2857142857142857,-1.1196896519007524,-0.15995566455725035,0.7805012189378283,3.0545043617751464,4,5,3.1520415524627197,-0.574557873735071
grid_0258,14,14,20,20,0.2,0.7,0.0,60.0,True,0.0,0.45,1.5,47,35,14,0.4,-1.7080505562371255,-0.04880144446391786,0.9181524969579363,5.641659661825618,20,26,4.104273000220631,-0.9105938206729891,2.792917417137708,28,12,0.42857142857142855,0.40022202519262007,0.014293643756879306,1.025365496978947,5.641659661825618,16,21,5.366735002113036,0.15151747556618744,7,2,0.2857142857142857,-2.1082725814297456,-0.30118179734710654,0.5858408686629405,3.0487663484571303,4,5,-0.945575007348987,-1.060504446673316
grid_0259,14,14,20,20,0.2,0.7,0.0,60.0,True,0.0,0.45,2.0,47,35,13,0.37142857142857144,-3.158997698978035,-0.09025707711365813,0.8556940427857896,6.205159195723682,20,26,3.91705674718729,-1.6345743596280826,3.0720309096823772,28,11,0.39285714285714285,-0.8802875159855292,-0.03143883985662603,0.9476034400296807,5.141259601825619,16,21,5.463806395716276,-0.4952351162250124,7,2,0.2857142857142857,-2.2787101829925054,-0.3255300261417865,0.552359292498565,3.2421368165596602,4,5,-2.2699418469286505,-1.1450097336884957
grid_0260,14,14,20,20,0.2,0.7,0.0,60.0,True,0.01,0.3,1.5,34,27,14,0.5185185185185185,6.951279684616539,0.25745480313394586,1.5455437874873217,3.630420039884473,18,21,9.277902790910476,3.4830608140549613,1.807944964963215,22,11,0.5,4.522062074302767,0.20554827610467125,1.4221969964402612,3.630420039884473,15,17,8.704618727352507,2.244827543819672,5,3,0.6,2.4292176103137715,0.4858435220627543,2.1959866317439767,1.016091221511916,3,4,11.800352670565543,1.2110473458469828
grid_0261,14,14,20,20,0.2,0.7,0.0,60.0,True,0.01,0.3,2.0,34,27,13,0.48148148148148145,7.565910512183347,0.28021890785864245,1.549559524804817,3.130019979884473,18,21,10.942947834231601,3.7853221171804785,1.5640733849174304,22,10,0.45454545454545453,3.6354927218695745,0.16524966917588976,1.3097704700226243,3.130019979884473,15,17,9.257230621433749,1.783239590944441,5,3,0.6,3.9304177903137716,0.7860835580627544,2.9350786501900905,1.016091221511916,3,4,18.360103570542158,1.9670060947972967
grid_0262,14,14,20,20,0.2,0.7,0.0,60.0,True,0.01,0.45,1.5,34,27,15,0.5555555555555556,8.978862888299632,0.33255047734443083,1.7698046503373734,3.6148139546598945,18,21,11.959597936759819,4.5377114773128335,1.8002601350437408,22,12,0.5454545454545454,6.5435991563593605,0.2974363252890619,1.6791609432379901,3.6148139546598945,15,17,11.75025892207493,3.283745504999147,5,3,0.6,2.435263731940272,0.4870527463880544,2.200233522677938,1.014999203681156,3,4,12.880689601373328,1.2140980811477187
grid_0263,14,14,20,20,0.2,0.7,0.0,60.0,True,0.01,0.45,2.0,34,27,13,0.48148148148148145,5.0259154455587245,0.1861450165021749,1.366692965636484,3.1144138946598954,18,21,10.362687042055187,2.485261084705015,1.5563727925792747,22,11,0.5,5.2630896151812125,0.23923134614460054,1.493857307138103,3.1144138946598954,15,17,11.873804332115418,2.6167657948658496,5,2,0.4,-0.2371741696224885,-0.047434833924497696,0.9222112784932942,2.2273244420622094,3,4,3.7137709657901707,-0.12815129101196865
grid_0264,14,14,20,20,0.2,0.7,0.5,60.0,True,,0.3,1.5,161,55,22,0.4,-2.096720275323043,-0.03812218682405534,0.9369728576870987,8.249904660377787,26,35,1.1186999700095641,-1.1406645334246734,4.082625235412596,45,20,0.4444444444444444,3.1461680682574333,0.06991484596127628,1.1254246733481705,7.163484343795767,21,29,3.5530136526623477,1.5012562996271406,10,2,0.2,-5.242888343580476,-0.5242888343580476,0.35928081040369675,8.182817728440213,5,6,-9.83571160192796,-2.6028454517380673
grid_0265,14,14,20,20,0.2,0.7,0.5,60.0,True,,0.3,2.0,161,55,20,0.36363636363636365,-0.9816893877562329,-0.01784889795920428,0.9722140307291676,12.536576648806442,26,35,2.0508691365399216,-0.6149556831663183,6.119567611549126,45,18,0.4,3.2603988358242453,0.07245330746276095,1.1200990531623967,7.491717264054946,21,29,4.492772642056701,1.53600868886965,10,2,0.2,-4.2420882235804775,-0.42420882235804774,0.48158588344982073,8.182817728440213,5,6,-8.937696638285583,-2.1184251772462637
grid_0266,14,14,20,20,0.2,0.7,0.5,60.0,True,,0.45,1.5,161,55,23,0.41818181818181815,-0.0444664918081592,-0.0008084816692392451,0.9986149256083139,8.160408208983885,26,35,1.012576111943149,-0.12046148265515422,4.0081077388199216,45,21,0.4666666666666667,5.1666173181982336,0.11481371818218301,1.2157824717658037,7.139161122163859,21,29,3.6435277141419395,2.5323928744402258,10,2,0.2,-5.211083810006394,-0.5211083810006393,0.3614187334073004,8.160408208983887,5,6,-10.82670609795141,-2.5873329225272967
grid_0267,14,14,20,20,0.2,0.7,0.5,60.0,True,,0.45,2.0,161,55,21,0.38181818181818183,0.6766242070136956,0.012302258309339942,1.0198116065018863,11.383696292320064,26,35,1.4331455473024395,0.21470111903640898,5.563515246451633,45,20,0.4444444444444444,7.889308257020086,0.17531796126711305,1.3160031673207548,7.139161122163861,21,29,4.646960387253753,3.911996510572302,10,1,0.1,-7.21268405000639,-0.721268405000639,0.21490362211702838,9.18700461904504,5,6,-13.029021232478467,-3.5581025441655534
grid_0268,14,14,20,20,0.2,0.7,0.5,60.0,True,0.0,0.3,1.5,47,35,13,0.37142857142857144,-3.767717247992821,-0.1076490642283663,0.8285936242438572,5.660877760324446,20,26,2.6062928964631915,-1.926108250743308,2.8022889313986887,28,11,0.39285714285714285,-1.6472274760920693,-0.058829552717573896,0.9024158760581152,5.660877760324446,16,21,3.40817025561007,-0.8688053591693445,7,2,0.2857142857142857,-2.120489771900752,-0.30292711027153596,0.5843089918738716,3.0545043617751464,4,5,-0.6012165401243218,-1.0665693028362289
grid_0269,14,14,20,20,0.2,0.7,0.5,60.0,True,0.0,0.3,2.0,47,35,12,0.34285714285714286,-3.653486480426014,-0.10438532801217185,0.8411976074291254,6.319745951297216,20,26,3.704300562688809,-1.883331461826443,3.1478937047527467,28,10,0.35714285714285715,-2.5337968285252614,-0.09049274387590221,0.8584895976067092,5.200056299396463,16,21,3.842365315245331,-1.3163367042706486,7,2,0.2857142857142857,-1.1196896519007524,-0.15995566455725035,0.7805012189378283,3.0545043617751464,4,5,3.1520415524627197,-0.574557873735071
grid_0270,14,14,20,20,0.2,0.7,0.5,60.0,True,0.0,0.45,1.5,47,35,14,0.4,-1.7080505562371255,-0.04880144446391786,0.9181524969579363,5.641659661825618,20,26,4.104273000220631,-0.9105938206729891,2.792917417137708,28,12,0.42857142857142855,0.40022202519262007,0.014293643756879306,1.025365496978947,5.641659661825618,16,21,5.366735002113036,0.15151747556618744,7,2,0.2857142857142857,-2.1082725814297456,-0.30118179734710654,0.5858408686629405,3.0487663484571303,4,5,-0.945575007348987,-1.060504446673316
grid_0271,14,14,20,20,0.2,0.7,0.5,60.0,True,0.0,0.45,2.0,47,35,13,0.37142857142857144,-3.158997698978035,-0.09025707711365813,0.8556940427857896,6.205159195723682,20,26,3.91705674718729,-1.6345743596280826,3.0720309096823772,28,11,0.39285714285714285,-0.8802875159855292,-0.03143883985662603,0.9476034400296807,5.141259601825619,16,21,5.463806395716276,-0.4952351162250124,7,2,0.2857142857142857,-2.2787101829925054,-0.3255300261417865,0.552359292498565,3.2421368165596602,4,5,-2.2699418469286505,-1.1450097336884957
grid_0272,14,14,20,20,0.2,0.7,0.5,60.0,True,0.01,0.3,1.5,34,27,14,0.5185185185185185,6.951279684616539,0.25745480313394586,1.5455437874873217,3.630420039884473,18,21,9.277902790910476,3.4830608140549613,1.807944964963215,22,11,0.5,4.522062074302767,0.20554827610467125,1.4221969964402612,3.630420039884473,15,17,8.704618727352507,2.244827543819672,5,3,0.6,2.4292176103137715,0.4858435220627543,2.1959866317439767,1.016091221511916,3,4,11.800352670565543,1.2110473458469828
grid_0273,14,14,20,20,0.2,0.7,0.5,60.0,True,0.01,0.3,2.0,34,27,13,0.48148148148148145,7.565910512183347,0.28021890785864245,1.549559524804817,3.130019979884473,18,21,10.942947834231601,3.7853221171804785,1.5640733849174304,22,10,0.45454545454545453,3.6354927218695745,0.16524966917588976,1.3097704700226243,3.130019979884473,15,17,9.257230621433749,1.783239590944441,5,3,0.6,3.9304177903137716,0.7860835580627544,2.9350786501900905,1.016091221511916,3,4,18.360103570542158,1.9670060947972967
grid_0274,14,14,20,20,0.2,0.7,0.5,60.0,True,0.01,0.45,1.5,34,27,15,0.5555555555555556,8.978862888299632,0.33255047734443083,1.7698046503373734,3.6148139546598945,18,21,11.959597936759819,4.5377114773128335,1.8002601350437408,22,12,0.5454545454545454,6.5435991563593605,0.2974363252890619,1.6791609432379901,3.6148139546598945,15,17,11.75025892207493,3.283745504999147,5,3,0.6,2.435263731940272,0.4870527463880544,2.200233522677938,1.014999203681156,3,4,12.880689601373328,1.2140980811477187
grid_0275,14,14,20,20,0.2,0.7,0.5,60.0,True,0.01,0.45,2.0,34,27,13,0.48148148148148145,5.0259154455587245,0.1861450165021749,1.366692965636484,3.1144138946598954,18,21,10.362687042055187,2.485261084705015,1.5563727925792747,22,11,0.5,5.2630896151812125,0.23923134614460054,1.493857307138103,3.1144138946598954,15,17,11.873804332115418,2.6167657948658496,5,2,0.4,-0.2371741696224885,-0.047434833924497696,0.9222112784932942,2.2273244420622094,3,4,3.7137709657901707,-0.12815129101196865
grid_0276,14,14,20,20,0.2,0.7,1.0,60.0,True,,0.3,1.5,81,45,21,0.4666666666666667,5.765006995827259,0.12811126657393915,1.2404981026016386,5.11133798064877,25,32,4.318196136948125,2.8377634149457265,2.529676520275459,36,17,0.4722222222222222,4.93437274586198,0.13706590960727727,1.2614207220946088,5.11133798064877,20,26,4.857188271951746,2.4294051635246117,9,4,0.4444444444444444,0.8306342499652799,0.09229269444058666,1.1630006409655786,3.6161672528249182,5,6,2.162227596933639,0.39867287208119606
grid_0277,14,14,20,20,0.2,0.7,1.0,60.0,True,,0.3,2.0,81,45,19,0.4222222222222222,6.379637823394075,0.14176972940875718,1.2452810902852913,6.124424408634328,25,32,4.640963423721828,3.1286313527172815,3.0234058295188104,36,15,0.4166666666666667,3.5474033334287944,0.09853898148413315,1.1696218282931947,6.124424408634328,20,26,4.326163641674416,1.7049693824123135,9,4,0.4444444444444444,2.8322344899652805,0.31469272110725344,1.5557873844576677,3.1157671928249173,5,6,5.900162551911472,1.3997958791492016
grid_0278,14,14,20,20,0.2,0.7,1.0,60.0,True,,0.45,1.5,81,45,22,0.4888888888888889,7.741448285671784,0.17203218412603966,1.338586961672054,5.097538936425826,25,32,5.789467809878709,3.859571314951471,2.5229167700247412,36,18,0.5,6.8914555364229555,0.1914293204561932,1.387635930394987,5.097538936425826,20,26,6.640995722977005,3.437151688469675,9,4,0.4444444444444444,0.8499927492488295,0.09444363880542553,1.1671298280825686,3.6037844338270464,5,6,2.383356157485525,0.4083828871796369
grid_0279,14,14,20,20,0.2,0.7,1.0,60.0,True,,0.45,2.0,81,44,19,0.4318181818181818,5.97609742915988,0.13582039611727004,1.2399869698481663,6.109428511686492,25,32,5.478272259126077,2.927875359714216,3.016096991760886,36,16,0.4444444444444444,5.110545935244805,0.1419596093123557,1.2579477226573472,6.109428511686492,20,26,5.773890932701994,2.505095748143793,8,3,0.375,0.8655514939150766,0.10819393673938452,1.1700685924437677,5.0894258691608,5,6,4.147988228034448,0.4124474090626329
grid_0280,14,14,20,20,0.2,0.7,1.0,60.0,True,0.0,0.3,1.5,41,31,14,0.45161290322580644,2.871097201324781,0.0926160387524123,1.1706740183873685,4.637982109617031,18,24,5.474623589701493,1.3880076869939417,2.302617794682116,26,11,0.4230769230769231,0.4418795910110096,0.016995368885038824,1.0298749580541704,4.637982109617031,15,20,4.258137227996869,0.17484291071729885,5,3,0.6,2.4292176103137715,0.4858435220627543,2.1959866317439767,1.016091221511916,3,4,11.800352670565543,1.2110473458469828
grid_0281,14,14,20,20,0.2,0.7,1.0,60.0,True,0.0,0.3,2.0,41,31,13,0.41935483870967744,3.485728028891588,0.11244283964166414,1.1953072298169458,4.137582049617031,18,24,6.924824111303764,1.684149597406126,2.066115710375671,26,10,0.38461538461538464,-0.4446897614221834,-0.017103452362391674,0.9718840271381393,4.137582049617031,15,20,4.725731907604073,-0.2774000220504558,5,3,0.6,3.9304177903137716,0.7860835580627544,2.9350786501900905,1.016091221511916,3,4,18.360103570542158,1.9670060947972967
grid_0282,14,14,20,20,0.2,0.7,1.0,60.0,True,0.0,0.45,1.5,41,31,15,0.4838709677419355,4.90908956117136,0.1583577277797213,1.312013247984787,4.621836576385695,18,24,7.530489227794937,2.4266647248694984,2.2947068495149825,26,12,0.46153846153846156,2.473825829231088,0.09514714727811878,1.180510596019038,4.621836576385695,15,20,6.501604540568323,1.1980214878263507,5,3,0.6,2.435263731940272,0.4870527463880544,2.200233522677938,1.014999203681156,3,4,12.880689601373328,1.2140980811477187
grid_0283,14,14,20,20,0.2,0.7,1.0,60.0,True,0.0,0.45,2.0,41,31,13,0.41935483870967744,0.9561421184304502,0.03084329414291775,1.0537888801696575,4.121436516385695,18,24,6.13963135176187,0.4156617551546171,2.052047507199517,26,11,0.4230769230769231,1.1933162880529382,0.04589678030972841,1.0810298143083619,4.121436516385695,15,20,6.606142964448735,0.5445108438426827,5,2,0.4,-0.2371741696224885,-0.047434833924497696,0.9222112784932942,2.2273244420622094,3,4,3.7137709657901707,-0.12815129101196865
grid_0284,14,14,20,20,0.2,0.7,1.0,60.0,True,0.01,0.3,1.5,33,27,14,0.5185185185185185,6.953490020315895,0.25753666741910725,1.5458119386886917,3.630420039884473,18,21,9.189200686891063,3.484210326739845,1.807944964963215,22,11,0.5,4.524272410002123,0.20564874590918744,1.4224905492540287,3.630420039884473,15,17,8.595757054237772,2.245963301936049,5,3,0.6,2.4292176103137715,0.4858435220627543,2.1959866317439767,1.016091221511916,3,4,11.800352670565543,1.2110473458469828
grid_0285,14,14,20,20,0.2,0.7,1.0,60.0,True,0.01,0.3,2.0,33,27,13,0.48148148148148145,7.568120847882703,0.28030077214380383,1.5498083473756281,3.130019979884473,18,21,10.854245730212188,3.786474987450683,1.5640733849174304,22,10,0.45454545454545453,3.6377030575689306,0.16535013898040596,1.310017194347459,3.130019979884473,15,17,9.148368948319014,1.7843702216399748,5,3,0.6,3.9304177903137716,0.7860835580627544,2.9350786501900905,1.016091221511916,3,4,18.360103570542158,1.9670060947972967
grid_0286,14,14,20,20,0.2,0.7,1.0,60.0,True,0.01,0.45,1.5,33,27,15,0.5555555555555556,8.980298119771572,0.3326036340656138,1.7700224513601042,3.6148139546598945,18,21,11.887156417061423,4.538465486278209,1.8002601350437408,22,12,0.5454545454545454,6.5450343878313,0.2975015630832409,1.6794111130987546,3.6148139546598945,15,17,11.661353420626899,3.28449046936643,5,3,0.6,2.435263731940272,0.4870527463880544,2.200233522677938,1.014999203681156,3,4,12.880689601373328,1.2140980811477187
grid_0287,14,14,20,20,0.2,0.7,1.0,60.0,True,0.01,0.45,2.0,33,27,13,0.48148148148148145,5.027350677030663,0.18619817322335785,1.3668360940273576,3.1144138946598954,18,21,10.290245522356791,2.4860002897687528,1.5563727925792747,22,11,0.5,5.264524846653151,0.23929658393877953,1.494058517469308,3.1144138946598954,15,17,11.784898830667386,2.617505948445964,5,2,0.4,-0.2371741696224885,-0.047434833924497696,0.9222112784932942,2.2273244420622094,3,4,3.7137709657901707,-0.12815129101196865
grid_0288,14,14,20,20,0.2,0.7,0.0,65.0,True,,0.3,1.5,116,44,16,0.36363636363636365,-4.444925336864647,-0.10102103038328746,0.84220443126335,6.386883235646961,24,31,-0.34933412392237384,-2.275799199654449,3.213575739172725,34,13,0.38235294117647056,-1.6749036278140448,-0.04926187140629546,0.9201291931647779,5.185062132186198,19,25,0.7101903841466272,-0.8956281729845972,10,3,0.3,-2.770021709050602,-0.27700217090506024,0.6152066390827041,6.128935224830695,5,6,-3.951717451356977,-1.39264393812909
grid_0289,14,14,20,20,0.2,0.7,0.0,65.0,True,,0.3,2.0,116,44,15,0.3409090909090909,-2.293100269931754,-0.052115915225721704,0.9213544840266406,6.829119962523246,24,31,-0.4314437358739402,-1.2403711745402113,3.401368249110015,34,12,0.35294117647058826,-1.0242787408811507,-0.030125845320033862,0.9533542955337189,5.084022139656985,19,25,0.008140627418189543,-0.588136063182032,10,3,0.3,-1.268821529050604,-0.12688215290506039,0.8237435833183625,6.128935224830695,5,6,-1.9260305710671812,-0.6560938358149193
grid_0290,14,14,20,20,0.2,0.7,0.0,65.0,True,,0.45,1.5,116,44,18,0.4090909090909091,0.3935284755447894,0.008943828989654323,1.0152684636175773,6.1130858964651225,24,31,0.3313250781365544,0.11674348975507787,3.017879761044173,34,14,0.4117647058823529,0.6202389555736154,0.018242322222753432,1.0315468967357635,5.161749289296171,19,25,1.3286321031763146,0.24892847079445168,10,4,0.4,-0.22671048002882688,-0.022671048002882645,0.962913905698606,6.1130858964651225,5,6,-3.0595188069986308,-0.1318567520428804
grid_0291,14,14,20,20,0.2,0.7,0.0,65.0,True,,0.45,2.0,116,44,15,0.3409090909090909,-3.402059343804881,-0.07731953054102002,0.8822433496652735,8.140562415396786,24,31,-0.0503543332702093,-1.7808596038118019,4.013241847546967,34,13,0.38235294117647056,0.8409295943954656,0.02473322336457253,1.0406577487471926,5.073405512390071,19,25,1.4749479497488054,0.34550553632857195,10,2,0.2,-4.242988938200346,-0.4242988938200346,0.483032624941302,6.217309507238996,5,6,-5.236382095534859,-2.1190437267472273
grid_0292,14,14,20,20,0.2,0.7,0.0,65.0,True,0.0,0.3,1.5,41,31,10,0.3225806451612903,-6.108841235157106,-0.19705939468248723,0.7085889124179355,7.596636210519771,19,25,-1.3113714523399065,-3.060620577707973,3.776425332218769,24,8,0.3333333333333333,-3.9883514632563535,-0.1661813109690147,0.7485569426272595,5.940826468020756,15,20,-1.5184999684027856,-2.015548496418307,7,2,0.2857142857142857,-2.120489771900752,-0.30292711027153596,0.5843089918738716,3.0545043617751464,4,5,-0.6012165401243218,-1.0665693028362289
grid_0293,14,14,20,20,0.2,0.7,0.0,65.0,True,0.0,0.3,2.0,41,31,9,0.2903225806451613,-6.995410587590296,-0.22565840605129994,0.68185711037327,8.983605622952961,19,25,-1.591715163028404,-3.4982478844383325,4.4481266851591705,24,7,0.2916666666666667,-5.875720935689545,-0.24482170565373104,0.6520595683396718,7.863915971052209,15,20,-2.975310871713315,-2.9405853755121614,7,2,0.2857142857142857,-1.1196896519007524,-0.15995566455725035,0.7805012189378283,3.0545043617751464,4,5,3.1520415524627197,-0.574557873735071
grid_0294,14,14,20,20,0.2,0.7,0.0,65.0,True,0.0,0.45,1.5,41,31,11,0.3548387096774194,-4.02136963600898,-0.12972160116158002,0.7974386746440391,5.641659661825618,19,25,0.14993693964648525,-2.0432648686999566,2.792917417137708,24,9,0.375,-1.9130970545792343,-0.07971237727413477,0.8704049406076916,5.641659661825618,15,20,0.46946125752016465,-0.9932943528067173,7,2,0.2857142857142857,-2.1082725814297456,-0.30118179734710654,0.5858408686629405,3.0487663484571303,4,5,-0.945575007348987,-1.060504446673316
grid_0295,14,14,20,20,0.2,0.7,0.0,65.0,True,0.0,0.45,2.0,41,31,10,0.3225806451612903,-6.47311689874989,-0.20881022254031903,0.6899087965696018,8.150627737625001,19,25,-1.6823082563578942,-3.240161333384095,4.0449891868016845,24,8,0.3333333333333333,-4.194406715757385,-0.17476694648989102,0.7342687112547277,5.871917554632497,15,20,-1.5109151257747568,-2.119419155321689,7,2,0.2857142857142857,-2.2787101829925054,-0.3255300261417865,0.552359292498565,3.2421368165596602,4,5,-2.2699418469286505,-1.1450097336884957
grid_0296,14,14,20,20,0.2,0.7,0.0,65.0,True,0.01,0.3,1.5,29,23,11,0.4782608695652174,4.610155697452257,0.20044155206314151,1.3932338782319174,3.630420039884473,17,20,5.157852563297133,2.2859755752459465,1.807944964963215,18,8,0.4444444444444444,2.180938087138484,0.1211632270632491,1.2250116088647143,3.630420039884473,14,16,3.3127136446114633,1.0620661060109615,5,3,0.6,2.4292176103137715,0.4858435220627543,2.1959866317439767,1.016091221511916,3,4,11.800352670565543,1.2110473458469828
grid_0297,14,14,20,20,0.2,0.7,0.0,65.0,True,0.01,0.3,2.0,29,23,10,0.43478260869565216,4.223986405019064,0.18365158282691582,1.3313190956981211,3.5580823211162667,17,20,5.063734859837583,2.077104506348304,1.767451321740865,18,7,0.3888888888888889,0.2935686147052916,0.016309367483627303,1.0273906084501214,3.5580823211162667,14,16,1.3702991068640902,0.10797454565707465,5,3,0.6,3.9304177903137716,0.7860835580627544,2.9350786501900905,1.016091221511916,3,4,18.360103570542158,1.9670060947972967
grid_0298,14,14,20,20,0.2,0.7,0.0,65.0,True,0.01,0.45,1.5,29,23,12,0.5217391304347826,6.665543808527778,0.289806252544686,1.626006172333207,3.6148139546598945,17,20,7.995984104949308,3.342761948570394,1.8002601350437408,18,9,0.5,4.230280076587506,0.235015559810417,1.490823665691374,3.6148139546598945,14,16,6.639121467053745,2.1031298087703654,5,3,0.6,2.435263731940272,0.4870527463880544,2.200233522677938,1.014999203681156,3,4,12.880689601373328,1.2140980811477187
grid_0299,14,14,20,20,0.2,0.7,0.0,65.0,True,0.01,0.45,2.0,29,23,10,0.43478260869565216,1.7117962457868672,0.0744259237298638,1.134893665343183,3.1144138946598954,17,20,3.936696001601746,0.8124273717580621,1.5563727925792747,18,8,0.4444444444444444,1.9489704154093555,0.10827613418940867,1.202154081025825,3.1144138946598954,14,16,3.998619622660517,0.9417855731405966,5,2,0.4,-0.2371741696224885,-0.047434833924497696,0.9222112784932942,2.2273244420622094,3,4,3.7137709657901707,-0.12815129101196865
grid_0300,14,14,20,20,0.2,0.7,0.5,65.0,True,,0.3,1.5,106,44,16,0.36363636363636365,-4.415469313817149,-0.10035157531402614,0.8430860409277494,6.357427212599463,24,31,-0.41812136156150176,-2.2613289675443404,3.1992443656471026,34,13,0.38235294117647056,-1.6749036278140448,-0.04926187140629546,0.9201291931647779,5.185062132186198,19,25,0.7101903841466272,-0.8956281729845972,10,3,0.3,-2.7405656860031042,-0.2740565686003104,0.617734308249082,6.128935224830695,5,6,-4.25438129696914,-1.3780429353243528
grid_0301,14,14,20,20,0.2,0.7,0.5,65.0,True,,0.3,2.0,106,44,15,0.3409090909090909,-2.2636442468842564,-0.05144646015646038,0.9222862154642434,6.7996639394757485,24,31,-0.5002309735130681,-1.2257476243806242,3.3870646824243456,34,12,0.35294117647058826,-1.0242787408811507,-0.030125845320033862,0.9533542955337189,5.084022139656985,19,25,0.008140627418189543,-0.588136063182032,10,3,0.3,-1.2393655060031057,-0.12393655060031054,0.8271280579392152,6.128935224830695,5,6,-2.228694416679344,-0.6413837704559944
grid_0302,14,14,20,20,0.2,0.7,0.5,65.0,True,,0.45,1.5,106,44,17,0.38636363636363635,-2.089103899252981,-0.04747963407393136,0.9220753223050221,6.1130858964651225,24,31,-0.0303779930388265,-1.1170931893849434,3.017879761044162,34,14,0.4117647058823529,0.6202389555736154,0.018242322222753432,1.0315468967357635,5.161749289296171,19,25,1.3286321031763146,0.24892847079445168,10,3,0.3,-2.7093428548265965,-0.27093428548265963,0.6209870411709123,6.1130858964651225,5,6,-4.651012320170307,-1.3626296869371668
grid_0303,14,14,20,20,0.2,0.7,0.5,65.0,True,,0.45,2.0,106,44,15,0.3409090909090909,-3.3696134404311273,-0.07658212364616197,0.883235276948072,8.108116512023033,24,31,-0.1397068942612466,-1.764840033436199,3.997586379364826,34,13,0.38235294117647056,0.8409295943954656,0.02473322336457253,1.0406577487471926,5.073405512390071,19,25,1.4749479497488054,0.34550553632857195,10,2,0.2,-4.210543034826593,-0.42105430348265926,0.48494973849148715,6.184863603865242,5,6,-5.6295333638954235,-2.1030793143004822
grid_0304,14,14,20,20,0.2,0.7,0.5,65.0,True,0.0,0.3,1.5,41,31,10,0.3225806451612903,-6.108841235157106,-0.19705939468248723,0.7085889124179355,7.596636210519771,19,25,-1.3113714523399065,-3.060620577707973,3.776425332218769,24,8,0.3333333333333333,-3.9883514632563535,-0.1661813109690147,0.7485569426272595,5.940826468020756,15,20,-1.5184999684027856,-2.015548496418307,7,2,0.2857142857142857,-2.120489771900752,-0.30292711027153596,0.5843089918738716,3.0545043617751464,4,5,-0.6012165401243218,-1.0665693028362289
grid_0305,14,14,20,20,0.2,0.7,0.5,65.0,True,0.0,0.3,2.0,41,31,9,0.2903225806451613,-6.995410587590296,-0.22565840605129994,0.68185711037327,8.983605622952961,19,25,-1.591715163028404,-3.4982478844383325,4.4481266851591705,24,7,0.2916666666666667,-5.875720935689545,-0.24482170565373104,0.6520595683396718,7.863915971052209,15,20,-2.975310871713315,-2.9405853755121614,7,2,0.2857142857142857,-1.1196896519007524,-0.15995566455725035,0.7805012189378283,3.0545043617751464,4,5,3.1520415524627197,-0.574557873735071
grid_0306,14,14,20,20,0.2,0.7,0.5,65.0,True,0.0,0.45,1.5,41,31,11,0.3548387096774194,-4.02136963600898,-0.12972160116158002,0.7974386746440391,5.641659661825618,19,25,0.14993693964648525,-2.0432648686999566,2.792917417137708,24,9,0.375,-1.9130970545792343,-0.07971237727413477,0.8704049406076916,5.641659661825618,15,20,0.46946125752016465,-0.9932943528067173,7,2,0.2857142857142857,-2.1082725814297456,-0.30118179734710654,0.5858408686629405,3.0487663484571303,4,5,-0.945575007348987,-1.060504446673316
grid_0307,14,14,20,20,0.2,0.7,0.5,65.0,True,0.0,0.45,2.0,41,31,10,0.3225806451612903,-6.47311689874989,-0.20881022254031903,0.6899087965696018,8.150627737625001,19,25,-1.6823082563578942,-3.240161333384095,4.0449891868016845,24,8,0.3333333333333333,-4.194406715757385,-0.17476694648989102,0.7342687112547277,5.871917554632497,15,20,-1.5109151257747568,-2.119419155321689,7,2,0.2857142857142857,-2.2787101829925054,-0.3255300261417865,0.552359292498565,3.2421368165596602,4,5,-2.2699418469286505,-1.1450097336884957
grid_0308,14,14,20,20,0.2,0.7,0.5,65.0,True,0.01,0.3,1.5,29,23,11,0.4782608695652174,4.610155697452257,0.20044155206314151,1.3932338782319174,3.630420039884473,17,20,5.157852563297133,2.2859755752459465,1.807944964963215,18,8,0.4444444444444444,2.180938087138484,0.1211632270632491,1.2250116088647143,3.630420039884473,14,16,3.3127136446114633,1.0620661060109615,5,3,0.6,2.4292176103137715,0.4858435220627543,2.1959866317439767,1.016091221511916,3,4,11.800352670565543,1.2110473458469828
grid_0309,14,14,20,20,0.2,0.7,0.5,65.0,True,0.01,0.3,2.0,29,23,10,0.43478260869565216,4.223986405019064,0.18365158282691582,1.3313190956981211,3.5580823211162667,17,20,5.063734859837583,2.077104506348304,1.767451321740865,18,7,0.3888888888888889,0.2935686147052916,0.016309367483627303,1.0273906084501214,3.5580823211162667,14,16,1.3702991068640902,0.10797454565707465,5,3,0.6,3.9304177903137716,0.7860835580627544,2.9350786501900905,1.016091221511916,3,4,18.360103570542158,1.9670060947972967
grid_0310,14,14,20,20,0.2,0.7,0.5,65.0,True,0.01,0.45,1.5,29,23,12,0.5217391304347826,6.665543808527778,0.289806252544686,1.626006172333207,3.6148139546598945,17,20,7.995984104949308,3.342761948570394,1.8002601350437408,18,9,0.5,4.230280076587506,0.235015559810417,1.490823665691374,3.6148139546598945,14,16,6.639121467053745,2.1031298087703654,5,3,0.6,2.435263731940272,0.4870527463880544,2.200233522677938,1.014999203681156,3,4,12.880689601373328,1.2140980811477187
grid_0311,14,14,20,20,0.2,0.7,0.5,65.0,True,0.01,0.45,2.0,29,23,10,0.43478260869565216,1.7117962457868672,0.0744259237298638,1.134893665343183,3.1144138946598954,17,20,3.936696001601746,0.8124273717580621,1.5563727925792747,18,8,0.4444444444444444,1.9489704154093555,0.10827613418940867,1.202154081025825,3.1144138946598954,14,16,3.998619622660517,0.9417855731405966,5,2,0.4,-0.2371741696224885,-0.047434833924497696,0.9222112784932942,2.2273244420622094,3,4,3.7137709657901707,-0.12815129101196865
grid_0312,14,14,20,20,0.2,0.7,1.0,65.0,True,,0.3,1.5,61,37,15,0.40540540540540543,0.3454017113624994,0.009335181388175667,1.0157585323012623,4.626707174096092,21,27,1.2061951452139952,0.10394376061828581,2.2970815931802613,29,12,0.41379310344827586,1.0037649767523615,0.03461258540525386,1.059668010381477,4.626707174096092,17,22,2.046150056295368,0.4487544439907287,8,3,0.375,-0.6583632653898623,-0.08229540817373279,0.8708051898278639,3.6161672528249182,4,5,-1.838641407455981,-0.34327024290249364
grid_0313,14,14,20,20,0.2,0.7,1.0,65.0,True,,0.3,2.0,61,37,13,0.35135135135135137,-1.034903920348188,-0.027970376225626686,0.9567877960243074,5.267773517312887,21,27,-0.38885233851256296,-0.6007243912681259,2.6153139522304136,29,10,0.3448275862068966,-1.8777408349583264,-0.06474968396408019,0.9004033195220138,5.267773517312887,17,22,-0.75299144768163,-0.9978293074503597,8,3,0.375,0.8428369146101382,0.10535461432626728,1.1653952474469307,3.115767192824917,4,5,0.9311519322253048,0.4011072821983097
grid_0314,14,14,20,20,0.2,0.7,1.0,65.0,True,,0.45,1.5,61,37,16,0.43243243243243246,2.6044543405759724,0.07039065785340468,1.1261385147728669,4.612140523966586,21,27,2.2150818937763006,1.241663630344747,2.289945613944655,29,13,0.4482758620689655,3.244568052924648,0.11188165699740169,1.208496334865088,4.612140523966586,17,22,3.383469070451743,1.5811279728916716,8,3,0.375,-0.6401137123486758,-0.0800142140435845,0.874137638476713,3.603784433827046,4,5,-2.020321621672178,-0.33418052085182337
grid_0315,14,14,20,20,0.2,0.7,1.0,65.0,True,,0.45,2.0,61,36,13,0.3611111111111111,-1.1624967559359327,-0.03229157655377589,0.9487556036589134,5.317848945096493,21,27,0.21849900308267264,-0.6571411687464224,2.6395281972241835,29,11,0.3793103448275862,-0.03754172825350288,-0.001294542353569059,0.9978664524292037,5.317848945096493,17,22,0.8595093381964424,-0.0805433370136388,7,2,0.2857142857142857,-1.1249550276824298,-0.1607078610974899,0.7789622922893807,5.0894258691608005,4,5,-2.4371152423886593,-0.5770626172213689
grid_0316,14,14,20,20,0.2,0.7,1.0,65.0,True,0.0,0.3,1.5,36,27,11,0.4074074074074074,0.5277628784611408,0.01954677327633855,1.0333898397119587,4.637982109617031,17,23,1.4902045070563577,0.21404468518237962,2.302617794682116,22,8,0.36363636363636365,-1.9014547318526307,-0.08642976053875594,0.8619628667952457,4.637982109617031,14,19,-0.8530109846502754,-0.985072960719191,5,3,0.6,2.4292176103137715,0.4858435220627543,2.1959866317439767,1.016091221511916,3,4,11.800352670565543,1.2110473458469828
grid_0317,14,14,20,20,0.2,0.7,1.0,65.0,True,0.0,0.3,2.0,36,27,10,0.37037037037037035,0.14159358602794936,0.005244206889924028,1.008412471058882,5.777019239648487,17,23,1.4100301670722966,0.009404562093773272,2.8852534827624954,22,7,0.3181818181818182,-3.7888242042858225,-0.17221928201299194,0.7440026795308766,5.777019239648487,14,19,-2.442259242807217,-1.9198381983321244,5,3,0.6,3.9304177903137716,0.7860835580627544,2.9350786501900905,1.016091221511916,3,4,18.360103570542158,1.9670060947972967
grid_0318,14,14,20,20,0.2,0.7,1.0,65.0,True,0.0,0.45,1.5,36,27,12,0.4444444444444444,2.594335249927566,0.09608649073805801,1.1762583280702155,4.621836576385695,17,23,3.570354711659951,1.2551158141653307,2.2947068495149825,22,9,0.4090909090909091,0.1590715179872937,0.007230523544877021,1.0125352404029964,4.621836576385695,14,19,1.4543695094523654,0.04052571113635217,5,3,0.6,2.435263731940272,0.4870527463880544,2.200233522677938,1.014999203681156,3,4,12.880689601373328,1.2140980811477187
grid_0319,14,14,20,20,0.2,0.7,1.0,65.0,True,0.0,0.45,2.0,36,27,10,0.37037037037037035,-2.3594123128133444,-0.08738564121530903,0.8592334877209956,4.313737347212319,17,23,0.11244262362313989,-1.2241030086413418,2.1482581733214268,22,8,0.36363636363636365,-2.122238143190856,-0.09646537014503888,0.8452301904265296,4.313737347212319,14,19,-0.7060410905057307,-1.0973579960683266,5,2,0.4,-0.2371741696224885,-0.047434833924497696,0.9222112784932942,2.2273244420622094,3,4,3.7137709657901707,-0.12815129101196865
grid_0320,14,14,20,20,0.2,0.7,1.0,65.0,True,0.01,0.3,1.5,29,23,11,0.4782608695652174,4.610155697452257,0.20044155206314151,1.3932338782319174,3.630420039884473,17,20,5.157852563297133,2.2859755752459465,1.807944964963215,18,8,0.4444444444444444,2.180938087138484,0.1211632270632491,1.2250116088647143,3.630420039884473,14,16,3.3127136446114633,1.0620661060109615,5,3,0.6,2.4292176103137715,0.4858435220627543,2.1959866317439767,1.016091221511916,3,4,11.800352670565543,1.2110473458469828
grid_0321,14,14,20,20,0.2,0.7,1.0,65.0,True,0.01,0.3,2.0,29,23,10,0.43478260869565216,4.223986405019064,0.18365158282691582,1.3313190956981211,3.5580823211162667,17,20,5.063734859837583,2.077104506348304,1.767451321740865,18,7,0.3888888888888889,0.2935686147052916,0.016309367483627303,1.0273906084501214,3.5580823211162667,14,16,1.3702991068640902,0.10797454565707465,5,3,0.6,3.9304177903137716,0.7860835580627544,2.9350786501900905,1.016091221511916,3,4,18.360103570542158,1.9670060947972967
grid_0322,14,14,20,20,0.2,0.7,1.0,65.0,True,0.01,0.45,1.5,29,23,12,0.5217391304347826,6.665543808527778,0.289806252544686,1.626006172333207,3.6148139546598945,17,20,7.995984104949308,3.342761948570394,1.8002601350437408,18,9,0.5,4.230280076587506,0.235015559810417,1.490823665691374,3.6148139546598945,14,16,6.639121467053745,2.1031298087703654,5,3,0.6,2.435263731940272,0.4870527463880544,2.200233522677938,1.014999203681156,3,4,12.880689601373328,1.2140980811477187
grid_0323,14,14,20,20,0.2,0.7,1.0,65.0,True,0.01,0.45,2.0,29,23,10,0.43478260869565216,1.7117962457868672,0.0744259237298638,1.134893665343183,3.1144138946598954,17,20,3.936696001601746,0.8124273717580621,1.5563727925792747,18,8,0.4444444444444444,1.9489704154093555,0.10827613418940867,1.202154081025825,3.1144138946598954,14,16,3.998619622660517,0.9417855731405966,5,2,0.4,-0.2371741696224885,-0.047434833924497696,0.9222112784932942,2.2273244420622094,3,4,3.7137709657901707,-0.12815129101196865
grid_0324,14,14,20,20,0.3,0.5,0.0,55.0,True,,0.3,1.5,175,56,22,0.39285714285714285,-2.8387263106568605,-0.050691541261729665,0.9172559357863193,11.806943995338465,25,33,0.17544197488631527,-1.509068605405539,5.773343653523932,45,20,0.4444444444444444,3.45443230040158,0.07676516223114618,1.1377682712637804,5.102456782478386,20,27,2.4995013832274027,1.6568425344679616,11,2,0.18181818181818182,-6.2931586110584385,-0.57210532827804,0.31841236498118947,9.233087995918176,5,6,-9.332073786509042,-3.1143118957290827
grid_0325,14,14,20,20,0.3,0.5,0.0,55.0,True,,0.3,2.0,175,55,20,0.36363636363636365,-0.20419464969680967,-0.003712629994487471,0.9942215706948413,12.631514121123233,25,33,0.838949943484426,-0.23092953178537323,6.171091941312168,44,18,0.4090909090909091,5.088163841361631,0.11564008730367341,1.1949166271378273,6.315021033378017,20,27,3.1776115660640714,2.46643321234552,11,2,0.18181818181818182,-5.29235849105844,-0.481123499187131,0.4268051497615835,9.233087995918176,5,6,-8.515696546834155,-2.632435481130746
grid_0326,14,14,20,20,0.3,0.5,0.0,55.0,True,,0.45,1.5,175,55,22,0.4,-2.0417334904461093,-0.03712242709902017,0.9381609302547552,9.943131564581929,25,33,0.8362326184947001,-1.1125419201023168,4.875495157121557,44,20,0.45454545454545453,4.244659422643866,0.09646953233281513,1.1784882632330447,5.087081600260889,20,27,3.537184309054392,2.0627062446220368,11,2,0.18181818181818182,-6.286392913089977,-0.5714902648263614,0.31933896408066537,9.23571731206747,5,6,-9.96757414374407,-3.111075809722319
grid_0327,14,14,20,20,0.3,0.5,0.0,55.0,True,,0.45,2.0,175,55,18,0.32727272727272727,-7.328642646425445,-0.13324804811682628,0.8025248967159652,13.434138146312113,25,33,-0.07273158039753613,-3.7100769829556124,6.542986909951287,44,17,0.38636363636363635,0.9593505066645283,0.021803420606011994,1.03573077750024,8.155701804488213,20,27,2.9015052273770654,0.3821269558685003,11,1,0.09090909090909091,-8.287993153089973,-0.7534539230081794,0.19238552070196635,10.262313722128622,5,6,-11.96967881149594,-4.076626051790244
grid_0328,14,14,20,20,0.3,0.5,0.0,55.0,True,0.0,0.3,1.5,41,32,14,0.4375,1.7959947291692901,0.05612483528654031,1.1003505254867332,3.681370135574435,20,26,5.233518068252421,0.8429964160169279,1.8331434248981537,26,11,0.4230769230769231,0.3973016715550295,0.015280833521347282,1.0267803851423274,3.6207905337419,16,21,4.545347849760281,0.15240054629555022,6,3,0.5,1.3986930576142607,0.23311550960237679,1.4568405611192323,1.0305245526995108,4,5,8.215589015051693,0.6895449993753688
grid_0329,14,14,20,20,0.3,0.5,0.0,55.0,True,0.0,0.3,2.0,41,32,13,0.40625,2.4106255567360972,0.07533204864800304,1.1273945875917961,6.193892296445927,20,26,6.63839982355462,1.1375464154855575,3.0650369242079645,26,10,0.38461538461538464,-0.48926768087816397,-0.018817987726083216,0.9691524850662192,5.1633677437464165,16,21,5.012942529367485,-0.29974106961050406,6,3,0.5,2.8998932376142608,0.4833155396023769,1.9471619571182022,1.0305245526995108,4,5,13.682048098365536,1.4416085780675658
grid_0330,14,14,20,20,0.3,0.5,0.0,55.0,True,0.0,0.45,1.5,41,32,15,0.46875,3.847239725843015,0.12022624143259422,1.2290644959574921,3.6553875321742124,20,26,7.210882729566073,1.882856866841487,1.8203272581066465,26,12,0.46153846153846156,2.43869963277531,0.09379613972212729,1.1774925706774924,3.607282500142042,16,21,6.8244382608216245,1.180157088305922,6,3,0.5,1.4085400930677052,0.2347566821779509,1.4609526688011911,1.0267236388725662,4,5,8.885475427458681,0.6945035457122994
grid_0331,14,14,20,20,0.3,0.5,0.0,55.0,True,0.0,0.45,2.0,41,32,13,0.40625,-0.10570771689789349,-0.0033033661530592028,0.9943884966513291,5.190346821226231,20,26,5.8634891621590395,-0.11746920325560462,2.5777040987070343,26,11,0.4230769230769231,1.1581900915971612,0.04454577275373694,1.0784575035297044,3.926449012731176,16,21,6.928976684702037,0.5267618079930703,6,2,0.3333333333333333,-1.2638978084950547,-0.21064963474917578,0.6898925343211402,2.2273244420622094,4,5,1.2463765644727163,-0.6408552306490845
grid_0332,14,14,20,20,0.3,0.5,0.0,55.0,True,0.01,0.3,1.5,32,26,14,0.5384615384615384,7.982596943237452,0.3070229593552866,1.6816550468658173,2.6035447023281133,18,20,9.766947349739121,4.019445885307005,1.3011880859600145,21,11,0.5238095238095238,5.553379332923679,0.26444663490112763,1.5737276439164927,2.6035447023281133,15,16,9.282803225732831,2.7747944647420253,5,3,0.6,2.4292176103137715,0.4858435220627543,2.1959866317439767,1.016091221511916,3,4,11.800352670565543,1.2110473458469828
grid_0333,14,14,20,20,0.3,0.5,0.0,55.0,True,0.01,0.3,2.0,32,26,13,0.5,8.597227770804261,0.33066260656939456,1.6750383922685244,2.1711382573936886,18,20,11.496032587034136,4.323273903306846,1.082758463040212,21,10,0.47619047619047616,4.666809980490488,0.2222290466900232,1.4359561902532674,2.1711382573936886,15,16,9.86172997191318,2.310813957133284,5,3,0.6,3.9304177903137716,0.7860835580627544,2.9350786501900905,1.016091221511916,3,4,18.360103570542158,1.9670060947972967
grid_0334,14,14,20,20,0.3,0.5,0.0,55.0,True,0.01,0.45,1.5,32,26,15,0.5769230769230769,10.006235200885673,0.38485520003406426,1.940749720280027,2.59154208797297,18,20,12.583044593498729,5.077479806793339,1.2952511721239346,21,12,0.5714285714285714,7.570971468945399,0.36052245090216184,1.8795829309095238,2.59154208797297,15,16,12.512176734480967,3.817039126849897,5,3,0.6,2.435263731940272,0.4870527463880544,2.200233522677938,1.014999203681156,3,4,12.880689601373328,1.2140980811477187
grid_0335,14,14,20,20,0.3,0.5,0.0,55.0,True,0.01,0.45,2.0,32,26,13,0.5,6.053287758144762,0.23281875992864468,1.477438071984862,2.2273244420622103,18,20,10.924714048997762,3.0144318250084012,1.1121596035419068,21,11,0.5238095238095238,6.290461927767251,0.2995458060841547,1.6532332259490463,2.09114202797297,15,16,12.641605259285287,3.146615544463782,5,2,0.4,-0.2371741696224885,-0.047434833924497696,0.9222112784932942,2.2273244420622094,3,4,3.7137709657901707,-0.12815129101196865
grid_0336,14,14,20,20,0.3,0.5,0.5,55.0,True,,0.3,1.5,147,52,22,0.4230769230769231,1.3176574003691033,0.0253395653917135,1.043670988011611,7.109107758272684,25,33,1.4209582725572976,0.5644915900908654,3.523601996192016,41,17,0.4146341463414634,0.058568134448714115,0.0014284910841149473,1.0024369386791108,5.386657446903193,20,27,1.0505713872616138,-0.045135552996455885,11,5,0.45454545454545453,1.2590892659203892,0.1144626605382172,1.2051005691773926,4.093786931274108,5,6,2.8014912086593906,0.6099024259200059
grid_0337,14,14,20,20,0.3,0.5,0.5,55.0,True,,0.3,2.0,147,51,20,0.39215686274509803,3.9521890613291513,0.07749390316331671,1.1266627366965871,8.434077944057455,25,33,2.3322136783594996,1.8695128565596297,4.168872967098814,40,15,0.375,0.1910994954087637,0.004777487385219101,1.007624590955822,6.428156124259312,20,27,1.2029088769909162,0.003928591684587701,11,5,0.45454545454545453,3.761089565920388,0.34191723326548984,1.61266633873932,4.093786931274109,5,6,6.438776592427075,1.8655109765659983
grid_0338,14,14,20,20,0.3,0.5,0.5,55.0,True,,0.45,1.5,147,51,22,0.43137254901960786,2.115980585939389,0.04148981541057625,1.0732836062569215,5.088805232968291,25,33,2.1747929279789404,0.9700858049770611,2.5186382208621794,40,17,0.425,0.8267389573617336,0.020668473934043346,1.0363380720001119,5.088805232968291,20,27,1.95113680676319,0.3428794222377851,11,5,0.45454545454545453,1.289241628577655,0.11720378441615044,1.2105728637814157,4.082750510713648,5,6,2.988087914218033,0.625063169754192
grid_0339,14,14,20,20,0.3,0.5,0.5,55.0,True,,0.45,2.0,147,50,16,0.32,-9.337472103307041,-0.18674944206614083,0.7253136505422542,11.975624153772191,25,33,-1.108993787455524,-4.655344168637199,5.895694859828293,40,14,0.35,-3.9597701386176043,-0.09899425346544008,0.8466368294431,8.157425437195617,20,27,0.5892725020700881,-2.041064516365354,10,2,0.2,-5.377701964689436,-0.5377701964689436,0.3420685826316673,7.352022533728086,5,6,-7.902058945557973,-2.668750573252787
grid_0340,14,14,20,20,0.3,0.5,0.5,55.0,True,0.0,0.3,1.5,41,32,14,0.4375,1.7959947291692901,0.05612483528654031,1.1003505254867332,3.681370135574435,20,26,5.233518068252421,0.8429964160169279,1.8331434248981537,26,11,0.4230769230769231,0.3973016715550295,0.015280833521347282,1.0267803851423274,3.6207905337419,16,21,4.545347849760281,0.15240054629555022,6,3,0.5,1.3986930576142607,0.23311550960237679,1.4568405611192323,1.0305245526995108,4,5,8.215589015051693,0.6895449993753688
grid_0341,14,14,20,20,0.3,0.5,0.5,55.0,True,0.0,0.3,2.0,41,32,13,0.40625,2.4106255567360972,0.07533204864800304,1.1273945875917961,6.193892296445927,20,26,6.63839982355462,1.1375464154855575,3.0650369242079645,26,10,0.38461538461538464,-0.48926768087816397,-0.018817987726083216,0.9691524850662192,5.1633677437464165,16,21,5.012942529367485,-0.29974106961050406,6,3,0.5,2.8998932376142608,0.4833155396023769,1.9471619571182022,1.0305245526995108,4,5,13.682048098365536,1.4416085780675658
grid_0342,14,14,20,20,0.3,0.5,0.5,55.0,True,0.0,0.45,1.5,41,32,15,0.46875,3.847239725843015,0.12022624143259422,1.2290644959574921,3.6553875321742124,20,26,7.210882729566073,1.882856866841487,1.8203272581066465,26,12,0.46153846153846156,2.43869963277531,0.09379613972212729,1.1774925706774924,3.607282500142042,16,21,6.8244382608216245,1.180157088305922,6,3,0.5,1.4085400930677052,0.2347566821779509,1.4609526688011911,1.0267236388725662,4,5,8.885475427458681,0.6945035457122994
grid_0343,14,14,20,20,0.3,0.5,0.5,55.0,True,0.0,0.45,2.0,41,32,13,0.40625,-0.10570771689789349,-0.0033033661530592028,0.9943884966513291,5.190346821226231,20,26,5.8634891621590395,-0.11746920325560462,2.5777040987070343,26,11,0.4230769230769231,1.1581900915971612,0.04454577275373694,1.0784575035297044,3.926449012731176,16,21,6.928976684702037,0.5267618079930703,6,2,0.3333333333333333,-1.2638978084950547,-0.21064963474917578,0.6898925343211402,2.2273244420622094,4,5,1.2463765644727163,-0.6408552306490845
grid_0344,14,14,20,20,0.3,0.5,0.5,55.0,True,0.01,0.3,1.5,32,26,14,0.5384615384615384,7.982596943237452,0.3070229593552866,1.6816550468658173,2.6035447023281133,18,20,9.766947349739121,4.019445885307005,1.3011880859600145,21,11,0.5238095238095238,5.553379332923679,0.26444663490112763,1.5737276439164927,2.6035447023281133,15,16,9.282803225732831,2.7747944647420253,5,3,0.6,2.4292176103137715,0.4858435220627543,2.1959866317439767,1.016091221511916,3,4,11.800352670565543,1.2110473458469828
grid_0345,14,14,20,20,0.3,0.5,0.5,55.0,True,0.01,0.3,2.0,32,26,13,0.5,8.597227770804261,0.33066260656939456,1.6750383922685244,2.1711382573936886,18,20,11.496032587034136,4.323273903306846,1.082758463040212,21,10,0.47619047619047616,4.666809980490488,0.2222290466900232,1.4359561902532674,2.1711382573936886,15,16,9.86172997191318,2.310813957133284,5,3,0.6,3.9304177903137716,0.7860835580627544,2.9350786501900905,1.016091221511916,3,4,18.360103570542158,1.9670060947972967
grid_0346,14,14,20,20,0.3,0.5,0.5,55.0,True,0.01,0.45,1.5,32,26,15,0.5769230769230769,10.006235200885673,0.38485520003406426,1.940749720280027,2.59154208797297,18,20,12.583044593498729,5.077479806793339,1.2952511721239346,21,12,0.5714285714285714,7.570971468945399,0.36052245090216184,1.8795829309095238,2.59154208797297,15,16,12.512176734480967,3.817039126849897,5,3,0.6,2.435263731940272,0.4870527463880544,2.200233522677938,1.014999203681156,3,4,12.880689601373328,1.2140980811477187
grid_0347,14,14,20,20,0.3,0.5,0.5,55.0,True,0.01,0.45,2.0,32,26,13,0.5,6.053287758144762,0.23281875992864468,1.477438071984862,2.2273244420622103,18,20,10.924714048997762,3.0144318250084012,1.1121596035419068,21,11,0.5238095238095238,6.290461927767251,0.2995458060841547,1.6532332259490463,2.09114202797297,15,16,12.641605259285287,3.146615544463782,5,2,0.4,-0.2371741696224885,-0.047434833924497696,0.9222112784932942,2.2273244420622094,3,4,3.7137709657901707,-0.12815129101196865
grid_0348,14,14,20,20,0.3,0.5,1.0,55.0,True,,0.3,1.5,70,41,21,0.5121951219512195,10.166816767465498,0.24797114066989023,1.5112513224344355,4.094146404773638,21,28,7.446250286273396,5.130605619525808,2.031412410292277,33,16,0.48484848484848486,5.812157189207598,0.1761259754305333,1.3454486803104615,4.094146404773638,18,24,6.437373610996663,2.8844112275850042,8,5,0.625,4.3546595782579,0.5443324472822375,2.422537447594415,2.0451003032678763,3,4,11.607866571789923,2.183221311314254
grid_0349,14,14,20,20,0.3,0.5,1.0,55.0,True,,0.3,2.0,70,40,17,0.425,6.2887554653665205,0.157218886634163,1.274118356895226,5.1072328327591965,21,28,3.793096102905057,3.092622888875507,2.5276656425725075,32,12,0.375,-0.5679044128913793,-0.0177470129028556,0.9714341855259327,5.1072328327591965,18,24,0.3812038465995501,-0.3535904838170567,8,5,0.625,6.856659878257901,0.8570824847822375,3.239866347059463,2.0451003032678763,3,4,17.440665128127083,3.4584420948281958
grid_0350,14,14,20,20,0.3,0.5,1.0,55.0,True,,0.45,1.5,70,40,20,0.5,8.40080442901511,0.21002011072537777,1.427694903910084,4.082984860182173,21,28,5.646379878891119,4.21136808480278,2.0259167423482993,32,15,0.46875,4.029465170904085,0.12592078659075268,1.2429253521944932,4.082984860182173,18,24,3.8841244518898375,1.976330620062705,8,5,0.625,4.371339258111025,0.5464174072638781,2.430977373711831,2.0397935124134046,3,4,12.695401586896242,2.191721795783419
grid_0351,14,14,20,20,0.3,0.5,1.0,55.0,True,,0.45,2.0,70,39,17,0.4358974358974359,4.963815790940447,0.12727732797283198,1.228960202814159,5.094874435442838,21,28,3.84926596527595,2.423292360533136,2.5216115098190217,32,13,0.40625,1.2477554497259358,0.03899235780393549,1.0670064474243488,5.094874435442838,18,24,1.8869921303930934,0.5573343071615611,7,4,0.5714285714285714,3.7160603412145106,0.5308657630306444,2.215035931010828,2.236766696499666,3,4,12.819660639026154,1.855616068413135
grid_0352,14,14,20,20,0.3,0.5,1.0,55.0,True,0.0,0.3,1.5,37,30,14,0.4666666666666667,3.892730698264464,0.1297576899421488,1.2463679223713617,3.6207905337419,18,24,5.983337062222378,1.908573685640702,1.8031929702395866,25,11,0.44,1.4635130879506928,0.058540523518027715,1.1062878483101877,3.6207905337419,15,20,4.819933940553745,0.6891800431727546,5,3,0.6,2.4292176103137715,0.4858435220627543,2.1959866317439767,1.016091221511916,3,4,11.800352670565543,1.2110473458469828
grid_0353,14,14,20,20,0.3,0.5,1.0,55.0,True,0.0,0.3,2.0,37,30,13,0.43333333333333335,4.507361525831271,0.15024538419437572,1.2678843243062186,4.099366663050109,18,24,7.481877601211391,2.206236105360193,2.04184279501628,25,10,0.4,0.5769437355175002,0.023077749420699997,1.0389968225312252,4.099366663050109,15,20,5.306232407345237,0.23461511691387216,5,3,0.6,3.9304177903137716,0.7860835580627544,2.9350786501900905,1.016091221511916,3,4,18.360103570542158,1.9670060947972967
grid_0354,14,14,20,20,0.3,0.5,1.0,55.0,True,0.0,0.45,1.5,37,30,15,0.5,5.927744083314124,0.19759146944380418,1.4028385136902282,3.607282500142042,18,24,8.18666220181523,2.9510223046075312,1.796543262845507,25,12,0.48,3.4924803513738523,0.13969921405495414,1.2753030806421664,3.607282500142042,15,20,7.2478567219036085,1.7160892172030096,5,3,0.6,2.435263731940272,0.4870527463880544,2.200233522677938,1.014999203681156,3,4,12.880689601373328,1.2140980811477187
grid_0355,14,14,20,20,0.3,0.5,1.0,55.0,True,0.0,0.45,2.0,37,30,13,0.43333333333333335,1.9747966405732174,0.06582655468577385,1.1178478056359704,3.1112776952270593,18,24,6.749442396581059,0.9297243140318878,1.5570143503963463,25,11,0.44,2.2119708101957056,0.08847883240782815,1.1613608515994018,3.1068824401420425,15,20,7.356576682739237,1.0592330258412996,5,2,0.4,-0.2371741696224885,-0.047434833924497696,0.9222112784932942,2.2273244420622094,3,4,3.7137709657901707,-0.12815129101196865
grid_0356,14,14,20,20,0.3,0.5,1.0,55.0,True,0.01,0.3,1.5,31,26,14,0.5384615384615384,7.984807278936808,0.3071079722668003,1.6819725131329044,2.6035447023281133,18,20,9.674833626334346,4.020601356275733,1.3011880859600145,21,11,0.5238095238095238,5.5555896686230355,0.26455188898204934,1.574087091387026,2.6035447023281133,15,16,9.168757663422157,2.7759361098479873,5,3,0.6,2.4292176103137715,0.4858435220627543,2.1959866317439767,1.016091221511916,3,4,11.800352670565543,1.2110473458469828
grid_0357,14,14,20,20,0.3,0.5,1.0,55.0,True,0.01,0.3,2.0,31,26,13,0.5,8.599438106503618,0.3307476194809083,1.675329148093085,2.1711382573936886,18,20,11.403918863629361,4.324432749264284,1.0827584630401899,21,10,0.47619047619047616,4.669020316189844,0.2223343007709449,1.4362527497540618,2.1711382573936886,15,16,9.747684409602504,2.3119504482413733,5,3,0.6,3.9304177903137716,0.7860835580627544,2.9350786501900905,1.016091221511916,3,4,18.360103570542158,1.9670060947972967
grid_0358,14,14,20,20,0.3,0.5,1.0,55.0,True,0.01,0.45,1.5,31,26,15,0.5769230769230769,10.00767043235761,0.3849104012445234,1.9410116311226604,2.59154208797297,18,20,12.50781686150424,5.07823770899638,1.2952511721239346,21,12,0.5714285714285714,7.572406700417338,0.36059079525796844,1.879896390127907,2.59154208797297,15,16,12.419037637725886,3.8177879377541357,5,3,0.6,2.435263731940272,0.4870527463880544,2.200233522677938,1.014999203681156,3,4,12.880689601373328,1.2140980811477187
grid_0359,14,14,20,20,0.3,0.5,1.0,55.0,True,0.01,0.45,2.0,31,26,13,0.5,6.0547229896167,0.23287396113910383,1.4776053373905635,2.2273244420622103,18,20,10.849486317003276,3.015174846871549,1.1121596035419068,21,11,0.5238095238095238,6.291897159239189,0.2996141504399613,1.6534796633019253,2.09114202797297,15,16,12.548466162530206,3.1473595197408555,5,2,0.4,-0.2371741696224885,-0.047434833924497696,0.9222112784932942,2.2273244420622094,3,4,3.7137709657901707,-0.12815129101196865
grid_0360,14,14,20,20,0.3,0.5,0.0,60.0,True,,0.3,1.5,126,50,23,0.46,5.874834600493775,0.11749669200987549,1.216662227837363,5.668167889143076,24,31,4.724800610381325,2.8833901801629924,2.8059210334408613,40,20,0.5,8.603073104777113,0.21507682761942784,1.4311203843065012,5.119832841066355,19,25,6.913292110564511,4.314535512126771,10,3,0.3,-2.728238504283339,-0.2728238504283339,0.6189623815784856,5.668167889143076,5,6,-4.029165390351421,-1.371951976718977
grid_0361,14,14,20,20,0.3,0.5,0.0,60.0,True,,0.3,2.0,126,49,21,0.42857142857142855,9.004584474094148,0.18376703008355408,1.3200966498535076,7.394356544941996,24,31,3.8695813223893296,4.474749829872682,3.6680736019091276,39,18,0.46153846153846156,10.23162279837749,0.26234930252249977,1.4878984032385514,5.364547059487634,19,25,5.280125681603398,5.142669775645614,10,3,0.3,-1.2270383242833416,-0.12270383242833413,0.8286265075202188,5.167767829143077,5,6,-1.631541678545536,-0.635251080458743
grid_0362,14,14,20,20,0.3,0.5,0.0,60.0,True,,0.45,1.5,126,49,23,0.46938775510204084,6.634600720864047,0.1354000147115112,1.2567517437636389,5.680246332437683,24,31,3.8892159849529264,3.278414499397453,2.8118265409027843,39,20,0.5128205128205128,9.365522654324238,0.2401416065211343,1.5016935473669475,5.101957031839767,19,25,5.951026535177584,4.716534397454808,10,3,0.3,-2.7309219334601895,-0.273092193346019,0.6192623298297834,5.680246332437682,5,6,-4.151845160923235,-1.3733455813185746
grid_0363,14,14,20,20,0.3,0.5,0.0,60.0,True,,0.45,2.0,126,49,19,0.3877551020408163,0.6768539033219538,0.013813344965754135,1.0226105054986927,9.565900448928831,24,31,2.4622153255118393,0.23071310316042926,4.700890928744306,39,17,0.4358974358974359,6.080213738344901,0.15590291636781795,1.2797292983702842,8.170577236067093,19,25,5.27432468435026,2.992247278236926,10,2,0.2,-5.403359835022947,-0.5403359835022947,0.34099815691788377,7.377680404061596,5,6,-8.505011173958,-2.6813029602277716
grid_0364,14,14,20,20,0.3,0.5,0.0,60.0,True,0.0,0.3,1.5,40,31,14,0.45161290322580644,2.807571331412191,0.09056681714232874,1.1662697967367321,3.681370135574435,19,25,6.250262090666935,1.3556413927078292,1.8331434248981315,25,11,0.44,1.4088782737979302,0.05635513095191721,1.101915600123347,3.6207905337419,15,20,5.778583628814593,0.6615348131095322,6,3,0.5,1.3986930576142607,0.23311550960237679,1.4568405611192323,1.0305245526995108,4,5,8.215589015051693,0.6895449993753688
grid_0365,14,14,20,20,0.3,0.5,0.0,60.0,True,0.0,0.3,2.0,40,31,13,0.41935483870967744,3.422202158978999,0.1103936180315806,1.1910677564586645,6.193892296445927,19,25,7.700462612269205,1.6516887651520706,3.0650369242079534,25,10,0.4,0.5223089213647376,0.02089235685458949,1.035174048686147,5.1633677437464165,15,20,6.264882095606086,0.207094692236498,6,3,0.5,2.8998932376142608,0.4833155396023769,1.9471619571182022,1.0305245526995108,4,5,13.682048098365536,1.4416085780675658
grid_0366,14,14,20,20,0.3,0.5,0.0,60.0,True,0.0,0.45,1.5,40,31,15,0.4838709677419355,4.857795489742248,0.156703080314266,1.3077497711860888,3.6553875321742124,19,25,8.379194598782306,2.400262745553028,1.8203272581066465,25,12,0.48,3.449255396674542,0.1379702158669816,1.2709724834030982,3.607282500142042,15,20,8.257687199899976,1.6939943490226206,6,3,0.5,1.4085400930677052,0.2347566821779509,1.4609526688011911,1.0267236388725662,4,5,8.885475427458681,0.6945035457122994
grid_0367,14,14,20,20,0.3,0.5,0.0,60.0,True,0.0,0.45,2.0,40,31,13,0.41935483870967744,0.9048480470013374,0.029188646677462456,1.050756808668815,5.190346821226231,19,25,6.9883367227492394,0.3897781414313295,2.577704098707001,25,11,0.44,2.168745855496392,0.08674983421985565,1.157710344090001,3.9264490127311764,15,20,8.366407160735605,1.037280840603927,6,2,0.3333333333333333,-1.2638978084950547,-0.21064963474917578,0.6898925343211402,2.2273244420622094,4,5,1.2463765644727163,-0.6408552306490845
grid_0368,14,14,20,20,0.3,0.5,0.0,60.0,True,0.01,0.3,1.5,31,25,14,0.56,8.99417354548035,0.3597669418192141,1.840652846989729,2.6035447023281133,17,19,11.209047108792586,4.54823864540399,1.3011880859600145,20,11,0.55,6.56495593516658,0.32824779675832905,1.7573877385796406,2.6035447023281133,14,15,11.061220718349347,3.2972599208004327,5,3,0.6,2.4292176103137715,0.4858435220627543,2.1959866317439767,1.016091221511916,3,4,11.800352670565543,1.2110473458469828
grid_0369,14,14,20,20,0.3,0.5,0.0,60.0,True,0.01,0.3,2.0,31,25,13,0.52,9.608804373047162,0.3843521749218864,1.8195608723212753,2.1711382573936886,17,19,13.0072957555794,4.853611202070307,1.082758463040212,20,10,0.5,5.678386582733388,0.2839193291366694,1.5858118557382934,2.1711382573936886,14,15,11.669093801838713,2.8309207240912126,5,3,0.6,3.9304177903137716,0.7860835580627544,2.9350786501900905,1.016091221511916,3,4,18.360103570542158,1.9670060947972967
grid_0370,14,14,20,20,0.3,0.5,0.0,60.0,True,0.01,0.45,1.5,31,25,15,0.6,11.0167909647849,0.440671638591396,2.1444955994803907,2.59154208797297,17,19,14.246637785884163,5.611109383389201,1.2952511721239346,20,12,0.6,8.581527232844628,0.4290763616422315,2.1296090309173747,2.59154208797297,14,15,14.588124832011871,4.344267632278109,5,3,0.6,2.435263731940272,0.4870527463880544,2.200233522677938,1.014999203681156,3,4,12.880689601373328,1.2140980811477187
grid_0371,14,14,20,20,0.3,0.5,0.0,60.0,True,0.01,0.45,2.0,31,25,13,0.52,7.063843522043994,0.28255374088175966,1.605396316623969,2.2273244420622085,17,19,12.52197401960316,3.5375843381741046,1.1121596035418957,20,11,0.55,7.301017691666481,0.365050884583324,1.8470666056871086,2.09114202797297,14,15,14.724024783056407,3.670439344591969,5,2,0.4,-0.2371741696224885,-0.047434833924497696,0.9222112784932942,2.2273244420622094,3,4,3.7137709657901707,-0.12815129101196865
grid_0372,14,14,20,20,0.3,0.5,0.5,60.0,True,,0.3,1.5,112,48,23,0.4791666666666667,7.923031946515189,0.16506316555239983,1.316170360153787,5.119832841066355,24,31,5.272257458998203,3.9452156684443906,2.5338381333922855,38,19,0.5,8.139161724244248,0.21418846642748027,1.429921655395297,5.119832841066355,19,25,6.820254176433252,4.077083358673916,10,4,0.4,-0.2161297777290596,-0.02161297777290596,0.9647287293682937,4.093786931274108,5,6,-0.610130067254983,-0.1267019462633301
grid_0373,14,14,20,20,0.3,0.5,0.5,60.0,True,,0.3,2.0,112,47,21,0.44680851063829785,11.052781820115566,0.23516557064075677,1.4238837720918034,5.296955317970058,24,31,4.316169709508597,5.553009083660121,2.6426200517622234,37,17,0.4594594594594595,9.267311357844626,0.2504678745363413,1.4645877648392929,5.119832841066355,19,25,4.823218704043818,4.643447273875534,10,4,0.4,1.785470462270939,0.17854704622709391,1.2913796171049727,4.093786931274109,5,6,2.44008842972828,0.8692009232112108
grid_0374,14,14,20,20,0.3,0.5,0.5,60.0,True,,0.45,1.5,112,47,23,0.48936170212765956,8.705210793078422,0.18521725091656221,1.3663439850385983,5.101957031839767,24,31,4.359431336173986,4.356072665155275,2.5250813591899512,37,19,0.5135135135135135,8.894483046299118,0.24039143368376,1.5039568721983159,5.101957031839767,19,25,5.739098712293778,4.474438988800911,10,4,0.4,-0.18927225322069563,-0.018927225322069564,0.9690382623449653,4.082750510713648,5,6,-0.7453379554692422,-0.1132969219948099
grid_0375,14,14,20,20,0.3,0.5,0.5,60.0,True,,0.45,2.0,112,46,18,0.391304347826087,0.7614224802025746,0.016552662613099456,1.0273294849667676,8.258760692627424,24,31,2.2752027400132677,0.28074356298635195,4.064713298471679,37,16,0.43243243243243246,5.1087740703197815,0.13807497487350762,1.2465917111272997,8.170577236067093,19,25,4.70043550118081,2.4995801883830104,9,2,0.2222222222222222,-4.347351590117206,-0.4830390655685785,0.39140858628512265,6.321672159155856,5,6,-7.695198611453299,-2.164727525048038
grid_0376,14,14,20,20,0.3,0.5,0.5,60.0,True,0.0,0.3,1.5,40,31,14,0.45161290322580644,2.807571331412191,0.09056681714232874,1.1662697967367321,3.681370135574435,19,25,6.250262090666935,1.3556413927078292,1.8331434248981315,25,11,0.44,1.4088782737979302,0.05635513095191721,1.101915600123347,3.6207905337419,15,20,5.778583628814593,0.6615348131095322,6,3,0.5,1.3986930576142607,0.23311550960237679,1.4568405611192323,1.0305245526995108,4,5,8.215589015051693,0.6895449993753688
grid_0377,14,14,20,20,0.3,0.5,0.5,60.0,True,0.0,0.3,2.0,40,31,13,0.41935483870967744,3.422202158978999,0.1103936180315806,1.1910677564586645,6.193892296445927,19,25,7.700462612269205,1.6516887651520706,3.0650369242079534,25,10,0.4,0.5223089213647376,0.02089235685458949,1.035174048686147,5.1633677437464165,15,20,6.264882095606086,0.207094692236498,6,3,0.5,2.8998932376142608,0.4833155396023769,1.9471619571182022,1.0305245526995108,4,5,13.682048098365536,1.4416085780675658
grid_0378,14,14,20,20,0.3,0.5,0.5,60.0,True,0.0,0.45,1.5,40,31,15,0.4838709677419355,4.857795489742248,0.156703080314266,1.3077497711860888,3.6553875321742124,19,25,8.379194598782306,2.400262745553028,1.8203272581066465,25,12,0.48,3.449255396674542,0.1379702158669816,1.2709724834030982,3.607282500142042,15,20,8.257687199899976,1.6939943490226206,6,3,0.5,1.4085400930677052,0.2347566821779509,1.4609526688011911,1.0267236388725662,4,5,8.885475427458681,0.6945035457122994
grid_0379,14,14,20,20,0.3,0.5,0.5,60.0,True,0.0,0.45,2.0,40,31,13,0.41935483870967744,0.9048480470013374,0.029188646677462456,1.050756808668815,5.190346821226231,19,25,6.9883367227492394,0.3897781414313295,2.577704098707001,25,11,0.44,2.168745855496392,0.08674983421985565,1.157710344090001,3.9264490127311764,15,20,8.366407160735605,1.037280840603927,6,2,0.3333333333333333,-1.2638978084950547,-0.21064963474917578,0.6898925343211402,2.2273244420622094,4,5,1.2463765644727163,-0.6408552306490845
grid_0380,14,14,20,20,0.3,0.5,0.5,60.0,True,0.01,0.3,1.5,31,25,14,0.56,8.99417354548035,0.3597669418192141,1.840652846989729,2.6035447023281133,17,19,11.209047108792586,4.54823864540399,1.3011880859600145,20,11,0.55,6.56495593516658,0.32824779675832905,1.7573877385796406,2.6035447023281133,14,15,11.061220718349347,3.2972599208004327,5,3,0.6,2.4292176103137715,0.4858435220627543,2.1959866317439767,1.016091221511916,3,4,11.800352670565543,1.2110473458469828
grid_0381,14,14,20,20,0.3,0.5,0.5,60.0,True,0.01,0.3,2.0,31,25,13,0.52,9.608804373047162,0.3843521749218864,1.8195608723212753,2.1711382573936886,17,19,13.0072957555794,4.853611202070307,1.082758463040212,20,10,0.5,5.678386582733388,0.2839193291366694,1.5858118557382934,2.1711382573936886,14,15,11.669093801838713,2.8309207240912126,5,3,0.6,3.9304177903137716,0.7860835580627544,2.9350786501900905,1.016091221511916,3,4,18.360103570542158,1.9670060947972967
grid_0382,14,14,20,20,0.3,0.5,0.5,60.0,True,0.01,0.45,1.5,31,25,15,0.6,11.0167909647849,0.440671638591396,2.1444955994803907,2.59154208797297,17,19,14.246637785884163,5.611109383389201,1.2952511721239346,20,12,0.6,8.581527232844628,0.4290763616422315,2.1296090309173747,2.59154208797297,14,15,14.588124832011871,4.344267632278109,5,3,0.6,2.435263731940272,0.4870527463880544,2.200233522677938,1.014999203681156,3,4,12.880689601373328,1.2140980811477187
grid_0383,14,14,20,20,0.3,0.5,0.5,60.0,True,0.01,0.45,2.0,31,25,13,0.52,7.063843522043994,0.28255374088175966,1.605396316623969,2.2273244420622085,17,19,12.52197401960316,3.5375843381741046,1.1121596035418957,20,11,0.55,7.301017691666481,0.365050884583324,1.8470666056871086,2.09114202797297,14,15,14.724024783056407,3.670439344591969,5,2,0.4,-0.2371741696224885,-0.047434833924497696,0.9222112784932942,2.2273244420622094,3,4,3.7137709657901707,-0.12815129101196865
grid_0384,14,14,20,20,0.3,0.5,1.0,60.0,True,,0.3,1.5,61,39,20,0.5128205128205128,9.710216282956338,0.24897990469118822,1.5147670172603716,4.094146404773638,20,27,7.744655906875914,4.8950981305598384,2.031412410292277,32,16,0.5,6.830775748347888,0.21346174213587152,1.431961925964667,4.094146404773638,17,23,7.690510992551387,3.411048186921306,7,4,0.5714285714285714,2.8794405346084515,0.41134864780120733,1.944094976461253,2.033856724828659,3,4,7.9921755152166085,1.4350980573719863
grid_0385,14,14,20,20,0.3,0.5,1.0,60.0,True,,0.3,2.0,61,38,17,0.4473684210526316,8.334155280857365,0.21931987581203588,1.398872715510948,5.1072328327591965,20,27,4.648889698708815,4.155109823354608,2.5276656425725075,31,13,0.41935483870967744,3.453114506248913,0.11139079052415847,1.1935133191412524,5.1072328327591965,17,23,2.6954240563010745,1.6677551702027005,7,4,0.5714285714285714,4.881040774608451,0.6972915392297787,2.600368550704244,2.033856724828659,3,4,13.299951829371663,2.4465521531264134
grid_0386,14,14,20,20,0.3,0.5,1.0,60.0,True,,0.45,1.5,61,38,20,0.5263157894736842,10.441080047993387,0.27476526442087856,1.5932203698566372,4.082984860182173,20,27,6.775620391346888,5.282664446452312,2.0259167423482993,31,16,0.5161290322580645,7.54825467168071,0.24349208618324872,1.5185905458358064,4.082984860182173,17,23,6.330087380229117,3.7862064463454193,7,4,0.5714285714285714,2.8928253763126746,0.41326076804466777,1.9499154244265755,2.0303512579759477,3,4,8.74869515486845,1.4418659775184528
grid_0387,14,14,20,20,0.3,0.5,1.0,60.0,True,,0.45,2.0,61,37,17,0.4594594594594595,7.004091409918723,0.1892997678356411,1.35665200708538,5.094874435442838,20,27,4.890013687909653,3.47620863929039,2.5216115098190217,31,14,0.45161290322580644,5.266945010502561,0.16990145195169545,1.3174867890149327,5.094874435442838,17,23,4.583722028290266,2.5961959907840004,6,3,0.5,1.737146399416161,0.28952439990269346,1.569751746978384,2.2273244420622094,3,4,6.472520595943151,0.8577439348583793
grid_0388,14,14,20,20,0.3,0.5,1.0,60.0,True,0.0,0.3,1.5,36,29,14,0.4827586206896552,4.904307300507366,0.16911404484508155,1.3316208209386409,3.6207905337419,17,23,7.096057189423063,2.426635625868645,1.8031929702395866,24,11,0.4583333333333333,2.4750896901935935,0.10312873709139975,1.19400661416327,3.6207905337419,14,19,6.115995630851714,1.201043079682651,5,3,0.6,2.4292176103137715,0.4858435220627543,2.1959866317439767,1.016091221511916,3,4,11.800352670565543,1.2110473458469828
grid_0389,14,14,20,20,0.3,0.5,1.0,60.0,True,0.0,0.3,2.0,36,29,13,0.4482758620689655,5.518938128074172,0.19030821131290251,1.3489862579239846,4.099366663050109,17,23,8.646271540101353,2.725811240848497,2.041842795016291,24,10,0.4166666666666667,1.588520337760401,0.06618834740668338,1.1152516626573068,4.099366663050109,14,19,6.622556533759519,0.7441673293277828,5,3,0.6,3.9304177903137716,0.7860835580627544,2.9350786501900905,1.016091221511916,3,4,18.360103570542158,1.9670060947972967
grid_0390,14,14,20,20,0.3,0.5,1.0,60.0,True,0.0,0.45,1.5,36,29,15,0.5172413793103449,6.938299847213356,0.23925171886942606,1.506283268555904,3.607282500142042,17,23,9.469194871399793,3.47385279638881,1.796543262845507,24,12,0.5,4.503036115273084,0.18762650480304519,1.385686092926486,3.607282500142042,14,19,8.758466802655308,2.232648176570584,5,3,0.6,2.435263731940272,0.4870527463880544,2.200233522677938,1.014999203681156,3,4,12.880689601373328,1.2140980811477187
grid_0391,14,14,20,20,0.3,0.5,1.0,60.0,True,0.0,0.45,2.0,36,29,13,0.4482758620689655,2.985352404472448,0.10294318636111882,1.1895868450039842,3.1112776952270584,17,23,7.982415762536859,1.4422897671685586,1.5570143503963463,24,11,0.4583333333333333,3.2225265740949363,0.13427194058728895,1.2537888326098086,3.1068824401420425,14,19,8.871716761859087,1.5724561810771975,5,2,0.4,-0.2371741696224885,-0.047434833924497696,0.9222112784932942,2.2273244420622094,3,4,3.7137709657901707,-0.12815129101196865
grid_0392,14,14,20,20,0.3,0.5,1.0,60.0,True,0.01,0.3,1.5,30,25,14,0.56,8.996383881179707,0.35985535524718837,1.8410331898612324,2.6035447023281133,17,19,11.113248836451621,4.549399990319425,1.3011880859600145,20,11,0.55,6.567166270865936,0.32835831354329686,1.757835991414709,2.6035447023281133,14,15,10.94147287792314,3.298407369568057,5,3,0.6,2.4292176103137715,0.4858435220627543,2.1959866317439767,1.016091221511916,3,4,11.800352670565543,1.2110473458469828
grid_0393,14,14,20,20,0.3,0.5,1.0,60.0,True,0.01,0.3,2.0,30,25,13,0.52,9.611014708746518,0.38444058834986067,1.8199039706282476,2.1711382573936886,17,19,12.911497483238437,4.854775939131484,1.082758463040212,20,10,0.5,5.6805969184327445,0.2840298459216372,1.5861735504363934,2.1711382573936886,14,15,11.549345961412504,2.832062992660056,5,3,0.6,3.9304177903137716,0.7860835580627544,2.9350786501900905,1.016091221511916,3,4,18.360103570542158,1.9670060947972967
grid_0394,14,14,20,20,0.3,0.5,1.0,60.0,True,0.01,0.45,1.5,30,25,15,0.6,11.01822619625684,0.4407290478502736,2.1448153939030234,2.59154208797297,17,19,14.168400944609896,5.611871134552415,1.2952511721239346,20,12,0.6,8.58296246431657,0.4291481232158284,2.1300114397046954,2.59154208797297,14,15,14.490328780419038,4.345020245972875,5,3,0.6,2.435263731940272,0.4870527463880544,2.200233522677938,1.014999203681156,3,4,12.880689601373328,1.2140980811477187
grid_0395,14,14,20,20,0.3,0.5,1.0,60.0,True,0.01,0.45,2.0,30,25,13,0.52,7.065278753515932,0.2826111501406372,1.6055938117302637,2.2273244420622085,17,19,12.443737178328893,3.5383311334285628,1.1121596035418957,20,11,0.55,7.302452923138419,0.3651226461569209,1.8473742231517716,2.09114202797297,14,15,14.626228731463573,3.671187098102191,5,2,0.4,-0.2371741696224885,-0.047434833924497696,0.9222112784932942,2.2273244420622094,3,4,3.7137709657901707,-0.12815129101196865
grid_0396,14,14,20,20,0.3,0.5,0.0,65.0,True,,0.3,1.5,82,40,17,0.425,2.214322097754877,0.05535805244387193,1.0962893781956926,4.0668305637818545,23,29,1.940319728690645,1.0368295313563758,2.0179623688728388,30,13,0.43333333333333335,2.4402379444608435,0.08134126481536146,1.1448207286876715,4.0668305637818545,18,23,2.0697046667183936,1.1700406844492361,10,4,0.4,-0.22591584670596676,-0.022591584670596677,0.963244652453221,3.6142853855335577,5,6,1.5521649146073986,-0.13167055404114114
grid_0397,14,14,20,20,0.3,0.5,0.0,65.0,True,,0.3,2.0,82,40,16,0.4,4.837216946044185,0.12093042365110462,1.201429855415702,4.712255487075714,23,29,2.5021852977627903,2.3458555547158033,2.3414450492277195,30,12,0.4,3.0615325527501542,0.10205108509167178,1.171342380421519,4.712255487075714,18,23,1.6437602159968194,1.4689894147186688,10,4,0.4,1.775684393294031,0.1775684393294031,1.2888947276631637,3.113885325533558,5,6,5.077460543060704,0.86417155138232
grid_0398,14,14,20,20,0.3,0.5,0.0,65.0,True,,0.45,1.5,82,40,18,0.45,4.464718439566398,0.11161796098915995,1.2053285944697731,4.058851436146419,23,29,3.127839442181057,2.1806425154571096,2.0140332739653988,30,14,0.4666666666666667,4.693899417846791,0.15646331392822638,1.3012088315940937,4.058851436146419,18,23,3.4958363839554534,2.3171127819614723,10,4,0.4,-0.22918097828039286,-0.022918097828039285,0.9627996558244332,3.6004781165451645,5,6,2.023848616857869,-0.13337970823628087
grid_0399,14,14,20,20,0.3,0.5,0.0,65.0,True,,0.45,2.0,82,40,15,0.375,-0.48902912317451075,-0.01222572807936276,0.9802932131252434,6.312627922353368,23,29,1.4504803875549135,-0.33059142228394345,3.13151898026659,30,12,0.4,1.912189696668639,0.06373965655562132,1.1084749020749225,5.080981307304601,18,23,2.302481618531536,0.8932961348645962,10,3,0.3,-2.401218819843149,-0.240121881984315,0.6659089402691853,4.375539388881799,5,6,-1.1055233053749542,-1.213051415737787
grid_0400,14,14,20,20,0.3,0.5,0.0,65.0,True,0.0,0.3,1.5,36,28,11,0.39285714285714285,-0.5495711790595457,-0.019627542109269498,0.9674490724168626,4.466583764735982,19,25,1.5425092306460002,-0.32577376011592163,2.245624516746636,22,8,0.36363636363636365,-1.9482642366738063,-0.08855746530335484,0.8590436977606177,3.900739241438209,15,20,-0.27742161964646167,-1.008365624750407,6,3,0.5,1.3986930576142607,0.23311550960237679,1.4568405611192323,1.0305245526995108,4,5,8.215589015051693,0.6895449993753688
grid_0401,14,14,20,20,0.3,0.5,0.0,65.0,True,0.0,0.3,2.0,36,28,10,0.35714285714285715,-0.9357404714927371,-0.03341930255331207,0.9477494633985767,7.580836360168505,19,25,1.4651982599470839,-0.5293115575431551,3.7360086976334195,22,7,0.3181818181818182,-3.835633709106999,-0.17434698677759086,0.741657003050795,6.550311807468995,15,20,-1.8666698778034032,-1.9429109644825027,6,3,0.5,2.8998932376142608,0.4833155396023769,1.9471619571182022,1.0305245526995108,4,5,13.682048098365536,1.4416085780675658
grid_0402,14,14,20,20,0.3,0.5,0.0,65.0,True,0.0,0.45,1.5,36,28,12,0.42857142857142855,1.5298202001720467,0.05463643572043025,1.0969255763895278,3.6553875321742133,19,25,3.580281263362348,0.7161790110497668,1.8203272581066243,22,9,0.4090909090909091,0.12128010710434123,0.005512732141106435,1.009528803715547,3.607282500142042,15,20,2.133410127699712,0.021525966735236324,6,3,0.5,1.4085400930677052,0.2347566821779509,1.4609526688011911,1.0267236388725662,4,5,8.885475427458681,0.6945035457122994
grid_0403,14,14,20,20,0.3,0.5,0.0,65.0,True,0.0,0.45,2.0,36,28,10,0.35714285714285715,-3.423927362568863,-0.12228312009174512,0.807921762018542,5.777633991536849,19,25,0.24586603561256593,-1.749844011664825,2.8732814296209663,22,8,0.36363636363636365,-2.160029554073809,-0.09818316154880947,0.8429071062134673,4.513736183041795,15,20,-0.02700047225838417,-1.116141633052592,6,2,0.3333333333333333,-1.2638978084950547,-0.21064963474917578,0.6898925343211402,2.2273244420622094,4,5,1.2463765644727163,-0.6408552306490845
grid_0404,14,14,20,20,0.3,0.5,0.0,65.0,True,0.01,0.3,1.5,27,22,11,0.5,5.637031035008615,0.2562286834094825,1.5269817579303182,2.6035447023281133,17,19,5.893559607601259,2.81386066462328,1.3011880859600145,17,8,0.47058823529411764,3.207813424694843,0.18869490733499084,1.370174344109683,2.6035447023281133,14,15,4.156267530258822,1.5836347521425154,5,3,0.6,2.4292176103137715,0.4858435220627543,2.1959866317439767,1.016091221511916,3,4,11.800352670565543,1.2110473458469828
grid_0405,14,14,20,20,0.3,0.5,0.0,65.0,True,0.01,0.3,2.0,27,22,10,0.45454545454545453,5.250861742575422,0.23867553375342834,1.4479446262879605,3.5580823211162675,17,19,5.795163826711729,2.6039116383393512,1.7674513217408871,17,7,0.4117647058823529,1.320443952261651,0.07767317366245009,1.1362549272133573,3.5580823211162675,14,15,2.0995933138204275,0.6246192449250954,5,3,0.6,3.9304177903137716,0.7860835580627544,2.9350786501900905,1.016091221511916,3,4,18.360103570542158,1.9670060947972967
grid_0406,14,14,20,20,0.3,0.5,0.0,65.0,True,0.01,0.45,1.5,27,22,12,0.5454545454545454,7.688815675214704,0.3494916216006683,1.7988830859960931,2.59154208797297,17,19,8.939035793590834,3.874219782457611,1.2952511721239346,17,9,0.5294117647058824,5.253551943274432,0.3090324672514371,1.6916695511210822,2.59154208797297,14,15,7.779725850125394,2.628212622294157,5,3,0.6,2.435263731940272,0.4870527463880544,2.200233522677938,1.014999203681156,3,4,12.880689601373328,1.2140980811477187
grid_0407,14,14,20,20,0.3,0.5,0.0,65.0,True,0.01,0.45,2.0,27,22,10,0.45454545454545453,2.735068112473792,0.12432127783971782,1.2344338250986415,2.2273244420622094,17,19,4.695234594636566,1.3308725271776067,1.1121596035419068,17,8,0.47058823529411764,2.9722422820962806,0.17483778129978123,1.3448980118488392,2.09114202797297,14,15,4.983900367826681,1.4608959752421935,5,2,0.4,-0.2371741696224885,-0.047434833924497696,0.9222112784932942,2.2273244420622094,3,4,3.7137709657901707,-0.12815129101196865
grid_0408,14,14,20,20,0.3,0.5,0.5,65.0,True,,0.3,1.5,75,40,18,0.45,4.726430824309157,0.11816077060772892,1.215188374469566,4.0668305637818545,23,29,2.7950785594647547,2.31249216052416,2.0179623688728388,30,13,0.43333333333333335,2.4402379444608435,0.08134126481536146,1.1448207286876715,4.0668305637818545,18,23,2.0697046667183936,1.1700406844492361,10,5,0.5,2.286192879848313,0.2286192879848313,1.447037605045667,2.0399044276645895,5,6,4.971200237703838,1.1292389212713694
grid_0409,14,14,20,20,0.3,0.5,0.5,65.0,True,,0.3,2.0,75,40,17,0.425,7.849725732598467,0.19624314331496162,1.3415594519170506,4.712255487075714,23,29,3.520092824831244,3.8954436041083174,2.3414450492277195,30,12,0.4,3.0615325527501542,0.10205108509167178,1.171342380421519,4.712255487075714,18,23,1.6437602159968194,1.4689894147186688,10,5,0.5,4.788193179848311,0.4788193179848312,1.9362737634619025,2.0399044276645895,5,6,9.14909065133452,2.391325865553262
grid_0410,14,14,20,20,0.3,0.5,0.5,65.0,True,,0.45,1.5,75,40,19,0.475,7.0063681198058925,0.17515920299514728,1.338723076626621,4.058851436146419,23,29,3.979466243544555,3.4860967293238065,2.0140332739653988,30,14,0.4666666666666667,4.693899417846791,0.15646331392822638,1.3012088315940937,4.058851436146419,18,23,3.4958363839554534,2.3171127819614723,10,5,0.5,2.3124687019591015,0.23124687019591014,1.4533264793092129,2.035428198194885,5,6,5.430355822311862,1.1425106862167134
grid_0411,14,14,20,20,0.3,0.5,0.5,65.0,True,,0.45,2.0,75,39,15,0.38461538461538464,0.5669791217312297,0.01453792619823667,1.0238635049172364,5.2566196774476275,23,29,1.8926292240691498,0.19846177793612085,2.6173333277653477,30,12,0.4,1.912189696668639,0.06373965655562132,1.1084749020749225,5.080981307304601,18,23,2.302481618531536,0.8932961348645962,9,3,0.3333333333333333,-1.3452105749374088,-0.14946784165971214,0.7805998160931662,3.319531143976058,5,6,0.526454575861196,-0.6886823838123557
grid_0412,14,14,20,20,0.3,0.5,0.5,65.0,True,0.0,0.3,1.5,36,28,11,0.39285714285714285,-0.5495711790595457,-0.019627542109269498,0.9674490724168626,4.466583764735982,19,25,1.5425092306460002,-0.32577376011592163,2.245624516746636,22,8,0.36363636363636365,-1.9482642366738063,-0.08855746530335484,0.8590436977606177,3.900739241438209,15,20,-0.27742161964646167,-1.008365624750407,6,3,0.5,1.3986930576142607,0.23311550960237679,1.4568405611192323,1.0305245526995108,4,5,8.215589015051693,0.6895449993753688
grid_0413,14,14,20,20,0.3,0.5,0.5,65.0,True,0.0,0.3,2.0,36,28,10,0.35714285714285715,-0.9357404714927371,-0.03341930255331207,0.9477494633985767,7.580836360168505,19,25,1.4651982599470839,-0.5293115575431551,3.7360086976334195,22,7,0.3181818181818182,-3.835633709106999,-0.17434698677759086,0.741657003050795,6.550311807468995,15,20,-1.8666698778034032,-1.9429109644825027,6,3,0.5,2.8998932376142608,0.4833155396023769,1.9471619571182022,1.0305245526995108,4,5,13.682048098365536,1.4416085780675658
grid_0414,14,14,20,20,0.3,0.5,0.5,65.0,True,0.0,0.45,1.5,36,28,12,0.42857142857142855,1.5298202001720467,0.05463643572043025,1.0969255763895278,3.6553875321742133,19,25,3.580281263362348,0.7161790110497668,1.8203272581066243,22,9,0.4090909090909091,0.12128010710434123,0.005512732141106435,1.009528803715547,3.607282500142042,15,20,2.133410127699712,0.021525966735236324,6,3,0.5,1.4085400930677052,0.2347566821779509,1.4609526688011911,1.0267236388725662,4,5,8.885475427458681,0.6945035457122994
grid_0415,14,14,20,20,0.3,0.5,0.5,65.0,True,0.0,0.45,2.0,36,28,10,0.35714285714285715,-3.423927362568863,-0.12228312009174512,0.807921762018542,5.777633991536849,19,25,0.24586603561256593,-1.749844011664825,2.8732814296209663,22,8,0.36363636363636365,-2.160029554073809,-0.09818316154880947,0.8429071062134673,4.513736183041795,15,20,-0.02700047225838417,-1.116141633052592,6,2,0.3333333333333333,-1.2638978084950547,-0.21064963474917578,0.6898925343211402,2.2273244420622094,4,5,1.2463765644727163,-0.6408552306490845
grid_0416,14,14,20,20,0.3,0.5,0.5,65.0,True,0.01,0.3,1.5,27,22,11,0.5,5.637031035008615,0.2562286834094825,1.5269817579303182,2.6035447023281133,17,19,5.893559607601259,2.81386066462328,1.3011880859600145,17,8,0.47058823529411764,3.207813424694843,0.18869490733499084,1.370174344109683,2.6035447023281133,14,15,4.156267530258822,1.5836347521425154,5,3,0.6,2.4292176103137715,0.4858435220627543,2.1959866317439767,1.016091221511916,3,4,11.800352670565543,1.2110473458469828
grid_0417,14,14,20,20,0.3,0.5,0.5,65.0,True,0.01,0.3,2.0,27,22,10,0.45454545454545453,5.250861742575422,0.23867553375342834,1.4479446262879605,3.5580823211162675,17,19,5.795163826711729,2.6039116383393512,1.7674513217408871,17,7,0.4117647058823529,1.320443952261651,0.07767317366245009,1.1362549272133573,3.5580823211162675,14,15,2.0995933138204275,0.6246192449250954,5,3,0.6,3.9304177903137716,0.7860835580627544,2.9350786501900905,1.016091221511916,3,4,18.360103570542158,1.9670060947972967
grid_0418,14,14,20,20,0.3,0.5,0.5,65.0,True,0.01,0.45,1.5,27,22,12,0.5454545454545454,7.688815675214704,0.3494916216006683,1.7988830859960931,2.59154208797297,17,19,8.939035793590834,3.874219782457611,1.2952511721239346,17,9,0.5294117647058824,5.253551943274432,0.3090324672514371,1.6916695511210822,2.59154208797297,14,15,7.779725850125394,2.628212622294157,5,3,0.6,2.435263731940272,0.4870527463880544,2.200233522677938,1.014999203681156,3,4,12.880689601373328,1.2140980811477187
grid_0419,14,14,20,20,0.3,0.5,0.5,65.0,True,0.01,0.45,2.0,27,22,10,0.45454545454545453,2.735068112473792,0.12432127783971782,1.2344338250986415,2.2273244420622094,17,19,4.695234594636566,1.3308725271776067,1.1121596035419068,17,8,0.47058823529411764,2.9722422820962806,0.17483778129978123,1.3448980118488392,2.09114202797297,14,15,4.983900367826681,1.4608959752421935,5,2,0.4,-0.2371741696224885,-0.047434833924497696,0.9222112784932942,2.2273244420622094,3,4,3.7137709657901707,-0.12815129101196865
grid_0420,14,14,20,20,0.3,0.5,1.0,65.0,True,,0.3,1.5,49,34,16,0.47058823529411764,5.9290289594346115,0.17438320468925322,1.3325940742668325,3.60951559822096,20,26,4.364736791001156,2.940591764761513,1.7976284679132593,27,12,0.4444444444444444,3.0495884248261587,0.11294771943800586,1.206378535555896,3.60951559822096,17,22,3.4242897143527045,1.4841940671639797,7,4,0.5714285714285714,2.8794405346084515,0.41134864780120733,1.944094976461253,2.033856724828659,3,4,7.9921755152166085,1.4350980573719863
grid_0421,14,14,20,20,0.3,0.5,1.0,65.0,True,,0.3,2.0,49,34,14,0.4117647058823529,5.049123387723921,0.14850362905070358,1.254266899529341,4.122201966206518,20,26,3.0700112199350507,2.4698062201911952,2.05240415933019,27,10,0.37037037037037035,0.1680826131154709,0.006225281967239665,1.0100003788600445,4.122201966206518,17,22,0.41780439526629937,0.022698730778181186,7,4,0.5714285714285714,4.881040774608451,0.6972915392297787,2.600368550704244,2.033856724828659,3,4,13.299951829371663,2.4465521531264134
grid_0422,14,14,20,20,0.3,0.5,1.0,65.0,True,,0.45,1.5,49,34,17,0.5,8.175647475826246,0.24046021987724253,1.4934348937120159,3.597586447722934,20,26,5.83504840110649,4.1040413977524,1.7917577514748095,27,13,0.48148148148148145,5.282822099513571,0.19566007775976188,1.3906402395552824,3.597586447722934,17,22,5.079658501983018,2.6243360121391612,7,4,0.5714285714285714,2.8928253763126746,0.41326076804466777,1.9499154244265755,2.0303512579759477,3,4,8.74869515486845,1.4418659775184528
grid_0423,14,14,20,20,0.3,0.5,1.0,65.0,True,,0.45,2.0,49,33,14,0.42424242424242425,3.73785871775158,0.11326844599247213,1.2008886772606957,4.109075962983599,20,26,3.1148809361756573,1.811454591052497,2.0459628174370748,27,11,0.4074074074074074,2.000712318335419,0.07410045623464516,1.1285997894906095,4.109075962983599,17,22,2.3687387895606586,0.9455998309956914,6,3,0.5,1.737146399416161,0.28952439990269346,1.569751746978384,2.2273244420622094,3,4,6.472520595943151,0.8577439348583793
grid_0424,14,14,20,20,0.3,0.5,1.0,65.0,True,0.0,0.3,1.5,33,26,11,0.4230769230769231,1.5449544543362719,0.0594213251667797,1.1044671618368616,3.6207905337419,17,23,2.2158749595848475,0.7263345802012156,1.8031929702395866,21,8,0.38095238095238093,-0.8842631559774994,-0.042107769332261874,0.9306882083505006,3.6207905337419,14,19,-0.06614354302960362,-0.47891290363737404,5,3,0.6,2.4292176103137715,0.4858435220627543,2.1959866317439767,1.016091221511916,3,4,11.800352670565543,1.2110473458469828
grid_0425,14,14,20,20,0.3,0.5,1.0,65.0,True,0.0,0.3,2.0,33,26,10,0.38461538461538464,1.1587851619030798,0.04456866007319538,1.0732749829778414,5.486310726772688,17,23,2.1326169911398614,0.5206483455869382,2.7198969911057636,21,7,0.3333333333333333,-2.771632628410692,-0.13198250611479484,0.7989101800547705,5.486310726772688,14,19,-1.7310702896702088,-1.4184566210228122,5,3,0.6,3.9304177903137716,0.7860835580627544,2.9350786501900905,1.016091221511916,3,4,18.360103570542158,1.9670060947972967
grid_0426,14,14,20,20,0.3,0.5,1.0,65.0,True,0.0,0.45,1.5,33,26,12,0.46153846153846156,3.6088893261712176,0.13880343562196995,1.263338328429883,3.607282500142042,17,23,4.502131350551729,1.77137864943393,1.796543262845507,21,9,0.42857142857142855,1.1736255942309466,0.05588693305861651,1.100521305716867,3.607282500142042,14,19,2.507236528927539,0.5505957953006124,5,3,0.6,2.435263731940272,0.4870527463880544,2.200233522677938,1.014999203681156,3,4,12.880689601373328,1.2140980811477187
grid_0427,14,14,20,20,0.3,0.5,1.0,65.0,True,0.0,0.45,2.0,33,26,10,0.38461538461538464,-1.344858236569692,-0.05172531679114199,0.9145938584446862,3.698564865537678,17,23,0.9112226437442713,-0.7204808042033051,1.8556884339448354,21,8,0.38095238095238093,-1.1076840669472034,-0.0527468603308192,0.9127647701927889,3.461390695915189,14,19,0.2439492337333428,-0.5930895651259038,5,2,0.4,-0.2371741696224885,-0.047434833924497696,0.9222112784932942,2.2273244420622094,3,4,3.7137709657901707,-0.12815129101196865
grid_0428,14,14,20,20,0.3,0.5,1.0,65.0,True,0.01,0.3,1.5,27,22,11,0.5,5.637031035008615,0.2562286834094825,1.5269817579303182,2.6035447023281133,17,19,5.893559607601259,2.81386066462328,1.3011880859600145,17,8,0.47058823529411764,3.207813424694843,0.18869490733499084,1.370174344109683,2.6035447023281133,14,15,4.156267530258822,1.5836347521425154,5,3,0.6,2.4292176103137715,0.4858435220627543,2.1959866317439767,1.016091221511916,3,4,11.800352670565543,1.2110473458469828
grid_0429,14,14,20,20,0.3,0.5,1.0,65.0,True,0.01,0.3,2.0,27,22,10,0.45454545454545453,5.250861742575422,0.23867553375342834,1.4479446262879605,3.5580823211162675,17,19,5.795163826711729,2.6039116383393512,1.7674513217408871,17,7,0.4117647058823529,1.320443952261651,0.07767317366245009,1.1362549272133573,3.5580823211162675,14,15,2.0995933138204275,0.6246192449250954,5,3,0.6,3.9304177903137716,0.7860835580627544,2.9350786501900905,1.016091221511916,3,4,18.360103570542158,1.9670060947972967
grid_0430,14,14,20,20,0.3,0.5,1.0,65.0,True,0.01,0.45,1.5,27,22,12,0.5454545454545454,7.688815675214704,0.3494916216006683,1.7988830859960931,2.59154208797297,17,19,8.939035793590834,3.874219782457611,1.2952511721239346,17,9,0.5294117647058824,5.253551943274432,0.3090324672514371,1.6916695511210822,2.59154208797297,14,15,7.779725850125394,2.628212622294157,5,3,0.6,2.435263731940272,0.4870527463880544,2.200233522677938,1.014999203681156,3,4,12.880689601373328,1.2140980811477187
grid_0431,14,14,20,20,0.3,0.5,1.0,65.0,True,0.01,0.45,2.0,27,22,10,0.45454545454545453,2.735068112473792,0.12432127783971782,1.2344338250986415,2.2273244420622094,17,19,4.695234594636566,1.3308725271776067,1.1121596035419068,17,8,0.47058823529411764,2.9722422820962806,0.17483778129978123,1.3448980118488392,2.09114202797297,14,15,4.983900367826681,1.4608959752421935,5,2,0.4,-0.2371741696224885,-0.047434833924497696,0.9222112784932942,2.2273244420622094,3,4,3.7137709657901707,-0.12815129101196865
grid_0432,14,14,20,20,0.3,0.6,0.0,55.0,True,,0.3,1.5,188,57,19,0.3333333333333333,-11.437891429946358,-0.20066476192888344,0.7026065688221558,15.971272356623004,25,33,-2.2900616834157117,-5.6513943741153145,7.720033502760748,46,17,0.3695652173913043,-5.114617550388921,-0.11118733805193305,0.8248254733996355,8.17896871272471,20,27,-0.674748853559415,-2.60389275546149,11,2,0.18181818181818182,-6.323273879557434,-0.5748430799597668,0.3173771859409493,9.263203264417172,5,6,-9.045006244632953,-3.1289768193735856
grid_0433,14,14,20,20,0.3,0.6,0.0,55.0,True,,0.3,2.0,188,57,18,0.3157894736842105,-8.321260302379546,-0.14598702284876397,0.78925925977569,17.755944045051656,25,33,-1.599575470199857,-4.194825877166464,8.543891830620097,46,16,0.34782608695652173,-2.998786542822109,-0.06519101180048065,0.9007765748640957,10.464040461153363,20,27,-0.014367016235937773,-1.5897355908424338,11,2,0.18181818181818182,-5.322473759557436,-0.4838612508688579,0.42541757881933745,9.263203264417172,5,6,-8.228629004958064,-2.6471733431107314
grid_0434,14,14,20,20,0.3,0.6,0.0,55.0,True,,0.45,1.5,188,57,23,0.40350877192982454,-1.7543545654031159,-0.030778150270230096,0.9486239915175987,8.168037524687364,25,33,-0.6324678916448746,-0.9743542886620937,4.011788401220873,46,20,0.43478260869565216,2.017057755287672,0.043849081636688526,1.077640920010039,7.124285690584982,20,27,1.3387009077641654,0.9293426079288292,11,3,0.2727272727272727,-3.7714123206907884,-0.3428556655173443,0.5382719154641565,8.168037524687364,5,6,-8.875537416446315,-1.8861679343202375
grid_0435,14,14,20,20,0.3,0.6,0.0,55.0,True,,0.45,2.0,188,57,20,0.3508771929824561,-3.5599854587349755,-0.062455885240964515,0.9044956713839452,14.658131341084196,25,33,-0.5397393857695999,-1.8882528647613306,7.11465842621648,46,19,0.41304347826086957,4.728105380127333,0.10278489956798546,1.1750292258422448,8.15883753536857,20,27,2.1928769649005213,2.2814265866748284,11,1,0.09090909090909091,-8.288090838862308,-0.753462803532937,0.1923836894239724,10.262411407900958,5,6,-11.967044124935562,-4.076673146421816
grid_0436,14,14,20,20,0.3,0.6,0.0,55.0,True,0.0,0.3,1.5,43,34,14,0.4117647058823529,-0.23721537001329418,-0.006976922647449833,0.9880978256784579,4.637982109617031,21,27,3.8647132638692625,-0.17957308338641953,2.302617794682116,28,11,0.39285714285714285,-1.6359084276275548,-0.058425300986698396,0.9030214031144644,4.637982109617031,17,22,2.9323827457587415,-0.8631661636440913,6,3,0.5,1.3986930576142607,0.23311550960237679,1.4568405611192323,1.0305245526995108,4,5,8.215589015051693,0.6895449993753688
grid_0437,14,14,20,20,0.3,0.6,0.0,55.0,True,0.0,0.3,2.0,43,34,13,0.38235294117647056,0.3774154575535136,0.011100454633926853,1.0180101388843752,6.230580852095974,21,27,5.186954915918391,0.1119901162427217,3.0901327999180994,28,10,0.35714285714285715,-2.5224777800607474,-0.0900884921450267,0.8590326430381083,5.200056299396463,17,22,3.3665778053940025,-1.3107229670964782,6,3,0.5,2.8998932376142608,0.4833155396023769,1.9471619571182022,1.0305245526995108,4,5,13.682048098365536,1.4416085780675658
grid_0438,14,14,20,20,0.3,0.6,0.0,55.0,True,0.0,0.45,1.5,43,34,15,0.4411764705882353,1.8180294398010186,0.053471454111794686,1.0965770468667257,4.621836576385695,21,27,5.576081239328334,0.8517701766299179,2.2947068495149825,28,12,0.42857142857142855,0.40948934673331316,0.014624619526189781,1.025968098854864,4.621836576385695,17,22,4.8669253418718315,0.15618194179409794,6,3,0.5,1.4085400930677052,0.2347566821779509,1.4609526688011911,1.0267236388725662,4,5,8.885475427458681,0.6945035457122994
grid_0439,14,14,20,20,0.3,0.6,0.0,55.0,True,0.0,0.45,2.0,43,34,13,0.38235294117647056,-2.134918002939891,-0.0627917059688203,0.8976887429880782,5.190346821226231,21,27,4.30794611706289,-1.1283119618540671,2.577704098707012,28,11,0.39285714285714285,-0.8710201944448361,-0.031107864087315557,0.9481264364541531,4.121436516385695,17,22,4.963996735475071,-0.49060077191339646,6,2,0.3333333333333333,-1.2638978084950547,-0.21064963474917578,0.6898925343211402,2.2273244420622094,4,5,1.2463765644727163,-0.6408552306490845
grid_0440,14,14,20,20,0.3,0.6,0.0,55.0,True,0.01,0.3,1.5,33,27,14,0.5185185185185185,6.9665784199299985,0.25802142296037034,1.5474016922591176,2.6035447023281133,19,21,8.71279744960663,3.4910174662887483,1.3011880859600145,22,11,0.5,4.537360809616226,0.20624367316437395,1.4242312949221907,2.6035447023281133,16,17,8.01108035393415,2.2526889902155567,5,3,0.6,2.4292176103137715,0.4858435220627543,2.1959866317439767,1.016091221511916,3,4,11.800352670565543,1.2110473458469828
grid_0441,14,14,20,20,0.3,0.6,0.0,55.0,True,0.01,0.3,2.0,33,27,13,0.48148148148148145,7.5812092474968065,0.28078552768506687,1.5512833777251587,2.207826813043736,19,21,10.377842492927755,3.793302009817645,1.1083675386557967,22,10,0.45454545454545453,3.650791457183034,0.16594506623559246,1.311480067863012,2.207826813043736,16,17,8.563692248015391,1.791065546557724,5,3,0.6,3.9304177903137716,0.7860835580627544,2.9350786501900905,1.016091221511916,3,4,18.360103570542158,1.9670060947972967
grid_0442,14,14,20,20,0.3,0.6,0.0,55.0,True,0.01,0.45,1.5,33,27,15,0.5555555555555556,8.991578991087327,0.3330214441143454,1.771736228496599,2.59154208797297,19,21,11.357537485983046,4.544392219813709,1.2952511721239346,22,12,0.5454545454545454,6.556315259147055,0.2980143299612298,1.681380038427449,2.59154208797297,16,17,11.011366550667072,3.2903461096851716,5,3,0.6,2.435263731940272,0.4870527463880544,2.200233522677938,1.014999203681156,3,4,12.880689601373328,1.2140980811477187
grid_0443,14,14,20,20,0.3,0.6,0.0,55.0,True,0.01,0.45,2.0,33,27,13,0.48148148148148145,5.038631548346419,0.18661598327208953,1.3679621230861156,2.2273244420622094,19,21,9.760626591278413,2.491810660257898,1.1121596035419068,22,11,0.5,5.275805717968907,0.23980935081676844,1.4956419132501506,2.09114202797297,16,17,11.134911960707559,2.6233237745543647,5,2,0.4,-0.2371741696224885,-0.047434833924497696,0.9222112784932942,2.2273244420622094,3,4,3.7137709657901707,-0.12815129101196865
grid_0444,14,14,20,20,0.3,0.6,0.5,55.0,True,,0.3,1.5,158,52,17,0.3269230769230769,-11.2588075163797,-0.21651552916114813,0.6813843543710199,13.200765415162014,25,33,-2.669404689126044,-5.557928411203772,6.464209131374831,41,14,0.34146341463414637,-7.463456833325813,-0.1820355325201418,0.724692274026201,8.836821967153007,20,27,-2.295117879490347,-3.7305534383472505,11,3,0.2727272727272727,-3.795350683053889,-0.3450318802776262,0.5386790024278788,6.735280067913626,5,6,-4.0644737068590935,-1.8981878863157498
grid_0445,14,14,20,20,0.3,0.6,0.5,55.0,True,,0.3,2.0,158,52,16,0.3076923076923077,-9.142976508812893,-0.17582647132332488,0.7485564311591947,14.622460793110431,25,33,-2.05287808960175,-4.574525106442362,7.096100682327666,41,13,0.3170731707317073,-6.848826005759003,-0.16704453672582933,0.7565710595050144,10.475445896672769,20,27,-2.097967975656093,-3.4493062296447885,11,3,0.2727272727272727,-2.2941505030538902,-0.2085591366412628,0.7211483504344262,6.234880007913627,5,6,-1.8848157870355615,-1.165417702200977
grid_0446,14,14,20,20,0.3,0.6,0.5,55.0,True,,0.45,1.5,158,52,20,0.38461538461538464,-4.116647566681508,-0.07916629935925977,0.8718763893422805,8.716383759375992,25,33,-0.4844636467961078,-2.12683332678284,4.304547188201935,41,16,0.3902439024390244,-2.865574453173035,-0.06989205983348869,0.8851448333848883,7.126009323292383,20,27,-0.6646601118382901,-1.492809451310384,11,4,0.36363636363636365,-1.251073113508473,-0.11373391940986113,0.8257757323651064,5.6883536487217725,5,6,0.18717772290657153,-0.6436320759336756
grid_0447,14,14,20,20,0.3,0.6,0.5,55.0,True,,0.45,2.0,158,52,18,0.34615384615384615,-5.567594709422413,-0.10706912902735413,0.8371055461068003,14.688207020368278,25,33,-0.9735688542264368,-2.850978017825745,7.11677045943182,41,15,0.36585365853658536,-2.1444837543511834,-0.05230448181344351,0.9174301023140216,7.417740694462926,20,27,-0.4812934031178715,-1.152998854343279,11,3,0.2727272727272727,-3.4231109550712295,-0.3111919050064755,0.5829246665556559,7.385787720345686,5,6,-2.8084137174492714,-1.7177852072420174
grid_0448,14,14,20,20,0.3,0.6,0.5,55.0,True,0.0,0.3,1.5,43,34,14,0.4117647058823529,-0.23721537001329418,-0.006976922647449833,0.9880978256784579,4.637982109617031,21,27,3.8647132638692625,-0.17957308338641953,2.302617794682116,28,11,0.39285714285714285,-1.6359084276275548,-0.058425300986698396,0.9030214031144644,4.637982109617031,17,22,2.9323827457587415,-0.8631661636440913,6,3,0.5,1.3986930576142607,0.23311550960237679,1.4568405611192323,1.0305245526995108,4,5,8.215589015051693,0.6895449993753688
grid_0449,14,14,20,20,0.3,0.6,0.5,55.0,True,0.0,0.3,2.0,43,34,13,0.38235294117647056,0.3774154575535136,0.011100454633926853,1.0180101388843752,6.230580852095974,21,27,5.186954915918391,0.1119901162427217,3.0901327999180994,28,10,0.35714285714285715,-2.5224777800607474,-0.0900884921450267,0.8590326430381083,5.200056299396463,17,22,3.3665778053940025,-1.3107229670964782,6,3,0.5,2.8998932376142608,0.4833155396023769,1.9471619571182022,1.0305245526995108,4,5,13.682048098365536,1.4416085780675658
grid_0450,14,14,20,20,0.3,0.6,0.5,55.0,True,0.0,0.45,1.5,43,34,15,0.4411764705882353,1.8180294398010186,0.053471454111794686,1.0965770468667257,4.621836576385695,21,27,5.576081239328334,0.8517701766299179,2.2947068495149825,28,12,0.42857142857142855,0.40948934673331316,0.014624619526189781,1.025968098854864,4.621836576385695,17,22,4.8669253418718315,0.15618194179409794,6,3,0.5,1.4085400930677052,0.2347566821779509,1.4609526688011911,1.0267236388725662,4,5,8.885475427458681,0.6945035457122994
grid_0451,14,14,20,20,0.3,0.6,0.5,55.0,True,0.0,0.45,2.0,43,34,13,0.38235294117647056,-2.134918002939891,-0.0627917059688203,0.8976887429880782,5.190346821226231,21,27,4.30794611706289,-1.1283119618540671,2.577704098707012,28,11,0.39285714285714285,-0.8710201944448361,-0.031107864087315557,0.9481264364541531,4.121436516385695,17,22,4.963996735475071,-0.49060077191339646,6,2,0.3333333333333333,-1.2638978084950547,-0.21064963474917578,0.6898925343211402,2.2273244420622094,4,5,1.2463765644727163,-0.6408552306490845
grid_0452,14,14,20,20,0.3,0.6,0.5,55.0,True,0.01,0.3,1.5,33,27,14,0.5185185185185185,6.9665784199299985,0.25802142296037034,1.5474016922591176,2.6035447023281133,19,21,8.71279744960663,3.4910174662887483,1.3011880859600145,22,11,0.5,4.537360809616226,0.20624367316437395,1.4242312949221907,2.6035447023281133,16,17,8.01108035393415,2.2526889902155567,5,3,0.6,2.4292176103137715,0.4858435220627543,2.1959866317439767,1.016091221511916,3,4,11.800352670565543,1.2110473458469828
grid_0453,14,14,20,20,0.3,0.6,0.5,55.0,True,0.01,0.3,2.0,33,27,13,0.48148148148148145,7.5812092474968065,0.28078552768506687,1.5512833777251587,2.207826813043736,19,21,10.377842492927755,3.793302009817645,1.1083675386557967,22,10,0.45454545454545453,3.650791457183034,0.16594506623559246,1.311480067863012,2.207826813043736,16,17,8.563692248015391,1.791065546557724,5,3,0.6,3.9304177903137716,0.7860835580627544,2.9350786501900905,1.016091221511916,3,4,18.360103570542158,1.9670060947972967
grid_0454,14,14,20,20,0.3,0.6,0.5,55.0,True,0.01,0.45,1.5,33,27,15,0.5555555555555556,8.991578991087327,0.3330214441143454,1.771736228496599,2.59154208797297,19,21,11.357537485983046,4.544392219813709,1.2952511721239346,22,12,0.5454545454545454,6.556315259147055,0.2980143299612298,1.681380038427449,2.59154208797297,16,17,11.011366550667072,3.2903461096851716,5,3,0.6,2.435263731940272,0.4870527463880544,2.200233522677938,1.014999203681156,3,4,12.880689601373328,1.2140980811477187
grid_0455,14,14,20,20,0.3,0.6,0.5,55.0,True,0.01,0.45,2.0,33,27,13,0.48148148148148145,5.038631548346419,0.18661598327208953,1.3679621230861156,2.2273244420622094,19,21,9.760626591278413,2.491810660257898,1.1121596035419068,22,11,0.5,5.275805717968907,0.23980935081676844,1.4956419132501506,2.09114202797297,16,17,11.134911960707559,2.6233237745543647,5,2,0.4,-0.2371741696224885,-0.047434833924497696,0.9222112784932942,2.2273244420622094,3,4,3.7137709657901707,-0.12815129101196865
grid_0456,14,14,20,20,0.3,0.6,1.0,55.0,True,,0.3,1.5,75,42,19,0.4523809523809524,4.1317039315810185,0.09837390313288139,1.1800283588902405,5.11133798064877,22,29,4.442060923728472,2.007211848770085,2.529676520275459,34,14,0.4117647058823529,-0.2229556466768816,-0.006557519019908274,0.9887900604577873,5.11133798064877,19,25,2.755989006537543,-0.17224888811044892,8,5,0.625,4.3546595782579,0.5443324472822375,2.422537447594415,2.0451003032678763,3,4,11.607866571789923,2.183221311314254
grid_0457,14,14,20,20,0.3,0.6,1.0,55.0,True,,0.3,2.0,75,42,17,0.40476190476190477,4.2459346991478295,0.10109368331304354,1.169914325729641,6.124424408634328,22,29,4.780352491539377,2.0422814775865827,3.0234058295188104,34,12,0.35294117647058826,-2.6107251791100703,-0.07678603467970799,0.8809382482714093,6.124424408634328,19,25,1.8014554005775636,-1.3688207444140454,8,5,0.625,6.856659878257901,0.8570824847822375,3.239866347059463,2.0451003032678763,3,4,17.440665128127083,3.4584420948281958
grid_0458,14,14,20,20,0.3,0.6,1.0,55.0,True,,0.45,1.5,75,42,21,0.5,8.702402652100629,0.20720006314525308,1.4179154513438144,5.097538936425826,22,29,6.7341960055052255,4.364028573316947,2.5229167700247412,34,16,0.47058823529411764,4.331063393989603,0.12738421747028245,1.2437486404210074,5.097538936425826,19,25,5.331559398119104,2.1257169752698646,8,5,0.625,4.371339258111025,0.5464174072638781,2.430977373711831,2.0397935124134046,3,4,12.695401586896242,2.191721795783419
grid_0459,14,14,20,20,0.3,0.6,1.0,55.0,True,,0.45,2.0,75,41,18,0.43902439024390244,5.765814074025966,0.1406296115616089,1.2522104061942387,6.109428511686492,22,29,5.624362209513953,2.828083138359494,3.016096991760886,34,14,0.4117647058823529,2.0497537328114546,0.06028687449445456,1.1035086370488956,6.109428511686492,19,25,4.14297723873203,0.9547505650480792,7,4,0.5714285714285714,3.7160603412145106,0.5308657630306444,2.215035931010828,2.236766696499666,3,4,12.819660639026154,1.855616068413135
grid_0460,14,14,20,20,0.3,0.6,1.0,55.0,True,0.0,0.3,1.5,39,32,14,0.4375,1.8595205990818804,0.05811001872130875,1.1042701145114513,4.637982109617031,19,25,4.48211827044215,0.8751990053730285,2.302617794682116,27,11,0.4074074074074074,-0.5696970112318913,-0.02109988930488487,0.9639490364134761,4.637982109617031,16,21,3.126889677826707,-0.3318297253918856,5,3,0.6,2.4292176103137715,0.4858435220627543,2.1959866317439767,1.016091221511916,3,4,11.800352670565543,1.2110473458469828
grid_0461,14,14,20,20,0.3,0.6,1.0,55.0,True,0.0,0.3,2.0,39,32,13,0.40625,2.4741514266486875,0.07731723208277148,1.1311921789934778,4.137582049617031,19,25,5.887000025744349,1.1698430646476465,2.066115710375649,27,10,0.37037037037037035,-1.456266363665084,-0.053935791246854985,0.9134609096146149,4.137582049617031,16,21,3.5771660359669775,-0.7817852663130509,5,3,0.6,3.9304177903137716,0.7860835580627544,2.9350786501900905,1.016091221511916,3,4,18.360103570542158,1.9670060947972967
grid_0462,14,14,20,20,0.3,0.6,1.0,55.0,True,0.0,0.45,1.5,39,32,15,0.46875,3.898533797272128,0.12182918116475404,1.2328296154417462,4.621836576385695,19,25,6.388699401422059,1.9091254427960225,2.2947068495149825,27,12,0.4444444444444444,1.4632700653318569,0.054195187604883614,1.0994396468013485,4.621836576385695,16,21,5.186478994023675,0.6866902682777454,5,3,0.6,2.435263731940272,0.4870527463880544,2.200233522677938,1.014999203681156,3,4,12.880689601373328,1.2140980811477187
grid_0463,14,14,20,20,0.3,0.6,1.0,55.0,True,0.0,0.45,2.0,39,32,13,0.40625,-0.054413645468781136,-0.0017004264208993862,0.9971035600340926,4.121436516385695,19,25,5.041305834015025,-0.09171637370749552,2.052047507199517,27,11,0.4074074074074074,0.18276052415370736,0.00676890830198919,1.0116131074987915,4.121436516385695,16,21,5.287145624427035,0.036481669034316155,5,2,0.4,-0.2371741696224885,-0.047434833924497696,0.9222112784932942,2.2273244420622094,3,4,3.7137709657901707,-0.12815129101196865
grid_0464,14,14,20,20,0.3,0.6,1.0,55.0,True,0.01,0.3,1.5,32,27,14,0.5185185185185185,6.968788755629355,0.25810328724553167,1.5476704885954455,2.6035447023281133,19,21,8.624095345587216,3.492167067357932,1.3011880859600145,22,11,0.5,4.539571145315582,0.20634414296889014,1.4245256882143849,2.6035447023281133,16,17,7.9022186808194155,2.2538248356586577,5,3,0.6,2.4292176103137715,0.4858435220627543,2.1959866317439767,1.016091221511916,3,4,11.800352670565543,1.2110473458469828
grid_0465,14,14,20,20,0.3,0.6,1.0,55.0,True,0.01,0.3,2.0,32,27,13,0.48148148148148145,7.583419583196163,0.2808673919702282,1.55153275426839,2.20561647734438,19,21,10.289140388908342,3.7944549687302542,1.1072690285706344,22,10,0.45454545454545453,3.65300179288239,0.16604553604010863,1.3117274367503775,2.20561647734438,16,17,8.454830574900656,1.792196264185697,5,3,0.6,3.9304177903137716,0.7860835580627544,2.9350786501900905,1.016091221511916,3,4,18.360103570542158,1.9670060947972967
grid_0466,14,14,20,20,0.3,0.6,1.0,55.0,True,0.01,0.45,1.5,32,27,15,0.5555555555555556,8.993014222559266,0.33307460083552837,1.771954505227447,2.59154208797297,19,21,11.28509596628465,4.545146276965917,1.2952511721239346,22,12,0.5454545454545454,6.557750490618994,0.29807956775540884,1.6816308699984928,2.59154208797297,16,17,10.92246104921904,3.2910911216612826,5,3,0.6,2.435263731940272,0.4870527463880544,2.200233522677938,1.014999203681156,3,4,12.880689601373328,1.2140980811477187
grid_0467,14,14,20,20,0.3,0.6,1.0,55.0,True,0.01,0.45,2.0,32,27,13,0.48148148148148145,5.040066779818357,0.18666913999327245,1.3681055174421217,2.2273244420622094,19,21,9.688185071580017,2.492549912562403,1.1121596035419068,22,11,0.5,5.277240949440845,0.23987458861094746,1.4958436046445878,2.09114202797297,16,17,11.046006459259528,2.624063975435864,5,2,0.4,-0.2371741696224885,-0.047434833924497696,0.9222112784932942,2.2273244420622094,3,4,3.7137709657901707,-0.12815129101196865
grid_0468,14,14,20,20,0.3,0.6,0.0,60.0,True,,0.3,1.5,138,53,22,0.41509433962264153,0.2305316329214886,0.00434965345134883,1.007373642356041,7.163484343795767,25,33,1.8974124962038599,0.01783246073092659,3.5272283481503686,43,19,0.4418604651162791,2.988885405703823,0.06950896292334471,1.1241533482920194,7.163484343795767,20,27,3.202250540504228,1.4244687716596927,10,3,0.3,-2.7583537727823346,-0.2758353772782335,0.6163699118727101,5.698283157642072,5,6,-3.713391094287723,-1.3868806294619174
grid_0469,14,14,20,20,0.3,0.6,0.0,60.0,True,,0.3,2.0,138,52,19,0.36538461538461536,-0.14301023674793645,-0.0027501968605372243,0.9957089727728282,10.589205773034315,25,33,2.23216086384442,-0.19317375299311434,5.205758361570945,42,16,0.38095238095238093,1.114143356034401,0.026527222762723842,1.0426260772243825,7.482256136064988,20,27,3.0769056843982905,0.4601095416377099,10,3,0.3,-1.257153592782337,-0.12571535927823368,0.825155877992346,5.197883097642073,5,6,-1.315767382481837,-0.6502912425752627
grid_0470,14,14,20,20,0.3,0.6,0.0,60.0,True,,0.45,1.5,138,52,24,0.46153846153846156,5.89763231031688,0.1134160059676323,1.2105268545582577,7.139161122163859,25,33,4.158912486782716,2.8929164735888024,3.5154345360620787,42,20,0.47619047619047616,6.113573651377881,0.14556127741375907,1.2790484112404088,7.139161122163859,20,27,5.851654688610912,3.02320852131297,10,4,0.4,-0.21594134106100182,-0.02159413410610016,0.9646289638228844,4.612566545057577,5,6,-2.950604760895705,-0.12646863711024414
grid_0471,14,14,20,20,0.3,0.6,0.0,60.0,True,,0.45,2.0,138,52,21,0.40384615384615385,3.4328070694044457,0.06601552056547012,1.1102720955328136,8.674073534946809,25,33,4.403519394258486,1.6098369364198062,4.288097982442873,42,19,0.4523809523809524,8.836264590199729,0.21038725214761259,1.3853426796194528,7.139161122163861,20,27,7.476289016401358,4.409419683641325,10,2,0.2,-5.403457520795282,-0.5403457520795283,0.34099409434737926,7.377778089833932,5,6,-8.50211301874158,-2.6813507399085057
grid_0472,14,14,20,20,0.3,0.6,0.0,60.0,True,0.0,0.3,1.5,42,33,14,0.42424242424242425,0.7743612322296065,0.023465491885745652,1.040930678961181,4.637982109617031,20,26,4.778357502974316,0.3278735638635677,2.302617794682116,27,11,0.4074074074074074,-0.6243318253846541,-0.023123400940172376,0.960627817023998,4.637982109617031,16,21,4.014528278068233,-0.3591946269238311,6,3,0.5,1.3986930576142607,0.23311550960237679,1.4568405611192323,1.0305245526995108,4,5,8.215589015051693,0.6895449993753688
grid_0473,14,14,20,20,0.3,0.6,0.0,60.0,True,0.0,0.3,2.0,42,33,13,0.3939393939393939,1.3889920597964145,0.04209066847867921,1.0696441013460423,6.230580852095974,20,26,6.140667083873419,0.620918952786842,3.090132799918077,27,10,0.37037037037037035,-1.5109011778178467,-0.055959302882142486,0.9105047817942792,5.200056299396463,16,21,4.464804636208503,-0.8090266280124547,6,3,0.5,2.8998932376142608,0.4833155396023769,1.9471619571182022,1.0305245526995108,4,5,13.682048098365536,1.4416085780675658
grid_0474,14,14,20,20,0.3,0.6,0.0,60.0,True,0.0,0.45,1.5,42,33,15,0.45454545454545453,2.828585203700249,0.08571470314243182,1.1587835236669113,4.621836576385695,20,26,6.624046889493955,1.363939744431275,2.2947068495149825,27,12,0.4444444444444444,1.4200451106325431,0.05259426335676091,1.0962195629578675,4.621836576385695,16,21,6.121507214390682,0.6648190071418592,6,3,0.5,1.4085400930677052,0.2347566821779509,1.4609526688011911,1.0267236388725662,4,5,8.885475427458681,0.6945035457122994
grid_0475,14,14,20,20,0.3,0.6,0.0,60.0,True,0.0,0.45,2.0,42,33,13,0.3939393939393939,-1.1243622390406598,-0.034071583001232114,0.9433751424924659,5.190346821226231,20,26,5.3174834301901654,-0.626198120504573,2.577704098707023,27,11,0.4074074074074074,0.13953556945439494,0.005167984053866483,1.0088421884794603,4.121436516385695,16,21,6.2221738447940425,0.014751646844923805,6,2,0.3333333333333333,-1.2638978084950547,-0.21064963474917578,0.6898925343211402,2.2273244420622094,4,5,1.2463765644727163,-0.6408552306490845
grid_0476,14,14,20,20,0.3,0.6,0.0,60.0,True,0.01,0.3,1.5,32,26,14,0.5384615384615384,7.978155022172899,0.3068521162374192,1.6810174245551348,2.6035447023281133,18,20,10.058887606383713,4.017123910189491,1.3011880859600145,21,11,0.5238095238095238,5.548937411859127,0.26423511485043466,1.573005789539817,2.6035447023281133,15,16,9.6442530672928,2.7725002733682613,5,3,0.6,2.4292176103137715,0.4858435220627543,2.1959866317439767,1.016091221511916,3,4,11.800352670565543,1.2110473458469828
grid_0477,14,14,20,20,0.3,0.6,0.0,60.0,True,0.01,0.3,2.0,32,26,13,0.5,8.592785849739709,0.3304917634515272,1.6744543904493416,2.207826813043736,18,20,11.787972843678727,4.320945145985355,1.1083675386557967,21,10,0.47619047619047616,4.662368059425935,0.22201752663933025,1.4353605903955826,2.207826813043736,15,16,10.223179813473147,2.3085301229690103,5,3,0.6,3.9304177903137716,0.7860835580627544,2.9350786501900905,1.016091221511916,3,4,18.360103570542158,1.9670060947972967
grid_0478,14,14,20,20,0.3,0.6,0.0,60.0,True,0.01,0.45,1.5,32,26,15,0.5769230769230769,10.00213475498656,0.3846974905764061,1.9400018321899821,2.59154208797297,18,20,12.910011436064591,5.075314543591514,1.2952511721239346,21,12,0.5714285714285714,7.566871023046287,0.36032719157363263,1.8786879558750924,2.59154208797297,15,16,12.916992825276798,3.814899836728336,5,3,0.6,2.435263731940272,0.4870527463880544,2.200233522677938,1.014999203681156,3,4,12.880689601373328,1.2140980811477187
grid_0479,14,14,20,20,0.3,0.6,0.0,60.0,True,0.01,0.45,2.0,32,26,13,0.5,6.049187312245646,0.23266105047098645,1.4769604045140639,2.2273244420622103,18,20,11.251680891563627,3.0123090736928537,1.1121596035419068,21,11,0.5238095238095238,6.286361481868135,0.29935054675562556,1.652529560784439,2.09114202797297,15,16,13.046421350081115,3.1444900693244016,5,2,0.4,-0.2371741696224885,-0.047434833924497696,0.9222112784932942,2.2273244420622094,3,4,3.7137709657901707,-0.12815129101196865
grid_0480,14,14,20,20,0.3,0.6,0.5,60.0,True,,0.3,1.5,122,50,21,0.42,0.8431011584520964,0.016862023169041916,1.028908591251277,7.163484343795767,25,33,1.7303389539340375,0.3301780405356114,3.5272283481503686,40,18,0.45,3.571998908186933,0.0892999727046733,1.1623363043132948,7.163484343795767,20,27,3.166937427392518,1.7261443259888543,10,3,0.3,-2.728897749734837,-0.27288977497348366,0.6189053970535459,5.668827134594574,5,6,-4.0160549398998855,-1.3722787732716624
grid_0481,14,14,20,20,0.3,0.6,0.5,60.0,True,,0.3,2.0,122,49,18,0.3673469387755102,-0.030840771217327978,-0.0006294034942311854,0.9990123949293178,8.489304537867877,25,33,1.8759727857757713,-0.12951857355543162,4.202571625340701,39,15,0.38461538461538464,1.1968567985175107,0.03068863585942334,1.049729883282675,7.163484343795768,20,27,2.771973814973148,0.5092987470547206,10,3,0.3,-1.2276975697348387,-0.12276975697348384,0.828550220351097,5.168427074594574,5,6,-1.6184312280939999,-0.6355803180139619
grid_0482,14,14,20,20,0.3,0.6,0.5,60.0,True,,0.45,1.5,122,49,21,0.42857142857142855,1.4792485843154162,0.030188746618681934,1.052772837350443,7.139161122163859,25,33,3.4564176050871978,0.6527819929043055,3.5154345360620787,39,18,0.46153846153846156,4.177822300174188,0.10712364872241505,1.1999902750091125,7.139161122163859,20,27,5.507319112562731,2.0377484907011523,10,3,0.3,-2.698573715858771,-0.2698573715858772,0.6220677934113824,5.647898114836264,5,6,-4.5420982740673805,-1.357307975021671
grid_0483,14,14,20,20,0.3,0.6,0.5,60.0,True,,0.45,2.0,122,49,19,0.3877551020408163,0.528701501574508,0.010789826562745082,1.017576883346499,9.588217876565698,25,33,3.63649074800662,0.1561854630627968,4.718681516625711,39,17,0.4358974358974359,5.899713118996037,0.15127469535887278,1.269240787854816,7.139161122163861,20,27,6.84976126982938,2.8989339508120437,10,2,0.2,-5.371011617421528,-0.5371011617421529,0.3423488040786772,7.345332186460178,5,6,-8.895264287102146,-2.6654780398991385
grid_0484,14,14,20,20,0.3,0.6,0.5,60.0,True,0.0,0.3,1.5,42,33,14,0.42424242424242425,0.7743612322296065,0.023465491885745652,1.040930678961181,4.637982109617031,20,26,4.778357502974316,0.3278735638635677,2.302617794682116,27,11,0.4074074074074074,-0.6243318253846541,-0.023123400940172376,0.960627817023998,4.637982109617031,16,21,4.014528278068233,-0.3591946269238311,6,3,0.5,1.3986930576142607,0.23311550960237679,1.4568405611192323,1.0305245526995108,4,5,8.215589015051693,0.6895449993753688
grid_0485,14,14,20,20,0.3,0.6,0.5,60.0,True,0.0,0.3,2.0,42,33,13,0.3939393939393939,1.3889920597964145,0.04209066847867921,1.0696441013460423,6.230580852095974,20,26,6.140667083873419,0.620918952786842,3.090132799918077,27,10,0.37037037037037035,-1.5109011778178467,-0.055959302882142486,0.9105047817942792,5.200056299396463,16,21,4.464804636208503,-0.8090266280124547,6,3,0.5,2.8998932376142608,0.4833155396023769,1.9471619571182022,1.0305245526995108,4,5,13.682048098365536,1.4416085780675658
grid_0486,14,14,20,20,0.3,0.6,0.5,60.0,True,0.0,0.45,1.5,42,33,15,0.45454545454545453,2.828585203700249,0.08571470314243182,1.1587835236669113,4.621836576385695,20,26,6.624046889493955,1.363939744431275,2.2947068495149825,27,12,0.4444444444444444,1.4200451106325431,0.05259426335676091,1.0962195629578675,4.621836576385695,16,21,6.121507214390682,0.6648190071418592,6,3,0.5,1.4085400930677052,0.2347566821779509,1.4609526688011911,1.0267236388725662,4,5,8.885475427458681,0.6945035457122994
grid_0487,14,14,20,20,0.3,0.6,0.5,60.0,True,0.0,0.45,2.0,42,33,13,0.3939393939393939,-1.1243622390406598,-0.034071583001232114,0.9433751424924659,5.190346821226231,20,26,5.3174834301901654,-0.626198120504573,2.577704098707023,27,11,0.4074074074074074,0.13953556945439494,0.005167984053866483,1.0088421884794603,4.121436516385695,16,21,6.2221738447940425,0.014751646844923805,6,2,0.3333333333333333,-1.2638978084950547,-0.21064963474917578,0.6898925343211402,2.2273244420622094,4,5,1.2463765644727163,-0.6408552306490845
grid_0488,14,14,20,20,0.3,0.6,0.5,60.0,True,0.01,0.3,1.5,32,26,14,0.5384615384615384,7.978155022172899,0.3068521162374192,1.6810174245551348,2.6035447023281133,18,20,10.058887606383713,4.017123910189491,1.3011880859600145,21,11,0.5238095238095238,5.548937411859127,0.26423511485043466,1.573005789539817,2.6035447023281133,15,16,9.6442530672928,2.7725002733682613,5,3,0.6,2.4292176103137715,0.4858435220627543,2.1959866317439767,1.016091221511916,3,4,11.800352670565543,1.2110473458469828
grid_0489,14,14,20,20,0.3,0.6,0.5,60.0,True,0.01,0.3,2.0,32,26,13,0.5,8.592785849739709,0.3304917634515272,1.6744543904493416,2.207826813043736,18,20,11.787972843678727,4.320945145985355,1.1083675386557967,21,10,0.47619047619047616,4.662368059425935,0.22201752663933025,1.4353605903955826,2.207826813043736,15,16,10.223179813473147,2.3085301229690103,5,3,0.6,3.9304177903137716,0.7860835580627544,2.9350786501900905,1.016091221511916,3,4,18.360103570542158,1.9670060947972967
grid_0490,14,14,20,20,0.3,0.6,0.5,60.0,True,0.01,0.45,1.5,32,26,15,0.5769230769230769,10.00213475498656,0.3846974905764061,1.9400018321899821,2.59154208797297,18,20,12.910011436064591,5.075314543591514,1.2952511721239346,21,12,0.5714285714285714,7.566871023046287,0.36032719157363263,1.8786879558750924,2.59154208797297,15,16,12.916992825276798,3.814899836728336,5,3,0.6,2.435263731940272,0.4870527463880544,2.200233522677938,1.014999203681156,3,4,12.880689601373328,1.2140980811477187
grid_0491,14,14,20,20,0.3,0.6,0.5,60.0,True,0.01,0.45,2.0,32,26,13,0.5,6.049187312245646,0.23266105047098645,1.4769604045140639,2.2273244420622103,18,20,11.251680891563627,3.0123090736928537,1.1121596035419068,21,11,0.5238095238095238,6.286361481868135,0.29935054675562556,1.652529560784439,2.09114202797297,15,16,13.046421350081115,3.1444900693244016,5,2,0.4,-0.2371741696224885,-0.047434833924497696,0.9222112784932942,2.2273244420622094,3,4,3.7137709657901707,-0.12815129101196865
grid_0492,14,14,20,20,0.3,0.6,1.0,60.0,True,,0.3,1.5,66,41,19,0.4634146341463415,5.152444228515863,0.12566937142721618,1.2349766349455233,5.11133798064877,22,29,4.893916442110999,2.530510335352676,2.529676520275459,34,15,0.4411764705882353,2.2730036939074116,0.06685304982080624,1.1204079177377406,5.11133798064877,19,25,4.256039574118668,1.0799144467343202,7,4,0.5714285714285714,2.8794405346084515,0.41134864780120733,1.944094976461253,2.033856724828659,3,4,7.9921755152166085,1.4350980573719863
grid_0493,14,14,20,20,0.3,0.6,1.0,60.0,True,,0.3,2.0,66,41,17,0.4146341463414634,5.266674996082674,0.12845548770933352,1.2197573988081345,6.124424408634328,22,29,5.211778811708553,2.565762494853163,3.0234058295188104,34,13,0.38235294117647056,0.3856342214742232,0.01134218298453596,1.0184373612457012,6.124424408634328,19,25,3.546566719836736,0.11636344925354258,7,4,0.5714285714285714,4.881040774608451,0.6972915392297787,2.600368550704244,2.033856724828659,3,4,13.299951829371663,2.4465521531264134
grid_0494,14,14,20,20,0.3,0.6,1.0,60.0,True,,0.45,1.5,66,41,21,0.5121951219512195,9.721303772603905,0.2371049700635099,1.4908916596619421,5.097538936425826,22,29,7.330570048040005,4.898441514781693,2.5229167700247412,34,17,0.5,6.8284783962912305,0.20083759989091854,1.4074755288201757,5.097538936425826,19,25,7.038603114281208,3.4074447507001837,7,4,0.5714285714285714,2.8928253763126746,0.41326076804466777,1.9499154244265755,2.0303512579759477,3,4,8.74869515486845,1.4418659775184528
grid_0495,14,14,20,20,0.3,0.6,1.0,60.0,True,,0.45,2.0,66,40,18,0.45,6.784715194529244,0.16961787986323107,1.3106394026213957,6.109428511686492,22,29,6.187668610496272,3.354632415944292,3.016096991760886,34,15,0.4411764705882353,5.047568795113082,0.14845790573862006,1.2685994907603753,6.109428511686492,19,25,6.13740061306447,2.4756537115271815,6,3,0.5,1.737146399416161,0.28952439990269346,1.569751746978384,2.2273244420622094,3,4,6.472520595943151,0.8577439348583793
grid_0496,14,14,20,20,0.3,0.6,1.0,60.0,True,0.0,0.3,1.5,38,31,14,0.45161290322580644,2.871097201324781,0.0926160387524123,1.1706740183873685,4.637982109617031,18,24,5.474623589701493,1.3880076869939417,2.302617794682116,26,11,0.4230769230769231,0.4418795910110096,0.016995368885038824,1.0298749580541704,4.637982109617031,15,20,4.258137227996869,0.17484291071729885,5,3,0.6,2.4292176103137715,0.4858435220627543,2.1959866317439767,1.016091221511916,3,4,11.800352670565543,1.2110473458469828
grid_0497,14,14,20,20,0.3,0.6,1.0,60.0,True,0.0,0.3,2.0,38,31,13,0.41935483870967744,3.485728028891588,0.11244283964166414,1.1953072298169458,4.137582049617031,18,24,6.924824111303764,1.684149597406126,2.066115710375671,26,10,0.38461538461538464,-0.4446897614221834,-0.017103452362391674,0.9718840271381393,4.137582049617031,15,20,4.725731907604073,-0.2774000220504558,5,3,0.6,3.9304177903137716,0.7860835580627544,2.9350786501900905,1.016091221511916,3,4,18.360103570542158,1.9670060947972967
grid_0498,14,14,20,20,0.3,0.6,1.0,60.0,True,0.0,0.45,1.5,38,31,15,0.4838709677419355,4.90908956117136,0.1583577277797213,1.312013247984787,4.621836576385695,18,24,7.530489227794937,2.4266647248694984,2.2947068495149825,26,12,0.46153846153846156,2.473825829231088,0.09514714727811878,1.180510596019038,4.621836576385695,15,20,6.501604540568323,1.1980214878263507,5,3,0.6,2.435263731940272,0.4870527463880544,2.200233522677938,1.014999203681156,3,4,12.880689601373328,1.2140980811477187
grid_0499,14,14,20,20,0.3,0.6,1.0,60.0,True,0.0,0.45,2.0,38,31,13,0.41935483870967744,0.9561421184304502,0.03084329414291775,1.0537888801696575,4.121436516385695,18,24,6.13963135176187,0.4156617551546171,2.052047507199517,26,11,0.4230769230769231,1.1933162880529382,0.04589678030972841,1.0810298143083619,4.121436516385695,15,20,6.606142964448735,0.5445108438426827,5,2,0.4,-0.2371741696224885,-0.047434833924497696,0.9222112784932942,2.2273244420622094,3,4,3.7137709657901707,-0.12815129101196865
grid_0500,14,14,20,20,0.3,0.6,1.0,60.0,True,0.01,0.3,1.5,31,26,14,0.5384615384615384,7.980365357872255,0.3069371291489329,1.681334650101877,2.6035447023281133,18,20,9.966773882978938,4.018279355365206,1.3011880859600145,21,11,0.5238095238095238,5.551147747558483,0.2643403689313564,1.5733649072978646,2.6035447023281133,15,16,9.530207504982124,2.773641892989853,5,3,0.6,2.4292176103137715,0.4858435220627543,2.1959866317439767,1.016091221511916,3,4,11.800352670565543,1.2110473458469828
grid_0501,14,14,20,20,0.3,0.6,1.0,60.0,True,0.01,0.3,2.0,31,26,13,0.5,8.594996185439065,0.3305767763630409,1.6747449435477348,2.20561647734438,18,20,11.695859120273951,4.322103966074398,1.1072690285706344,21,10,0.47619047619047616,4.664578395125291,0.22212278072025196,1.4356569039106142,2.20561647734438,15,16,10.109134251162473,2.309666588707704,5,3,0.6,3.9304177903137716,0.7860835580627544,2.9350786501900905,1.016091221511916,3,4,18.360103570542158,1.9670060947972967
grid_0502,14,14,20,20,0.3,0.6,1.0,60.0,True,0.01,0.45,1.5,31,26,15,0.5769230769230769,10.003569986458498,0.3847526917868652,1.940263541197765,2.59154208797297,18,20,12.834783704070105,5.076072430176981,1.2952511721239346,21,12,0.5714285714285714,7.568306254518226,0.3603955359294393,1.879001116628587,2.59154208797297,15,16,12.823853728521717,3.815648632202362,5,3,0.6,2.435263731940272,0.4870527463880544,2.200233522677938,1.014999203681156,3,4,12.880689601373328,1.2140980811477187
grid_0503,14,14,20,20,0.3,0.6,1.0,60.0,True,0.01,0.45,2.0,31,26,13,0.5,6.050622543717587,0.23271625168144564,1.4771275617746609,2.2273244420622103,18,20,11.176453159569139,3.013052080245071,1.1121596035419068,21,11,0.5238095238095238,6.287796713340076,0.29941889111143216,1.6527757883842267,2.09114202797297,15,16,12.953282253326037,3.1452340292709158,5,2,0.4,-0.2371741696224885,-0.047434833924497696,0.9222112784932942,2.2273244420622094,3,4,3.7137709657901707,-0.12815129101196865
grid_0504,14,14,20,20,0.3,0.6,0.0,65.0,True,,0.3,1.5,89,40,16,0.4,-0.34174325112722426,-0.008543581278180622,0.9858065643659947,5.084022139656986,23,29,1.524085445835635,-0.24499928343683086,2.516294885200143,30,12,0.4,-0.0857121359222619,-0.002857071197408752,0.9952118708706469,5.084022139656986,18,23,1.409467524223814,-0.0983567185578571,10,4,0.4,-0.25603111520496236,-0.025603111520496234,0.9585481504544864,3.614944630985055,5,6,1.8679392106710977,-0.14678693969610856
grid_0505,14,14,20,20,0.3,0.6,0.0,65.0,True,,0.3,2.0,89,40,15,0.375,1.8100818158056702,0.045252045395141716,1.072212371676376,5.084022139656985,23,29,1.6434041242722635,0.8119312080155261,2.5162948852001543,30,11,0.36666666666666664,0.0645126910106344,0.0021504230336877707,1.0034152674010248,5.084022139656985,18,23,0.3934605526548839,-0.03666199857585983,10,4,0.4,1.7455691247950356,0.17455691247950356,1.2826104501961548,3.114544570985055,5,6,5.3932348391244025,0.8489044319221595
grid_0506,14,14,20,20,0.3,0.6,0.0,65.0,True,,0.45,1.5,89,40,18,0.45,4.481731020840079,0.11204327552100199,1.2065820459120113,5.073405512390073,23,29,2.454867186239239,2.1895882400509548,2.5110935837482695,30,13,0.43333333333333335,2.195931406721284,0.07319771355737617,1.1322719880379215,5.073405512390073,18,23,2.198126576023852,1.0485746423212872,10,5,0.5,2.2857996141187944,0.22857996141187953,1.4488083005402255,3.6005758023175005,5,6,3.2250890168853994,1.129173372082115
grid_0507,14,14,20,20,0.3,0.6,0.0,65.0,True,,0.45,2.0,89,40,15,0.375,-0.4850945200723509,-0.01212736300180879,0.9804486689100537,6.312725608125703,23,29,1.299099675116593,-0.32862067913290716,3.1315665389088365,30,12,0.4,1.9162219855431344,0.06387406618477114,1.108728517198899,5.073405512390071,18,23,2.099674616874969,0.8953406133709985,10,3,0.3,-2.401316505615485,-0.24013165056154856,0.6658998897525064,4.375637074654135,5,6,-1.1026251501585356,-1.2130999162727085
grid_0508,14,14,20,20,0.3,0.6,0.0,65.0,True,0.0,0.3,1.5,37,29,11,0.3793103448275862,-1.566762754934676,-0.05402630189429922,0.9124743745306957,5.483775340611113,19,25,0.8901045241173664,-0.8327126764313242,2.7427991529791362,23,8,0.34782608695652173,-2.9654558125489374,-0.1289328614151712,0.8001573280232902,4.917930817313341,15,20,-1.0208914300394147,-1.511832907593491,6,3,0.5,1.3986930576142607,0.23311550960237679,1.4568405611192323,1.0305245526995108,4,5,8.215589015051693,0.6895449993753688
grid_0509,14,14,20,20,0.3,0.6,0.0,65.0,True,0.0,0.3,2.0,37,29,10,0.3448275862068966,-1.9529320473678682,-0.0673424843919955,0.8968117566060783,7.8715448730443045,19,25,0.8154594489597922,-1.0352152891939692,3.8996380049870383,23,7,0.30434782608695654,-4.85282528498213,-0.21099240369487524,0.6941030859142667,6.841020320344794,15,20,-2.5410419378417064,-2.4416251890913343,6,3,0.5,2.8998932376142608,0.4833155396023769,1.9471619571182022,1.0305245526995108,4,5,13.682048098365536,1.4416085780675658
grid_0510,14,14,20,20,0.3,0.6,0.0,65.0,True,0.0,0.45,1.5,37,29,12,0.41379310344827586,0.515266123928394,0.0177677973768412,1.0306742428834812,4.621836576385695,19,25,2.7445530163661886,0.20526896125301342,2.2947068495149825,23,9,0.391304347826087,-0.8932739691393115,-0.0388379986582309,0.9349981769652237,4.621836576385695,15,20,1.142573256950756,-0.4858602676730883,6,3,0.5,1.4085400930677052,0.2347566821779509,1.4609526688011911,1.0267236388725662,4,5,8.885475427458681,0.6945035457122994
grid_0511,14,14,20,20,0.3,0.6,0.0,65.0,True,0.0,0.45,2.0,37,29,10,0.3448275862068966,-4.438481438812516,-0.1530510840969833,0.7644148806829658,6.115992277687628,19,25,-0.47488237594394583,-2.24824449291251,3.0613229006146714,23,8,0.34782608695652173,-3.174583630317461,-0.13802537523119393,0.7849863589186657,4.852094469192574,15,20,-0.9239064473569882,-1.6177567409570104,6,2,0.3333333333333333,-1.2638978084950547,-0.21064963474917578,0.6898925343211402,2.2273244420622094,4,5,1.2463765644727163,-0.6408552306490845
grid_0512,14,14,20,20,0.3,0.6,0.0,65.0,True,0.01,0.3,1.5,27,22,11,0.5,5.637031035008615,0.2562286834094825,1.5269817579303182,2.6035447023281133,17,19,5.893559607601259,2.81386066462328,1.3011880859600145,17,8,0.47058823529411764,3.207813424694843,0.18869490733499084,1.370174344109683,2.6035447023281133,14,15,4.156267530258822,1.5836347521425154,5,3,0.6,2.4292176103137715,0.4858435220627543,2.1959866317439767,1.016091221511916,3,4,11.800352670565543,1.2110473458469828
grid_0513,14,14,20,20,0.3,0.6,0.0,65.0,True,0.01,0.3,2.0,27,22,10,0.45454545454545453,5.250861742575422,0.23867553375342834,1.4479446262879605,3.5580823211162675,17,19,5.795163826711729,2.6039116383393512,1.7674513217408871,17,7,0.4117647058823529,1.320443952261651,0.07767317366245009,1.1362549272133573,3.5580823211162675,14,15,2.0995933138204275,0.6246192449250954,5,3,0.6,3.9304177903137716,0.7860835580627544,2.9350786501900905,1.016091221511916,3,4,18.360103570542158,1.9670060947972967
grid_0514,14,14,20,20,0.3,0.6,0.0,65.0,True,0.01,0.45,1.5,27,22,12,0.5454545454545454,7.688815675214704,0.3494916216006683,1.7988830859960931,2.59154208797297,17,19,8.939035793590834,3.874219782457611,1.2952511721239346,17,9,0.5294117647058824,5.253551943274432,0.3090324672514371,1.6916695511210822,2.59154208797297,14,15,7.779725850125394,2.628212622294157,5,3,0.6,2.435263731940272,0.4870527463880544,2.200233522677938,1.014999203681156,3,4,12.880689601373328,1.2140980811477187
grid_0515,14,14,20,20,0.3,0.6,0.0,65.0,True,0.01,0.45,2.0,27,22,10,0.45454545454545453,2.735068112473792,0.12432127783971782,1.2344338250986415,2.2273244420622094,17,19,4.695234594636566,1.3308725271776067,1.1121596035419068,17,8,0.47058823529411764,2.9722422820962806,0.17483778129978123,1.3448980118488392,2.09114202797297,14,15,4.983900367826681,1.4608959752421935,5,2,0.4,-0.2371741696224885,-0.047434833924497696,0.9222112784932942,2.2273244420622094,3,4,3.7137709657901707,-0.12815129101196865
grid_0516,14,14,20,20,0.3,0.6,0.5,65.0,True,,0.3,1.5,81,40,16,0.4,-0.31228722807972575,-0.00780718070199316,0.9870140585161766,5.084022139656986,23,29,1.4484194844325942,-0.23022834642543177,2.516294885200143,30,12,0.4,-0.0857121359222619,-0.002857071197408752,0.9952118708706469,5.084022139656986,18,23,1.409467524223814,-0.0983567185578571,10,4,0.4,-0.22657509215746385,-0.022657509215746385,0.9631413499111063,3.614944630985055,5,6,1.5652753650589346,-0.13200146017227077
grid_0517,14,14,20,20,0.3,0.6,0.5,65.0,True,,0.3,2.0,81,40,15,0.375,1.8395378388531685,0.04598844597132918,1.0734738476486183,5.084022139656985,23,29,1.5677381628692229,0.8268586469927452,2.5162948852001543,30,11,0.36666666666666664,0.0645126910106344,0.0021504230336877707,1.0034152674010248,5.084022139656985,18,23,0.3934605526548839,-0.03666199857585983,10,4,0.4,1.7750251478425338,0.1775025147842534,1.2887565009919368,3.114544570985055,5,6,5.09057099351224,0.8638373456039794
grid_0518,14,14,20,20,0.3,0.6,0.5,65.0,True,,0.45,1.5,81,40,17,0.425,1.99909864604231,0.04997746615105775,1.0879497484077716,5.073405512390073,23,29,2.05699380794632,0.9302058650169531,2.5110935837482695,30,13,0.43333333333333335,2.195931406721284,0.07319771355737617,1.1322719880379215,5.073405512390073,18,23,2.198126576023852,1.0485746423212872,10,4,0.4,-0.19683276067897482,-0.019683276067897482,0.9678817304409516,3.6005758023175005,5,6,1.6335955037137233,-0.1171404720188507
grid_0519,14,14,20,20,0.3,0.6,0.5,65.0,True,,0.45,2.0,81,40,15,0.375,-0.45264861669859724,-0.011316215417464944,0.9817324855317145,6.280279704751949,23,29,1.200811858026452,-0.3123642481661415,3.115767269227332,30,12,0.4,1.9162219855431344,0.06387406618477114,1.108728517198899,5.073405512390071,18,23,2.099674616874969,0.8953406133709985,10,3,0.3,-2.3688706022417314,-0.23688706022417313,0.6689195701897518,4.343191171280381,5,6,-1.4957764185191,-1.196987744126854
grid_0520,14,14,20,20,0.3,0.6,0.5,65.0,True,0.0,0.3,1.5,37,29,11,0.3793103448275862,-1.566762754934676,-0.05402630189429922,0.9124743745306957,5.483775340611113,19,25,0.8901045241173664,-0.8327126764313242,2.7427991529791362,23,8,0.34782608695652173,-2.9654558125489374,-0.1289328614151712,0.8001573280232902,4.917930817313341,15,20,-1.0208914300394147,-1.511832907593491,6,3,0.5,1.3986930576142607,0.23311550960237679,1.4568405611192323,1.0305245526995108,4,5,8.215589015051693,0.6895449993753688
grid_0521,14,14,20,20,0.3,0.6,0.5,65.0,True,0.0,0.3,2.0,37,29,10,0.3448275862068966,-1.9529320473678682,-0.0673424843919955,0.8968117566060783,7.8715448730443045,19,25,0.8154594489597922,-1.0352152891939692,3.8996380049870383,23,7,0.30434782608695654,-4.85282528498213,-0.21099240369487524,0.6941030859142667,6.841020320344794,15,20,-2.5410419378417064,-2.4416251890913343,6,3,0.5,2.8998932376142608,0.4833155396023769,1.9471619571182022,1.0305245526995108,4,5,13.682048098365536,1.4416085780675658
grid_0522,14,14,20,20,0.3,0.6,0.5,65.0,True,0.0,0.45,1.5,37,29,12,0.41379310344827586,0.515266123928394,0.0177677973768412,1.0306742428834812,4.621836576385695,19,25,2.7445530163661886,0.20526896125301342,2.2947068495149825,23,9,0.391304347826087,-0.8932739691393115,-0.0388379986582309,0.9349981769652237,4.621836576385695,15,20,1.142573256950756,-0.4858602676730883,6,3,0.5,1.4085400930677052,0.2347566821779509,1.4609526688011911,1.0267236388725662,4,5,8.885475427458681,0.6945035457122994
grid_0523,14,14,20,20,0.3,0.6,0.5,65.0,True,0.0,0.45,2.0,37,29,10,0.3448275862068966,-4.438481438812516,-0.1530510840969833,0.7644148806829658,6.115992277687628,19,25,-0.47488237594394583,-2.24824449291251,3.0613229006146714,23,8,0.34782608695652173,-3.174583630317461,-0.13802537523119393,0.7849863589186657,4.852094469192574,15,20,-0.9239064473569882,-1.6177567409570104,6,2,0.3333333333333333,-1.2638978084950547,-0.21064963474917578,0.6898925343211402,2.2273244420622094,4,5,1.2463765644727163,-0.6408552306490845
grid_0524,14,14,20,20,0.3,0.6,0.5,65.0,True,0.01,0.3,1.5,27,22,11,0.5,5.637031035008615,0.2562286834094825,1.5269817579303182,2.6035447023281133,17,19,5.893559607601259,2.81386066462328,1.3011880859600145,17,8,0.47058823529411764,3.207813424694843,0.18869490733499084,1.370174344109683,2.6035447023281133,14,15,4.156267530258822,1.5836347521425154,5,3,0.6,2.4292176103137715,0.4858435220627543,2.1959866317439767,1.016091221511916,3,4,11.800352670565543,1.2110473458469828
grid_0525,14,14,20,20,0.3,0.6,0.5,65.0,True,0.01,0.3,2.0,27,22,10,0.45454545454545453,5.250861742575422,0.23867553375342834,1.4479446262879605,3.5580823211162675,17,19,5.795163826711729,2.6039116383393512,1.7674513217408871,17,7,0.4117647058823529,1.320443952261651,0.07767317366245009,1.1362549272133573,3.5580823211162675,14,15,2.0995933138204275,0.6246192449250954,5,3,0.6,3.9304177903137716,0.7860835580627544,2.9350786501900905,1.016091221511916,3,4,18.360103570542158,1.9670060947972967
grid_0526,14,14,20,20,0.3,0.6,0.5,65.0,True,0.01,0.45,1.5,27,22,12,0.5454545454545454,7.688815675214704,0.3494916216006683,1.7988830859960931,2.59154208797297,17,19,8.939035793590834,3.874219782457611,1.2952511721239346,17,9,0.5294117647058824,5.253551943274432,0.3090324672514371,1.6916695511210822,2.59154208797297,14,15,7.779725850125394,2.628212622294157,5,3,0.6,2.435263731940272,0.4870527463880544,2.200233522677938,1.014999203681156,3,4,12.880689601373328,1.2140980811477187
grid_0527,14,14,20,20,0.3,0.6,0.5,65.0,True,0.01,0.45,2.0,27,22,10,0.45454545454545453,2.735068112473792,0.12432127783971782,1.2344338250986415,2.2273244420622094,17,19,4.695234594636566,1.3308725271776067,1.1121596035419068,17,8,0.47058823529411764,2.9722422820962806,0.17483778129978123,1.3448980118488392,2.09114202797297,14,15,4.983900367826681,1.4608959752421935,5,2,0.4,-0.2371741696224885,-0.047434833924497696,0.9222112784932942,2.2273244420622094,3,4,3.7137709657901707,-0.12815129101196865
grid_0528,14,14,20,20,0.3,0.6,1.0,65.0,True,,0.3,1.5,52,35,16,0.45714285714285713,4.907453250574268,0.14021295001640766,1.260367236908877,4.626707174096092,20,26,3.7725981236885877,2.414783540550136,2.2970815931802613,28,12,0.42857142857142855,2.028012715965817,0.07242902557020776,1.1283694523692085,4.626707174096092,17,22,2.7177037758065823,0.9658249481101944,7,4,0.5714285714285714,2.8794405346084515,0.41134864780120733,1.944094976461253,2.033856724828659,3,4,7.9921755152166085,1.4350980573719863
grid_0529,14,14,20,20,0.3,0.6,1.0,65.0,True,,0.3,2.0,52,35,14,0.4,4.02754767886358,0.11507279082467374,1.1928980838505618,5.13939354208165,20,26,2.5148647117958003,1.9464027122043648,2.5505615061619413,28,10,0.35714285714285715,-0.8534930957448708,-0.03048189627660251,0.9521294795090823,5.13939354208165,17,22,-0.18140706759816555,-0.4882052449890928,7,4,0.5714285714285714,4.881040774608451,0.6972915392297787,2.600368550704244,2.033856724828659,3,4,13.299951829371663,2.4465521531264134
grid_0530,14,14,20,20,0.3,0.6,1.0,65.0,True,,0.45,1.5,52,35,17,0.4857142857142857,7.157549893542561,0.20450142552978742,1.4069808533655919,4.612140523966586,20,26,5.11110222607495,3.5741009048355865,2.289945613944655,28,13,0.4642857142857143,4.264724517229886,0.15231158990106733,1.2932776387931764,4.612140523966586,17,22,4.201703993876575,2.101927943428894,7,4,0.5714285714285714,2.8928253763126746,0.41326076804466777,1.9499154244265755,2.0303512579759477,3,4,8.74869515486845,1.4418659775184528
grid_0531,14,14,20,20,0.3,0.6,1.0,65.0,True,,0.45,2.0,52,34,14,0.4117647058823529,2.7197611354678948,0.07999297457258513,1.1385885688296187,5.123630039227251,20,26,2.449647152023508,1.2931844863941944,2.542861155977527,28,11,0.39285714285714285,0.9826147360517337,0.03509338343041905,1.0592802164657695,5.123630039227251,17,22,1.5876028426121562,0.4317373505965616,6,3,0.5,1.737146399416161,0.28952439990269346,1.569751746978384,2.2273244420622094,3,4,6.472520595943151,0.8577439348583793
grid_0532,14,14,20,20,0.3,0.6,1.0,65.0,True,0.0,0.3,1.5,34,27,11,0.4074074074074074,0.5277628784611408,0.01954677327633855,1.0333898397119587,4.637982109617031,17,23,1.4902045070563577,0.21404468518237962,2.302617794682116,22,8,0.36363636363636365,-1.9014547318526307,-0.08642976053875594,0.8619628667952457,4.637982109617031,14,19,-0.8530109846502754,-0.985072960719191,5,3,0.6,2.4292176103137715,0.4858435220627543,2.1959866317439767,1.016091221511916,3,4,11.800352670565543,1.2110473458469828
grid_0533,14,14,20,20,0.3,0.6,1.0,65.0,True,0.0,0.3,2.0,34,27,10,0.37037037037037035,0.14159358602794936,0.005244206889924028,1.008412471058882,5.777019239648487,17,23,1.4100301670722966,0.009404562093773272,2.8852534827624954,22,7,0.3181818181818182,-3.7888242042858225,-0.17221928201299194,0.7440026795308766,5.777019239648487,14,19,-2.442259242807217,-1.9198381983321244,5,3,0.6,3.9304177903137716,0.7860835580627544,2.9350786501900905,1.016091221511916,3,4,18.360103570542158,1.9670060947972967
grid_0534,14,14,20,20,0.3,0.6,1.0,65.0,True,0.0,0.45,1.5,34,27,12,0.4444444444444444,2.594335249927566,0.09608649073805801,1.1762583280702155,4.621836576385695,17,23,3.570354711659951,1.2551158141653307,2.2947068495149825,22,9,0.4090909090909091,0.1590715179872937,0.007230523544877021,1.0125352404029964,4.621836576385695,14,19,1.4543695094523654,0.04052571113635217,5,3,0.6,2.435263731940272,0.4870527463880544,2.200233522677938,1.014999203681156,3,4,12.880689601373328,1.2140980811477187
grid_0535,14,14,20,20,0.3,0.6,1.0,65.0,True,0.0,0.45,2.0,34,27,10,0.37037037037037035,-2.3594123128133444,-0.08738564121530903,0.8592334877209956,4.313737347212319,17,23,0.11244262362313989,-1.2241030086413418,2.1482581733214268,22,8,0.36363636363636365,-2.122238143190856,-0.09646537014503888,0.8452301904265296,4.313737347212319,14,19,-0.7060410905057307,-1.0973579960683266,5,2,0.4,-0.2371741696224885,-0.047434833924497696,0.9222112784932942,2.2273244420622094,3,4,3.7137709657901707,-0.12815129101196865
grid_0536,14,14,20,20,0.3,0.6,1.0,65.0,True,0.01,0.3,1.5,27,22,11,0.5,5.637031035008615,0.2562286834094825,1.5269817579303182,2.6035447023281133,17,19,5.893559607601259,2.81386066462328,1.3011880859600145,17,8,0.47058823529411764,3.207813424694843,0.18869490733499084,1.370174344109683,2.6035447023281133,14,15,4.156267530258822,1.5836347521425154,5,3,0.6,2.4292176103137715,0.4858435220627543,2.1959866317439767,1.016091221511916,3,4,11.800352670565543,1.2110473458469828
grid_0537,14,14,20,20,0.3,0.6,1.0,65.0,True,0.01,0.3,2.0,27,22,10,0.45454545454545453,5.250861742575422,0.23867553375342834,1.4479446262879605,3.5580823211162675,17,19,5.795163826711729,2.6039116383393512,1.7674513217408871,17,7,0.4117647058823529,1.320443952261651,0.07767317366245009,1.1362549272133573,3.5580823211162675,14,15,2.0995933138204275,0.6246192449250954,5,3,0.6,3.9304177903137716,0.7860835580627544,2.9350786501900905,1.016091221511916,3,4,18.360103570542158,1.9670060947972967
grid_0538,14,14,20,20,0.3,0.6,1.0,65.0,True,0.01,0.45,1.5,27,22,12,0.5454545454545454,7.688815675214704,0.3494916216006683,1.7988830859960931,2.59154208797297,17,19,8.939035793590834,3.874219782457611,1.2952511721239346,17,9,0.5294117647058824,5.253551943274432,0.3090324672514371,1.6916695511210822,2.59154208797297,14,15,7.779725850125394,2.628212622294157,5,3,0.6,2.435263731940272,0.4870527463880544,2.200233522677938,1.014999203681156,3,4,12.880689601373328,1.2140980811477187
grid_0539,14,14,20,20,0.3,0.6,1.0,65.0,True,0.01,0.45,2.0,27,22,10,0.45454545454545453,2.735068112473792,0.12432127783971782,1.2344338250986415,2.2273244420622094,17,19,4.695234594636566,1.3308725271776067,1.1121596035419068,17,8,0.47058823529411764,2.9722422820962806,0.17483778129978123,1.3448980118488392,2.09114202797297,14,15,4.983900367826681,1.4608959752421935,5,2,0.4,-0.2371741696224885,-0.047434833924497696,0.9222112784932942,2.2273244420622094,3,4,3.7137709657901707,-0.12815129101196865
grid_0540,14,14,20,20,0.3,0.7,0.0,55.0,True,,0.3,1.5,192,57,19,0.3333333333333333,-11.4455760109234,-0.20079957913900695,0.7024662128057534,15.978956937600046,25,33,-2.2672287125835267,-5.655038430939385,7.72359766186419,46,17,0.3695652173913043,-5.122302131365962,-0.11135439416012959,0.824608440408876,8.18665329370175,20,27,-0.6464558244847511,-2.6076545169298915,11,2,0.18181818181818182,-6.323273879557434,-0.5748430799597668,0.3173771859409493,9.263203264417172,5,6,-9.045006244632953,-3.1289768193735856
grid_0541,14,14,20,20,0.3,0.7,0.0,55.0,True,,0.3,2.0,192,57,18,0.3157894736842105,-8.328944883356588,-0.1461218400588875,0.7891056868146069,17.763628626028698,25,33,-1.5767424993676722,-4.198526191508368,8.547424169575834,46,16,0.34782608695652173,-3.00647112379915,-0.0653580679086772,0.9005475959329147,10.471725042130405,20,27,0.013926012838726149,-1.5935365224321818,11,2,0.18181818181818182,-5.322473759557436,-0.4838612508688579,0.42541757881933745,9.263203264417172,5,6,-8.228629004958064,-2.6471733431107314
grid_0542,14,14,20,20,0.3,0.7,0.0,55.0,True,,0.45,1.5,192,57,23,0.40350877192982454,-1.7601426647535894,-0.030879695872869994,0.9484632235722386,8.168037524687364,25,33,-0.6077728571901998,-0.9772350041846734,4.0117884012208505,46,20,0.43478260869565216,2.0112696559371974,0.04372325338993909,1.0774008788915628,7.124285690584982,20,27,1.3693012765449581,0.9264065127198684,11,3,0.2727272727272727,-3.7714123206907884,-0.3428556655173443,0.5382719154641565,8.168037524687364,5,6,-8.875537416446315,-1.8861679343202375
grid_0543,14,14,20,20,0.3,0.7,0.0,55.0,True,,0.45,2.0,192,57,20,0.3508771929824561,-3.565773558085449,-0.0625574308436044,0.9043552446256591,14.663919440434672,25,33,-0.5150443513149251,-1.8911069944253955,7.1173605166030445,46,19,0.41304347826086957,4.72231728077686,0.10265907132123603,1.1747775074065407,8.164625634719044,20,27,2.2234773336813136,2.2784511585306033,11,1,0.09090909090909091,-8.288090838862308,-0.753462803532937,0.1923836894239724,10.262411407900958,5,6,-11.967044124935562,-4.076673146421816
grid_0544,14,14,20,20,0.3,0.7,0.0,55.0,True,0.0,0.3,1.5,43,34,14,0.4117647058823529,-0.23721537001329418,-0.006976922647449833,0.9880978256784579,4.637982109617031,21,27,3.8647132638692625,-0.17957308338641953,2.302617794682116,28,11,0.39285714285714285,-1.6359084276275548,-0.058425300986698396,0.9030214031144644,4.637982109617031,17,22,2.9323827457587415,-0.8631661636440913,6,3,0.5,1.3986930576142607,0.23311550960237679,1.4568405611192323,1.0305245526995108,4,5,8.215589015051693,0.6895449993753688
grid_0545,14,14,20,20,0.3,0.7,0.0,55.0,True,0.0,0.3,2.0,43,34,13,0.38235294117647056,0.3774154575535136,0.011100454633926853,1.0180101388843752,6.230580852095974,21,27,5.186954915918391,0.1119901162427217,3.0901327999180994,28,10,0.35714285714285715,-2.5224777800607474,-0.0900884921450267,0.8590326430381083,5.200056299396463,17,22,3.3665778053940025,-1.3107229670964782,6,3,0.5,2.8998932376142608,0.4833155396023769,1.9471619571182022,1.0305245526995108,4,5,13.682048098365536,1.4416085780675658
grid_0546,14,14,20,20,0.3,0.7,0.0,55.0,True,0.0,0.45,1.5,43,34,15,0.4411764705882353,1.8180294398010186,0.053471454111794686,1.0965770468667257,4.621836576385695,21,27,5.576081239328334,0.8517701766299179,2.2947068495149825,28,12,0.42857142857142855,0.40948934673331316,0.014624619526189781,1.025968098854864,4.621836576385695,17,22,4.8669253418718315,0.15618194179409794,6,3,0.5,1.4085400930677052,0.2347566821779509,1.4609526688011911,1.0267236388725662,4,5,8.885475427458681,0.6945035457122994
grid_0547,14,14,20,20,0.3,0.7,0.0,55.0,True,0.0,0.45,2.0,43,34,13,0.38235294117647056,-2.134918002939891,-0.0627917059688203,0.8976887429880782,5.190346821226231,21,27,4.30794611706289,-1.1283119618540671,2.577704098707012,28,11,0.39285714285714285,-0.8710201944448361,-0.031107864087315557,0.9481264364541531,4.121436516385695,17,22,4.963996735475071,-0.49060077191339646,6,2,0.3333333333333333,-1.2638978084950547,-0.21064963474917578,0.6898925343211402,2.2273244420622094,4,5,1.2463765644727163,-0.6408552306490845
grid_0548,14,14,20,20,0.3,0.7,0.0,55.0,True,0.01,0.3,1.5,33,27,14,0.5185185185185185,6.9665784199299985,0.25802142296037034,1.5474016922591176,2.6035447023281133,19,21,8.71279744960663,3.4910174662887483,1.3011880859600145,22,11,0.5,4.537360809616226,0.20624367316437395,1.4242312949221907,2.6035447023281133,16,17,8.01108035393415,2.2526889902155567,5,3,0.6,2.4292176103137715,0.4858435220627543,2.1959866317439767,1.016091221511916,3,4,11.800352670565543,1.2110473458469828
grid_0549,14,14,20,20,0.3,0.7,0.0,55.0,True,0.01,0.3,2.0,33,27,13,0.48148148148148145,7.5812092474968065,0.28078552768506687,1.5512833777251587,2.207826813043736,19,21,10.377842492927755,3.793302009817645,1.1083675386557967,22,10,0.45454545454545453,3.650791457183034,0.16594506623559246,1.311480067863012,2.207826813043736,16,17,8.563692248015391,1.791065546557724,5,3,0.6,3.9304177903137716,0.7860835580627544,2.9350786501900905,1.016091221511916,3,4,18.360103570542158,1.9670060947972967
grid_0550,14,14,20,20,0.3,0.7,0.0,55.0,True,0.01,0.45,1.5,33,27,15,0.5555555555555556,8.991578991087327,0.3330214441143454,1.771736228496599,2.59154208797297,19,21,11.357537485983046,4.544392219813709,1.2952511721239346,22,12,0.5454545454545454,6.556315259147055,0.2980143299612298,1.681380038427449,2.59154208797297,16,17,11.011366550667072,3.2903461096851716,5,3,0.6,2.435263731940272,0.4870527463880544,2.200233522677938,1.014999203681156,3,4,12.880689601373328,1.2140980811477187
grid_0551,14,14,20,20,0.3,0.7,0.0,55.0,True,0.01,0.45,2.0,33,27,13,0.48148148148148145,5.038631548346419,0.18661598327208953,1.3679621230861156,2.2273244420622094,19,21,9.760626591278413,2.491810660257898,1.1121596035419068,22,11,0.5,5.275805717968907,0.23980935081676844,1.4956419132501506,2.09114202797297,16,17,11.134911960707559,2.6233237745543647,5,2,0.4,-0.2371741696224885,-0.047434833924497696,0.9222112784932942,2.2273244420622094,3,4,3.7137709657901707,-0.12815129101196865
grid_0552,14,14,20,20,0.3,0.7,0.5,55.0,True,,0.3,1.5,162,52,17,0.3269230769230769,-11.266492097356743,-0.21666330956455274,0.6812362074542023,13.208449996139056,25,33,-2.6443762403292252,-5.56157607799398,6.467821794590556,41,14,0.34146341463414637,-7.4711414143028545,-0.18222296132445986,0.724486907760106,8.844506548130049,20,27,-2.263374481016334,-3.734271684434276,11,3,0.2727272727272727,-3.795350683053889,-0.3450318802776262,0.5386790024278788,6.735280067913626,5,6,-4.0644737068590935,-1.8981878863157498
grid_0553,14,14,20,20,0.3,0.7,0.5,55.0,True,,0.3,2.0,162,52,16,0.3076923076923077,-9.150661089789931,-0.1759742517267295,0.7483982677952767,14.63014537408747,25,33,-2.0278496408049316,-4.578210755537659,7.099688939790905,41,13,0.3170731707317073,-6.856510586736043,-0.1672319655301474,0.7563644704128626,10.483130477649809,20,27,-2.0662245771820795,-3.453035338434096,11,3,0.2727272727272727,-2.2941505030538902,-0.2085591366412628,0.7211483504344262,6.234880007913627,5,6,-1.8848157870355615,-1.165417702200977
grid_0554,14,14,20,20,0.3,0.7,0.5,55.0,True,,0.45,1.5,162,52,20,0.38461538461538464,-4.1309249361450995,-0.07944086415663655,0.871455187315768,8.722171858726465,25,33,-0.6958204736584197,-2.1338040755102927,4.307331026412542,41,16,0.3902439024390244,-2.8713625525235096,-0.07003323298837831,0.8849395336381817,7.126009323292383,20,27,-0.6303279907671568,-1.4956750846608857,11,4,0.36363636363636365,-1.2595623836215906,-0.11450567123832638,0.8245935177908799,5.6883536487217725,5,6,-0.9399288189803993,-0.6478182469631388
grid_0555,14,14,20,20,0.3,0.7,0.5,55.0,True,,0.45,2.0,162,52,18,0.34615384615384615,-5.581872078886008,-0.10734369382473091,0.8367154761180674,14.693995119718753,25,33,-1.2644011423756507,-2.8578870513243815,7.119472488378021,41,15,0.36585365853658536,-2.150271853701658,-0.052445654968333116,0.9172256880619981,7.4235287938134,20,27,-0.4469612820467383,-1.1558743729881638,11,3,0.2727272727272727,-3.431600225184349,-0.3119636568349409,0.5818903252183169,7.385787720345686,5,6,-4.311222439965234,-1.7219158625154107
grid_0556,14,14,20,20,0.3,0.7,0.5,55.0,True,0.0,0.3,1.5,43,34,14,0.4117647058823529,-0.23721537001329418,-0.006976922647449833,0.9880978256784579,4.637982109617031,21,27,3.8647132638692625,-0.17957308338641953,2.302617794682116,28,11,0.39285714285714285,-1.6359084276275548,-0.058425300986698396,0.9030214031144644,4.637982109617031,17,22,2.9323827457587415,-0.8631661636440913,6,3,0.5,1.3986930576142607,0.23311550960237679,1.4568405611192323,1.0305245526995108,4,5,8.215589015051693,0.6895449993753688
grid_0557,14,14,20,20,0.3,0.7,0.5,55.0,True,0.0,0.3,2.0,43,34,13,0.38235294117647056,0.3774154575535136,0.011100454633926853,1.0180101388843752,6.230580852095974,21,27,5.186954915918391,0.1119901162427217,3.0901327999180994,28,10,0.35714285714285715,-2.5224777800607474,-0.0900884921450267,0.8590326430381083,5.200056299396463,17,22,3.3665778053940025,-1.3107229670964782,6,3,0.5,2.8998932376142608,0.4833155396023769,1.9471619571182022,1.0305245526995108,4,5,13.682048098365536,1.4416085780675658
grid_0558,14,14,20,20,0.3,0.7,0.5,55.0,True,0.0,0.45,1.5,43,34,15,0.4411764705882353,1.8180294398010186,0.053471454111794686,1.0965770468667257,4.621836576385695,21,27,5.576081239328334,0.8517701766299179,2.2947068495149825,28,12,0.42857142857142855,0.40948934673331316,0.014624619526189781,1.025968098854864,4.621836576385695,17,22,4.8669253418718315,0.15618194179409794,6,3,0.5,1.4085400930677052,0.2347566821779509,1.4609526688011911,1.0267236388725662,4,5,8.885475427458681,0.6945035457122994
grid_0559,14,14,20,20,0.3,0.7,0.5,55.0,True,0.0,0.45,2.0,43,34,13,0.38235294117647056,-2.134918002939891,-0.0627917059688203,0.8976887429880782,5.190346821226231,21,27,4.30794611706289,-1.1283119618540671,2.577704098707012,28,11,0.39285714285714285,-0.8710201944448361,-0.031107864087315557,0.9481264364541531,4.121436516385695,17,22,4.963996735475071,-0.49060077191339646,6,2,0.3333333333333333,-1.2638978084950547,-0.21064963474917578,0.6898925343211402,2.2273244420622094,4,5,1.2463765644727163,-0.6408552306490845
grid_0560,14,14,20,20,0.3,0.7,0.5,55.0,True,0.01,0.3,1.5,33,27,14,0.5185185185185185,6.9665784199299985,0.25802142296037034,1.5474016922591176,2.6035447023281133,19,21,8.71279744960663,3.4910174662887483,1.3011880859600145,22,11,0.5,4.537360809616226,0.20624367316437395,1.4242312949221907,2.6035447023281133,16,17,8.01108035393415,2.2526889902155567,5,3,0.6,2.4292176103137715,0.4858435220627543,2.1959866317439767,1.016091221511916,3,4,11.800352670565543,1.2110473458469828
grid_0561,14,14,20,20,0.3,0.7,0.5,55.0,True,0.01,0.3,2.0,33,27,13,0.48148148148148145,7.5812092474968065,0.28078552768506687,1.5512833777251587,2.207826813043736,19,21,10.377842492927755,3.793302009817645,1.1083675386557967,22,10,0.45454545454545453,3.650791457183034,0.16594506623559246,1.311480067863012,2.207826813043736,16,17,8.563692248015391,1.791065546557724,5,3,0.6,3.9304177903137716,0.7860835580627544,2.9350786501900905,1.016091221511916,3,4,18.360103570542158,1.9670060947972967
grid_0562,14,14,20,20,0.3,0.7,0.5,55.0,True,0.01,0.45,1.5,33,27,15,0.5555555555555556,8.991578991087327,0.3330214441143454,1.771736228496599,2.59154208797297,19,21,11.357537485983046,4.544392219813709,1.2952511721239346,22,12,0.5454545454545454,6.556315259147055,0.2980143299612298,1.681380038427449,2.59154208797297,16,17,11.011366550667072,3.2903461096851716,5,3,0.6,2.435263731940272,0.4870527463880544,2.200233522677938,1.014999203681156,3,4,12.880689601373328,1.2140980811477187
grid_0563,14,14,20,20,0.3,0.7,0.5,55.0,True,0.01,0.45,2.0,33,27,13,0.48148148148148145,5.038631548346419,0.18661598327208953,1.3679621230861156,2.2273244420622094,19,21,9.760626591278413,2.491810660257898,1.1121596035419068,22,11,0.5,5.275805717968907,0.23980935081676844,1.4956419132501506,2.09114202797297,16,17,11.134911960707559,2.6233237745543647,5,2,0.4,-0.2371741696224885,-0.047434833924497696,0.9222112784932942,2.2273244420622094,3,4,3.7137709657901707,-0.12815129101196865
grid_0564,14,14,20,20,0.3,0.7,1.0,55.0,True,,0.3,1.5,76,42,19,0.4523809523809524,4.1240193506039775,0.09819093691914232,1.1796333753736676,5.11133798064877,22,29,4.473048527000723,2.003271991111677,2.529676520275459,34,14,0.4117647058823529,-0.23064022765392256,-0.006783536107468302,0.9884081677977429,5.11133798064877,19,25,2.794267810579735,-0.17610456774931338,8,5,0.625,4.3546595782579,0.5443324472822375,2.422537447594415,2.0451003032678763,3,4,11.607866571789923,2.183221311314254
grid_0565,14,14,20,20,0.3,0.7,1.0,55.0,True,,0.3,2.0,76,42,17,0.40476190476190477,4.238250118170789,0.10091071709930446,1.1695546613723453,6.124424408634328,22,29,4.811340094811628,2.0383402654225113,3.0234058295188104,34,12,0.35294117647058826,-2.6184097600871112,-0.07701205176726801,0.8806296278966091,6.124424408634328,19,25,1.839734204619756,-1.3726302084696496,8,5,0.625,6.856659878257901,0.8570824847822375,3.239866347059463,2.0451003032678763,3,4,17.440665128127083,3.4584420948281958
grid_0566,14,14,20,20,0.3,0.7,1.0,55.0,True,,0.45,1.5,76,42,21,0.5,8.696614552750155,0.20706225125595604,1.4175214344289773,5.097538936425826,22,29,6.767710695122283,4.360992561029842,2.5229167700247412,34,16,0.47058823529411764,4.3252752946391295,0.12721397925409203,1.2433436219691394,5.097538936425826,19,25,5.3729598970578225,2.1227460768118434,8,5,0.625,4.371339258111025,0.5464174072638781,2.430977373711831,2.0397935124134046,3,4,12.695401586896242,2.191721795783419
grid_0567,14,14,20,20,0.3,0.7,1.0,55.0,True,,0.45,2.0,76,41,18,0.43902439024390244,5.760025974675491,0.14048843840671932,1.2518934452804693,6.109428511686492,22,29,5.658694330585087,2.825091807647806,3.016096991760886,34,14,0.4117647058823529,2.04396563346098,0.06011663627826415,1.103186189041674,6.109428511686492,19,25,4.18437773767075,0.9518137307063412,7,4,0.5714285714285714,3.7160603412145106,0.5308657630306444,2.215035931010828,2.236766696499666,3,4,12.819660639026154,1.855616068413135
grid_0568,14,14,20,20,0.3,0.7,1.0,55.0,True,0.0,0.3,1.5,39,32,14,0.4375,1.8595205990818804,0.05811001872130875,1.1042701145114513,4.637982109617031,19,25,4.48211827044215,0.8751990053730285,2.302617794682116,27,11,0.4074074074074074,-0.5696970112318913,-0.02109988930488487,0.9639490364134761,4.637982109617031,16,21,3.126889677826707,-0.3318297253918856,5,3,0.6,2.4292176103137715,0.4858435220627543,2.1959866317439767,1.016091221511916,3,4,11.800352670565543,1.2110473458469828
grid_0569,14,14,20,20,0.3,0.7,1.0,55.0,True,0.0,0.3,2.0,39,32,13,0.40625,2.4741514266486875,0.07731723208277148,1.1311921789934778,4.137582049617031,19,25,5.887000025744349,1.1698430646476465,2.066115710375649,27,10,0.37037037037037035,-1.456266363665084,-0.053935791246854985,0.9134609096146149,4.137582049617031,16,21,3.5771660359669775,-0.7817852663130509,5,3,0.6,3.9304177903137716,0.7860835580627544,2.9350786501900905,1.016091221511916,3,4,18.360103570542158,1.9670060947972967
grid_0570,14,14,20,20,0.3,0.7,1.0,55.0,True,0.0,0.45,1.5,39,32,15,0.46875,3.898533797272128,0.12182918116475404,1.2328296154417462,4.621836576385695,19,25,6.388699401422059,1.9091254427960225,2.2947068495149825,27,12,0.4444444444444444,1.4632700653318569,0.054195187604883614,1.0994396468013485,4.621836576385695,16,21,5.186478994023675,0.6866902682777454,5,3,0.6,2.435263731940272,0.4870527463880544,2.200233522677938,1.014999203681156,3,4,12.880689601373328,1.2140980811477187
grid_0571,14,14,20,20,0.3,0.7,1.0,55.0,True,0.0,0.45,2.0,39,32,13,0.40625,-0.054413645468781136,-0.0017004264208993862,0.9971035600340926,4.121436516385695,19,25,5.041305834015025,-0.09171637370749552,2.052047507199517,27,11,0.4074074074074074,0.18276052415370736,0.00676890830198919,1.0116131074987915,4.121436516385695,16,21,5.287145624427035,0.036481669034316155,5,2,0.4,-0.2371741696224885,-0.047434833924497696,0.9222112784932942,2.2273244420622094,3,4,3.7137709657901707,-0.12815129101196865
grid_0572,14,14,20,20,0.3,0.7,1.0,55.0,True,0.01,0.3,1.5,32,27,14,0.5185185185185185,6.968788755629355,0.25810328724553167,1.5476704885954455,2.6035447023281133,19,21,8.624095345587216,3.492167067357932,1.3011880859600145,22,11,0.5,4.539571145315582,0.20634414296889014,1.4245256882143849,2.6035447023281133,16,17,7.9022186808194155,2.2538248356586577,5,3,0.6,2.4292176103137715,0.4858435220627543,2.1959866317439767,1.016091221511916,3,4,11.800352670565543,1.2110473458469828
grid_0573,14,14,20,20,0.3,0.7,1.0,55.0,True,0.01,0.3,2.0,32,27,13,0.48148148148148145,7.583419583196163,0.2808673919702282,1.55153275426839,2.20561647734438,19,21,10.289140388908342,3.7944549687302542,1.1072690285706344,22,10,0.45454545454545453,3.65300179288239,0.16604553604010863,1.3117274367503775,2.20561647734438,16,17,8.454830574900656,1.792196264185697,5,3,0.6,3.9304177903137716,0.7860835580627544,2.9350786501900905,1.016091221511916,3,4,18.360103570542158,1.9670060947972967
grid_0574,14,14,20,20,0.3,0.7,1.0,55.0,True,0.01,0.45,1.5,32,27,15,0.5555555555555556,8.993014222559266,0.33307460083552837,1.771954505227447,2.59154208797297,19,21,11.28509596628465,4.545146276965917,1.2952511721239346,22,12,0.5454545454545454,6.557750490618994,0.29807956775540884,1.6816308699984928,2.59154208797297,16,17,10.92246104921904,3.2910911216612826,5,3,0.6,2.435263731940272,0.4870527463880544,2.200233522677938,1.014999203681156,3,4,12.880689601373328,1.2140980811477187
grid_0575,14,14,20,20,0.3,0.7,1.0,55.0,True,0.01,0.45,2.0,32,27,13,0.48148148148148145,5.040066779818357,0.18666913999327245,1.3681055174421217,2.2273244420622094,19,21,9.688185071580017,2.492549912562403,1.1121596035419068,22,11,0.5,5.277240949440845,0.23987458861094746,1.4958436046445878,2.09114202797297,16,17,11.046006459259528,2.624063975435864,5,2,0.4,-0.2371741696224885,-0.047434833924497696,0.9222112784932942,2.2273244420622094,3,4,3.7137709657901707,-0.12815129101196865
grid_0576,14,14,20,20,0.3,0.7,0.0,60.0,True,,0.3,1.5,142,53,22,0.41509433962264153,0.22284705194444676,0.004204661357442397,1.0071260965438988,7.163484343795767,25,33,1.9219687101177192,0.01396943951836871,3.5272283481503686,43,19,0.4418604651162791,2.9812008247267814,0.06933025173783214,1.123794627693865,7.163484343795767,20,27,3.232517501839915,1.4205514214762571,10,3,0.3,-2.7583537727823346,-0.2758353772782335,0.6163699118727101,5.698283157642072,5,6,-3.713391094287723,-1.3868806294619174
grid_0577,14,14,20,20,0.3,0.7,0.0,60.0,True,,0.3,2.0,142,52,19,0.36538461538461536,-0.15069481772497828,-0.002897977263941858,0.9954794389814293,10.596890354011357,25,33,2.257189312641238,-0.19702862444413993,5.209419630339351,42,16,0.38095238095238093,1.1064587750573591,0.026344256548984774,1.0423196302054343,7.48994071704203,20,27,3.1078932876705414,0.4562294382139287,10,3,0.3,-1.257153592782337,-0.12571535927823368,0.825155877992346,5.197883097642073,5,6,-1.315767382481837,-0.6502912425752627
grid_0578,14,14,20,20,0.3,0.7,0.0,60.0,True,,0.45,1.5,142,52,24,0.46153846153846156,5.891844210966407,0.11330469636473856,1.210276790951413,7.139161122163859,25,33,4.18598204378111,2.8899232568364575,3.5154345360620787,42,20,0.47619047619047616,6.107785552027408,0.14542346552446206,1.2787105855733096,7.139161122163859,20,27,5.88516937822797,3.020211514286686,10,4,0.4,-0.21594134106100182,-0.02159413410610016,0.9646289638228844,4.612566545057577,5,6,-2.950604760895705,-0.12646863711024414
grid_0579,14,14,20,20,0.3,0.7,0.0,60.0,True,,0.45,2.0,142,52,21,0.40384615384615385,3.4270189700539704,0.06590421096257638,1.1100656997153422,8.679861634297284,25,33,4.430588951256879,1.606881045221975,4.290882299170773,42,19,0.4523809523809524,8.830476490849254,0.2102494402583156,1.3849930872183263,7.139161122163861,20,27,7.509803706018418,4.406382350899585,10,2,0.2,-5.403457520795282,-0.5403457520795283,0.34099409434737926,7.377778089833932,5,6,-8.50211301874158,-2.6813507399085057
grid_0580,14,14,20,20,0.3,0.7,0.0,60.0,True,0.0,0.3,1.5,42,33,14,0.42424242424242425,0.7743612322296065,0.023465491885745652,1.040930678961181,4.637982109617031,20,26,4.778357502974316,0.3278735638635677,2.302617794682116,27,11,0.4074074074074074,-0.6243318253846541,-0.023123400940172376,0.960627817023998,4.637982109617031,16,21,4.014528278068233,-0.3591946269238311,6,3,0.5,1.3986930576142607,0.23311550960237679,1.4568405611192323,1.0305245526995108,4,5,8.215589015051693,0.6895449993753688
grid_0581,14,14,20,20,0.3,0.7,0.0,60.0,True,0.0,0.3,2.0,42,33,13,0.3939393939393939,1.3889920597964145,0.04209066847867921,1.0696441013460423,6.230580852095974,20,26,6.140667083873419,0.620918952786842,3.090132799918077,27,10,0.37037037037037035,-1.5109011778178467,-0.055959302882142486,0.9105047817942792,5.200056299396463,16,21,4.464804636208503,-0.8090266280124547,6,3,0.5,2.8998932376142608,0.4833155396023769,1.9471619571182022,1.0305245526995108,4,5,13.682048098365536,1.4416085780675658
grid_0582,14,14,20,20,0.3,0.7,0.0,60.0,True,0.0,0.45,1.5,42,33,15,0.45454545454545453,2.828585203700249,0.08571470314243182,1.1587835236669113,4.621836576385695,20,26,6.624046889493955,1.363939744431275,2.2947068495149825,27,12,0.4444444444444444,1.4200451106325431,0.05259426335676091,1.0962195629578675,4.621836576385695,16,21,6.121507214390682,0.6648190071418592,6,3,0.5,1.4085400930677052,0.2347566821779509,1.4609526688011911,1.0267236388725662,4,5,8.885475427458681,0.6945035457122994
grid_0583,14,14,20,20,0.3,0.7,0.0,60.0,True,0.0,0.45,2.0,42,33,13,0.3939393939393939,-1.1243622390406598,-0.034071583001232114,0.9433751424924659,5.190346821226231,20,26,5.3174834301901654,-0.626198120504573,2.577704098707023,27,11,0.4074074074074074,0.13953556945439494,0.005167984053866483,1.0088421884794603,4.121436516385695,16,21,6.2221738447940425,0.014751646844923805,6,2,0.3333333333333333,-1.2638978084950547,-0.21064963474917578,0.6898925343211402,2.2273244420622094,4,5,1.2463765644727163,-0.6408552306490845
grid_0584,14,14,20,20,0.3,0.7,0.0,60.0,True,0.01,0.3,1.5,32,26,14,0.5384615384615384,7.978155022172899,0.3068521162374192,1.6810174245551348,2.6035447023281133,18,20,10.058887606383713,4.017123910189491,1.3011880859600145,21,11,0.5238095238095238,5.548937411859127,0.26423511485043466,1.573005789539817,2.6035447023281133,15,16,9.6442530672928,2.7725002733682613,5,3,0.6,2.4292176103137715,0.4858435220627543,2.1959866317439767,1.016091221511916,3,4,11.800352670565543,1.2110473458469828
grid_0585,14,14,20,20,0.3,0.7,0.0,60.0,True,0.01,0.3,2.0,32,26,13,0.5,8.592785849739709,0.3304917634515272,1.6744543904493416,2.207826813043736,18,20,11.787972843678727,4.320945145985355,1.1083675386557967,21,10,0.47619047619047616,4.662368059425935,0.22201752663933025,1.4353605903955826,2.207826813043736,15,16,10.223179813473147,2.3085301229690103,5,3,0.6,3.9304177903137716,0.7860835580627544,2.9350786501900905,1.016091221511916,3,4,18.360103570542158,1.9670060947972967
grid_0586,14,14,20,20,0.3,0.7,0.0,60.0,True,0.01,0.45,1.5,32,26,15,0.5769230769230769,10.00213475498656,0.3846974905764061,1.9400018321899821,2.59154208797297,18,20,12.910011436064591,5.075314543591514,1.2952511721239346,21,12,0.5714285714285714,7.566871023046287,0.36032719157363263,1.8786879558750924,2.59154208797297,15,16,12.916992825276798,3.814899836728336,5,3,0.6,2.435263731940272,0.4870527463880544,2.200233522677938,1.014999203681156,3,4,12.880689601373328,1.2140980811477187
grid_0587,14,14,20,20,0.3,0.7,0.0,60.0,True,0.01,0.45,2.0,32,26,13,0.5,6.049187312245646,0.23266105047098645,1.4769604045140639,2.2273244420622103,18,20,11.251680891563627,3.0123090736928537,1.1121596035419068,21,11,0.5238095238095238,6.286361481868135,0.29935054675562556,1.652529560784439,2.09114202797297,15,16,13.046421350081115,3.1444900693244016,5,2,0.4,-0.2371741696224885,-0.047434833924497696,0.9222112784932942,2.2273244420622094,3,4,3.7137709657901707,-0.12815129101196865
grid_0588,14,14,20,20,0.3,0.7,0.5,60.0,True,,0.3,1.5,126,50,21,0.42,0.8354165774750564,0.016708331549501097,1.0286375534850831,7.163484343795767,25,33,1.756368540682728,0.32630295549842536,3.5272283481503686,40,18,0.45,3.564314327209893,0.08910785818024727,1.161930511188485,7.163484343795767,20,27,3.199474410828382,1.7222153240926241,10,3,0.3,-2.728897749734837,-0.27288977497348366,0.6189053970535459,5.668827134594574,5,6,-4.0160549398998855,-1.3722787732716624
grid_0589,14,14,20,20,0.3,0.7,0.5,60.0,True,,0.3,2.0,126,49,18,0.3673469387755102,-0.03852535219436892,-0.0007862316774361027,0.9987666173339359,8.496989118844919,25,33,1.9025335885805577,-0.13337590358106777,4.206271640516068,39,15,0.38461538461538464,1.1891722175404698,0.030491595321550494,1.0493948142021001,7.163484343795768,20,27,2.8053450800355724,0.5054167437803292,10,3,0.3,-1.2276975697348387,-0.12276975697348384,0.828550220351097,5.168427074594574,5,6,-1.6184312280939999,-0.6355803180139619
grid_0590,14,14,20,20,0.3,0.7,0.5,60.0,True,,0.45,1.5,126,49,21,0.42857142857142855,1.4734604849649409,0.030070622142141647,1.0525554920464593,7.139161122163859,25,33,3.48514448190182,0.6498539430098038,3.5154345360620787,39,18,0.46153846153846156,4.172034200823712,0.10697523591855673,1.1996578816774741,7.139161122163859,20,27,5.543411855227255,2.034780151299187,10,3,0.3,-2.698573715858771,-0.2698573715858772,0.6220677934113824,5.647898114836264,5,6,-4.5420982740673805,-1.357307975021671
grid_0591,14,14,20,20,0.3,0.7,0.5,60.0,True,,0.45,2.0,126,49,19,0.3877551020408163,0.5229134022240345,0.010671702086204791,1.0173811111678994,9.594005975916172,25,33,3.6652176248212416,0.15327185945952504,4.721453307419998,39,17,0.4358974358974359,5.893925019645564,0.15112628255501445,1.2689056100493332,7.139161122163861,20,27,6.885854012493906,2.895940559007637,10,2,0.2,-5.371011617421528,-0.5371011617421529,0.3423488040786772,7.345332186460178,5,6,-8.895264287102146,-2.6654780398991385
grid_0592,14,14,20,20,0.3,0.7,0.5,60.0,True,0.0,0.3,1.5,42,33,14,0.42424242424242425,0.7743612322296065,0.023465491885745652,1.040930678961181,4.637982109617031,20,26,4.778357502974316,0.3278735638635677,2.302617794682116,27,11,0.4074074074074074,-0.6243318253846541,-0.023123400940172376,0.960627817023998,4.637982109617031,16,21,4.014528278068233,-0.3591946269238311,6,3,0.5,1.3986930576142607,0.23311550960237679,1.4568405611192323,1.0305245526995108,4,5,8.215589015051693,0.6895449993753688
grid_0593,14,14,20,20,0.3,0.7,0.5,60.0,True,0.0,0.3,2.0,42,33,13,0.3939393939393939,1.3889920597964145,0.04209066847867921,1.0696441013460423,6.230580852095974,20,26,6.140667083873419,0.620918952786842,3.090132799918077,27,10,0.37037037037037035,-1.5109011778178467,-0.055959302882142486,0.9105047817942792,5.200056299396463,16,21,4.464804636208503,-0.8090266280124547,6,3,0.5,2.8998932376142608,0.4833155396023769,1.9471619571182022,1.0305245526995108,4,5,13.682048098365536,1.4416085780675658
grid_0594,14,14,20,20,0.3,0.7,0.5,60.0,True,0.0,0.45,1.5,42,33,15,0.45454545454545453,2.828585203700249,0.08571470314243182,1.1587835236669113,4.621836576385695,20,26,6.624046889493955,1.363939744431275,2.2947068495149825,27,12,0.4444444444444444,1.4200451106325431,0.05259426335676091,1.0962195629578675,4.621836576385695,16,21,6.121507214390682,0.6648190071418592,6,3,0.5,1.4085400930677052,0.2347566821779509,1.4609526688011911,1.0267236388725662,4,5,8.885475427458681,0.6945035457122994
grid_0595,14,14,20,20,0.3,0.7,0.5,60.0,True,0.0,0.45,2.0,42,33,13,0.3939393939393939,-1.1243622390406598,-0.034071583001232114,0.9433751424924659,5.190346821226231,20,26,5.3174834301901654,-0.626198120504573,2.577704098707023,27,11,0.4074074074074074,0.13953556945439494,0.005167984053866483,1.0088421884794603,4.121436516385695,16,21,6.2221738447940425,0.014751646844923805,6,2,0.3333333333333333,-1.2638978084950547,-0.21064963474917578,0.6898925343211402,2.2273244420622094,4,5,1.2463765644727163,-0.6408552306490845
grid_0596,14,14,20,20,0.3,0.7,0.5,60.0,True,0.01,0.3,1.5,32,26,14,0.5384615384615384,7.978155022172899,0.3068521162374192,1.6810174245551348,2.6035447023281133,18,20,10.058887606383713,4.017123910189491,1.3011880859600145,21,11,0.5238095238095238,5.548937411859127,0.26423511485043466,1.573005789539817,2.6035447023281133,15,16,9.6442530672928,2.7725002733682613,5,3,0.6,2.4292176103137715,0.4858435220627543,2.1959866317439767,1.016091221511916,3,4,11.800352670565543,1.2110473458469828
grid_0597,14,14,20,20,0.3,0.7,0.5,60.0,True,0.01,0.3,2.0,32,26,13,0.5,8.592785849739709,0.3304917634515272,1.6744543904493416,2.207826813043736,18,20,11.787972843678727,4.320945145985355,1.1083675386557967,21,10,0.47619047619047616,4.662368059425935,0.22201752663933025,1.4353605903955826,2.207826813043736,15,16,10.223179813473147,2.3085301229690103,5,3,0.6,3.9304177903137716,0.7860835580627544,2.9350786501900905,1.016091221511916,3,4,18.360103570542158,1.9670060947972967
grid_0598,14,14,20,20,0.3,0.7,0.5,60.0,True,0.01,0.45,1.5,32,26,15,0.5769230769230769,10.00213475498656,0.3846974905764061,1.9400018321899821,2.59154208797297,18,20,12.910011436064591,5.075314543591514,1.2952511721239346,21,12,0.5714285714285714,7.566871023046287,0.36032719157363263,1.8786879558750924,2.59154208797297,15,16,12.916992825276798,3.814899836728336,5,3,0.6,2.435263731940272,0.4870527463880544,2.200233522677938,1.014999203681156,3,4,12.880689601373328,1.2140980811477187
grid_0599,14,14,20,20,0.3,0.7,0.5,60.0,True,0.01,0.45,2.0,32,26,13,0.5,6.049187312245646,0.23266105047098645,1.4769604045140639,2.2273244420622103,18,20,11.251680891563627,3.0123090736928537,1.1121596035419068,21,11,0.5238095238095238,6.286361481868135,0.29935054675562556,1.652529560784439,2.09114202797297,15,16,13.046421350081115,3.1444900693244016,5,2,0.4,-0.2371741696224885,-0.047434833924497696,0.9222112784932942,2.2273244420622094,3,4,3.7137709657901707,-0.12815129101196865
grid_0600,14,14,20,20,0.3,0.7,1.0,60.0,True,,0.3,1.5,67,41,19,0.4634146341463415,5.144759647538822,0.1254819426228981,1.2345439835198007,5.11133798064877,22,29,4.925659840585012,2.526550266167016,2.529676520275459,34,15,0.4411764705882353,2.2653191129303707,0.06662703273324622,1.1199520125748101,5.11133798064877,19,25,4.29431837816086,1.076010404384542,7,4,0.5714285714285714,2.8794405346084515,0.41134864780120733,1.944094976461253,2.033856724828659,3,4,7.9921755152166085,1.4350980573719863
grid_0601,14,14,20,20,0.3,0.7,1.0,60.0,True,,0.3,2.0,67,41,17,0.4146341463414634,5.258990415105633,0.12826805890501544,1.2193664126285766,6.124424408634328,22,29,5.243522210182566,2.5618010641118127,3.0234058295188104,34,13,0.38235294117647056,0.37794964049718227,0.011116165896975934,1.0180633211316883,6.124424408634328,19,25,3.5848455238789283,0.11249662244670056,7,4,0.5714285714285714,4.881040774608451,0.6972915392297787,2.600368550704244,2.033856724828659,3,4,13.299951829371663,2.4465521531264134
grid_0602,14,14,20,20,0.3,0.7,1.0,60.0,True,,0.45,1.5,67,41,21,0.5121951219512195,9.715515673253432,0.2369637969086203,1.4904560311617288,5.097538936425826,22,29,7.364902169111138,4.895389956101082,2.5229167700247412,34,17,0.5,6.822690296940757,0.20066736167472815,1.406989564431315,5.097538936425826,19,25,7.080003613219926,3.4044365660111264,7,4,0.5714285714285714,2.8928253763126746,0.41326076804466777,1.9499154244265755,2.0303512579759477,3,4,8.74869515486845,1.4418659775184528
grid_0603,14,14,20,20,0.3,0.7,1.0,60.0,True,,0.45,2.0,67,40,18,0.45,6.77892709517877,0.1694731773794692,1.3102921631862183,6.109428511686492,22,29,6.222859034594183,3.3516257675977768,3.016096991760886,34,15,0.4411764705882353,5.041780695762609,0.14828766752242964,1.2682088750528526,6.109428511686492,19,25,6.178801112003189,2.4726726331992133,6,3,0.5,1.737146399416161,0.28952439990269346,1.569751746978384,2.2273244420622094,3,4,6.472520595943151,0.8577439348583793
grid_0604,14,14,20,20,0.3,0.7,1.0,60.0,True,0.0,0.3,1.5,38,31,14,0.45161290322580644,2.871097201324781,0.0926160387524123,1.1706740183873685,4.637982109617031,18,24,5.474623589701493,1.3880076869939417,2.302617794682116,26,11,0.4230769230769231,0.4418795910110096,0.016995368885038824,1.0298749580541704,4.637982109617031,15,20,4.258137227996869,0.17484291071729885,5,3,0.6,2.4292176103137715,0.4858435220627543,2.1959866317439767,1.016091221511916,3,4,11.800352670565543,1.2110473458469828
grid_0605,14,14,20,20,0.3,0.7,1.0,60.0,True,0.0,0.3,2.0,38,31,13,0.41935483870967744,3.485728028891588,0.11244283964166414,1.1953072298169458,4.137582049617031,18,24,6.924824111303764,1.684149597406126,2.066115710375671,26,10,0.38461538461538464,-0.4446897614221834,-0.017103452362391674,0.9718840271381393,4.137582049617031,15,20,4.725731907604073,-0.2774000220504558,5,3,0.6,3.9304177903137716,0.7860835580627544,2.9350786501900905,1.016091221511916,3,4,18.360103570542158,1.9670060947972967
grid_0606,14,14,20,20,0.3,0.7,1.0,60.0,True,0.0,0.45,1.5,38,31,15,0.4838709677419355,4.90908956117136,0.1583577277797213,1.312013247984787,4.621836576385695,18,24,7.530489227794937,2.4266647248694984,2.2947068495149825,26,12,0.46153846153846156,2.473825829231088,0.09514714727811878,1.180510596019038,4.621836576385695,15,20,6.501604540568323,1.1980214878263507,5,3,0.6,2.435263731940272,0.4870527463880544,2.200233522677938,1.014999203681156,3,4,12.880689601373328,1.2140980811477187
grid_0607,14,14,20,20,0.3,0.7,1.0,60.0,True,0.0,0.45,2.0,38,31,13,0.41935483870967744,0.9561421184304502,0.03084329414291775,1.0537888801696575,4.121436516385695,18,24,6.13963135176187,0.4156617551546171,2.052047507199517,26,11,0.4230769230769231,1.1933162880529382,0.04589678030972841,1.0810298143083619,4.121436516385695,15,20,6.606142964448735,0.5445108438426827,5,2,0.4,-0.2371741696224885,-0.047434833924497696,0.9222112784932942,2.2273244420622094,3,4,3.7137709657901707,-0.12815129101196865
grid_0608,14,14,20,20,0.3,0.7,1.0,60.0,True,0.01,0.3,1.5,31,26,14,0.5384615384615384,7.980365357872255,0.3069371291489329,1.681334650101877,2.6035447023281133,18,20,9.966773882978938,4.018279355365206,1.3011880859600145,21,11,0.5238095238095238,5.551147747558483,0.2643403689313564,1.5733649072978646,2.6035447023281133,15,16,9.530207504982124,2.773641892989853,5,3,0.6,2.4292176103137715,0.4858435220627543,2.1959866317439767,1.016091221511916,3,4,11.800352670565543,1.2110473458469828
grid_0609,14,14,20,20,0.3,0.7,1.0,60.0,True,0.01,0.3,2.0,31,26,13,0.5,8.594996185439065,0.3305767763630409,1.6747449435477348,2.20561647734438,18,20,11.695859120273951,4.322103966074398,1.1072690285706344,21,10,0.47619047619047616,4.664578395125291,0.22212278072025196,1.4356569039106142,2.20561647734438,15,16,10.109134251162473,2.309666588707704,5,3,0.6,3.9304177903137716,0.7860835580627544,2.9350786501900905,1.016091221511916,3,4,18.360103570542158,1.9670060947972967
grid_0610,14,14,20,20,0.3,0.7,1.0,60.0,True,0.01,0.45,1.5,31,26,15,0.5769230769230769,10.003569986458498,0.3847526917868652,1.940263541197765,2.59154208797297,18,20,12.834783704070105,5.076072430176981,1.2952511721239346,21,12,0.5714285714285714,7.568306254518226,0.3603955359294393,1.879001116628587,2.59154208797297,15,16,12.823853728521717,3.815648632202362,5,3,0.6,2.435263731940272,0.4870527463880544,2.200233522677938,1.014999203681156,3,4,12.880689601373328,1.2140980811477187
grid_0611,14,14,20,20,0.3,0.7,1.0,60.0,True,0.01,0.45,2.0,31,26,13,0.5,6.050622543717587,0.23271625168144564,1.4771275617746609,2.2273244420622103,18,20,11.176453159569139,3.013052080245071,1.1121596035419068,21,11,0.5238095238095238,6.287796713340076,0.29941889111143216,1.6527757883842267,2.09114202797297,15,16,12.953282253326037,3.1452340292709158,5,2,0.4,-0.2371741696224885,-0.047434833924497696,0.9222112784932942,2.2273244420622094,3,4,3.7137709657901707,-0.12815129101196865
grid_0612,14,14,20,20,0.3,0.7,0.0,65.0,True,,0.3,1.5,91,40,16,0.4,-0.3494278321042652,-0.008735695802606646,0.9854920352198752,5.084022139656986,23,29,1.5566224292714983,-0.24885215321359677,2.516294885200143,30,12,0.4,-0.09339671689930285,-0.0031132238966434505,0.9947848266190382,5.084022139656986,18,23,1.4528501688049653,-0.10221525215802219,10,4,0.4,-0.25603111520496236,-0.025603111520496234,0.9585481504544864,3.614944630985055,5,6,1.8679392106710977,-0.14678693969610856
grid_0613,14,14,20,20,0.3,0.7,0.0,65.0,True,,0.3,2.0,91,40,15,0.375,1.8023972348286292,0.04505993087071569,1.0718837612898318,5.084022139656985,23,29,1.6759411077081272,0.8080375160693265,2.5162948852001543,30,11,0.36666666666666664,0.05682811003359345,0.0018942703344530724,1.0030072263963514,5.084022139656985,18,23,0.43684319723603526,-0.04052291503118255,10,4,0.4,1.7455691247950356,0.17455691247950356,1.2826104501961548,3.114544570985055,5,6,5.3932348391244025,0.8489044319221595
grid_0614,14,14,20,20,0.3,0.7,0.0,65.0,True,,0.45,1.5,91,40,18,0.45,4.475942921489605,0.11189857303724016,1.2062602179549606,5.073405512390073,23,29,2.4900576103371503,2.1866154835394003,2.5110935837482695,30,13,0.43333333333333335,2.1901433073708096,0.07300477691236035,1.1318773631584402,5.073405512390073,18,23,2.245047141487734,1.0456350785807755,10,5,0.5,2.2857996141187944,0.22857996141187953,1.4488083005402255,3.6005758023175005,5,6,3.2250890168853994,1.129173372082115
grid_0615,14,14,20,20,0.3,0.7,0.0,65.0,True,,0.45,2.0,91,40,15,0.375,-0.4908826194228253,-0.012272065485570645,0.9802199987490319,6.312725608125703,23,29,1.3342900992145046,-0.33152017943408607,3.131566538908792,30,12,0.4,1.91043388619266,0.06368112953975533,1.108364504753053,5.073405512390071,18,23,2.146595182338851,0.8924055073004977,10,3,0.3,-2.401316505615485,-0.24013165056154856,0.6658998897525064,4.375637074654135,5,6,-1.1026251501585356,-1.2130999162727085
grid_0616,14,14,20,20,0.3,0.7,0.0,65.0,True,0.0,0.3,1.5,37,29,11,0.3793103448275862,-1.566762754934676,-0.05402630189429922,0.9124743745306957,5.483775340611113,19,25,0.8901045241173664,-0.8327126764313242,2.7427991529791362,23,8,0.34782608695652173,-2.9654558125489374,-0.1289328614151712,0.8001573280232902,4.917930817313341,15,20,-1.0208914300394147,-1.511832907593491,6,3,0.5,1.3986930576142607,0.23311550960237679,1.4568405611192323,1.0305245526995108,4,5,8.215589015051693,0.6895449993753688
grid_0617,14,14,20,20,0.3,0.7,0.0,65.0,True,0.0,0.3,2.0,37,29,10,0.3448275862068966,-1.9529320473678682,-0.0673424843919955,0.8968117566060783,7.8715448730443045,19,25,0.8154594489597922,-1.0352152891939692,3.8996380049870383,23,7,0.30434782608695654,-4.85282528498213,-0.21099240369487524,0.6941030859142667,6.841020320344794,15,20,-2.5410419378417064,-2.4416251890913343,6,3,0.5,2.8998932376142608,0.4833155396023769,1.9471619571182022,1.0305245526995108,4,5,13.682048098365536,1.4416085780675658
grid_0618,14,14,20,20,0.3,0.7,0.0,65.0,True,0.0,0.45,1.5,37,29,12,0.41379310344827586,0.515266123928394,0.0177677973768412,1.0306742428834812,4.621836576385695,19,25,2.7445530163661886,0.20526896125301342,2.2947068495149825,23,9,0.391304347826087,-0.8932739691393115,-0.0388379986582309,0.9349981769652237,4.621836576385695,15,20,1.142573256950756,-0.4858602676730883,6,3,0.5,1.4085400930677052,0.2347566821779509,1.4609526688011911,1.0267236388725662,4,5,8.885475427458681,0.6945035457122994
grid_0619,14,14,20,20,0.3,0.7,0.0,65.0,True,0.0,0.45,2.0,37,29,10,0.3448275862068966,-4.438481438812516,-0.1530510840969833,0.7644148806829658,6.115992277687628,19,25,-0.47488237594394583,-2.24824449291251,3.0613229006146714,23,8,0.34782608695652173,-3.174583630317461,-0.13802537523119393,0.7849863589186657,4.852094469192574,15,20,-0.9239064473569882,-1.6177567409570104,6,2,0.3333333333333333,-1.2638978084950547,-0.21064963474917578,0.6898925343211402,2.2273244420622094,4,5,1.2463765644727163,-0.6408552306490845
grid_0620,14,14,20,20,0.3,0.7,0.0,65.0,True,0.01,0.3,1.5,27,22,11,0.5,5.637031035008615,0.2562286834094825,1.5269817579303182,2.6035447023281133,17,19,5.893559607601259,2.81386066462328,1.3011880859600145,17,8,0.47058823529411764,3.207813424694843,0.18869490733499084,1.370174344109683,2.6035447023281133,14,15,4.156267530258822,1.5836347521425154,5,3,0.6,2.4292176103137715,0.4858435220627543,2.1959866317439767,1.016091221511916,3,4,11.800352670565543,1.2110473458469828
grid_0621,14,14,20,20,0.3,0.7,0.0,65.0,True,0.01,0.3,2.0,27,22,10,0.45454545454545453,5.250861742575422,0.23867553375342834,1.4479446262879605,3.5580823211162675,17,19,5.795163826711729,2.6039116383393512,1.7674513217408871,17,7,0.4117647058823529,1.320443952261651,0.07767317366245009,1.1362549272133573,3.5580823211162675,14,15,2.0995933138204275,0.6246192449250954,5,3,0.6,3.9304177903137716,0.7860835580627544,2.9350786501900905,1.016091221511916,3,4,18.360103570542158,1.9670060947972967
grid_0622,14,14,20,20,0.3,0.7,0.0,65.0,True,0.01,0.45,1.5,27,22,12,0.5454545454545454,7.688815675214704,0.3494916216006683,1.7988830859960931,2.59154208797297,17,19,8.939035793590834,3.874219782457611,1.2952511721239346,17,9,0.5294117647058824,5.253551943274432,0.3090324672514371,1.6916695511210822,2.59154208797297,14,15,7.779725850125394,2.628212622294157,5,3,0.6,2.435263731940272,0.4870527463880544,2.200233522677938,1.014999203681156,3,4,12.880689601373328,1.2140980811477187
grid_0623,14,14,20,20,0.3,0.7,0.0,65.0,True,0.01,0.45,2.0,27,22,10,0.45454545454545453,2.735068112473792,0.12432127783971782,1.2344338250986415,2.2273244420622094,17,19,4.695234594636566,1.3308725271776067,1.1121596035419068,17,8,0.47058823529411764,2.9722422820962806,0.17483778129978123,1.3448980118488392,2.09114202797297,14,15,4.983900367826681,1.4608959752421935,5,2,0.4,-0.2371741696224885,-0.047434833924497696,0.9222112784932942,2.2273244420622094,3,4,3.7137709657901707,-0.12815129101196865
grid_0624,14,14,20,20,0.3,0.7,0.5,65.0,True,,0.3,1.5,83,40,16,0.4,-0.3199718090567667,-0.007999295226419184,0.9866987585008395,5.084022139656986,23,29,1.4809564678684577,-0.23408178670494273,2.516294885200143,30,12,0.4,-0.09339671689930285,-0.0031132238966434505,0.9947848266190382,5.084022139656986,18,23,1.4528501688049653,-0.10221525215802219,10,4,0.4,-0.22657509215746385,-0.022657509215746385,0.9631413499111063,3.614944630985055,5,6,1.5652753650589346,-0.13200146017227077
grid_0625,14,14,20,20,0.3,0.7,0.5,65.0,True,,0.3,2.0,83,40,15,0.375,1.8318532578761275,0.045796331446903156,1.0731444636946383,5.084022139656985,23,29,1.6002751463050864,0.8229643784992469,2.5162948852001543,30,11,0.36666666666666664,0.05682811003359345,0.0018942703344530724,1.0030072263963514,5.084022139656985,18,23,0.43684319723603526,-0.04052291503118255,10,4,0.4,1.7750251478425338,0.1775025147842534,1.2887565009919368,3.114544570985055,5,6,5.09057099351224,0.8638373456039794
grid_0626,14,14,20,20,0.3,0.7,0.5,65.0,True,,0.45,1.5,83,40,17,0.425,1.9933105466918346,0.0498327636672959,1.0876727772079446,5.073405512390073,23,29,2.0921842320442314,0.9272697446953027,2.5110935837482695,30,13,0.43333333333333335,2.1901433073708096,0.07300477691236035,1.1318773631584402,5.073405512390073,18,23,2.245047141487734,1.0456350785807755,10,4,0.4,-0.19683276067897482,-0.019683276067897482,0.9678817304409516,3.6005758023175005,5,6,1.6335955037137233,-0.1171404720188507
grid_0627,14,14,20,20,0.3,0.7,0.5,65.0,True,,0.45,2.0,83,40,15,0.375,-0.45843671604907166,-0.011460917901226799,0.9815032161992283,6.280279704751949,23,29,1.2360022821243635,-0.31526422137668764,3.1157672692272986,30,12,0.4,1.91043388619266,0.06368112953975533,1.108364504753053,5.073405512390071,18,23,2.146595182338851,0.8924055073004977,10,3,0.3,-2.3688706022417314,-0.23688706022417313,0.6689195701897518,4.343191171280381,5,6,-1.4957764185191,-1.196987744126854
grid_0628,14,14,20,20,0.3,0.7,0.5,65.0,True,0.0,0.3,1.5,37,29,11,0.3793103448275862,-1.566762754934676,-0.05402630189429922,0.9124743745306957,5.483775340611113,19,25,0.8901045241173664,-0.8327126764313242,2.7427991529791362,23,8,0.34782608695652173,-2.9654558125489374,-0.1289328614151712,0.8001573280232902,4.917930817313341,15,20,-1.0208914300394147,-1.511832907593491,6,3,0.5,1.3986930576142607,0.23311550960237679,1.4568405611192323,1.0305245526995108,4,5,8.215589015051693,0.6895449993753688
grid_0629,14,14,20,20,0.3,0.7,0.5,65.0,True,0.0,0.3,2.0,37,29,10,0.3448275862068966,-1.9529320473678682,-0.0673424843919955,0.8968117566060783,7.8715448730443045,19,25,0.8154594489597922,-1.0352152891939692,3.8996380049870383,23,7,0.30434782608695654,-4.85282528498213,-0.21099240369487524,0.6941030859142667,6.841020320344794,15,20,-2.5410419378417064,-2.4416251890913343,6,3,0.5,2.8998932376142608,0.4833155396023769,1.9471619571182022,1.0305245526995108,4,5,13.682048098365536,1.4416085780675658
grid_0630,14,14,20,20,0.3,0.7,0.5,65.0,True,0.0,0.45,1.5,37,29,12,0.41379310344827586,0.515266123928394,0.0177677973768412,1.0306742428834812,4.621836576385695,19,25,2.7445530163661886,0.20526896125301342,2.2947068495149825,23,9,0.391304347826087,-0.8932739691393115,-0.0388379986582309,0.9349981769652237,4.621836576385695,15,20,1.142573256950756,-0.4858602676730883,6,3,0.5,1.4085400930677052,0.2347566821779509,1.4609526688011911,1.0267236388725662,4,5,8.885475427458681,0.6945035457122994
grid_0631,14,14,20,20,0.3,0.7,0.5,65.0,True,0.0,0.45,2.0,37,29,10,0.3448275862068966,-4.438481438812516,-0.1530510840969833,0.7644148806829658,6.115992277687628,19,25,-0.47488237594394583,-2.24824449291251,3.0613229006146714,23,8,0.34782608695652173,-3.174583630317461,-0.13802537523119393,0.7849863589186657,4.852094469192574,15,20,-0.9239064473569882,-1.6177567409570104,6,2,0.3333333333333333,-1.2638978084950547,-0.21064963474917578,0.6898925343211402,2.2273244420622094,4,5,1.2463765644727163,-0.6408552306490845
grid_0632,14,14,20,20,0.3,0.7,0.5,65.0,True,0.01,0.3,1.5,27,22,11,0.5,5.637031035008615,0.2562286834094825,1.5269817579303182,2.6035447023281133,17,19,5.893559607601259,2.81386066462328,1.3011880859600145,17,8,0.47058823529411764,3.207813424694843,0.18869490733499084,1.370174344109683,2.6035447023281133,14,15,4.156267530258822,1.5836347521425154,5,3,0.6,2.4292176103137715,0.4858435220627543,2.1959866317439767,1.016091221511916,3,4,11.800352670565543,1.2110473458469828
grid_0633,14,14,20,20,0.3,0.7,0.5,65.0,True,0.01,0.3,2.0,27,22,10,0.45454545454545453,5.250861742575422,0.23867553375342834,1.4479446262879605,3.5580823211162675,17,19,5.795163826711729,2.6039116383393512,1.7674513217408871,17,7,0.4117647058823529,1.320443952261651,0.07767317366245009,1.1362549272133573,3.5580823211162675,14,15,2.0995933138204275,0.6246192449250954,5,3,0.6,3.9304177903137716,0.7860835580627544,2.9350786501900905,1.016091221511916,3,4,18.360103570542158,1.9670060947972967
grid_0634,14,14,20,20,0.3,0.7,0.5,65.0,True,0.01,0.45,1.5,27,22,12,0.5454545454545454,7.688815675214704,0.3494916216006683,1.7988830859960931,2.59154208797297,17,19,8.939035793590834,3.874219782457611,1.2952511721239346,17,9,0.5294117647058824,5.253551943274432,0.3090324672514371,1.6916695511210822,2.59154208797297,14,15,7.779725850125394,2.628212622294157,5,3,0.6,2.435263731940272,0.4870527463880544,2.200233522677938,1.014999203681156,3,4,12.880689601373328,1.2140980811477187
grid_0635,14,14,20,20,0.3,0.7,0.5,65.0,True,0.01,0.45,2.0,27,22,10,0.45454545454545453,2.735068112473792,0.12432127783971782,1.2344338250986415,2.2273244420622094,17,19,4.695234594636566,1.3308725271776067,1.1121596035419068,17,8,0.47058823529411764,2.9722422820962806,0.17483778129978123,1.3448980118488392,2.09114202797297,14,15,4.983900367826681,1.4608959752421935,5,2,0.4,-0.2371741696224885,-0.047434833924497696,0.9222112784932942,2.2273244420622094,3,4,3.7137709657901707,-0.12815129101196865
grid_0636,14,14,20,20,0.3,0.7,1.0,65.0,True,,0.3,1.5,53,35,16,0.45714285714285713,4.899768669597227,0.13999339055992077,1.2598535831979736,4.626707174096092,20,26,3.809783247615288,2.4108279411179767,2.2970815931802613,28,12,0.42857142857142855,2.020328134988776,0.07215457624959916,1.1278208580219458,4.626707174096092,17,22,2.7641851807149584,0.9619253122761018,7,4,0.5714285714285714,2.8794405346084515,0.41134864780120733,1.944094976461253,2.033856724828659,3,4,7.9921755152166085,1.4350980573719863
grid_0637,14,14,20,20,0.3,0.7,1.0,65.0,True,,0.3,2.0,53,35,14,0.4,4.019863097886539,0.11485323136818686,1.1924591986436999,5.13939354208165,20,26,2.5520498357225017,1.9424652031969636,2.5505615061619413,28,10,0.35714285714285715,-0.8611776767219117,-0.030756345597211115,0.9517192780553748,5.13939354208165,17,22,-0.1349256626897891,-0.49204872134301914,7,4,0.5714285714285714,4.881040774608451,0.6972915392297787,2.600368550704244,2.033856724828659,3,4,13.299951829371663,2.4465521531264134
grid_0638,14,14,20,20,0.3,0.7,1.0,65.0,True,,0.45,1.5,53,35,17,0.4857142857142857,7.151761794192086,0.20433605126263102,1.4065179494548194,4.612140523966586,20,26,5.15131985361542,3.5710878720188965,2.289945613944655,28,13,0.4642857142857143,4.2589364178794105,0.1521048720671218,1.292763070665308,4.612140523966586,17,22,4.251976028302162,2.098957737008056,7,4,0.5714285714285714,2.8928253763126746,0.41326076804466777,1.9499154244265755,2.0303512579759477,3,4,8.74869515486845,1.4418659775184528
grid_0639,14,14,20,20,0.3,0.7,1.0,65.0,True,,0.45,2.0,53,34,14,0.4117647058823529,2.7139730361174212,0.0798227363563947,1.1382528533466691,5.123630039227251,20,26,2.4910476509622272,1.2902378068063936,2.542861155977527,28,11,0.39285714285714285,0.9768266367012597,0.03488666559647354,1.0589104549391284,5.123630039227251,17,22,1.637874877037744,0.4288157310234464,6,3,0.5,1.737146399416161,0.28952439990269346,1.569751746978384,2.2273244420622094,3,4,6.472520595943151,0.8577439348583793
grid_0640,14,14,20,20,0.3,0.7,1.0,65.0,True,0.0,0.3,1.5,34,27,11,0.4074074074074074,0.5277628784611408,0.01954677327633855,1.0333898397119587,4.637982109617031,17,23,1.4902045070563577,0.21404468518237962,2.302617794682116,22,8,0.36363636363636365,-1.9014547318526307,-0.08642976053875594,0.8619628667952457,4.637982109617031,14,19,-0.8530109846502754,-0.985072960719191,5,3,0.6,2.4292176103137715,0.4858435220627543,2.1959866317439767,1.016091221511916,3,4,11.800352670565543,1.2110473458469828
grid_0641,14,14,20,20,0.3,0.7,1.0,65.0,True,0.0,0.3,2.0,34,27,10,0.37037037037037035,0.14159358602794936,0.005244206889924028,1.008412471058882,5.777019239648487,17,23,1.4100301670722966,0.009404562093773272,2.8852534827624954,22,7,0.3181818181818182,-3.7888242042858225,-0.17221928201299194,0.7440026795308766,5.777019239648487,14,19,-2.442259242807217,-1.9198381983321244,5,3,0.6,3.9304177903137716,0.7860835580627544,2.9350786501900905,1.016091221511916,3,4,18.360103570542158,1.9670060947972967
grid_0642,14,14,20,20,0.3,0.7,1.0,65.0,True,0.0,0.45,1.5,34,27,12,0.4444444444444444,2.594335249927566,0.09608649073805801,1.1762583280702155,4.621836576385695,17,23,3.570354711659951,1.2551158141653307,2.2947068495149825,22,9,0.4090909090909091,0.1590715179872937,0.007230523544877021,1.0125352404029964,4.621836576385695,14,19,1.4543695094523654,0.04052571113635217,5,3,0.6,2.435263731940272,0.4870527463880544,2.200233522677938,1.014999203681156,3,4,12.880689601373328,1.2140980811477187
grid_0643,14,14,20,20,0.3,0.7,1.0,65.0,True,0.0,0.45,2.0,34,27,10,0.37037037037037035,-2.3594123128133444,-0.08738564121530903,0.8592334877209956,4.313737347212319,17,23,0.11244262362313989,-1.2241030086413418,2.1482581733214268,22,8,0.36363636363636365,-2.122238143190856,-0.09646537014503888,0.8452301904265296,4.313737347212319,14,19,-0.7060410905057307,-1.0973579960683266,5,2,0.4,-0.2371741696224885,-0.047434833924497696,0.9222112784932942,2.2273244420622094,3,4,3.7137709657901707,-0.12815129101196865
grid_0644,14,14,20,20,0.3,0.7,1.0,65.0,True,0.01,0.3,1.5,27,22,11,0.5,5.637031035008615,0.2562286834094825,1.5269817579303182,2.6035447023281133,17,19,5.893559607601259,2.81386066462328,1.3011880859600145,17,8,0.47058823529411764,3.207813424694843,0.18869490733499084,1.370174344109683,2.6035447023281133,14,15,4.156267530258822,1.5836347521425154,5,3,0.6,2.4292176103137715,0.4858435220627543,2.1959866317439767,1.016091221511916,3,4,11.800352670565543,1.2110473458469828
grid_0645,14,14,20,20,0.3,0.7,1.0,65.0,True,0.01,0.3,2.0,27,22,10,0.45454545454545453,5.250861742575422,0.23867553375342834,1.4479446262879605,3.5580823211162675,17,19,5.795163826711729,2.6039116383393512,1.7674513217408871,17,7,0.4117647058823529,1.320443952261651,0.07767317366245009,1.1362549272133573,3.5580823211162675,14,15,2.0995933138204275,0.6246192449250954,5,3,0.6,3.9304177903137716,0.7860835580627544,2.9350786501900905,1.016091221511916,3,4,18.360103570542158,1.9670060947972967
grid_0646,14,14,20,20,0.3,0.7,1.0,65.0,True,0.01,0.45,1.5,27,22,12,0.5454545454545454,7.688815675214704,0.3494916216006683,1.7988830859960931,2.59154208797297,17,19,8.939035793590834,3.874219782457611,1.2952511721239346,17,9,0.5294117647058824,5.253551943274432,0.3090324672514371,1.6916695511210822,2.59154208797297,14,15,7.779725850125394,2.628212622294157,5,3,0.6,2.435263731940272,0.4870527463880544,2.200233522677938,1.014999203681156,3,4,12.880689601373328,1.2140980811477187
grid_0647,14,14,20,20,0.3,0.7,1.0,65.0,True,0.01,0.45,2.0,27,22,10,0.45454545454545453,2.735068112473792,0.12432127783971782,1.2344338250986415,2.2273244420622094,17,19,4.695234594636566,1.3308725271776067,1.1121596035419068,17,8,0.47058823529411764,2.9722422820962806,0.17483778129978123,1.3448980118488392,2.09114202797297,14,15,4.983900367826681,1.4608959752421935,5,2,0.4,-0.2371741696224885,-0.047434833924497696,0.9222112784932942,2.2273244420622094,3,4,3.7137709657901707,-0.12815129101196865
grid_0648,14,14,20,20,0.4,0.5,0.0,55.0,True,,0.3,1.5,110,48,25,0.5208333333333334,12.918984827438331,0.26914551723829855,1.5609084977488146,4.835106943179628,25,32,7.891996092455503,6.571349313099395,2.3994764603748497,38,22,0.5789473684210527,15.651735136463262,0.41188776674903316,1.9875011626184755,4.835106943179628,20,26,9.797125554279836,8.056365550860223,10,3,0.3,-2.7327503090249294,-0.27327503090249294,0.6195218398024972,4.201780073365787,5,6,0.6525041375230346,-1.3742977844853121
grid_0649,14,14,20,20,0.4,0.5,0.0,55.0,True,,0.3,2.0,110,45,20,0.4444444444444444,10.090407046226963,0.2242312676939326,1.4026212390525516,6.126356240331266,25,32,5.177876423038834,5.052765974555817,3.0243472747254807,35,17,0.4857142857142857,11.321957175251892,0.3234844907214827,1.633241221730879,6.126356240331266,20,26,5.595740323263016,5.72691913626906,10,3,0.3,-1.23155012902493,-0.12315501290249306,0.8285324767012484,3.2009799533657866,5,6,3.715352772254195,-0.637636249330531
grid_0650,14,14,20,20,0.4,0.5,0.0,55.0,True,,0.45,1.5,110,45,24,0.5333333333333333,13.249695438415843,0.294437676409241,1.6397736670384997,3.619286071282298,25,32,7.440105895086098,6.755643442448944,1.8025252294623262,36,21,0.5833333333333334,14.925709577048085,0.4146030438068913,2.0238641774961392,3.1947646176582847,20,26,8.902765983258242,7.671349836490582,9,3,0.3333333333333333,-1.6760141386322414,-0.18622379318136015,0.726684149114855,3.619286071282299,5,6,1.5894655423975264,-0.8504643021864489
grid_0651,14,14,20,20,0.4,0.5,0.0,55.0,True,,0.45,2.0,110,44,21,0.4772727272727273,10.943187622852571,0.24870880961028566,1.4811239463482655,6.109523907895078,25,32,6.10486366232762,5.513163517108688,3.0161434278755395,35,18,0.5142857142857142,12.289239303047573,0.35112112294421627,1.7397408727493084,6.109523907895078,20,26,7.384080170034806,6.245301984549112,9,3,0.3333333333333333,-1.346051680195001,-0.1495612977994446,0.7804927465539706,4.290123732845059,5,6,1.1301327990219008,-0.6891019685246302
grid_0652,14,14,20,20,0.4,0.5,0.0,55.0,True,0.0,0.3,1.5,31,24,11,0.4583333333333333,2.4305970273613786,0.10127487614005744,1.1896773490899857,4.083808297746941,18,19,8.301327031779794,1.1783376610879248,2.02632242706261,19,8,0.42105263157894735,0.016854084964635918,0.0008870571034018934,1.001565235788318,4.083808297746941,14,15,6.84165452738741,-0.02454340042397085,5,3,0.6,2.4137429423967425,0.4827485884793485,2.179382555734856,1.0305245526995108,4,4,13.848082548470845,1.2031763619042346
grid_0653,14,14,20,20,0.4,0.5,0.0,55.0,True,0.0,0.3,2.0,31,24,11,0.4583333333333333,4.546428034928186,0.18943450145534113,1.3547911923638498,4.143770414886205,18,19,10.49937451684667,2.241372843793177,2.063702859172789,19,8,0.42105263157894735,0.6314849125314437,0.03323604802797075,1.0586458883381193,4.083808297746941,14,15,7.891885324320148,0.27687238110385426,5,3,0.6,3.9149431223967426,0.7829886244793485,2.9128862250195415,1.0305245526995108,4,4,20.407833448447455,1.9590763214305529
grid_0654,14,14,20,20,0.4,0.5,0.0,55.0,True,0.0,0.45,1.5,31,24,12,0.5,4.466646092173161,0.18611025384054844,1.3810697487009065,4.0745515129962815,18,19,11.01026742651579,2.2138910292737624,2.0217644062870743,19,9,0.47368421052631576,2.044113605795755,0.10758492662082925,1.2111772272296364,4.0745515129962815,14,15,9.968957561769187,0.9942617604103976,5,3,0.6,2.4225324863774063,0.48450649727548123,2.1865138773426174,1.0267236388725662,4,4,14.96724491255289,1.2076223417095688
grid_0655,14,14,20,20,0.4,0.5,0.0,55.0,True,0.0,0.45,2.0,31,24,11,0.4583333333333333,2.014898829432255,0.08395411789301062,1.1581392328735414,4.0745515129962815,18,19,9.619475343553164,0.9649749511526196,2.0217644062870743,19,9,0.47368421052631576,2.2648042446176087,0.11920022340092677,1.2339767609981094,4.0745515129962815,14,15,10.624514571601436,1.1009973982618826,5,2,0.4,-0.2499054151853537,-0.04998108303707074,0.9183764945559425,1.2133320487525086,4,4,5.80032627696973,-0.13454115252045096
grid_0656,14,14,20,20,0.4,0.5,0.0,55.0,True,0.01,0.3,1.5,25,20,11,0.55,6.585812877311975,0.32929064386559875,1.7605601619438844,4.083808297746941,15,15,11.669742321466241,3.3080098322159968,2.02632242706261,16,8,0.5,3.141545382215721,0.19634658638848257,1.4110318865913418,4.083808297746941,12,12,9.652887776528313,1.5538309406171846,4,3,0.75,3.4442674950962533,0.8610668737740633,4.389722716008979,1.016091221511916,3,3,19.737160501217943,1.7273389643218007
grid_0657,14,14,20,20,0.4,0.5,0.0,55.0,True,0.01,0.3,2.0,25,20,11,0.55,8.701643884878784,0.4350821942439391,2.0049061225320806,4.083808297746941,15,15,14.307399303546493,4.393420520369062,2.02632242706261,16,8,0.5,3.75617620978253,0.2347610131114081,1.4914486362719725,4.083808297746941,12,12,10.90003684788594,1.8600053594319155,4,3,0.75,4.945467675096253,1.2363669187740634,5.867149297616736,1.016091221511916,3,3,27.936849126188708,2.4871539639110596
grid_0658,14,14,20,20,0.4,0.5,0.0,55.0,True,0.01,0.45,1.5,25,20,12,0.6,8.5974508651346,0.42987254325673,2.13265488412715,4.0745515129962815,15,15,15.210489528489722,4.3525559235354505,2.0217644062870743,16,9,0.5625,5.1481947398846275,0.3217621712427893,1.7829321933056268,4.0745515129962815,12,12,13.642685660307215,2.578093765802514,4,3,0.75,3.4492561252499727,0.8623140313124932,4.398284562924146,1.014999203681156,3,3,21.481705001219748,1.7298646256619366
grid_0659,14,14,20,20,0.4,0.5,0.0,55.0,True,0.01,0.45,2.0,25,20,11,0.55,6.145703602393695,0.30728518011968464,1.7137459635949717,4.0745515129962815,15,15,13.541539028934569,3.077508240940019,2.0217644062870743,16,9,0.5625,5.368885378706482,0.33555533616915506,1.8164946000569075,4.0745515129962815,12,12,14.421159609483011,2.6865032741927974,4,2,0.5,0.7768182236872125,0.19420455592180313,1.3817362131342217,1.2133320487525086,3,3,10.023056706740801,0.38077542255303687
grid_0660,14,14,20,20,0.4,0.5,0.5,55.0,True,,0.3,1.5,94,47,26,0.5531914893617021,16.461618644778323,0.3502472052080495,1.7850651123248893,4.83510694317963,25,32,8.843475493783316,8.475830255803452,2.3994764603748386,37,21,0.5675675675675675,14.164407286470738,0.38282181855326325,1.8936627119835219,4.83510694317963,20,26,9.250192330633324,7.258721161278947,10,5,0.5,2.2972113583075853,0.22972113583075854,1.4487933265224768,2.6035720584142092,5,6,7.338623197438288,1.134741381723603
grid_0661,14,14,20,20,0.4,0.5,0.5,55.0,True,,0.3,2.0,94,44,21,0.4772727272727273,14.133440923566962,0.3212145664447037,1.6145505837421712,6.126352380687954,25,32,6.267320297620239,7.195684528883062,3.024345393652661,34,16,0.47058823529411764,9.334229265259376,0.27453615486056987,1.5220669826189899,6.126352380687954,20,26,4.57980801971207,4.686477996271021,10,5,0.5,4.799211658307586,0.4799211658307586,1.9375951224636607,2.1031719984142088,5,6,12.004862042508016,2.3968774006337457
grid_0662,14,14,20,20,0.4,0.5,0.5,55.0,True,,0.45,1.5,94,44,25,0.5681818181818182,16.781295117564866,0.38139307085374696,1.8993766328610024,3.1947646176582847,25,32,8.563880124260349,8.657381254141661,1.6003306136836426,35,20,0.5714285714285714,13.434424778129635,0.38384070794656105,1.9214570368495145,3.1947646176582847,20,26,8.174056037608562,6.874437102436315,9,5,0.5555555555555556,3.34687033943523,0.37187448215947,1.8204598378558392,2.035428198194885,5,6,10.079862683461734,1.668260624377771
grid_0663,14,14,20,20,0.4,0.5,0.5,55.0,True,,0.45,2.0,94,43,21,0.4883720930232558,11.972787002001592,0.2784369070232928,1.5513895561032471,6.111247540602479,25,32,6.339463341573423,6.059168526109082,3.016983528144368,34,17,0.5,10.297554444129123,0.3028692483567389,1.6197887003015243,6.111247540602479,20,26,6.235177212979617,5.197685087095061,9,4,0.4444444444444444,1.6752325578724692,0.1861369508747188,1.3285270103113889,3.2571956910133952,5,6,6.733433160705578,0.8189186276302385
grid_0664,14,14,20,20,0.4,0.5,0.5,55.0,True,0.0,0.3,1.5,31,24,11,0.4583333333333333,2.4305970273613786,0.10127487614005744,1.1896773490899857,4.083808297746941,18,19,8.301327031779794,1.1783376610879248,2.02632242706261,19,8,0.42105263157894735,0.016854084964635918,0.0008870571034018934,1.001565235788318,4.083808297746941,14,15,6.84165452738741,-0.02454340042397085,5,3,0.6,2.4137429423967425,0.4827485884793485,2.179382555734856,1.0305245526995108,4,4,13.848082548470845,1.2031763619042346
grid_0665,14,14,20,20,0.4,0.5,0.5,55.0,True,0.0,0.3,2.0,31,24,11,0.4583333333333333,4.546428034928186,0.18943450145534113,1.3547911923638498,4.143770414886205,18,19,10.49937451684667,2.241372843793177,2.063702859172789,19,8,0.42105263157894735,0.6314849125314437,0.03323604802797075,1.0586458883381193,4.083808297746941,14,15,7.891885324320148,0.27687238110385426,5,3,0.6,3.9149431223967426,0.7829886244793485,2.9128862250195415,1.0305245526995108,4,4,20.407833448447455,1.9590763214305529
grid_0666,14,14,20,20,0.4,0.5,0.5,55.0,True,0.0,0.45,1.5,31,24,12,0.5,4.466646092173161,0.18611025384054844,1.3810697487009065,4.0745515129962815,18,19,11.01026742651579,2.2138910292737624,2.0217644062870743,19,9,0.47368421052631576,2.044113605795755,0.10758492662082925,1.2111772272296364,4.0745515129962815,14,15,9.968957561769187,0.9942617604103976,5,3,0.6,2.4225324863774063,0.48450649727548123,2.1865138773426174,1.0267236388725662,4,4,14.96724491255289,1.2076223417095688
grid_0667,14,14,20,20,0.4,0.5,0.5,55.0,True,0.0,0.45,2.0,31,24,11,0.4583333333333333,2.014898829432255,0.08395411789301062,1.1581392328735414,4.0745515129962815,18,19,9.619475343553164,0.9649749511526196,2.0217644062870743,19,9,0.47368421052631576,2.2648042446176087,0.11920022340092677,1.2339767609981094,4.0745515129962815,14,15,10.624514571601436,1.1009973982618826,5,2,0.4,-0.2499054151853537,-0.04998108303707074,0.9183764945559425,1.2133320487525086,4,4,5.80032627696973,-0.13454115252045096
grid_0668,14,14,20,20,0.4,0.5,0.5,55.0,True,0.01,0.3,1.5,25,20,11,0.55,6.585812877311975,0.32929064386559875,1.7605601619438844,4.083808297746941,15,15,11.669742321466241,3.3080098322159968,2.02632242706261,16,8,0.5,3.141545382215721,0.19634658638848257,1.4110318865913418,4.083808297746941,12,12,9.652887776528313,1.5538309406171846,4,3,0.75,3.4442674950962533,0.8610668737740633,4.389722716008979,1.016091221511916,3,3,19.737160501217943,1.7273389643218007
grid_0669,14,14,20,20,0.4,0.5,0.5,55.0,True,0.01,0.3,2.0,25,20,11,0.55,8.701643884878784,0.4350821942439391,2.0049061225320806,4.083808297746941,15,15,14.307399303546493,4.393420520369062,2.02632242706261,16,8,0.5,3.75617620978253,0.2347610131114081,1.4914486362719725,4.083808297746941,12,12,10.90003684788594,1.8600053594319155,4,3,0.75,4.945467675096253,1.2363669187740634,5.867149297616736,1.016091221511916,3,3,27.936849126188708,2.4871539639110596
grid_0670,14,14,20,20,0.4,0.5,0.5,55.0,True,0.01,0.45,1.5,25,20,12,0.6,8.5974508651346,0.42987254325673,2.13265488412715,4.0745515129962815,15,15,15.210489528489722,4.3525559235354505,2.0217644062870743,16,9,0.5625,5.1481947398846275,0.3217621712427893,1.7829321933056268,4.0745515129962815,12,12,13.642685660307215,2.578093765802514,4,3,0.75,3.4492561252499727,0.8623140313124932,4.398284562924146,1.014999203681156,3,3,21.481705001219748,1.7298646256619366
grid_0671,14,14,20,20,0.4,0.5,0.5,55.0,True,0.01,0.45,2.0,25,20,11,0.55,6.145703602393695,0.30728518011968464,1.7137459635949717,4.0745515129962815,15,15,13.541539028934569,3.077508240940019,2.0217644062870743,16,9,0.5625,5.368885378706482,0.33555533616915506,1.8164946000569075,4.0745515129962815,12,12,14.421159609483011,2.6865032741927974,4,2,0.5,0.7768182236872125,0.19420455592180313,1.3817362131342217,1.2133320487525086,3,3,10.023056706740801,0.38077542255303687
grid_0672,14,14,20,20,0.4,0.5,1.0,55.0,True,,0.3,1.5,47,35,20,0.5714285714285714,13.784252491980858,0.39383578548516746,1.9321416944587964,3.6456917988518036,20,25,10.545096079488243,7.059324032431169,1.81534834675805,28,15,0.5357142857142857,8.410786073676784,0.30038521691702796,1.6599108119968025,3.6456917988518036,17,21,9.298995727280381,4.238209372797064,7,5,0.7142857142857143,5.373466418304077,0.7676380597577254,3.630976651200716,1.0262934632216996,3,4,15.529497488319691,2.706411282972687
grid_0673,14,14,20,20,0.4,0.5,1.0,55.0,True,,0.3,2.0,47,34,17,0.5,12.408191489881888,0.36494680852593786,1.7377908718826736,4.158378166837359,20,25,7.033915590534463,6.304075192236658,2.0700518975157345,27,12,0.4444444444444444,4.5327247715778105,0.16787869524362262,1.3067699343528758,4.158378166837359,17,21,3.1031207114532084,2.2270937548463765,7,5,0.7142857142857143,7.875466718304077,1.1250666740434396,4.8560153614407175,1.0262934632216991,3,4,22.195552981276446,3.9881613451394626
grid_0674,14,14,20,20,0.4,0.5,1.0,55.0,True,,0.45,1.5,47,34,19,0.5588235294117647,12.005343929360214,0.3530983508635357,1.824823355253816,3.627198323246427,20,25,8.7875372043246,6.116354123015344,1.8062620954571562,27,14,0.5185185185185185,6.617645806582941,0.24509799283640527,1.5287089200221655,3.627198323246427,17,21,6.626695361816591,3.3127642648023814,7,5,0.7142857142857143,5.387698122777272,0.7696711603967532,3.643057619457289,1.0234346477471576,3,4,17.12221288256978,2.7136916509435727
grid_0675,14,14,20,20,0.4,0.5,1.0,55.0,True,,0.45,2.0,47,34,17,0.5,9.180855366713716,0.2700251578445211,1.5535003866951425,4.13868783850709,20,25,6.390131496182352,4.6161680346523015,2.060407995011615,27,13,0.48148148148148145,5.464795025499206,0.20239981575922986,1.4039467290783327,4.13868783850709,17,21,4.723216533222849,2.7102599471638733,7,4,0.5714285714285714,3.7160603412145106,0.5308657630306444,2.215035931010828,2.236766696499666,3,4,12.819660639026154,1.855616068413135
grid_0676,14,14,20,20,0.4,0.5,1.0,55.0,True,0.0,0.3,1.5,27,22,11,0.5,4.527332996456553,0.20578786347529787,1.4224188004802298,4.083808297746941,16,17,9.602699202059496,2.247458379647327,2.02632242706261,18,8,0.4444444444444444,1.0830655013602997,0.06017030563112775,1.1116384022773547,4.083808297746941,13,14,7.3505966911353955,0.5112877429221951,4,3,0.75,3.4442674950962533,0.8610668737740633,4.389722716008979,1.016091221511916,3,3,19.737160501217943,1.7273389643218007
grid_0677,14,14,20,20,0.4,0.5,1.0,55.0,True,0.0,0.3,2.0,27,22,11,0.5,6.643164004023361,0.30196200018288005,1.6198345410353825,4.083808297746941,16,17,12.000569185768818,3.321726331783892,2.02632242706261,18,8,0.4444444444444444,1.6976963289271079,0.09431646271817266,1.174992283915895,4.083808297746941,13,14,8.459173643453285,0.8143190005712286,4,3,0.75,4.945467675096253,1.2363669187740634,5.867149297616736,1.016091221511916,3,3,27.936849126188708,2.4871539639110596
grid_0678,14,14,20,20,0.4,0.5,1.0,55.0,True,0.0,0.45,1.5,27,22,12,0.5454545454545454,6.547150449644272,0.2975977477111033,1.6791064851225646,4.0745515129962815,16,17,12.686274406578251,3.285527112268105,2.0217644062870743,18,9,0.5,3.097894324394299,0.17210524024412777,1.3591415426851838,4.0745515129962815,13,14,10.731734274435695,1.5292092369635801,4,3,0.75,3.4492561252499727,0.8623140313124932,4.398284562924146,1.014999203681156,3,3,21.481705001219748,1.7298646256619366
grid_0679,14,14,20,20,0.4,0.5,1.0,55.0,True,0.0,0.45,2.0,27,22,11,0.5,4.095403186903366,0.1861546903137893,1.3841556230173646,4.0745515129962815,16,17,11.169046679709929,2.0235170845823047,2.0217644062870743,18,9,0.5,3.318584963216153,0.18436583128978623,1.3847263974875357,4.0745515129962815,13,14,11.423711118147514,1.636510233273425,4,2,0.5,0.7768182236872125,0.19420455592180313,1.3817362131342217,1.2133320487525086,3,3,10.023056706740801,0.38077542255303687
grid_0680,14,14,20,20,0.4,0.5,1.0,55.0,True,0.01,0.3,1.5,24,20,11,0.55,6.588023213011332,0.32940116065056657,1.7610096769216939,4.083808297746941,15,15,11.549994481040033,3.309157400395968,2.02632242706261,16,8,0.5,3.1437557179150777,0.19648473236969236,1.4114400676583205,4.083808297746941,12,12,9.503202975995555,1.554959022990765,4,3,0.75,3.4442674950962533,0.8610668737740633,4.389722716008979,1.016091221511916,3,3,19.737160501217943,1.7273389643218007
grid_0681,14,14,20,20,0.4,0.5,1.0,55.0,True,0.01,0.3,2.0,24,20,11,0.55,8.70385422057814,0.43519271102890694,2.005418025135957,4.083808297746941,15,15,14.187651463120284,4.394580145530624,2.02632242706261,16,8,0.5,3.758386545481886,0.23489915909261785,1.491880080168799,4.083808297746941,12,12,10.750352047353179,1.8611368428585795,4,3,0.75,4.945467675096253,1.2363669187740634,5.867149297616736,1.016091221511916,3,3,27.936849126188708,2.4871539639110596
grid_0682,14,14,20,20,0.4,0.5,1.0,55.0,True,0.01,0.45,1.5,24,20,12,0.6,8.59888609660654,0.429944304830327,2.1330582067244146,4.0745515129962815,15,15,15.112693476896888,4.353308597011996,2.0217644062870743,16,9,0.5625,5.149629971356567,0.3218518732097854,1.7833214362631125,4.0745515129962815,12,12,13.520440595816172,2.578833640449263,4,3,0.75,3.4492561252499727,0.8623140313124932,4.398284562924146,1.014999203681156,3,3,21.481705001219748,1.7298646256619366
grid_0683,14,14,20,20,0.4,0.5,1.0,55.0,True,0.01,0.45,2.0,24,20,11,0.55,6.147138833865633,0.30735694169328165,1.7140316653078247,4.0745515129962815,15,15,13.443742977341737,3.0782517177604385,2.0217644062870743,16,9,0.5625,5.37032061017842,0.3356450381361512,1.8168911702310497,4.0745515129962815,12,12,14.298914544991968,2.687243930774974,4,2,0.5,0.7768182236872125,0.19420455592180313,1.3817362131342217,1.2133320487525086,3,3,10.023056706740801,0.38077542255303687
grid_0684,14,14,20,20,0.4,0.5,0.0,60.0,True,,0.3,1.5,83,41,20,0.4878048780487805,7.577466374962467,0.18481625304786503,1.360901690305866,5.502211489567289,23,28,7.685691134731806,3.7795083986633893,2.738981210309799,32,17,0.53125,9.283923220765695,0.29012260064892803,1.6256092068511903,3.816228226363366,18,22,9.291102553428034,4.685659948581011,9,3,0.3333333333333333,-1.7064568458032305,-0.18960631620035892,0.7228030505354884,3.1754866101440875,5,6,1.9775616460341077,-0.8655928141091174
grid_0685,14,14,20,20,0.4,0.5,0.0,60.0,True,,0.3,2.0,83,39,17,0.4358974358974359,7.222910302909606,0.18520282827973344,1.3283020928326088,6.13520758036194,23,28,4.960979959351168,3.5764446794210647,3.0286614291931024,30,14,0.4666666666666667,7.428166968712836,0.2476055656237612,1.4688111869980252,6.13520758036194,18,22,4.8350559084358995,3.7062139517948234,9,3,0.3333333333333333,-0.20525666580323088,-0.022806296200359035,0.9666580952469788,2.1746864901440874,5,6,5.380726795735397,-0.12513162657163956
grid_0686,14,14,20,20,0.4,0.5,0.0,60.0,True,,0.45,1.5,83,38,20,0.5263157894736842,10.388105093912785,0.27337118668191546,1.5883264767662721,3.731792599033877,23,28,7.8097495257586855,5.254614601184948,1.8670938085740052,30,17,0.5666666666666667,11.040684584797868,0.3680228194932623,1.8798532524733909,3.0955245963231643,18,22,8.993460928367686,5.614219741024451,8,3,0.375,-0.6525794908850833,-0.08157243636063544,0.8722615598463712,2.595851423535141,5,6,3.3708317659749376,-0.3404893211551685
grid_0687,14,14,20,20,0.4,0.5,0.0,60.0,True,,0.45,2.0,83,38,18,0.47368421052631576,8.932168420471118,0.23505706369660842,1.4535910632226468,6.117395586095883,23,28,6.377839818015375,4.473342415984871,3.019980271526046,30,15,0.5,9.254785452918961,0.3084928484306321,1.6346109287654471,6.117395586095883,18,22,7.3175084549055125,4.659947985839774,8,3,0.375,-0.3226170324478439,-0.04032712905598046,0.9368496910070114,3.2666890850979016,5,6,2.8540824296773586,-0.17829702139746662
grid_0688,14,14,20,20,0.4,0.5,0.0,60.0,True,0.0,0.3,1.5,31,24,11,0.4583333333333333,2.4305970273613786,0.10127487614005744,1.1896773490899857,4.083808297746941,18,19,8.301327031779794,1.1783376610879248,2.02632242706261,19,8,0.42105263157894735,0.016854084964635918,0.0008870571034018934,1.001565235788318,4.083808297746941,14,15,6.84165452738741,-0.02454340042397085,5,3,0.6,2.4137429423967425,0.4827485884793485,2.179382555734856,1.0305245526995108,4,4,13.848082548470845,1.2031763619042346
grid_0689,14,14,20,20,0.4,0.5,0.0,60.0,True,0.0,0.3,2.0,31,24,11,0.4583333333333333,4.546428034928186,0.18943450145534113,1.3547911923638498,4.143770414886205,18,19,10.49937451684667,2.241372843793177,2.063702859172789,19,8,0.42105263157894735,0.6314849125314437,0.03323604802797075,1.0586458883381193,4.083808297746941,14,15,7.891885324320148,0.27687238110385426,5,3,0.6,3.9149431223967426,0.7829886244793485,2.9128862250195415,1.0305245526995108,4,4,20.407833448447455,1.9590763214305529
grid_0690,14,14,20,20,0.4,0.5,0.0,60.0,True,0.0,0.45,1.5,31,24,12,0.5,4.466646092173161,0.18611025384054844,1.3810697487009065,4.0745515129962815,18,19,11.01026742651579,2.2138910292737624,2.0217644062870743,19,9,0.47368421052631576,2.044113605795755,0.10758492662082925,1.2111772272296364,4.0745515129962815,14,15,9.968957561769187,0.9942617604103976,5,3,0.6,2.4225324863774063,0.48450649727548123,2.1865138773426174,1.0267236388725662,4,4,14.96724491255289,1.2076223417095688
grid_0691,14,14,20,20,0.4,0.5,0.0,60.0,True,0.0,0.45,2.0,31,24,11,0.4583333333333333,2.014898829432255,0.08395411789301062,1.1581392328735414,4.0745515129962815,18,19,9.619475343553164,0.9649749511526196,2.0217644062870743,19,9,0.47368421052631576,2.2648042446176087,0.11920022340092677,1.2339767609981094,4.0745515129962815,14,15,10.624514571601436,1.1009973982618826,5,2,0.4,-0.2499054151853537,-0.04998108303707074,0.9183764945559425,1.2133320487525086,4,4,5.80032627696973,-0.13454115252045096
grid_0692,14,14,20,20,0.4,0.5,0.0,60.0,True,0.01,0.3,1.5,25,20,11,0.55,6.585812877311975,0.32929064386559875,1.7605601619438844,4.083808297746941,15,15,11.669742321466241,3.3080098322159968,2.02632242706261,16,8,0.5,3.141545382215721,0.19634658638848257,1.4110318865913418,4.083808297746941,12,12,9.652887776528313,1.5538309406171846,4,3,0.75,3.4442674950962533,0.8610668737740633,4.389722716008979,1.016091221511916,3,3,19.737160501217943,1.7273389643218007
grid_0693,14,14,20,20,0.4,0.5,0.0,60.0,True,0.01,0.3,2.0,25,20,11,0.55,8.701643884878784,0.4350821942439391,2.0049061225320806,4.083808297746941,15,15,14.307399303546493,4.393420520369062,2.02632242706261,16,8,0.5,3.75617620978253,0.2347610131114081,1.4914486362719725,4.083808297746941,12,12,10.90003684788594,1.8600053594319155,4,3,0.75,4.945467675096253,1.2363669187740634,5.867149297616736,1.016091221511916,3,3,27.936849126188708,2.4871539639110596
grid_0694,14,14,20,20,0.4,0.5,0.0,60.0,True,0.01,0.45,1.5,25,20,12,0.6,8.5974508651346,0.42987254325673,2.13265488412715,4.0745515129962815,15,15,15.210489528489722,4.3525559235354505,2.0217644062870743,16,9,0.5625,5.1481947398846275,0.3217621712427893,1.7829321933056268,4.0745515129962815,12,12,13.642685660307215,2.578093765802514,4,3,0.75,3.4492561252499727,0.8623140313124932,4.398284562924146,1.014999203681156,3,3,21.481705001219748,1.7298646256619366
grid_0695,14,14,20,20,0.4,0.5,0.0,60.0,True,0.01,0.45,2.0,25,20,11,0.55,6.145703602393695,0.30728518011968464,1.7137459635949717,4.0745515129962815,15,15,13.541539028934569,3.077508240940019,2.0217644062870743,16,9,0.5625,5.368885378706482,0.33555533616915506,1.8164946000569075,4.0745515129962815,12,12,14.421159609483011,2.6865032741927974,4,2,0.5,0.7768182236872125,0.19420455592180313,1.3817362131342217,1.2133320487525086,3,3,10.023056706740801,0.38077542255303687
grid_0696,14,14,20,20,0.4,0.5,0.5,60.0,True,,0.3,1.5,75,40,21,0.525,11.120096332659148,0.27800240831647877,1.5873654748843653,4.9302969378374115,23,28,8.798579991969339,5.634095760981062,2.4551523646045736,31,16,0.5161290322580645,7.796591511129864,0.2515029519719311,1.525383430628845,3.816228226363365,18,22,8.622063040816581,3.9128952280175433,9,5,0.5555555555555556,3.3235048215292844,0.36927831350325385,1.8121269787326664,2.6035720584142092,5,6,9.406582823717722,1.6563878132609622
grid_0697,14,14,20,20,0.4,0.5,0.5,60.0,True,,0.3,2.0,75,38,18,0.47368421052631576,11.265940320606287,0.2964721137001655,1.5650760381838638,6.13520758036194,23,28,6.216794733106747,5.6892464478252025,3.0286614291931024,29,13,0.4482758620689655,5.440435199077003,0.18760121376127598,1.34336019831109,6.13520758036194,18,22,3.617812620479297,2.6856562457667987,9,5,0.5555555555555556,5.825505121529285,0.6472783468365872,2.4235122643096685,2.1031719984142088,5,6,14.591292651572976,2.9250338478332694
grid_0698,14,14,20,20,0.4,0.5,0.5,60.0,True,,0.45,1.5,75,37,21,0.5675675675675675,13.921428405769207,0.3762548217775462,1.8921618038971784,3.171369373693623,23,28,9.117475144909875,7.130541180205641,1.586400784063624,29,16,0.5517241379310345,9.55112341858682,0.3293490833995456,1.7611472766996212,3.0955245963231643,18,22,8.067805240147862,4.833440630606178,8,5,0.625,4.370304987182388,0.5462881233977985,2.4301545885095006,2.035428198194885,5,6,12.92252854967217,2.191190650408581
grid_0699,14,14,20,20,0.4,0.5,0.5,60.0,True,,0.45,2.0,75,37,18,0.4864864864864865,9.963491432327546,0.2692835522250688,1.5339723659854383,6.117395586095883,23,28,6.619215508758936,5.014876270315449,3.019980271526046,29,14,0.4827586206896552,7.264824226707919,0.25051118023130753,1.4981570748757582,6.117395586095883,18,22,5.918917625224436,3.6288609102012037,8,4,0.5,2.698667205619627,0.3373334007024534,1.6621214915375915,2.2337610432662376,5,6,9.157795336571496,1.3374800687187882
grid_0700,14,14,20,20,0.4,0.5,0.5,60.0,True,0.0,0.3,1.5,31,24,11,0.4583333333333333,2.4305970273613786,0.10127487614005744,1.1896773490899857,4.083808297746941,18,19,8.301327031779794,1.1783376610879248,2.02632242706261,19,8,0.42105263157894735,0.016854084964635918,0.0008870571034018934,1.001565235788318,4.083808297746941,14,15,6.84165452738741,-0.02454340042397085,5,3,0.6,2.4137429423967425,0.4827485884793485,2.179382555734856,1.0305245526995108,4,4,13.848082548470845,1.2031763619042346
grid_0701,14,14,20,20,0.4,0.5,0.5,60.0,True,0.0,0.3,2.0,31,24,11,0.4583333333333333,4.546428034928186,0.18943450145534113,1.3547911923638498,4.143770414886205,18,19,10.49937451684667,2.241372843793177,2.063702859172789,19,8,0.42105263157894735,0.6314849125314437,0.03323604802797075,1.0586458883381193,4.083808297746941,14,15,7.891885324320148,0.27687238110385426,5,3,0.6,3.9149431223967426,0.7829886244793485,2.9128862250195415,1.0305245526995108,4,4,20.407833448447455,1.9590763214305529
grid_0702,14,14,20,20,0.4,0.5,0.5,60.0,True,0.0,0.45,1.5,31,24,12,0.5,4.466646092173161,0.18611025384054844,1.3810697487009065,4.0745515129962815,18,19,11.01026742651579,2.2138910292737624,2.0217644062870743,19,9,0.47368421052631576,2.044113605795755,0.10758492662082925,1.2111772272296364,4.0745515129962815,14,15,9.968957561769187,0.9942617604103976,5,3,0.6,2.4225324863774063,0.48450649727548123,2.1865138773426174,1.0267236388725662,4,4,14.96724491255289,1.2076223417095688
grid_0703,14,14,20,20,0.4,0.5,0.5,60.0,True,0.0,0.45,2.0,31,24,11,0.4583333333333333,2.014898829432255,0.08395411789301062,1.1581392328735414,4.0745515129962815,18,19,9.619475343553164,0.9649749511526196,2.0217644062870743,19,9,0.47368421052631576,2.2648042446176087,0.11920022340092677,1.2339767609981094,4.0745515129962815,14,15,10.624514571601436,1.1009973982618826,5,2,0.4,-0.2499054151853537,-0.04998108303707074,0.9183764945559425,1.2133320487525086,4,4,5.80032627696973,-0.13454115252045096
grid_0704,14,14,20,20,0.4,0.5,0.5,60.0,True,0.01,0.3,1.5,25,20,11,0.55,6.585812877311975,0.32929064386559875,1.7605601619438844,4.083808297746941,15,15,11.669742321466241,3.3080098322159968,2.02632242706261,16,8,0.5,3.141545382215721,0.19634658638848257,1.4110318865913418,4.083808297746941,12,12,9.652887776528313,1.5538309406171846,4,3,0.75,3.4442674950962533,0.8610668737740633,4.389722716008979,1.016091221511916,3,3,19.737160501217943,1.7273389643218007
grid_0705,14,14,20,20,0.4,0.5,0.5,60.0,True,0.01,0.3,2.0,25,20,11,0.55,8.701643884878784,0.4350821942439391,2.0049061225320806,4.083808297746941,15,15,14.307399303546493,4.393420520369062,2.02632242706261,16,8,0.5,3.75617620978253,0.2347610131114081,1.4914486362719725,4.083808297746941,12,12,10.90003684788594,1.8600053594319155,4,3,0.75,4.945467675096253,1.2363669187740634,5.867149297616736,1.016091221511916,3,3,27.936849126188708,2.4871539639110596
grid_0706,14,14,20,20,0.4,0.5,0.5,60.0,True,0.01,0.45,1.5,25,20,12,0.6,8.5974508651346,0.42987254325673,2.13265488412715,4.0745515129962815,15,15,15.210489528489722,4.3525559235354505,2.0217644062870743,16,9,0.5625,5.1481947398846275,0.3217621712427893,1.7829321933056268,4.0745515129962815,12,12,13.642685660307215,2.578093765802514,4,3,0.75,3.4492561252499727,0.8623140313124932,4.398284562924146,1.014999203681156,3,3,21.481705001219748,1.7298646256619366
grid_0707,14,14,20,20,0.4,0.5,0.5,60.0,True,0.01,0.45,2.0,25,20,11,0.55,6.145703602393695,0.30728518011968464,1.7137459635949717,4.0745515129962815,15,15,13.541539028934569,3.077508240940019,2.0217644062870743,16,9,0.5625,5.368885378706482,0.33555533616915506,1.8164946000569075,4.0745515129962815,12,12,14.421159609483011,2.6865032741927974,4,2,0.5,0.7768182236872125,0.19420455592180313,1.3817362131342217,1.2133320487525086,3,3,10.023056706740801,0.38077542255303687
grid_0708,14,14,20,20,0.4,0.5,1.0,60.0,True,,0.3,1.5,42,31,17,0.5483870967741935,10.364488574330764,0.334338341107444,1.7531549755074665,3.6456917988518036,18,23,10.117170872621644,5.254314298610696,1.81534834675805,25,12,0.48,3.9647286928049876,0.15858914771219954,1.3110728662097828,3.6456917988518036,15,19,7.74611204775826,1.9548866685678234,6,5,0.8333333333333334,6.399759881525777,1.0666266469209627,7.298410758832371,1.016091221511916,3,4,19.996582642885745,3.2361642858459216
grid_0709,14,14,20,20,0.4,0.5,1.0,60.0,True,,0.3,2.0,42,30,15,0.5,10.48962775223179,0.34965425840772635,1.7103386376644305,4.158378166837359,18,23,6.54749295629101,5.302274366841675,2.0700518975157345,24,10,0.4166666666666667,1.5878675707060141,0.06616114877941726,1.1154729709675337,4.158378166837359,15,19,1.2409543491966064,0.7440826267797629,6,5,0.8333333333333334,8.901760181525777,1.4836266969209628,9.760788394845298,1.016091221511916,3,4,27.773647384668624,4.5245255316367805
grid_0710,14,14,20,20,0.4,0.5,1.0,60.0,True,,0.45,1.5,42,30,17,0.5666666666666667,11.077812991492518,0.36926043304975065,1.8854996846400174,3.627198323246427,18,23,8.997206708325908,5.633936238380044,1.8062620954571562,24,12,0.5,4.6666802209680895,0.19444500920700372,1.4059663099769444,3.627198323246427,15,19,5.724968617731959,2.3168259241447053,6,5,0.8333333333333334,6.41113277052443,1.0685221284207385,7.3163919215629,1.014999203681156,3,4,22.0861590707017,3.241998844544458
grid_0711,14,14,20,20,0.4,0.5,1.0,60.0,True,,0.45,2.0,42,30,15,0.5,8.12566566875161,0.27085552229172033,1.5587687458216595,4.13868783850709,18,23,6.185315296415175,4.075108805116523,2.060407995011615,24,11,0.4583333333333333,3.386170679789941,0.14109044499124754,1.2707392309446415,4.13868783850709,15,19,3.465015423877102,1.6561898501250338,6,4,0.6666666666666666,4.739494988961669,0.7899158314936114,3.3290350484662934,1.2133320487525086,3,4,17.06651478656747,2.379509755931042
grid_0712,14,14,20,20,0.4,0.5,1.0,60.0,True,0.0,0.3,1.5,27,22,11,0.5,4.527332996456553,0.20578786347529787,1.4224188004802298,4.083808297746941,16,17,9.602699202059496,2.247458379647327,2.02632242706261,18,8,0.4444444444444444,1.0830655013602997,0.06017030563112775,1.1116384022773547,4.083808297746941,13,14,7.3505966911353955,0.5112877429221951,4,3,0.75,3.4442674950962533,0.8610668737740633,4.389722716008979,1.016091221511916,3,3,19.737160501217943,1.7273389643218007
grid_0713,14,14,20,20,0.4,0.5,1.0,60.0,True,0.0,0.3,2.0,27,22,11,0.5,6.643164004023361,0.30196200018288005,1.6198345410353825,4.083808297746941,16,17,12.000569185768818,3.321726331783892,2.02632242706261,18,8,0.4444444444444444,1.6976963289271079,0.09431646271817266,1.174992283915895,4.083808297746941,13,14,8.459173643453285,0.8143190005712286,4,3,0.75,4.945467675096253,1.2363669187740634,5.867149297616736,1.016091221511916,3,3,27.936849126188708,2.4871539639110596
grid_0714,14,14,20,20,0.4,0.5,1.0,60.0,True,0.0,0.45,1.5,27,22,12,0.5454545454545454,6.547150449644272,0.2975977477111033,1.6791064851225646,4.0745515129962815,16,17,12.686274406578251,3.285527112268105,2.0217644062870743,18,9,0.5,3.097894324394299,0.17210524024412777,1.3591415426851838,4.0745515129962815,13,14,10.731734274435695,1.5292092369635801,4,3,0.75,3.4492561252499727,0.8623140313124932,4.398284562924146,1.014999203681156,3,3,21.481705001219748,1.7298646256619366
grid_0715,14,14,20,20,0.4,0.5,1.0,60.0,True,0.0,0.45,2.0,27,22,11,0.5,4.095403186903366,0.1861546903137893,1.3841556230173646,4.0745515129962815,16,17,11.169046679709929,2.0235170845823047,2.0217644062870743,18,9,0.5,3.318584963216153,0.18436583128978623,1.3847263974875357,4.0745515129962815,13,14,11.423711118147514,1.636510233273425,4,2,0.5,0.7768182236872125,0.19420455592180313,1.3817362131342217,1.2133320487525086,3,3,10.023056706740801,0.38077542255303687
grid_0716,14,14,20,20,0.4,0.5,1.0,60.0,True,0.01,0.3,1.5,24,20,11,0.55,6.588023213011332,0.32940116065056657,1.7610096769216939,4.083808297746941,15,15,11.549994481040033,3.309157400395968,2.02632242706261,16,8,0.5,3.1437557179150777,0.19648473236969236,1.4114400676583205,4.083808297746941,12,12,9.503202975995555,1.554959022990765,4,3,0.75,3.4442674950962533,0.8610668737740633,4.389722716008979,1.016091221511916,3,3,19.737160501217943,1.7273389643218007
grid_0717,14,14,20,20,0.4,0.5,1.0,60.0,True,0.01,0.3,2.0,24,20,11,0.55,8.70385422057814,0.43519271102890694,2.005418025135957,4.083808297746941,15,15,14.187651463120284,4.394580145530624,2.02632242706261,16,8,0.5,3.758386545481886,0.23489915909261785,1.491880080168799,4.083808297746941,12,12,10.750352047353179,1.8611368428585795,4,3,0.75,4.945467675096253,1.2363669187740634,5.867149297616736,1.016091221511916,3,3,27.936849126188708,2.4871539639110596
grid_0718,14,14,20,20,0.4,0.5,1.0,60.0,True,0.01,0.45,1.5,24,20,12,0.6,8.59888609660654,0.429944304830327,2.1330582067244146,4.0745515129962815,15,15,15.112693476896888,4.353308597011996,2.0217644062870743,16,9,0.5625,5.149629971356567,0.3218518732097854,1.7833214362631125,4.0745515129962815,12,12,13.520440595816172,2.578833640449263,4,3,0.75,3.4492561252499727,0.8623140313124932,4.398284562924146,1.014999203681156,3,3,21.481705001219748,1.7298646256619366
grid_0719,14,14,20,20,0.4,0.5,1.0,60.0,True,0.01,0.45,2.0,24,20,11,0.55,6.147138833865633,0.30735694169328165,1.7140316653078247,4.0745515129962815,15,15,13.443742977341737,3.0782517177604385,2.0217644062870743,16,9,0.5625,5.37032061017842,0.3356450381361512,1.8168911702310497,4.0745515129962815,12,12,14.298914544991968,2.687243930774974,4,2,0.5,0.7768182236872125,0.19420455592180313,1.3817362131342217,1.2133320487525086,3,3,10.023056706740801,0.38077542255303687
grid_0720,14,14,20,20,0.4,0.5,0.0,65.0,True,,0.3,1.5,59,32,14,0.4375,2.891905831389423,0.09037205723091953,1.161515399690406,5.8602233772339485,22,26,4.74954496003824,1.3944998095683392,2.912728814845811,24,11,0.4583333333333333,3.5694305011367335,0.14872627088069731,1.2793496254763488,5.203172290085944,17,20,5.164395164641449,1.7536316162882093,8,3,0.375,-0.6775246697473103,-0.08469058371841379,0.8678563975325005,2.6118189793944677,5,6,3.5049943462286155,-0.35294249553091683
grid_0721,14,14,20,20,0.4,0.5,0.0,65.0,True,,0.3,2.0,59,31,12,0.3870967741935484,2.036185044842177,0.06568338854329603,1.1076991803558178,4.627479518631072,22,26,3.173040593835576,0.948686295841572,2.3148617694099483,23,9,0.391304347826087,1.2125095345894885,0.05271780585171687,1.0879966549192943,4.06956083470795,17,20,1.7259050996418401,0.5551658531736336,8,3,0.375,0.8236755102526887,0.10295943878158609,1.1606486878620086,2.1114189193944686,5,6,7.3335551396425664,0.39134781324170476
grid_0722,14,14,20,20,0.4,0.5,0.0,65.0,True,,0.45,1.5,59,31,15,0.4838709677419355,6.174746453666793,0.19918536947312232,1.3956529944028502,3.731792599033879,22,26,6.818212533281487,3.074544912022814,1.8670938085740163,23,12,0.5217391304347826,6.827325944551877,0.2968402584587772,1.650360692490604,3.0955245963231643,17,20,8.017301495822895,3.426701786829933,8,3,0.375,-0.6525794908850833,-0.08157243636063544,0.8722615598463712,2.595851423535141,5,6,3.3708317659749376,-0.3404893211551685
grid_0723,14,14,20,20,0.4,0.5,0.0,65.0,True,,0.45,2.0,59,31,13,0.41935483870967744,2.7221990709258836,0.08781287325567368,1.1543498120049969,5.200015320026168,22,26,3.7840743667886376,1.3018872221472577,2.5824378142130566,23,10,0.43478260869565216,3.0448161033737273,0.13238330884233598,1.2430439965740052,4.0618340842361516,17,20,4.1075498231751695,1.4828280818471207,8,3,0.375,-0.3226170324478439,-0.04032712905598046,0.9368496910070114,3.2666890850979016,5,6,2.8540824296773586,-0.17829702139746662
grid_0724,14,14,20,20,0.4,0.5,0.0,65.0,True,0.0,0.3,1.5,28,22,9,0.4090909090909091,0.564723055981394,0.025669229817336082,1.0440770931466596,5.2058217044207815,18,19,4.1232048532205035,0.24176892906904168,2.580050176715709,17,6,0.35294117647058826,-1.8490198864153484,-0.1087658756714911,0.8282466048895424,5.2058217044207815,14,15,1.2629467075586382,-0.9499775277775679,5,3,0.6,2.4137429423967425,0.4827485884793485,2.179382555734856,1.0305245526995108,4,4,13.848082548470845,1.2031763619042346
grid_0725,14,14,20,20,0.4,0.5,0.0,65.0,True,0.0,0.3,2.0,28,22,9,0.4090909090909091,2.1801540035482025,0.09909790925219103,1.170162790540685,5.530714478608784,18,19,5.020526023490474,1.0440299982234835,2.7416057426135176,17,6,0.35294117647058826,-1.73478911884854,-0.10204641875579648,0.8388573734917713,4.705421644420785,14,15,0.4948473690913609,-0.897464312370122,5,3,0.6,3.9149431223967426,0.7829886244793485,2.9128862250195415,1.0305245526995108,4,4,20.407833448447455,1.9590763214305529
grid_0726,14,14,20,20,0.4,0.5,0.0,65.0,True,0.0,0.45,1.5,28,22,10,0.45454545454545453,2.6306405956351604,0.11957457252887092,1.224459312880238,4.0745515129962815,18,19,6.818246891543975,1.2828324244127831,2.0217644062870743,17,7,0.4117647058823529,0.20810810925775391,0.012241653485750237,1.0215028218608107,4.0745515129962815,14,15,4.421482767717825,0.07431266634172484,5,3,0.6,2.4225324863774063,0.48450649727548123,2.1865138773426174,1.0267236388725662,4,4,14.96724491255289,1.2076223417095688
grid_0727,14,14,20,20,0.4,0.5,0.0,65.0,True,0.0,0.45,2.0,28,22,9,0.4090909090909091,-0.3215067271057468,-0.014613942141170322,0.9747637180420226,4.0745515129962815,18,19,3.7070964056724383,-0.2025453131084931,2.0217644062870743,17,7,0.4117647058823529,-0.07160131192039315,-0.004211841877670199,0.9926017767365444,4.0745515129962815,14,15,3.091440561173235,-0.06809577743184247,5,2,0.4,-0.2499054151853537,-0.04998108303707074,0.9183764945559425,1.2133320487525086,4,4,5.80032627696973,-0.13454115252045096
grid_0728,14,14,20,20,0.4,0.5,0.0,65.0,True,0.01,0.3,1.5,22,18,9,0.5,4.71993890593199,0.26221882810733277,1.5452195697792024,4.083808297746941,15,15,6.937416913192269,2.351727548748861,2.02632242706261,14,6,0.42857142857142855,1.2756714108357365,0.0911193864882669,1.166953917123092,4.083808297746941,12,12,3.280347316613505,0.6137864125650871,4,3,0.75,3.4442674950962533,0.8610668737740633,4.389722716008979,1.016091221511916,3,3,19.737160501217943,1.7273389643218007
grid_0729,14,14,20,20,0.4,0.5,0.0,65.0,True,0.01,0.3,2.0,22,18,9,0.5,6.3353698534988,0.35196499186104435,1.731824647470663,4.083808297746941,15,15,8.034142787966678,3.1708751680528113,2.02632242706261,14,6,0.42857142857142855,1.3899021784025454,0.0992787270287532,1.1819039065476897,4.083808297746941,12,12,2.347655262760383,0.6671286865693293,4,3,0.75,4.945467675096253,1.2363669187740634,5.867149297616736,1.016091221511916,3,3,27.936849126188708,2.4871539639110596
grid_0730,14,14,20,20,0.4,0.5,0.0,65.0,True,0.01,0.45,1.5,22,18,10,0.5555555555555556,6.761445368596599,0.3756358538109222,1.8909422776550722,4.0745515129962815,15,15,10.55360021929905,3.402016381859907,2.0217644062870743,14,7,0.5,3.3121892433466265,0.23658494595333046,1.5038243232435669,4.0745515129962815,12,12,7.431284567321707,1.6437176657523311,4,3,0.75,3.4492561252499727,0.8623140313124932,4.398284562924146,1.014999203681156,3,3,21.481705001219748,1.7298646256619366
grid_0731,14,14,20,20,0.4,0.5,0.0,65.0,True,0.01,0.45,2.0,22,18,9,0.5,3.8092980458556918,0.2116276692142051,1.4424756786606907,4.0745515129962815,15,15,6.751082958789394,1.8855594515795326,2.0217644062870743,14,7,0.5,3.032479822168479,0.2166057015834628,1.4612771136863194,4.0745515129962815,12,12,5.816233316517563,1.4990759163715728,4,2,0.5,0.7768182236872125,0.19420455592180313,1.3817362131342217,1.2133320487525086,3,3,10.023056706740801,0.38077542255303687
grid_0732,14,14,20,20,0.4,0.5,0.5,65.0,True,,0.3,1.5,53,32,16,0.5,7.921867498721938,0.24755835933506062,1.5000844430203966,5.28830882550407,22,26,6.838957166261757,3.9739772231177195,2.629407002509665,24,11,0.4583333333333333,3.5694305011367335,0.14872627088069731,1.2793496254763488,5.203172290085944,17,20,5.164395164641449,1.7536316162882093,8,5,0.625,4.352436997585205,0.5440546246981506,2.4207798383634853,2.0399044276645895,5,6,11.862643171122683,2.182079962710737
grid_0733,14,14,20,20,0.4,0.5,0.5,65.0,True,,0.3,2.0,53,31,14,0.45161290322580644,8.066946832174693,0.260224091360474,1.4789650131445455,4.555965026901194,22,26,5.847075842304551,4.031646029764291,2.272499091279112,23,9,0.391304347826087,1.2125095345894885,0.05271780585171687,1.0879966549192943,4.06956083470795,17,20,1.7259050996418401,0.5551658531736336,8,5,0.625,6.854437297585205,0.8568046621981507,3.2375157460381145,2.0399044276645895,5,6,17.695441727459844,3.457286502482493
grid_0734,14,14,20,20,0.4,0.5,0.5,65.0,True,,0.45,1.5,53,31,17,0.5483870967741935,11.197630931734263,0.3612139010236859,1.826175143351117,3.171369373693623,22,26,9.283166541977547,5.692978006408955,1.5864007840636019,23,12,0.5217391304347826,6.827325944551877,0.2968402584587772,1.650360692490604,3.0955245963231643,17,20,8.017301495822895,3.426701786829933,8,5,0.625,4.370304987182388,0.5462881233977985,2.4301545885095006,2.035428198194885,5,6,12.92252854967217,2.191190650408581
grid_0735,14,14,20,20,0.4,0.5,0.5,65.0,True,,0.45,2.0,53,31,14,0.45161290322580644,5.743483308993355,0.1852736551288179,1.3459173739245875,4.167087278194503,22,26,5.410838987922608,2.8401406806139784,2.076699238584212,23,10,0.43478260869565216,3.0448161033737273,0.13238330884233598,1.2430439965740052,4.0618340842361516,17,20,4.1075498231751695,1.4828280818471207,8,4,0.5,2.698667205619627,0.3373334007024534,1.6621214915375915,2.2337610432662376,5,6,9.157795336571496,1.3374800687187882
grid_0736,14,14,20,20,0.4,0.5,0.5,65.0,True,0.0,0.3,1.5,28,22,9,0.4090909090909091,0.564723055981394,0.025669229817336082,1.0440770931466596,5.2058217044207815,18,19,4.1232048532205035,0.24176892906904168,2.580050176715709,17,6,0.35294117647058826,-1.8490198864153484,-0.1087658756714911,0.8282466048895424,5.2058217044207815,14,15,1.2629467075586382,-0.9499775277775679,5,3,0.6,2.4137429423967425,0.4827485884793485,2.179382555734856,1.0305245526995108,4,4,13.848082548470845,1.2031763619042346
grid_0737,14,14,20,20,0.4,0.5,0.5,65.0,True,0.0,0.3,2.0,28,22,9,0.4090909090909091,2.1801540035482025,0.09909790925219103,1.170162790540685,5.530714478608784,18,19,5.020526023490474,1.0440299982234835,2.7416057426135176,17,6,0.35294117647058826,-1.73478911884854,-0.10204641875579648,0.8388573734917713,4.705421644420785,14,15,0.4948473690913609,-0.897464312370122,5,3,0.6,3.9149431223967426,0.7829886244793485,2.9128862250195415,1.0305245526995108,4,4,20.407833448447455,1.9590763214305529
grid_0738,14,14,20,20,0.4,0.5,0.5,65.0,True,0.0,0.45,1.5,28,22,10,0.45454545454545453,2.6306405956351604,0.11957457252887092,1.224459312880238,4.0745515129962815,18,19,6.818246891543975,1.2828324244127831,2.0217644062870743,17,7,0.4117647058823529,0.20810810925775391,0.012241653485750237,1.0215028218608107,4.0745515129962815,14,15,4.421482767717825,0.07431266634172484,5,3,0.6,2.4225324863774063,0.48450649727548123,2.1865138773426174,1.0267236388725662,4,4,14.96724491255289,1.2076223417095688
grid_0739,14,14,20,20,0.4,0.5,0.5,65.0,True,0.0,0.45,2.0,28,22,9,0.4090909090909091,-0.3215067271057468,-0.014613942141170322,0.9747637180420226,4.0745515129962815,18,19,3.7070964056724383,-0.2025453131084931,2.0217644062870743,17,7,0.4117647058823529,-0.07160131192039315,-0.004211841877670199,0.9926017767365444,4.0745515129962815,14,15,3.091440561173235,-0.06809577743184247,5,2,0.4,-0.2499054151853537,-0.04998108303707074,0.9183764945559425,1.2133320487525086,4,4,5.80032627696973,-0.13454115252045096
grid_0740,14,14,20,20,0.4,0.5,0.5,65.0,True,0.01,0.3,1.5,22,18,9,0.5,4.71993890593199,0.26221882810733277,1.5452195697792024,4.083808297746941,15,15,6.937416913192269,2.351727548748861,2.02632242706261,14,6,0.42857142857142855,1.2756714108357365,0.0911193864882669,1.166953917123092,4.083808297746941,12,12,3.280347316613505,0.6137864125650871,4,3,0.75,3.4442674950962533,0.8610668737740633,4.389722716008979,1.016091221511916,3,3,19.737160501217943,1.7273389643218007
grid_0741,14,14,20,20,0.4,0.5,0.5,65.0,True,0.01,0.3,2.0,22,18,9,0.5,6.3353698534988,0.35196499186104435,1.731824647470663,4.083808297746941,15,15,8.034142787966678,3.1708751680528113,2.02632242706261,14,6,0.42857142857142855,1.3899021784025454,0.0992787270287532,1.1819039065476897,4.083808297746941,12,12,2.347655262760383,0.6671286865693293,4,3,0.75,4.945467675096253,1.2363669187740634,5.867149297616736,1.016091221511916,3,3,27.936849126188708,2.4871539639110596
grid_0742,14,14,20,20,0.4,0.5,0.5,65.0,True,0.01,0.45,1.5,22,18,10,0.5555555555555556,6.761445368596599,0.3756358538109222,1.8909422776550722,4.0745515129962815,15,15,10.55360021929905,3.402016381859907,2.0217644062870743,14,7,0.5,3.3121892433466265,0.23658494595333046,1.5038243232435669,4.0745515129962815,12,12,7.431284567321707,1.6437176657523311,4,3,0.75,3.4492561252499727,0.8623140313124932,4.398284562924146,1.014999203681156,3,3,21.481705001219748,1.7298646256619366
grid_0743,14,14,20,20,0.4,0.5,0.5,65.0,True,0.01,0.45,2.0,22,18,9,0.5,3.8092980458556918,0.2116276692142051,1.4424756786606907,4.0745515129962815,15,15,6.751082958789394,1.8855594515795326,2.0217644062870743,14,7,0.5,3.032479822168479,0.2166057015834628,1.4612771136863194,4.0745515129962815,12,12,5.816233316517563,1.4990759163715728,4,2,0.5,0.7768182236872125,0.19420455592180313,1.3817362131342217,1.2133320487525086,3,3,10.023056706740801,0.38077542255303687
grid_0744,14,14,20,20,0.4,0.5,1.0,65.0,True,,0.3,1.5,36,27,14,0.5185185185185185,8.069562703877226,0.29887269273619355,1.6339143949813093,4.1391712093896365,18,21,7.622079834077931,4.060684937357895,2.057699416576808,21,9,0.42857142857142855,1.669802822351449,0.0795144201119738,1.1425519466265592,4.1391712093896365,15,17,4.086507602989985,0.79867424096558,6,5,0.8333333333333334,6.399759881525777,1.0666266469209627,7.298410758832371,1.016091221511916,3,4,19.996582642885745,3.2361642858459216
grid_0745,14,14,20,20,0.4,0.5,1.0,65.0,True,,0.3,2.0,36,27,13,0.48148148148148145,9.191257372166541,0.3404169397098719,1.669166234295839,5.08561979021156,18,21,6.817059222670961,4.62744445866381,2.5170777065828376,21,8,0.38095238095238093,0.28949719064076435,0.013785580506703048,1.0227604727234598,5.08561979021156,15,17,0.8294626049573427,0.0984639026137657,6,5,0.8333333333333334,8.901760181525777,1.4836266969209628,9.760788394845298,1.016091221511916,3,4,27.773647384668624,4.5245255316367805
grid_0746,14,14,20,20,0.4,0.5,1.0,65.0,True,,0.45,1.5,36,27,15,0.5555555555555556,10.299919332136554,0.3814784937828353,1.8969835537002326,4.064855460577173,18,21,9.644372442583322,5.228229060694134,2.0169898700732602,21,10,0.47619047619047616,3.8887865616121244,0.18518031245772018,1.3714984156126182,4.064855460577173,15,17,6.089576263120926,1.9238587380901118,6,5,0.8333333333333334,6.41113277052443,1.0685221284207385,7.3163919215629,1.014999203681156,3,4,22.0861590707017,3.241998844544458
grid_0747,14,14,20,20,0.4,0.5,1.0,65.0,True,,0.45,2.0,36,27,13,0.48148148148148145,6.847371949395644,0.25360636849613494,1.5066613416222778,5.076745035837838,18,21,6.376464399593572,3.4185170945128185,2.51272980258892,21,9,0.42857142857142855,2.107876960433974,0.10037509335399879,1.1836172757048862,5.076745035837838,15,17,3.322164289029601,1.0148586773453872,6,4,0.6666666666666666,4.739494988961669,0.7899158314936114,3.3290350484662934,1.2133320487525086,3,4,17.06651478656747,2.379509755931042
grid_0748,14,14,20,20,0.4,0.5,1.0,65.0,True,0.0,0.3,1.5,25,20,9,0.45,2.6592486893772116,0.1329624344688606,1.2481188466641486,4.141820623724475,16,17,5.256649863098455,1.2998679494175214,2.059003546359983,16,6,0.375,-0.7850188057190417,-0.04906367535744009,0.919083153218268,4.141820623724475,13,14,1.6365222035685831,-0.420212520308072,4,3,0.75,3.4442674950962533,0.8610668737740633,4.389722716008979,1.016091221511916,3,3,19.737160501217943,1.7273389643218007
grid_0749,14,14,20,20,0.4,0.5,1.0,65.0,True,0.0,0.3,2.0,25,20,9,0.45,4.274679636944021,0.21373398184720105,1.3988452022611204,4.083808297746941,16,17,6.243703150395422,2.1105972615051094,2.02632242706261,16,6,0.375,-0.6707880381522329,-0.04192425238451457,0.9308576399561961,4.083808297746941,13,14,0.8204166564471009,-0.36741844010869107,4,3,0.75,4.945467675096253,1.2363669187740634,5.867149297616736,1.016091221511916,3,3,27.936849126188708,2.4871539639110596
grid_0750,14,14,20,20,0.4,0.5,1.0,65.0,True,0.0,0.45,1.5,25,20,10,0.5,4.709709721634332,0.2354854860817166,1.4885170181449616,4.0745515129962815,16,17,8.340448567708332,2.3439688694028016,2.0217644062870743,16,7,0.4375,1.260453596384359,0.07877834977402245,1.1461254651341521,4.0745515129962815,13,14,5.055134459330478,0.603661713303727,4,3,0.75,3.4492561252499727,0.8623140313124932,4.398284562924146,1.014999203681156,3,3,21.481705001219748,1.7298646256619366
grid_0751,14,14,20,20,0.4,0.5,1.0,65.0,True,0.0,0.45,2.0,25,20,9,0.45,1.7575623988934248,0.08787811994467122,1.1648622730230662,4.0745515129962815,16,17,4.918183033249642,0.8430288849130108,2.0217644062870743,16,7,0.4375,0.980744175206212,0.06129651095038824,1.1136985123377101,4.0745515129962815,13,14,3.6419646148768527,0.46049999157122823,4,2,0.5,0.7768182236872125,0.19420455592180313,1.3817362131342217,1.2133320487525086,3,3,10.023056706740801,0.38077542255303687
grid_0752,14,14,20,20,0.4,0.5,1.0,65.0,True,0.01,0.3,1.5,22,18,9,0.5,4.71993890593199,0.26221882810733277,1.5452195697792024,4.083808297746941,15,15,6.937416913192269,2.351727548748861,2.02632242706261,14,6,0.42857142857142855,1.2756714108357365,0.0911193864882669,1.166953917123092,4.083808297746941,12,12,3.280347316613505,0.6137864125650871,4,3,0.75,3.4442674950962533,0.8610668737740633,4.389722716008979,1.016091221511916,3,3,19.737160501217943,1.7273389643218007
grid_0753,14,14,20,20,0.4,0.5,1.0,65.0,True,0.01,0.3,2.0,22,18,9,0.5,6.3353698534988,0.35196499186104435,1.731824647470663,4.083808297746941,15,15,8.034142787966678,3.1708751680528113,2.02632242706261,14,6,0.42857142857142855,1.3899021784025454,0.0992787270287532,1.1819039065476897,4.083808297746941,12,12,2.347655262760383,0.6671286865693293,4,3,0.75,4.945467675096253,1.2363669187740634,5.867149297616736,1.016091221511916,3,3,27.936849126188708,2.4871539639110596
grid_0754,14,14,20,20,0.4,0.5,1.0,65.0,True,0.01,0.45,1.5,22,18,10,0.5555555555555556,6.761445368596599,0.3756358538109222,1.8909422776550722,4.0745515129962815,15,15,10.55360021929905,3.402016381859907,2.0217644062870743,14,7,0.5,3.3121892433466265,0.23658494595333046,1.5038243232435669,4.0745515129962815,12,12,7.431284567321707,1.6437176657523311,4,3,0.75,3.4492561252499727,0.8623140313124932,4.398284562924146,1.014999203681156,3,3,21.481705001219748,1.7298646256619366
grid_0755,14,14,20,20,0.4,0.5,1.0,65.0,True,0.01,0.45,2.0,22,18,9,0.5,3.8092980458556918,0.2116276692142051,1.4424756786606907,4.0745515129962815,15,15,6.751082958789394,1.8855594515795326,2.0217644062870743,14,7,0.5,3.032479822168479,0.2166057015834628,1.4612771136863194,4.0745515129962815,12,12,5.816233316517563,1.4990759163715728,4,2,0.5,0.7768182236872125,0.19420455592180313,1.3817362131342217,1.2133320487525086,3,3,10.023056706740801,0.38077542255303687
grid_0756,14,14,20,20,0.4,0.6,0.0,55.0,True,,0.3,1.5,116,50,23,0.46,5.845637863678814,0.11691275727357625,1.2153130334652122,6.130502011159837,25,32,5.925048183643815,2.868261933808114,3.0263677377836418,40,20,0.5,8.578388172703743,0.2144597043175936,1.4296267018338484,6.130502011159837,20,26,7.2431841951740115,4.301677577942797,10,3,0.3,-2.7327503090249294,-0.27327503090249294,0.6195218398024972,4.201780073365787,5,6,0.6525041375230346,-1.3742977844853121
grid_0757,14,14,20,20,0.4,0.6,0.0,55.0,True,,0.3,2.0,116,47,19,0.40425531914893614,5.024350633284128,0.10690107730391764,1.178468438898745,7.143588439145396,25,32,3.752291470479115,2.4260400609770194,3.517581091370192,37,16,0.43243243243243246,6.255900762309058,0.16907839898132596,1.2983235150441048,7.143588439145396,20,26,3.7622749024317947,3.083336783326951,10,3,0.3,-1.23155012902493,-0.12315501290249306,0.8285324767012484,3.2009799533657866,5,6,3.715352772254195,-0.637636249330531
grid_0758,14,14,20,20,0.4,0.6,0.0,55.0,True,,0.45,1.5,116,47,24,0.5106382978723404,11.19361139586149,0.23816194459279774,1.4920879324568193,6.1116523370146805,25,32,6.139992286382695,5.661095476895306,3.0171808115006638,38,21,0.5526315789473685,12.869625534493732,0.33867435617088776,1.7745775168537206,6.1116523370146805,20,26,7.217748620484445,6.567413284644719,9,3,0.3333333333333333,-1.6760141386322414,-0.18622379318136015,0.726684149114855,3.619286071282299,5,6,1.5894655423975264,-0.8504643021864489
grid_0759,14,14,20,20,0.4,0.6,0.0,55.0,True,,0.45,2.0,116,46,22,0.4782608695652174,11.894493470998972,0.25857594502171677,1.5006296579430214,7.123541912275346,25,32,5.692635003166854,6.009783075899944,3.5078603300818134,37,19,0.5135135135135135,13.240545151193974,0.35785257165389117,1.7511549675429703,7.123541912275346,20,26,6.802432836607518,6.745367504683553,9,3,0.3333333333333333,-1.346051680195001,-0.1495612977994446,0.7804927465539706,4.290123732845059,5,6,1.1301327990219008,-0.6891019685246302
grid_0760,14,14,20,20,0.4,0.6,0.0,55.0,True,0.0,0.3,1.5,32,25,11,0.44,1.413405451486247,0.05653621805944988,1.1021869255898844,5.100999873622072,18,20,7.274184860161225,0.663748897438321,2.5246124244861057,20,8,0.4,-1.0003374909104954,-0.05001687454552477,0.9151173940046448,5.100999873622072,14,16,5.630710438083821,-0.533014361660844,5,3,0.6,2.4137429423967425,0.4827485884793485,2.179382555734856,1.0305245526995108,4,4,13.848082548470845,1.2031763619042346
grid_0761,14,14,20,20,0.4,0.6,0.0,55.0,True,0.0,0.3,2.0,32,25,11,0.44,3.529236459053056,0.14116945836212222,1.2551580815336,5.100999873622072,18,20,9.384310445825427,1.721377527980139,2.5246124244861057,20,8,0.4,-0.38570666334368703,-0.019285333167184355,0.9672712589182417,5.100999873622072,14,16,6.62842969516992,-0.2331315681019408,5,3,0.6,3.9149431223967426,0.7829886244793485,2.9128862250195415,1.0305245526995108,4,4,20.407833448447455,1.9590763214305529
grid_0762,14,14,20,20,0.4,0.6,0.0,55.0,True,0.0,0.45,1.5,32,25,12,0.48,3.45209201592951,0.1380836806371804,1.271052304223847,5.089105589239934,18,20,9.743623213474109,1.6953834303114146,2.5187854978108826,20,9,0.45,1.0295595295521036,0.05147797647760517,1.0962730081029648,5.089105589239934,14,16,8.437717788704415,0.48194106067918074,5,3,0.6,2.4225324863774063,0.48450649727548123,2.1865138773426174,1.0267236388725662,4,4,14.96724491255289,1.2076223417095688
grid_0763,14,14,20,20,0.4,0.6,0.0,55.0,True,0.0,0.45,2.0,32,25,11,0.44,1.000344753188602,0.04001379012754411,1.072721403819477,5.089105589239934,18,20,8.408462813829987,0.4528028166799869,2.5187854978108604,20,9,0.45,1.2502501683739558,0.06251250841869782,1.1169095531979216,5.089105589239934,14,16,9.060496948045051,0.588135253148403,5,2,0.4,-0.2499054151853537,-0.04998108303707074,0.9183764945559425,1.2133320487525086,4,4,5.80032627696973,-0.13454115252045096
grid_0764,14,14,20,20,0.4,0.6,0.0,55.0,True,0.01,0.3,1.5,25,20,11,0.55,6.585812877311975,0.32929064386559875,1.7605601619438844,4.083808297746941,15,15,11.669742321466241,3.3080098322159968,2.02632242706261,16,8,0.5,3.141545382215721,0.19634658638848257,1.4110318865913418,4.083808297746941,12,12,9.652887776528313,1.5538309406171846,4,3,0.75,3.4442674950962533,0.8610668737740633,4.389722716008979,1.016091221511916,3,3,19.737160501217943,1.7273389643218007
grid_0765,14,14,20,20,0.4,0.6,0.0,55.0,True,0.01,0.3,2.0,25,20,11,0.55,8.701643884878784,0.4350821942439391,2.0049061225320806,4.083808297746941,15,15,14.307399303546493,4.393420520369062,2.02632242706261,16,8,0.5,3.75617620978253,0.2347610131114081,1.4914486362719725,4.083808297746941,12,12,10.90003684788594,1.8600053594319155,4,3,0.75,4.945467675096253,1.2363669187740634,5.867149297616736,1.016091221511916,3,3,27.936849126188708,2.4871539639110596
grid_0766,14,14,20,20,0.4,0.6,0.0,55.0,True,0.01,0.45,1.5,25,20,12,0.6,8.5974508651346,0.42987254325673,2.13265488412715,4.0745515129962815,15,15,15.210489528489722,4.3525559235354505,2.0217644062870743,16,9,0.5625,5.1481947398846275,0.3217621712427893,1.7829321933056268,4.0745515129962815,12,12,13.642685660307215,2.578093765802514,4,3,0.75,3.4492561252499727,0.8623140313124932,4.398284562924146,1.014999203681156,3,3,21.481705001219748,1.7298646256619366
grid_0767,14,14,20,20,0.4,0.6,0.0,55.0,True,0.01,0.45,2.0,25,20,11,0.55,6.145703602393695,0.30728518011968464,1.7137459635949717,4.0745515129962815,15,15,13.541539028934569,3.077508240940019,2.0217644062870743,16,9,0.5625,5.368885378706482,0.33555533616915506,1.8164946000569075,4.0745515129962815,12,12,14.421159609483011,2.6865032741927974,4,2,0.5,0.7768182236872125,0.19420455592180313,1.3817362131342217,1.2133320487525086,3,3,10.023056706740801,0.38077542255303687
grid_0768,14,14,20,20,0.4,0.6,0.5,55.0,True,,0.3,1.5,98,48,24,0.5,10.435296564034783,0.2174020117507246,1.434104300549963,6.130498151516527,25,32,7.071306135922465,5.25760358574221,3.026365856750035,38,19,0.5,8.138085205727197,0.21416013699282094,1.430130323167662,6.130498151516527,20,26,7.000959540786721,4.076603299411485,10,5,0.5,2.2972113583075853,0.22972113583075854,1.4487933265224768,2.6035720584142092,5,6,7.338623197438288,1.134741381723603
grid_0769,14,14,20,20,0.4,0.6,0.5,55.0,True,,0.3,2.0,98,45,20,0.4444444444444444,10.1144093936401,0.2247646531920022,1.4039010386243702,7.143584579502083,25,32,5.0101800609599385,5.065407835808999,3.517579219864808,35,15,0.42857142857142855,5.315197735332514,0.1518627924380718,1.2667848587469988,7.143584579502083,20,26,3.011699494803345,2.606066222834569,10,5,0.5,4.799211658307586,0.4799211658307586,1.9375951224636607,2.1031719984142088,5,6,12.004862042508016,2.3968774006337457
grid_0770,14,14,20,20,0.4,0.6,0.5,55.0,True,,0.45,1.5,98,45,24,0.5333333333333333,13.260499331831939,0.2946777629295987,1.6407272976115113,6.113375969722082,25,32,7.096553969642481,6.761461255065138,3.0180209027833804,36,19,0.5277777777777778,9.91362899239671,0.27537858312213087,1.5966045855995734,6.113375969722082,20,26,6.350726791187668,5.009626996083516,9,5,0.5555555555555556,3.34687033943523,0.37187448215947,1.8204598378558392,2.035428198194885,5,6,10.079862683461734,1.668260624377771
grid_0771,14,14,20,20,0.4,0.6,0.5,55.0,True,,0.45,2.0,98,44,21,0.4772727272727273,10.958981046969425,0.24906775106748685,1.4821826563407354,7.125265544982748,25,32,5.6991643788949125,5.52154975599195,3.5086961709664855,35,17,0.4857142857142857,9.283748489096956,0.2652499568313415,1.5266287664953233,7.125265544982748,20,26,5.433209549286455,4.664433215883501,9,4,0.4444444444444444,1.6752325578724692,0.1861369508747188,1.3285270103113889,3.2571956910133952,5,6,6.733433160705578,0.8189186276302385
grid_0772,14,14,20,20,0.4,0.6,0.5,55.0,True,0.0,0.3,1.5,32,25,11,0.44,1.413405451486247,0.05653621805944988,1.1021869255898844,5.100999873622072,18,20,7.274184860161225,0.663748897438321,2.5246124244861057,20,8,0.4,-1.0003374909104954,-0.05001687454552477,0.9151173940046448,5.100999873622072,14,16,5.630710438083821,-0.533014361660844,5,3,0.6,2.4137429423967425,0.4827485884793485,2.179382555734856,1.0305245526995108,4,4,13.848082548470845,1.2031763619042346
grid_0773,14,14,20,20,0.4,0.6,0.5,55.0,True,0.0,0.3,2.0,32,25,11,0.44,3.529236459053056,0.14116945836212222,1.2551580815336,5.100999873622072,18,20,9.384310445825427,1.721377527980139,2.5246124244861057,20,8,0.4,-0.38570666334368703,-0.019285333167184355,0.9672712589182417,5.100999873622072,14,16,6.62842969516992,-0.2331315681019408,5,3,0.6,3.9149431223967426,0.7829886244793485,2.9128862250195415,1.0305245526995108,4,4,20.407833448447455,1.9590763214305529
grid_0774,14,14,20,20,0.4,0.6,0.5,55.0,True,0.0,0.45,1.5,32,25,12,0.48,3.45209201592951,0.1380836806371804,1.271052304223847,5.089105589239934,18,20,9.743623213474109,1.6953834303114146,2.5187854978108826,20,9,0.45,1.0295595295521036,0.05147797647760517,1.0962730081029648,5.089105589239934,14,16,8.437717788704415,0.48194106067918074,5,3,0.6,2.4225324863774063,0.48450649727548123,2.1865138773426174,1.0267236388725662,4,4,14.96724491255289,1.2076223417095688
grid_0775,14,14,20,20,0.4,0.6,0.5,55.0,True,0.0,0.45,2.0,32,25,11,0.44,1.000344753188602,0.04001379012754411,1.072721403819477,5.089105589239934,18,20,8.408462813829987,0.4528028166799869,2.5187854978108604,20,9,0.45,1.2502501683739558,0.06251250841869782,1.1169095531979216,5.089105589239934,14,16,9.060496948045051,0.588135253148403,5,2,0.4,-0.2499054151853537,-0.04998108303707074,0.9183764945559425,1.2133320487525086,4,4,5.80032627696973,-0.13454115252045096
grid_0776,14,14,20,20,0.4,0.6,0.5,55.0,True,0.01,0.3,1.5,25,20,11,0.55,6.585812877311975,0.32929064386559875,1.7605601619438844,4.083808297746941,15,15,11.669742321466241,3.3080098322159968,2.02632242706261,16,8,0.5,3.141545382215721,0.19634658638848257,1.4110318865913418,4.083808297746941,12,12,9.652887776528313,1.5538309406171846,4,3,0.75,3.4442674950962533,0.8610668737740633,4.389722716008979,1.016091221511916,3,3,19.737160501217943,1.7273389643218007
grid_0777,14,14,20,20,0.4,0.6,0.5,55.0,True,0.01,0.3,2.0,25,20,11,0.55,8.701643884878784,0.4350821942439391,2.0049061225320806,4.083808297746941,15,15,14.307399303546493,4.393420520369062,2.02632242706261,16,8,0.5,3.75617620978253,0.2347610131114081,1.4914486362719725,4.083808297746941,12,12,10.90003684788594,1.8600053594319155,4,3,0.75,4.945467675096253,1.2363669187740634,5.867149297616736,1.016091221511916,3,3,27.936849126188708,2.4871539639110596
grid_0778,14,14,20,20,0.4,0.6,0.5,55.0,True,0.01,0.45,1.5,25,20,12,0.6,8.5974508651346,0.42987254325673,2.13265488412715,4.0745515129962815,15,15,15.210489528489722,4.3525559235354505,2.0217644062870743,16,9,0.5625,5.1481947398846275,0.3217621712427893,1.7829321933056268,4.0745515129962815,12,12,13.642685660307215,2.578093765802514,4,3,0.75,3.4492561252499727,0.8623140313124932,4.398284562924146,1.014999203681156,3,3,21.481705001219748,1.7298646256619366
grid_0779,14,14,20,20,0.4,0.6,0.5,55.0,True,0.01,0.45,2.0,25,20,11,0.55,6.145703602393695,0.30728518011968464,1.7137459635949717,4.0745515129962815,15,15,13.541539028934569,3.077508240940019,2.0217644062870743,16,9,0.5625,5.368885378706482,0.33555533616915506,1.8164946000569075,4.0745515129962815,12,12,14.421159609483011,2.6865032741927974,4,2,0.5,0.7768182236872125,0.19420455592180313,1.3817362131342217,1.2133320487525086,3,3,10.023056706740801,0.38077542255303687
grid_0780,14,14,20,20,0.4,0.6,1.0,55.0,True,,0.3,1.5,50,37,20,0.5405405405405406,11.740502949565256,0.3173108905287908,1.697532757793286,4.662883374726935,21,26,9.203811010340843,5.968106609940538,2.314711349467624,30,15,0.5,6.367036531261181,0.21223455104203942,1.4305226196314786,4.662883374726935,18,22,7.727817498812445,3.175746563650561,7,5,0.7142857142857143,5.373466418304077,0.7676380597577254,3.630976651200716,1.0262934632216996,3,4,15.529497488319691,2.706411282972687
grid_0781,14,14,20,20,0.4,0.6,1.0,55.0,True,,0.3,2.0,50,36,17,0.4722222222222222,10.364441947466286,0.28790116520739684,1.549494287240215,5.175569742712491,21,26,5.850438185519289,5.220555751217426,2.568119488694409,29,12,0.41379310344827586,2.4889752291622083,0.08582673204007618,1.147982418763235,5.175569742712491,18,22,1.9050656486123896,1.1851295283388907,7,5,0.7142857142857143,7.875466718304077,1.1250666740434396,4.8560153614407175,1.0262934632216991,3,4,22.195552981276446,3.9881613451394626
grid_0782,14,14,20,20,0.4,0.6,1.0,55.0,True,,0.45,1.5,50,36,20,0.5555555555555556,12.469864885863396,0.34638513571842766,1.8009109310781992,4.641752399490079,21,26,8.245559571699193,6.358839515325654,2.3043763807204187,29,15,0.5172413793103449,7.082166763086124,0.2442126470029698,1.523396530901916,4.641752399490079,18,22,6.10291911735112,3.548843202685714,7,5,0.7142857142857143,5.387698122777272,0.7696711603967532,3.643057619457289,1.0234346477471576,3,4,17.12221288256978,2.7136916509435727
grid_0783,14,14,20,20,0.4,0.6,1.0,55.0,True,,0.45,2.0,50,36,18,0.5,10.1457763832169,0.281827121756025,1.5764169565082515,5.153241914750742,21,26,6.157266602283929,5.115647254884581,2.5572330564831325,29,14,0.4827586206896552,6.429716042002389,0.22171434627594444,1.4421158132526586,5.153241914750742,18,22,4.5491025244496,3.200639603693367,7,4,0.5714285714285714,3.7160603412145106,0.5308657630306444,2.215035931010828,2.236766696499666,3,4,12.819660639026154,1.855616068413135
grid_0784,14,14,20,20,0.4,0.6,1.0,55.0,True,0.0,0.3,1.5,28,23,11,0.4782608695652174,3.510141420581421,0.1526148443731053,1.2991215630458388,5.100999873622072,16,18,8.429658921157587,1.727432113055194,2.5246124244861057,19,8,0.42105263157894735,0.06587392548516813,0.003467048709745694,1.006145677385243,5.100999873622072,13,15,6.049132272723829,9.156705986779201e-05,4,3,0.75,3.4442674950962533,0.8610668737740633,4.389722716008979,1.016091221511916,3,3,19.737160501217943,1.7273389643218007
grid_0785,14,14,20,20,0.4,0.6,1.0,55.0,True,0.0,0.3,2.0,28,23,11,0.4782608695652174,5.62597242814823,0.24460749687601,1.4794250329896237,5.100999873622072,16,18,10.723273688183895,2.7962363836360637,2.5246124244861057,19,8,0.42105263157894735,0.6805047530519768,0.035816039634314546,1.0634873759318266,5.100999873622072,13,15,7.099363069656564,0.301581620496405,4,3,0.75,4.945467675096253,1.2363669187740634,5.867149297616736,1.016091221511916,3,3,27.936849126188708,2.4871539639110596
grid_0786,14,14,20,20,0.4,0.6,1.0,55.0,True,0.0,0.45,1.5,28,23,12,0.5217391304347826,5.5325963734006205,0.2405476684087226,1.51923010224673,5.089105589239934,16,18,11.236617349791098,2.761583349524499,2.5187854978108826,19,9,0.47368421052631576,2.0833402481506473,0.10964948674477092,1.2161054966458082,5.089105589239934,13,15,9.079756791595592,1.0141748715178034,4,3,0.75,3.4492561252499727,0.8623140313124932,4.398284562924146,1.014999203681156,3,3,21.481705001219748,1.7298646256619366
grid_0787,14,14,20,20,0.4,0.6,1.0,55.0,True,0.0,0.45,2.0,28,23,11,0.4782608695652174,3.0808491106597122,0.133949961333031,1.2638764705103007,5.089105589239934,16,18,9.785356045830095,1.5059752089279677,2.5187854978108604,19,9,0.47368421052631576,2.304030886972499,0.12126478352486841,1.2389978015153622,5.089105589239934,13,15,9.735313801427841,1.1209315545117393,4,2,0.5,0.7768182236872125,0.19420455592180313,1.3817362131342217,1.2133320487525086,3,3,10.023056706740801,0.38077542255303687
grid_0788,14,14,20,20,0.4,0.6,1.0,55.0,True,0.01,0.3,1.5,24,20,11,0.55,6.588023213011332,0.32940116065056657,1.7610096769216939,4.083808297746941,15,15,11.549994481040033,3.309157400395968,2.02632242706261,16,8,0.5,3.1437557179150777,0.19648473236969236,1.4114400676583205,4.083808297746941,12,12,9.503202975995555,1.554959022990765,4,3,0.75,3.4442674950962533,0.8610668737740633,4.389722716008979,1.016091221511916,3,3,19.737160501217943,1.7273389643218007
grid_0789,14,14,20,20,0.4,0.6,1.0,55.0,True,0.01,0.3,2.0,24,20,11,0.55,8.70385422057814,0.43519271102890694,2.005418025135957,4.083808297746941,15,15,14.187651463120284,4.394580145530624,2.02632242706261,16,8,0.5,3.758386545481886,0.23489915909261785,1.491880080168799,4.083808297746941,12,12,10.750352047353179,1.8611368428585795,4,3,0.75,4.945467675096253,1.2363669187740634,5.867149297616736,1.016091221511916,3,3,27.936849126188708,2.4871539639110596
grid_0790,14,14,20,20,0.4,0.6,1.0,55.0,True,0.01,0.45,1.5,24,20,12,0.6,8.59888609660654,0.429944304830327,2.1330582067244146,4.0745515129962815,15,15,15.112693476896888,4.353308597011996,2.0217644062870743,16,9,0.5625,5.149629971356567,0.3218518732097854,1.7833214362631125,4.0745515129962815,12,12,13.520440595816172,2.578833640449263,4,3,0.75,3.4492561252499727,0.8623140313124932,4.398284562924146,1.014999203681156,3,3,21.481705001219748,1.7298646256619366
grid_0791,14,14,20,20,0.4,0.6,1.0,55.0,True,0.01,0.45,2.0,24,20,11,0.55,6.147138833865633,0.30735694169328165,1.7140316653078247,4.0745515129962815,15,15,13.443742977341737,3.0782517177604385,2.0217644062870743,16,9,0.5625,5.37032061017842,0.3356450381361512,1.8168911702310497,4.0745515129962815,12,12,14.298914544991968,2.687243930774974,4,2,0.5,0.7768182236872125,0.19420455592180313,1.3817362131342217,1.2133320487525086,3,3,10.023056706740801,0.38077542255303687
grid_0792,14,14,20,20,0.4,0.6,0.0,60.0,True,,0.3,1.5,89,43,18,0.4186046511627907,0.5041194112029488,0.011723707237277885,1.0200739109625743,6.549236372583261,23,29,5.408137982984436,0.17343049632692065,3.2481547444112246,34,15,0.4411764705882353,2.210576257006179,0.06501694873547587,1.1166097385425444,6.139353351190511,18,23,6.316231719235993,1.048095550203576,9,3,0.3333333333333333,-1.7064568458032305,-0.18960631620035892,0.7228030505354884,3.1754866101440875,5,6,1.9775616460341077,-0.8655928141091174
grid_0793,14,14,20,20,0.4,0.6,0.0,60.0,True,,0.3,2.0,89,41,16,0.3902439024390244,2.1568538899667677,0.05260619243821386,1.0859591326396725,7.15243977917607,23,29,3.3373531339138154,0.9866325145353683,3.5218733033521077,32,13,0.40625,2.3621105557699993,0.07381595486781248,1.1247450651353603,7.15243977917607,18,23,2.7626542915264958,1.1131570526332402,9,3,0.3333333333333333,-0.20525666580323088,-0.022806296200359035,0.9666580952469788,2.1746864901440874,5,6,5.380726795735397,-0.12513162657163956
grid_0794,14,14,20,20,0.4,0.6,0.0,60.0,True,,0.45,1.5,89,40,20,0.5,8.332021051358435,0.20830052628396092,1.4230688074331963,6.119524015215486,23,29,6.263633853998556,4.175456436221392,3.0210176141105105,32,17,0.53125,8.98460054224352,0.28076876694511,1.615994145449497,6.119524015215486,18,23,6.9868343760044604,4.531374604004679,8,3,0.375,-0.6525794908850833,-0.08157243636063544,0.8722615598463712,2.595851423535141,5,6,3.3708317659749376,-0.3404893211551685
grid_0795,14,14,20,20,0.4,0.6,0.0,60.0,True,,0.45,2.0,89,40,19,0.475,9.883474268617523,0.24708685671543812,1.4773210512833401,7.131413590476152,23,29,5.890128052196106,4.965067841387905,3.511677720588835,32,16,0.5,10.206091301065365,0.3189403531582927,1.6543448954391846,7.131413590476152,18,23,6.649139457825793,5.152551709008502,8,3,0.375,-0.3226170324478439,-0.04032712905598046,0.9368496910070114,3.2666890850979016,5,6,2.8540824296773586,-0.17829702139746662
grid_0796,14,14,20,20,0.4,0.6,0.0,60.0,True,0.0,0.3,1.5,32,25,11,0.44,1.413405451486247,0.05653621805944988,1.1021869255898844,5.100999873622072,18,20,7.274184860161225,0.663748897438321,2.5246124244861057,20,8,0.4,-1.0003374909104954,-0.05001687454552477,0.9151173940046448,5.100999873622072,14,16,5.630710438083821,-0.533014361660844,5,3,0.6,2.4137429423967425,0.4827485884793485,2.179382555734856,1.0305245526995108,4,4,13.848082548470845,1.2031763619042346
grid_0797,14,14,20,20,0.4,0.6,0.0,60.0,True,0.0,0.3,2.0,32,25,11,0.44,3.529236459053056,0.14116945836212222,1.2551580815336,5.100999873622072,18,20,9.384310445825427,1.721377527980139,2.5246124244861057,20,8,0.4,-0.38570666334368703,-0.019285333167184355,0.9672712589182417,5.100999873622072,14,16,6.62842969516992,-0.2331315681019408,5,3,0.6,3.9149431223967426,0.7829886244793485,2.9128862250195415,1.0305245526995108,4,4,20.407833448447455,1.9590763214305529
grid_0798,14,14,20,20,0.4,0.6,0.0,60.0,True,0.0,0.45,1.5,32,25,12,0.48,3.45209201592951,0.1380836806371804,1.271052304223847,5.089105589239934,18,20,9.743623213474109,1.6953834303114146,2.5187854978108826,20,9,0.45,1.0295595295521036,0.05147797647760517,1.0962730081029648,5.089105589239934,14,16,8.437717788704415,0.48194106067918074,5,3,0.6,2.4225324863774063,0.48450649727548123,2.1865138773426174,1.0267236388725662,4,4,14.96724491255289,1.2076223417095688
grid_0799,14,14,20,20,0.4,0.6,0.0,60.0,True,0.0,0.45,2.0,32,25,11,0.44,1.000344753188602,0.04001379012754411,1.072721403819477,5.089105589239934,18,20,8.408462813829987,0.4528028166799869,2.5187854978108604,20,9,0.45,1.2502501683739558,0.06251250841869782,1.1169095531979216,5.089105589239934,14,16,9.060496948045051,0.588135253148403,5,2,0.4,-0.2499054151853537,-0.04998108303707074,0.9183764945559425,1.2133320487525086,4,4,5.80032627696973,-0.13454115252045096
grid_0800,14,14,20,20,0.4,0.6,0.0,60.0,True,0.01,0.3,1.5,25,20,11,0.55,6.585812877311975,0.32929064386559875,1.7605601619438844,4.083808297746941,15,15,11.669742321466241,3.3080098322159968,2.02632242706261,16,8,0.5,3.141545382215721,0.19634658638848257,1.4110318865913418,4.083808297746941,12,12,9.652887776528313,1.5538309406171846,4,3,0.75,3.4442674950962533,0.8610668737740633,4.389722716008979,1.016091221511916,3,3,19.737160501217943,1.7273389643218007
grid_0801,14,14,20,20,0.4,0.6,0.0,60.0,True,0.01,0.3,2.0,25,20,11,0.55,8.701643884878784,0.4350821942439391,2.0049061225320806,4.083808297746941,15,15,14.307399303546493,4.393420520369062,2.02632242706261,16,8,0.5,3.75617620978253,0.2347610131114081,1.4914486362719725,4.083808297746941,12,12,10.90003684788594,1.8600053594319155,4,3,0.75,4.945467675096253,1.2363669187740634,5.867149297616736,1.016091221511916,3,3,27.936849126188708,2.4871539639110596
grid_0802,14,14,20,20,0.4,0.6,0.0,60.0,True,0.01,0.45,1.5,25,20,12,0.6,8.5974508651346,0.42987254325673,2.13265488412715,4.0745515129962815,15,15,15.210489528489722,4.3525559235354505,2.0217644062870743,16,9,0.5625,5.1481947398846275,0.3217621712427893,1.7829321933056268,4.0745515129962815,12,12,13.642685660307215,2.578093765802514,4,3,0.75,3.4492561252499727,0.8623140313124932,4.398284562924146,1.014999203681156,3,3,21.481705001219748,1.7298646256619366
grid_0803,14,14,20,20,0.4,0.6,0.0,60.0,True,0.01,0.45,2.0,25,20,11,0.55,6.145703602393695,0.30728518011968464,1.7137459635949717,4.0745515129962815,15,15,13.541539028934569,3.077508240940019,2.0217644062870743,16,9,0.5625,5.368885378706482,0.33555533616915506,1.8164946000569075,4.0745515129962815,12,12,14.421159609483011,2.6865032741927974,4,2,0.5,0.7768182236872125,0.19420455592180313,1.3817362131342217,1.2133320487525086,3,3,10.023056706740801,0.38077542255303687
grid_0804,14,14,20,20,0.4,0.6,0.5,60.0,True,,0.3,1.5,79,41,19,0.4634146341463415,5.093774251915605,0.1242383963881855,1.2315102735087562,6.139353351190511,23,28,6.724940146225269,2.500176772353524,3.0306818023669413,32,14,0.4375,1.7702694303863198,0.05532091969957251,1.0988423939600682,6.139353351190511,18,22,5.970728143180517,0.8300402731627354,9,5,0.5555555555555556,3.3235048215292844,0.36927831350325385,1.8121269787326664,2.6035720584142092,5,6,9.406582823717722,1.6563878132609622
grid_0805,14,14,20,20,0.4,0.6,0.5,60.0,True,,0.3,2.0,79,39,17,0.4358974358974359,7.246908790679425,0.18581817411998525,1.3296923107861707,7.15243977917607,23,28,4.767543833486233,3.5889068734675567,3.5218733033521077,30,12,0.4,1.4214036691501408,0.047380122305004664,1.079459172514935,7.15243977917607,18,22,1.82041918806021,0.6450063709628973,9,5,0.5555555555555556,5.825505121529285,0.6472783468365872,2.4235122643096685,2.1031719984142088,5,6,14.591292651572976,2.9250338478332694
grid_0806,14,14,20,20,0.4,0.6,0.5,60.0,True,,0.45,1.5,79,38,20,0.5263157894736842,10.400632620036284,0.27370085842200753,1.5895597005541655,6.119524015215486,23,28,7.3652837770558355,5.261262414317036,3.0210176141105105,30,15,0.5,6.030327632853897,0.20101092109512989,1.413445928899667,6.119524015215486,18,22,5.883351837691479,3.0042430706292755,8,5,0.625,4.370304987182388,0.5462881233977985,2.4301545885095006,2.035428198194885,5,6,12.92252854967217,2.191190650408581
grid_0807,14,14,20,20,0.4,0.6,0.5,60.0,True,,0.45,2.0,79,38,18,0.47368421052631576,8.949685477295375,0.23551803887619407,1.4549174601073633,7.131413590476152,23,28,5.870454810731567,4.482551065346985,3.511677720588835,30,14,0.4666666666666667,6.251018271675749,0.20836727572252495,1.4007726147757595,7.131413590476152,18,22,4.993830670507586,3.103561480407291,8,4,0.5,2.698667205619627,0.3373334007024534,1.6621214915375915,2.2337610432662376,5,6,9.157795336571496,1.3374800687187882
grid_0808,14,14,20,20,0.4,0.6,0.5,60.0,True,0.0,0.3,1.5,32,25,11,0.44,1.413405451486247,0.05653621805944988,1.1021869255898844,5.100999873622072,18,20,7.274184860161225,0.663748897438321,2.5246124244861057,20,8,0.4,-1.0003374909104954,-0.05001687454552477,0.9151173940046448,5.100999873622072,14,16,5.630710438083821,-0.533014361660844,5,3,0.6,2.4137429423967425,0.4827485884793485,2.179382555734856,1.0305245526995108,4,4,13.848082548470845,1.2031763619042346
grid_0809,14,14,20,20,0.4,0.6,0.5,60.0,True,0.0,0.3,2.0,32,25,11,0.44,3.529236459053056,0.14116945836212222,1.2551580815336,5.100999873622072,18,20,9.384310445825427,1.721377527980139,2.5246124244861057,20,8,0.4,-0.38570666334368703,-0.019285333167184355,0.9672712589182417,5.100999873622072,14,16,6.62842969516992,-0.2331315681019408,5,3,0.6,3.9149431223967426,0.7829886244793485,2.9128862250195415,1.0305245526995108,4,4,20.407833448447455,1.9590763214305529
grid_0810,14,14,20,20,0.4,0.6,0.5,60.0,True,0.0,0.45,1.5,32,25,12,0.48,3.45209201592951,0.1380836806371804,1.271052304223847,5.089105589239934,18,20,9.743623213474109,1.6953834303114146,2.5187854978108826,20,9,0.45,1.0295595295521036,0.05147797647760517,1.0962730081029648,5.089105589239934,14,16,8.437717788704415,0.48194106067918074,5,3,0.6,2.4225324863774063,0.48450649727548123,2.1865138773426174,1.0267236388725662,4,4,14.96724491255289,1.2076223417095688
grid_0811,14,14,20,20,0.4,0.6,0.5,60.0,True,0.0,0.45,2.0,32,25,11,0.44,1.000344753188602,0.04001379012754411,1.072721403819477,5.089105589239934,18,20,8.408462813829987,0.4528028166799869,2.5187854978108604,20,9,0.45,1.2502501683739558,0.06251250841869782,1.1169095531979216,5.089105589239934,14,16,9.060496948045051,0.588135253148403,5,2,0.4,-0.2499054151853537,-0.04998108303707074,0.9183764945559425,1.2133320487525086,4,4,5.80032627696973,-0.13454115252045096
grid_0812,14,14,20,20,0.4,0.6,0.5,60.0,True,0.01,0.3,1.5,25,20,11,0.55,6.585812877311975,0.32929064386559875,1.7605601619438844,4.083808297746941,15,15,11.669742321466241,3.3080098322159968,2.02632242706261,16,8,0.5,3.141545382215721,0.19634658638848257,1.4110318865913418,4.083808297746941,12,12,9.652887776528313,1.5538309406171846,4,3,0.75,3.4442674950962533,0.8610668737740633,4.389722716008979,1.016091221511916,3,3,19.737160501217943,1.7273389643218007
grid_0813,14,14,20,20,0.4,0.6,0.5,60.0,True,0.01,0.3,2.0,25,20,11,0.55,8.701643884878784,0.4350821942439391,2.0049061225320806,4.083808297746941,15,15,14.307399303546493,4.393420520369062,2.02632242706261,16,8,0.5,3.75617620978253,0.2347610131114081,1.4914486362719725,4.083808297746941,12,12,10.90003684788594,1.8600053594319155,4,3,0.75,4.945467675096253,1.2363669187740634,5.867149297616736,1.016091221511916,3,3,27.936849126188708,2.4871539639110596
grid_0814,14,14,20,20,0.4,0.6,0.5,60.0,True,0.01,0.45,1.5,25,20,12,0.6,8.5974508651346,0.42987254325673,2.13265488412715,4.0745515129962815,15,15,15.210489528489722,4.3525559235354505,2.0217644062870743,16,9,0.5625,5.1481947398846275,0.3217621712427893,1.7829321933056268,4.0745515129962815,12,12,13.642685660307215,2.578093765802514,4,3,0.75,3.4492561252499727,0.8623140313124932,4.398284562924146,1.014999203681156,3,3,21.481705001219748,1.7298646256619366
grid_0815,14,14,20,20,0.4,0.6,0.5,60.0,True,0.01,0.45,2.0,25,20,11,0.55,6.145703602393695,0.30728518011968464,1.7137459635949717,4.0745515129962815,15,15,13.541539028934569,3.077508240940019,2.0217644062870743,16,9,0.5625,5.368885378706482,0.33555533616915506,1.8164946000569075,4.0745515129962815,12,12,14.421159609483011,2.6865032741927974,4,2,0.5,0.7768182236872125,0.19420455592180313,1.3817362131342217,1.2133320487525086,3,3,10.023056706740801,0.38077542255303687
grid_0816,14,14,20,20,0.4,0.6,1.0,60.0,True,,0.3,1.5,45,33,17,0.5151515151515151,8.320739031915164,0.25214360702773225,1.526456509960751,4.662883374726935,19,24,8.639240656114959,4.181494695152876,2.314711349467624,27,12,0.4444444444444444,1.9209791503893867,0.07114737594034766,1.1298916649877107,4.662883374726935,16,20,6.115386881277006,0.9156969515929037,6,5,0.8333333333333334,6.399759881525777,1.0666266469209627,7.298410758832371,1.016091221511916,3,4,19.996582642885745,3.2361642858459216
grid_0817,14,14,20,20,0.4,0.6,1.0,60.0,True,,0.3,2.0,45,32,15,0.46875,8.44587820981619,0.26393369405675593,1.5024069753767277,5.175569742712491,19,24,5.246482290289156,4.228965923551242,2.568119488694409,26,10,0.38461538461538464,-0.4558819717095877,-0.017533921988830265,0.9711370994712824,5.175569742712491,16,20,0.047905730047739646,-0.2827657973880182,6,5,0.8333333333333334,8.901760181525777,1.4836266969209628,9.760788394845298,1.016091221511916,3,4,27.773647384668624,4.5245255316367805
grid_0818,14,14,20,20,0.4,0.6,1.0,60.0,True,,0.45,1.5,45,32,18,0.5625,11.5423339479957,0.3606979358748657,1.8534203511769256,4.641752399490079,19,24,8.374377527622242,5.875319262530554,2.3043763807204187,26,13,0.5,5.131201177471272,0.19735389144120277,1.4101747070935122,4.641752399490079,16,20,5.210120248450059,2.550629053541642,6,5,0.8333333333333334,6.41113277052443,1.0685221284207385,7.3163919215629,1.014999203681156,3,4,22.0861590707017,3.241998844544458
grid_0819,14,14,20,20,0.4,0.6,1.0,60.0,True,,0.45,2.0,45,32,16,0.5,9.090586685254795,0.2840808339142123,1.584353948715054,5.153241914750742,19,24,5.936143303264899,4.572004793261941,2.5572330564831325,26,12,0.46153846153846156,4.3510916962931265,0.16734968062665864,1.3217862334418036,5.153241914750742,16,20,3.3675960378873815,2.1415369565235487,6,4,0.6666666666666666,4.739494988961669,0.7899158314936114,3.3290350484662934,1.2133320487525086,3,4,17.06651478656747,2.379509755931042
grid_0820,14,14,20,20,0.4,0.6,1.0,60.0,True,0.0,0.3,1.5,28,23,11,0.4782608695652174,3.510141420581421,0.1526148443731053,1.2991215630458388,5.100999873622072,16,18,8.429658921157587,1.727432113055194,2.5246124244861057,19,8,0.42105263157894735,0.06587392548516813,0.003467048709745694,1.006145677385243,5.100999873622072,13,15,6.049132272723829,9.156705986779201e-05,4,3,0.75,3.4442674950962533,0.8610668737740633,4.389722716008979,1.016091221511916,3,3,19.737160501217943,1.7273389643218007
grid_0821,14,14,20,20,0.4,0.6,1.0,60.0,True,0.0,0.3,2.0,28,23,11,0.4782608695652174,5.62597242814823,0.24460749687601,1.4794250329896237,5.100999873622072,16,18,10.723273688183895,2.7962363836360637,2.5246124244861057,19,8,0.42105263157894735,0.6805047530519768,0.035816039634314546,1.0634873759318266,5.100999873622072,13,15,7.099363069656564,0.301581620496405,4,3,0.75,4.945467675096253,1.2363669187740634,5.867149297616736,1.016091221511916,3,3,27.936849126188708,2.4871539639110596
grid_0822,14,14,20,20,0.4,0.6,1.0,60.0,True,0.0,0.45,1.5,28,23,12,0.5217391304347826,5.5325963734006205,0.2405476684087226,1.51923010224673,5.089105589239934,16,18,11.236617349791098,2.761583349524499,2.5187854978108826,19,9,0.47368421052631576,2.0833402481506473,0.10964948674477092,1.2161054966458082,5.089105589239934,13,15,9.079756791595592,1.0141748715178034,4,3,0.75,3.4492561252499727,0.8623140313124932,4.398284562924146,1.014999203681156,3,3,21.481705001219748,1.7298646256619366
grid_0823,14,14,20,20,0.4,0.6,1.0,60.0,True,0.0,0.45,2.0,28,23,11,0.4782608695652174,3.0808491106597122,0.133949961333031,1.2638764705103007,5.089105589239934,16,18,9.785356045830095,1.5059752089279677,2.5187854978108604,19,9,0.47368421052631576,2.304030886972499,0.12126478352486841,1.2389978015153622,5.089105589239934,13,15,9.735313801427841,1.1209315545117393,4,2,0.5,0.7768182236872125,0.19420455592180313,1.3817362131342217,1.2133320487525086,3,3,10.023056706740801,0.38077542255303687
grid_0824,14,14,20,20,0.4,0.6,1.0,60.0,True,0.01,0.3,1.5,24,20,11,0.55,6.588023213011332,0.32940116065056657,1.7610096769216939,4.083808297746941,15,15,11.549994481040033,3.309157400395968,2.02632242706261,16,8,0.5,3.1437557179150777,0.19648473236969236,1.4114400676583205,4.083808297746941,12,12,9.503202975995555,1.554959022990765,4,3,0.75,3.4442674950962533,0.8610668737740633,4.389722716008979,1.016091221511916,3,3,19.737160501217943,1.7273389643218007
grid_0825,14,14,20,20,0.4,0.6,1.0,60.0,True,0.01,0.3,2.0,24,20,11,0.55,8.70385422057814,0.43519271102890694,2.005418025135957,4.083808297746941,15,15,14.187651463120284,4.394580145530624,2.02632242706261,16,8,0.5,3.758386545481886,0.23489915909261785,1.491880080168799,4.083808297746941,12,12,10.750352047353179,1.8611368428585795,4,3,0.75,4.945467675096253,1.2363669187740634,5.867149297616736,1.016091221511916,3,3,27.936849126188708,2.4871539639110596
grid_0826,14,14,20,20,0.4,0.6,1.0,60.0,True,0.01,0.45,1.5,24,20,12,0.6,8.59888609660654,0.429944304830327,2.1330582067244146,4.0745515129962815,15,15,15.112693476896888,4.353308597011996,2.0217644062870743,16,9,0.5625,5.149629971356567,0.3218518732097854,1.7833214362631125,4.0745515129962815,12,12,13.520440595816172,2.578833640449263,4,3,0.75,3.4492561252499727,0.8623140313124932,4.398284562924146,1.014999203681156,3,3,21.481705001219748,1.7298646256619366
grid_0827,14,14,20,20,0.4,0.6,1.0,60.0,True,0.01,0.45,2.0,24,20,11,0.55,6.147138833865633,0.30735694169328165,1.7140316653078247,4.0745515129962815,15,15,13.443742977341737,3.0782517177604385,2.0217644062870743,16,9,0.5625,5.37032061017842,0.3356450381361512,1.8168911702310497,4.0745515129962815,12,12,14.298914544991968,2.687243930774974,4,2,0.5,0.7768182236872125,0.19420455592180313,1.3817362131342217,1.2133320487525086,3,3,10.023056706740801,0.38077542255303687
grid_0828,14,14,20,20,0.4,0.6,0.0,65.0,True,,0.3,1.5,63,32,13,0.40625,0.3641126699693127,0.011378520936541021,1.0192130179376397,5.889553655877531,22,26,3.941852081308719,0.12239992161040547,2.9270394834097546,24,10,0.4166666666666667,1.041637339716623,0.04340155582152596,1.0753490108028196,5.232502568729528,17,20,4.08747132633542,0.47702604476806965,8,3,0.375,-0.6775246697473103,-0.08469058371841379,0.8678563975325005,2.6118189793944677,5,6,3.5049943462286155,-0.35294249553091683
grid_0829,14,14,20,20,0.4,0.6,0.0,65.0,True,,0.3,2.0,63,31,12,0.3870967741935484,2.039722462065646,0.06579749877631118,1.1079064733099333,4.627479518631072,22,26,3.075144147904922,0.9504809431924999,2.314861769409904,23,9,0.391304347826087,1.2160469518129573,0.05287160660056337,1.088276042022933,4.06602341748448,17,20,1.593957715996176,0.5569535045898188,8,3,0.375,0.8236755102526887,0.10295943878158609,1.1606486878620086,2.1114189193944686,5,6,7.3335551396425664,0.39134781324170476
grid_0830,14,14,20,20,0.4,0.6,0.0,65.0,True,,0.45,1.5,63,31,14,0.45161290322580644,3.6763886326662103,0.11859318169890995,1.2211890609539888,3.731792599033878,22,26,5.381435779872352,1.796441706500418,1.867093808573972,23,11,0.4782608695652174,4.328968123551293,0.18821600537179534,1.3760295894901398,3.095524596323165,17,20,6.080776306445365,2.1442319083241568,8,3,0.375,-0.6525794908850833,-0.08157243636063544,0.8722615598463712,2.595851423535141,5,6,3.3708317659749376,-0.3404893211551685
grid_0831,14,14,20,20,0.4,0.6,0.0,65.0,True,,0.45,2.0,63,31,13,0.41935483870967744,2.725841549925299,0.08793037257823544,1.1545882691943192,5.200015320026168,22,26,3.646451670162133,1.3037416128021784,2.5824378142130566,23,10,0.43478260869565216,3.0484585823731427,0.13254167749448445,1.243405517696679,4.058191605236737,17,20,3.922058362504663,1.4846857847309325,8,3,0.375,-0.3226170324478439,-0.04032712905598046,0.9368496910070114,3.2666890850979016,5,6,2.8540824296773586,-0.17829702139746662
grid_0832,14,14,20,20,0.4,0.6,0.0,65.0,True,0.0,0.3,1.5,29,23,9,0.391304347826087,-0.45246851989373704,-0.019672544343205978,0.9672820301855986,5.843509784593307,18,20,3.1884034570507254,-0.2680564854583678,2.904531913637387,18,6,0.3333333333333333,-2.8662114622904795,-0.15923397012724888,0.7567449588315787,5.843509784593307,14,16,0.22738148721180368,-1.453741770022532,5,3,0.6,2.4137429423967425,0.4827485884793485,2.179382555734856,1.0305245526995108,4,4,13.848082548470845,1.2031763619042346
grid_0833,14,14,20,20,0.4,0.6,0.0,65.0,True,0.0,0.3,2.0,29,23,9,0.391304347826087,1.1629624276730717,0.05056358381187266,1.084093738969567,5.770700282785846,18,20,4.046710663395914,0.5301243176901282,2.875053217669099,18,6,0.3333333333333333,-2.751980694723671,-0.15288781637353732,0.7664397110969815,5.100999873622072,14,16,-0.49804566578506926,-1.401495634616745,5,3,0.6,3.9149431223967426,0.7829886244793485,2.9128862250195415,1.0305245526995108,4,4,20.407833448447455,1.9590763214305529
grid_0834,14,14,20,20,0.4,0.6,0.0,65.0,True,0.0,0.45,1.5,29,23,10,0.43478260869565216,1.6160865193915082,0.07026463127789166,1.1269066242888703,5.089105589239934,18,20,5.623721465845269,0.769047871964279,2.5187854978108826,18,7,0.3888888888888889,-0.8064459669858983,-0.04480255372143879,0.9245799801030429,5.089105589239934,14,16,3.028298286204263,-0.43334134287289494,5,3,0.6,2.4225324863774063,0.48450649727548123,2.1865138773426174,1.0267236388725662,4,4,14.96724491255289,1.2076223417095688
grid_0835,14,14,20,20,0.4,0.6,0.0,65.0,True,0.0,0.45,2.0,29,23,9,0.391304347826087,-1.3360608033493995,-0.05808960014562605,0.9028631326632729,5.089105589239934,18,20,2.647838392402929,-0.7087948853650938,2.5187854978108604,18,7,0.3888888888888889,-1.0861553881640458,-0.060341966009113644,0.8984211412294756,5.089105589239934,14,16,1.7721473133565953,-0.5750273813107776,5,2,0.4,-0.2499054151853537,-0.04998108303707074,0.9183764945559425,1.2133320487525086,4,4,5.80032627696973,-0.13454115252045096
grid_0836,14,14,20,20,0.4,0.6,0.0,65.0,True,0.01,0.3,1.5,22,18,9,0.5,4.71993890593199,0.26221882810733277,1.5452195697792024,4.083808297746941,15,15,6.937416913192269,2.351727548748861,2.02632242706261,14,6,0.42857142857142855,1.2756714108357365,0.0911193864882669,1.166953917123092,4.083808297746941,12,12,3.280347316613505,0.6137864125650871,4,3,0.75,3.4442674950962533,0.8610668737740633,4.389722716008979,1.016091221511916,3,3,19.737160501217943,1.7273389643218007
grid_0837,14,14,20,20,0.4,0.6,0.0,65.0,True,0.01,0.3,2.0,22,18,9,0.5,6.3353698534988,0.35196499186104435,1.731824647470663,4.083808297746941,15,15,8.034142787966678,3.1708751680528113,2.02632242706261,14,6,0.42857142857142855,1.3899021784025454,0.0992787270287532,1.1819039065476897,4.083808297746941,12,12,2.347655262760383,0.6671286865693293,4,3,0.75,4.945467675096253,1.2363669187740634,5.867149297616736,1.016091221511916,3,3,27.936849126188708,2.4871539639110596
grid_0838,14,14,20,20,0.4,0.6,0.0,65.0,True,0.01,0.45,1.5,22,18,10,0.5555555555555556,6.761445368596599,0.3756358538109222,1.8909422776550722,4.0745515129962815,15,15,10.55360021929905,3.402016381859907,2.0217644062870743,14,7,0.5,3.3121892433466265,0.23658494595333046,1.5038243232435669,4.0745515129962815,12,12,7.431284567321707,1.6437176657523311,4,3,0.75,3.4492561252499727,0.8623140313124932,4.398284562924146,1.014999203681156,3,3,21.481705001219748,1.7298646256619366
grid_0839,14,14,20,20,0.4,0.6,0.0,65.0,True,0.01,0.45,2.0,22,18,9,0.5,3.8092980458556918,0.2116276692142051,1.4424756786606907,4.0745515129962815,15,15,6.751082958789394,1.8855594515795326,2.0217644062870743,14,7,0.5,3.032479822168479,0.2166057015834628,1.4612771136863194,4.0745515129962815,12,12,5.816233316517563,1.4990759163715728,4,2,0.5,0.7768182236872125,0.19420455592180313,1.3817362131342217,1.2133320487525086,3,3,10.023056706740801,0.38077542255303687
grid_0840,14,14,20,20,0.4,0.6,0.5,65.0,True,,0.3,1.5,56,32,15,0.46875,5.394074337301828,0.16856482304068213,1.319410706116563,5.317639104147654,22,26,6.0312642875322355,2.6695150972186,2.6437594327227143,24,10,0.4166666666666667,1.041637339716623,0.04340155582152596,1.0753490108028196,5.232502568729528,17,20,4.08747132633542,0.47702604476806965,8,5,0.625,4.352436997585205,0.5440546246981506,2.4207798383634853,2.0399044276645895,5,6,11.862643171122683,2.182079962710737
grid_0841,14,14,20,20,0.4,0.6,0.5,65.0,True,,0.3,2.0,56,31,14,0.45161290322580644,8.070484249398163,0.26033820159348914,1.4792757050988399,4.555965026901194,22,26,5.749179396373897,4.033495485411587,2.2724990912790677,23,9,0.391304347826087,1.2160469518129573,0.05287160660056337,1.088276042022933,4.06602341748448,17,20,1.593957715996176,0.5569535045898188,8,5,0.625,6.854437297585205,0.8568046621981507,3.2375157460381145,2.0399044276645895,5,6,17.695441727459844,3.457286502482493
grid_0842,14,14,20,20,0.4,0.6,0.5,65.0,True,,0.45,1.5,56,31,16,0.5161290322580645,8.699273110733682,0.28062171324947355,1.597143947320206,3.171369373693622,22,26,7.846389788568412,4.38240676783106,1.5864007840635908,23,11,0.4782608695652174,4.328968123551293,0.18821600537179534,1.3760295894901398,3.095524596323165,17,20,6.080776306445365,2.1442319083241568,8,5,0.625,4.370304987182388,0.5462881233977985,2.4301545885095006,2.035428198194885,5,6,12.92252854967217,2.191190650408581
grid_0843,14,14,20,20,0.4,0.6,0.5,65.0,True,,0.45,2.0,56,31,14,0.45161290322580644,5.74712578799277,0.18539115445137966,1.3462127040522565,4.167087278194503,22,26,5.273216291296104,2.842023229903634,2.076699238584212,23,10,0.43478260869565216,3.0484585823731427,0.13254167749448445,1.243405517696679,4.058191605236737,17,20,3.922058362504663,1.4846857847309325,8,4,0.5,2.698667205619627,0.3373334007024534,1.6621214915375915,2.2337610432662376,5,6,9.157795336571496,1.3374800687187882
grid_0844,14,14,20,20,0.4,0.6,0.5,65.0,True,0.0,0.3,1.5,29,23,9,0.391304347826087,-0.45246851989373704,-0.019672544343205978,0.9672820301855986,5.843509784593307,18,20,3.1884034570507254,-0.2680564854583678,2.904531913637387,18,6,0.3333333333333333,-2.8662114622904795,-0.15923397012724888,0.7567449588315787,5.843509784593307,14,16,0.22738148721180368,-1.453741770022532,5,3,0.6,2.4137429423967425,0.4827485884793485,2.179382555734856,1.0305245526995108,4,4,13.848082548470845,1.2031763619042346
grid_0845,14,14,20,20,0.4,0.6,0.5,65.0,True,0.0,0.3,2.0,29,23,9,0.391304347826087,1.1629624276730717,0.05056358381187266,1.084093738969567,5.770700282785846,18,20,4.046710663395914,0.5301243176901282,2.875053217669099,18,6,0.3333333333333333,-2.751980694723671,-0.15288781637353732,0.7664397110969815,5.100999873622072,14,16,-0.49804566578506926,-1.401495634616745,5,3,0.6,3.9149431223967426,0.7829886244793485,2.9128862250195415,1.0305245526995108,4,4,20.407833448447455,1.9590763214305529
grid_0846,14,14,20,20,0.4,0.6,0.5,65.0,True,0.0,0.45,1.5,29,23,10,0.43478260869565216,1.6160865193915082,0.07026463127789166,1.1269066242888703,5.089105589239934,18,20,5.623721465845269,0.769047871964279,2.5187854978108826,18,7,0.3888888888888889,-0.8064459669858983,-0.04480255372143879,0.9245799801030429,5.089105589239934,14,16,3.028298286204263,-0.43334134287289494,5,3,0.6,2.4225324863774063,0.48450649727548123,2.1865138773426174,1.0267236388725662,4,4,14.96724491255289,1.2076223417095688
grid_0847,14,14,20,20,0.4,0.6,0.5,65.0,True,0.0,0.45,2.0,29,23,9,0.391304347826087,-1.3360608033493995,-0.05808960014562605,0.9028631326632729,5.089105589239934,18,20,2.647838392402929,-0.7087948853650938,2.5187854978108604,18,7,0.3888888888888889,-1.0861553881640458,-0.060341966009113644,0.8984211412294756,5.089105589239934,14,16,1.7721473133565953,-0.5750273813107776,5,2,0.4,-0.2499054151853537,-0.04998108303707074,0.9183764945559425,1.2133320487525086,4,4,5.80032627696973,-0.13454115252045096
grid_0848,14,14,20,20,0.4,0.6,0.5,65.0,True,0.01,0.3,1.5,22,18,9,0.5,4.71993890593199,0.26221882810733277,1.5452195697792024,4.083808297746941,15,15,6.937416913192269,2.351727548748861,2.02632242706261,14,6,0.42857142857142855,1.2756714108357365,0.0911193864882669,1.166953917123092,4.083808297746941,12,12,3.280347316613505,0.6137864125650871,4,3,0.75,3.4442674950962533,0.8610668737740633,4.389722716008979,1.016091221511916,3,3,19.737160501217943,1.7273389643218007
grid_0849,14,14,20,20,0.4,0.6,0.5,65.0,True,0.01,0.3,2.0,22,18,9,0.5,6.3353698534988,0.35196499186104435,1.731824647470663,4.083808297746941,15,15,8.034142787966678,3.1708751680528113,2.02632242706261,14,6,0.42857142857142855,1.3899021784025454,0.0992787270287532,1.1819039065476897,4.083808297746941,12,12,2.347655262760383,0.6671286865693293,4,3,0.75,4.945467675096253,1.2363669187740634,5.867149297616736,1.016091221511916,3,3,27.936849126188708,2.4871539639110596
grid_0850,14,14,20,20,0.4,0.6,0.5,65.0,True,0.01,0.45,1.5,22,18,10,0.5555555555555556,6.761445368596599,0.3756358538109222,1.8909422776550722,4.0745515129962815,15,15,10.55360021929905,3.402016381859907,2.0217644062870743,14,7,0.5,3.3121892433466265,0.23658494595333046,1.5038243232435669,4.0745515129962815,12,12,7.431284567321707,1.6437176657523311,4,3,0.75,3.4492561252499727,0.8623140313124932,4.398284562924146,1.014999203681156,3,3,21.481705001219748,1.7298646256619366
grid_0851,14,14,20,20,0.4,0.6,0.5,65.0,True,0.01,0.45,2.0,22,18,9,0.5,3.8092980458556918,0.2116276692142051,1.4424756786606907,4.0745515129962815,15,15,6.751082958789394,1.8855594515795326,2.0217644062870743,14,7,0.5,3.032479822168479,0.2166057015834628,1.4612771136863194,4.0745515129962815,12,12,5.816233316517563,1.4990759163715728,4,2,0.5,0.7768182236872125,0.19420455592180313,1.3817362131342217,1.2133320487525086,3,3,10.023056706740801,0.38077542255303687
grid_0852,14,14,20,20,0.4,0.6,1.0,65.0,True,,0.3,1.5,38,28,14,0.5,7.052371128002095,0.25187039742864625,1.513014362192257,5.089724938101133,18,22,6.7292474379078495,3.531436676867483,2.5190888027174396,22,9,0.4090909090909091,0.6526112464763183,0.02966414756710538,1.051262245758482,5.089724938101133,15,18,3.110883291095696,0.2860164294790968,6,5,0.8333333333333334,6.399759881525777,1.0666266469209627,7.298410758832371,1.016091221511916,3,4,19.996582642885745,3.2361642858459216
grid_0853,14,14,20,20,0.4,0.6,1.0,65.0,True,,0.3,2.0,38,28,13,0.4642857142857143,8.17406579629141,0.29193092129612175,1.5540770793305392,6.102811366086691,18,22,5.952977562622555,4.09531368312035,3.012871743325618,22,8,0.36363636363636365,-0.7276943852343669,-0.03307701751065306,0.9470247121795514,6.102811366086691,15,18,0.001885792973627908,-0.41063266858509806,6,5,0.8333333333333334,8.901760181525777,1.4836266969209628,9.760788394845298,1.016091221511916,3,4,27.773647384668624,4.5245255316367805
grid_0854,14,14,20,20,0.4,0.6,1.0,65.0,True,,0.45,1.5,38,28,15,0.5357142857142857,9.2853652558929,0.3316201877104608,1.7429840667155077,5.079409536820826,18,22,8.562222073222264,4.69443041704698,2.514035181722951,22,10,0.45454545454545453,2.8742324853684718,0.13064693115311235,1.2503164471578263,5.079409536820826,15,18,4.873875619364235,1.4068224063440438,6,5,0.8333333333333334,6.41113277052443,1.0685221284207385,7.3163919215629,1.014999203681156,3,4,22.0861590707017,3.241998844544458
grid_0855,14,14,20,20,0.4,0.6,1.0,65.0,True,,0.45,2.0,38,28,13,0.4642857142857143,5.832817873151992,0.20831492404114255,1.4014535831423078,6.09129911208149,18,22,5.411025031767863,2.8938987041261965,3.0072603393921704,22,9,0.4090909090909091,1.093322884190323,0.049696494735923746,1.0875058367877224,6.09129911208149,15,18,2.2322550986406977,0.5024334941839959,6,4,0.6666666666666666,4.739494988961669,0.7899158314936114,3.3290350484662934,1.2133320487525086,3,4,17.06651478656747,2.379509755931042
grid_0856,14,14,20,20,0.4,0.6,1.0,65.0,True,0.0,0.3,1.5,26,21,9,0.42857142857142855,1.6420571135020805,0.07819319588105145,1.1399301713376329,5.100999873622072,16,18,4.178846190632606,0.7846610878404547,2.5246124244861057,17,6,0.35294117647058826,-1.8022103815941728,-0.10601237538789252,0.831863616688404,5.100999873622072,13,15,0.5180663528478204,-0.9266711250669912,4,3,0.75,3.4442674950962533,0.8610668737740633,4.389722716008979,1.016091221511916,3,3,19.737160501217943,1.7273389643218007
grid_0857,14,14,20,20,0.4,0.6,1.0,65.0,True,0.0,0.3,2.0,26,21,9,0.42857142857142855,3.25748806106889,0.15511847909851856,1.2775913570652342,5.100999873622072,16,18,5.1188969404392415,1.5912670647951543,2.5246124244861057,17,6,0.35294117647058826,-1.687979614027364,-0.0992929184721979,0.8425207232713776,5.100999873622072,13,15,-0.2500329856194568,-0.8741455533357811,4,3,0.75,4.945467675096253,1.2363669187740634,5.867149297616736,1.016091221511916,3,3,27.936849126188708,2.4871539639110596
grid_0858,14,14,20,20,0.4,0.6,1.0,65.0,True,0.0,0.45,1.5,26,21,10,0.47619047619047616,3.6951556453906798,0.1759597926376514,1.3467876407536472,5.089105589239934,16,18,6.959673021649541,1.8248014154257808,2.5187854978108826,17,7,0.4117647058823529,0.24589952014070682,0.014464677655335701,1.0255072295426277,5.089105589239934,13,15,3.5427243205741985,0.09332243792239403,4,3,0.75,3.4492561252499727,0.8623140313124932,4.398284562924146,1.014999203681156,3,3,21.481705001219748,1.7298646256619366
grid_0859,14,14,20,20,0.4,0.6,1.0,65.0,True,0.0,0.45,2.0,26,21,9,0.42857142857142855,0.7430083226497719,0.03538134869760819,1.0636390834793652,5.089105589239934,16,18,3.700372512641265,0.3314753548333105,2.5187854978108604,17,7,0.4117647058823529,-0.03380990103744069,-0.0019888177080847336,0.9964928890219794,5.089105589239934,13,15,2.21268211402961,-0.049113057268368454,4,2,0.5,0.7768182236872125,0.19420455592180313,1.3817362131342217,1.2133320487525086,3,3,10.023056706740801,0.38077542255303687
grid_0860,14,14,20,20,0.4,0.6,1.0,65.0,True,0.01,0.3,1.5,22,18,9,0.5,4.71993890593199,0.26221882810733277,1.5452195697792024,4.083808297746941,15,15,6.937416913192269,2.351727548748861,2.02632242706261,14,6,0.42857142857142855,1.2756714108357365,0.0911193864882669,1.166953917123092,4.083808297746941,12,12,3.280347316613505,0.6137864125650871,4,3,0.75,3.4442674950962533,0.8610668737740633,4.389722716008979,1.016091221511916,3,3,19.737160501217943,1.7273389643218007
grid_0861,14,14,20,20,0.4,0.6,1.0,65.0,True,0.01,0.3,2.0,22,18,9,0.5,6.3353698534988,0.35196499186104435,1.731824647470663,4.083808297746941,15,15,8.034142787966678,3.1708751680528113,2.02632242706261,14,6,0.42857142857142855,1.3899021784025454,0.0992787270287532,1.1819039065476897,4.083808297746941,12,12,2.347655262760383,0.6671286865693293,4,3,0.75,4.945467675096253,1.2363669187740634,5.867149297616736,1.016091221511916,3,3,27.936849126188708,2.4871539639110596
grid_0862,14,14,20,20,0.4,0.6,1.0,65.0,True,0.01,0.45,1.5,22,18,10,0.5555555555555556,6.761445368596599,0.3756358538109222,1.8909422776550722,4.0745515129962815,15,15,10.55360021929905,3.402016381859907,2.0217644062870743,14,7,0.5,3.3121892433466265,0.23658494595333046,1.5038243232435669,4.0745515129962815,12,12,7.431284567321707,1.6437176657523311,4,3,0.75,3.4492561252499727,0.8623140313124932,4.398284562924146,1.014999203681156,3,3,21.481705001219748,1.7298646256619366
grid_0863,14,14,20,20,0.4,0.6,1.0,65.0,True,0.01,0.45,2.0,22,18,9,0.5,3.8092980458556918,0.2116276692142051,1.4424756786606907,4.0745515129962815,15,15,6.751082958789394,1.8855594515795326,2.0217644062870743,14,7,0.5,3.032479822168479,0.2166057015834628,1.4612771136863194,4.0745515129962815,12,12,5.816233316517563,1.4990759163715728,4,2,0.5,0.7768182236872125,0.19420455592180313,1.3817362131342217,1.2133320487525086,3,3,10.023056706740801,0.38077542255303687
grid_0864,14,14,20,20,0.4,0.7,0.0,55.0,True,,0.3,1.5,116,50,23,0.46,5.845637863678814,0.11691275727357625,1.2153130334652122,6.130502011159837,25,32,5.925048183643815,2.868261933808114,3.0263677377836418,40,20,0.5,8.578388172703743,0.2144597043175936,1.4296267018338484,6.130502011159837,20,26,7.2431841951740115,4.301677577942797,10,3,0.3,-2.7327503090249294,-0.27327503090249294,0.6195218398024972,4.201780073365787,5,6,0.6525041375230346,-1.3742977844853121
grid_0865,14,14,20,20,0.4,0.7,0.0,55.0,True,,0.3,2.0,116,47,19,0.40425531914893614,5.024350633284128,0.10690107730391764,1.178468438898745,7.143588439145396,25,32,3.752291470479115,2.4260400609770194,3.517581091370192,37,16,0.43243243243243246,6.255900762309058,0.16907839898132596,1.2983235150441048,7.143588439145396,20,26,3.7622749024317947,3.083336783326951,10,3,0.3,-1.23155012902493,-0.12315501290249306,0.8285324767012484,3.2009799533657866,5,6,3.715352772254195,-0.637636249330531
grid_0866,14,14,20,20,0.4,0.7,0.0,55.0,True,,0.45,1.5,116,47,24,0.5106382978723404,11.19361139586149,0.23816194459279774,1.4920879324568193,6.1116523370146805,25,32,6.139992286382695,5.661095476895306,3.0171808115006638,38,21,0.5526315789473685,12.869625534493732,0.33867435617088776,1.7745775168537206,6.1116523370146805,20,26,7.217748620484445,6.567413284644719,9,3,0.3333333333333333,-1.6760141386322414,-0.18622379318136015,0.726684149114855,3.619286071282299,5,6,1.5894655423975264,-0.8504643021864489
grid_0867,14,14,20,20,0.4,0.7,0.0,55.0,True,,0.45,2.0,116,46,22,0.4782608695652174,11.894493470998972,0.25857594502171677,1.5006296579430214,7.123541912275346,25,32,5.692635003166854,6.009783075899944,3.5078603300818134,37,19,0.5135135135135135,13.240545151193974,0.35785257165389117,1.7511549675429703,7.123541912275346,20,26,6.802432836607518,6.745367504683553,9,3,0.3333333333333333,-1.346051680195001,-0.1495612977994446,0.7804927465539706,4.290123732845059,5,6,1.1301327990219008,-0.6891019685246302
grid_0868,14,14,20,20,0.4,0.7,0.0,55.0,True,0.0,0.3,1.5,32,25,11,0.44,1.413405451486247,0.05653621805944988,1.1021869255898844,5.100999873622072,18,20,7.274184860161225,0.663748897438321,2.5246124244861057,20,8,0.4,-1.0003374909104954,-0.05001687454552477,0.9151173940046448,5.100999873622072,14,16,5.630710438083821,-0.533014361660844,5,3,0.6,2.4137429423967425,0.4827485884793485,2.179382555734856,1.0305245526995108,4,4,13.848082548470845,1.2031763619042346
grid_0869,14,14,20,20,0.4,0.7,0.0,55.0,True,0.0,0.3,2.0,32,25,11,0.44,3.529236459053056,0.14116945836212222,1.2551580815336,5.100999873622072,18,20,9.384310445825427,1.721377527980139,2.5246124244861057,20,8,0.4,-0.38570666334368703,-0.019285333167184355,0.9672712589182417,5.100999873622072,14,16,6.62842969516992,-0.2331315681019408,5,3,0.6,3.9149431223967426,0.7829886244793485,2.9128862250195415,1.0305245526995108,4,4,20.407833448447455,1.9590763214305529
grid_0870,14,14,20,20,0.4,0.7,0.0,55.0,True,0.0,0.45,1.5,32,25,12,0.48,3.45209201592951,0.1380836806371804,1.271052304223847,5.089105589239934,18,20,9.743623213474109,1.6953834303114146,2.5187854978108826,20,9,0.45,1.0295595295521036,0.05147797647760517,1.0962730081029648,5.089105589239934,14,16,8.437717788704415,0.48194106067918074,5,3,0.6,2.4225324863774063,0.48450649727548123,2.1865138773426174,1.0267236388725662,4,4,14.96724491255289,1.2076223417095688
grid_0871,14,14,20,20,0.4,0.7,0.0,55.0,True,0.0,0.45,2.0,32,25,11,0.44,1.000344753188602,0.04001379012754411,1.072721403819477,5.089105589239934,18,20,8.408462813829987,0.4528028166799869,2.5187854978108604,20,9,0.45,1.2502501683739558,0.06251250841869782,1.1169095531979216,5.089105589239934,14,16,9.060496948045051,0.588135253148403,5,2,0.4,-0.2499054151853537,-0.04998108303707074,0.9183764945559425,1.2133320487525086,4,4,5.80032627696973,-0.13454115252045096
grid_0872,14,14,20,20,0.4,0.7,0.0,55.0,True,0.01,0.3,1.5,25,20,11,0.55,6.585812877311975,0.32929064386559875,1.7605601619438844,4.083808297746941,15,15,11.669742321466241,3.3080098322159968,2.02632242706261,16,8,0.5,3.141545382215721,0.19634658638848257,1.4110318865913418,4.083808297746941,12,12,9.652887776528313,1.5538309406171846,4,3,0.75,3.4442674950962533,0.8610668737740633,4.389722716008979,1.016091221511916,3,3,19.737160501217943,1.7273389643218007
grid_0873,14,14,20,20,0.4,0.7,0.0,55.0,True,0.01,0.3,2.0,25,20,11,0.55,8.701643884878784,0.4350821942439391,2.0049061225320806,4.083808297746941,15,15,14.307399303546493,4.393420520369062,2.02632242706261,16,8,0.5,3.75617620978253,0.2347610131114081,1.4914486362719725,4.083808297746941,12,12,10.90003684788594,1.8600053594319155,4,3,0.75,4.945467675096253,1.2363669187740634,5.867149297616736,1.016091221511916,3,3,27.936849126188708,2.4871539639110596
grid_0874,14,14,20,20,0.4,0.7,0.0,55.0,True,0.01,0.45,1.5,25,20,12,0.6,8.5974508651346,0.42987254325673,2.13265488412715,4.0745515129962815,15,15,15.210489528489722,4.3525559235354505,2.0217644062870743,16,9,0.5625,5.1481947398846275,0.3217621712427893,1.7829321933056268,4.0745515129962815,12,12,13.642685660307215,2.578093765802514,4,3,0.75,3.4492561252499727,0.8623140313124932,4.398284562924146,1.014999203681156,3,3,21.481705001219748,1.7298646256619366
grid_0875,14,14,20,20,0.4,0.7,0.0,55.0,True,0.01,0.45,2.0,25,20,11,0.55,6.145703602393695,0.30728518011968464,1.7137459635949717,4.0745515129962815,15,15,13.541539028934569,3.077508240940019,2.0217644062870743,16,9,0.5625,5.368885378706482,0.33555533616915506,1.8164946000569075,4.0745515129962815,12,12,14.421159609483011,2.6865032741927974,4,2,0.5,0.7768182236872125,0.19420455592180313,1.3817362131342217,1.2133320487525086,3,3,10.023056706740801,0.38077542255303687
grid_0876,14,14,20,20,0.4,0.7,0.5,55.0,True,,0.3,1.5,98,48,24,0.5,10.435296564034783,0.2174020117507246,1.434104300549963,6.130498151516527,25,32,7.071306135922465,5.25760358574221,3.026365856750035,38,19,0.5,8.138085205727197,0.21416013699282094,1.430130323167662,6.130498151516527,20,26,7.000959540786721,4.076603299411485,10,5,0.5,2.2972113583075853,0.22972113583075854,1.4487933265224768,2.6035720584142092,5,6,7.338623197438288,1.134741381723603
grid_0877,14,14,20,20,0.4,0.7,0.5,55.0,True,,0.3,2.0,98,45,20,0.4444444444444444,10.1144093936401,0.2247646531920022,1.4039010386243702,7.143584579502083,25,32,5.0101800609599385,5.065407835808999,3.517579219864808,35,15,0.42857142857142855,5.315197735332514,0.1518627924380718,1.2667848587469988,7.143584579502083,20,26,3.011699494803345,2.606066222834569,10,5,0.5,4.799211658307586,0.4799211658307586,1.9375951224636607,2.1031719984142088,5,6,12.004862042508016,2.3968774006337457
grid_0878,14,14,20,20,0.4,0.7,0.5,55.0,True,,0.45,1.5,98,45,24,0.5333333333333333,13.260499331831939,0.2946777629295987,1.6407272976115113,6.113375969722082,25,32,7.096553969642481,6.761461255065138,3.0180209027833804,36,19,0.5277777777777778,9.91362899239671,0.27537858312213087,1.5966045855995734,6.113375969722082,20,26,6.350726791187668,5.009626996083516,9,5,0.5555555555555556,3.34687033943523,0.37187448215947,1.8204598378558392,2.035428198194885,5,6,10.079862683461734,1.668260624377771
grid_0879,14,14,20,20,0.4,0.7,0.5,55.0,True,,0.45,2.0,98,44,21,0.4772727272727273,10.958981046969425,0.24906775106748685,1.4821826563407354,7.125265544982748,25,32,5.6991643788949125,5.52154975599195,3.5086961709664855,35,17,0.4857142857142857,9.283748489096956,0.2652499568313415,1.5266287664953233,7.125265544982748,20,26,5.433209549286455,4.664433215883501,9,4,0.4444444444444444,1.6752325578724692,0.1861369508747188,1.3285270103113889,3.2571956910133952,5,6,6.733433160705578,0.8189186276302385
grid_0880,14,14,20,20,0.4,0.7,0.5,55.0,True,0.0,0.3,1.5,32,25,11,0.44,1.413405451486247,0.05653621805944988,1.1021869255898844,5.100999873622072,18,20,7.274184860161225,0.663748897438321,2.5246124244861057,20,8,0.4,-1.0003374909104954,-0.05001687454552477,0.9151173940046448,5.100999873622072,14,16,5.630710438083821,-0.533014361660844,5,3,0.6,2.4137429423967425,0.4827485884793485,2.179382555734856,1.0305245526995108,4,4,13.848082548470845,1.2031763619042346
grid_0881,14,14,20,20,0.4,0.7,0.5,55.0,True,0.0,0.3,2.0,32,25,11,0.44,3.529236459053056,0.14116945836212222,1.2551580815336,5.100999873622072,18,20,9.384310445825427,1.721377527980139,2.5246124244861057,20,8,0.4,-0.38570666334368703,-0.019285333167184355,0.9672712589182417,5.100999873622072,14,16,6.62842969516992,-0.2331315681019408,5,3,0.6,3.9149431223967426,0.7829886244793485,2.9128862250195415,1.0305245526995108,4,4,20.407833448447455,1.9590763214305529
grid_0882,14,14,20,20,0.4,0.7,0.5,55.0,True,0.0,0.45,1.5,32,25,12,0.48,3.45209201592951,0.1380836806371804,1.271052304223847,5.089105589239934,18,20,9.743623213474109,1.6953834303114146,2.5187854978108826,20,9,0.45,1.0295595295521036,0.05147797647760517,1.0962730081029648,5.089105589239934,14,16,8.437717788704415,0.48194106067918074,5,3,0.6,2.4225324863774063,0.48450649727548123,2.1865138773426174,1.0267236388725662,4,4,14.96724491255289,1.2076223417095688
grid_0883,14,14,20,20,0.4,0.7,0.5,55.0,True,0.0,0.45,2.0,32,25,11,0.44,1.000344753188602,0.04001379012754411,1.072721403819477,5.089105589239934,18,20,8.408462813829987,0.4528028166799869,2.5187854978108604,20,9,0.45,1.2502501683739558,0.06251250841869782,1.1169095531979216,5.089105589239934,14,16,9.060496948045051,0.588135253148403,5,2,0.4,-0.2499054151853537,-0.04998108303707074,0.9183764945559425,1.2133320487525086,4,4,5.80032627696973,-0.13454115252045096
grid_0884,14,14,20,20,0.4,0.7,0.5,55.0,True,0.01,0.3,1.5,25,20,11,0.55,6.585812877311975,0.32929064386559875,1.7605601619438844,4.083808297746941,15,15,11.669742321466241,3.3080098322159968,2.02632242706261,16,8,0.5,3.141545382215721,0.19634658638848257,1.4110318865913418,4.083808297746941,12,12,9.652887776528313,1.5538309406171846,4,3,0.75,3.4442674950962533,0.8610668737740633,4.389722716008979,1.016091221511916,3,3,19.737160501217943,1.7273389643218007
grid_0885,14,14,20,20,0.4,0.7,0.5,55.0,True,0.01,0.3,2.0,25,20,11,0.55,8.701643884878784,0.4350821942439391,2.0049061225320806,4.083808297746941,15,15,14.307399303546493,4.393420520369062,2.02632242706261,16,8,0.5,3.75617620978253,0.2347610131114081,1.4914486362719725,4.083808297746941,12,12,10.90003684788594,1.8600053594319155,4,3,0.75,4.945467675096253,1.2363669187740634,5.867149297616736,1.016091221511916,3,3,27.936849126188708,2.4871539639110596
grid_0886,14,14,20,20,0.4,0.7,0.5,55.0,True,0.01,0.45,1.5,25,20,12,0.6,8.5974508651346,0.42987254325673,2.13265488412715,4.0745515129962815,15,15,15.210489528489722,4.3525559235354505,2.0217644062870743,16,9,0.5625,5.1481947398846275,0.3217621712427893,1.7829321933056268,4.0745515129962815,12,12,13.642685660307215,2.578093765802514,4,3,0.75,3.4492561252499727,0.8623140313124932,4.398284562924146,1.014999203681156,3,3,21.481705001219748,1.7298646256619366
grid_0887,14,14,20,20,0.4,0.7,0.5,55.0,True,0.01,0.45,2.0,25,20,11,0.55,6.145703602393695,0.30728518011968464,1.7137459635949717,4.0745515129962815,15,15,13.541539028934569,3.077508240940019,2.0217644062870743,16,9,0.5625,5.368885378706482,0.33555533616915506,1.8164946000569075,4.0745515129962815,12,12,14.421159609483011,2.6865032741927974,4,2,0.5,0.7768182236872125,0.19420455592180313,1.3817362131342217,1.2133320487525086,3,3,10.023056706740801,0.38077542255303687
grid_0888,14,14,20,20,0.4,0.7,1.0,55.0,True,,0.3,1.5,50,37,20,0.5405405405405406,11.740502949565256,0.3173108905287908,1.697532757793286,4.662883374726935,21,26,9.203811010340843,5.968106609940538,2.314711349467624,30,15,0.5,6.367036531261181,0.21223455104203942,1.4305226196314786,4.662883374726935,18,22,7.727817498812445,3.175746563650561,7,5,0.7142857142857143,5.373466418304077,0.7676380597577254,3.630976651200716,1.0262934632216996,3,4,15.529497488319691,2.706411282972687
grid_0889,14,14,20,20,0.4,0.7,1.0,55.0,True,,0.3,2.0,50,36,17,0.4722222222222222,10.364441947466286,0.28790116520739684,1.549494287240215,5.175569742712491,21,26,5.850438185519289,5.220555751217426,2.568119488694409,29,12,0.41379310344827586,2.4889752291622083,0.08582673204007618,1.147982418763235,5.175569742712491,18,22,1.9050656486123896,1.1851295283388907,7,5,0.7142857142857143,7.875466718304077,1.1250666740434396,4.8560153614407175,1.0262934632216991,3,4,22.195552981276446,3.9881613451394626
grid_0890,14,14,20,20,0.4,0.7,1.0,55.0,True,,0.45,1.5,50,36,20,0.5555555555555556,12.469864885863396,0.34638513571842766,1.8009109310781992,4.641752399490079,21,26,8.245559571699193,6.358839515325654,2.3043763807204187,29,15,0.5172413793103449,7.082166763086124,0.2442126470029698,1.523396530901916,4.641752399490079,18,22,6.10291911735112,3.548843202685714,7,5,0.7142857142857143,5.387698122777272,0.7696711603967532,3.643057619457289,1.0234346477471576,3,4,17.12221288256978,2.7136916509435727
grid_0891,14,14,20,20,0.4,0.7,1.0,55.0,True,,0.45,2.0,50,36,18,0.5,10.1457763832169,0.281827121756025,1.5764169565082515,5.153241914750742,21,26,6.157266602283929,5.115647254884581,2.5572330564831325,29,14,0.4827586206896552,6.429716042002389,0.22171434627594444,1.4421158132526586,5.153241914750742,18,22,4.5491025244496,3.200639603693367,7,4,0.5714285714285714,3.7160603412145106,0.5308657630306444,2.215035931010828,2.236766696499666,3,4,12.819660639026154,1.855616068413135
grid_0892,14,14,20,20,0.4,0.7,1.0,55.0,True,0.0,0.3,1.5,28,23,11,0.4782608695652174,3.510141420581421,0.1526148443731053,1.2991215630458388,5.100999873622072,16,18,8.429658921157587,1.727432113055194,2.5246124244861057,19,8,0.42105263157894735,0.06587392548516813,0.003467048709745694,1.006145677385243,5.100999873622072,13,15,6.049132272723829,9.156705986779201e-05,4,3,0.75,3.4442674950962533,0.8610668737740633,4.389722716008979,1.016091221511916,3,3,19.737160501217943,1.7273389643218007
grid_0893,14,14,20,20,0.4,0.7,1.0,55.0,True,0.0,0.3,2.0,28,23,11,0.4782608695652174,5.62597242814823,0.24460749687601,1.4794250329896237,5.100999873622072,16,18,10.723273688183895,2.7962363836360637,2.5246124244861057,19,8,0.42105263157894735,0.6805047530519768,0.035816039634314546,1.0634873759318266,5.100999873622072,13,15,7.099363069656564,0.301581620496405,4,3,0.75,4.945467675096253,1.2363669187740634,5.867149297616736,1.016091221511916,3,3,27.936849126188708,2.4871539639110596
grid_0894,14,14,20,20,0.4,0.7,1.0,55.0,True,0.0,0.45,1.5,28,23,12,0.5217391304347826,5.5325963734006205,0.2405476684087226,1.51923010224673,5.089105589239934,16,18,11.236617349791098,2.761583349524499,2.5187854978108826,19,9,0.47368421052631576,2.0833402481506473,0.10964948674477092,1.2161054966458082,5.089105589239934,13,15,9.079756791595592,1.0141748715178034,4,3,0.75,3.4492561252499727,0.8623140313124932,4.398284562924146,1.014999203681156,3,3,21.481705001219748,1.7298646256619366
grid_0895,14,14,20,20,0.4,0.7,1.0,55.0,True,0.0,0.45,2.0,28,23,11,0.4782608695652174,3.0808491106597122,0.133949961333031,1.2638764705103007,5.089105589239934,16,18,9.785356045830095,1.5059752089279677,2.5187854978108604,19,9,0.47368421052631576,2.304030886972499,0.12126478352486841,1.2389978015153622,5.089105589239934,13,15,9.735313801427841,1.1209315545117393,4,2,0.5,0.7768182236872125,0.19420455592180313,1.3817362131342217,1.2133320487525086,3,3,10.023056706740801,0.38077542255303687
grid_0896,14,14,20,20,0.4,0.7,1.0,55.0,True,0.01,0.3,1.5,24,20,11,0.55,6.588023213011332,0.32940116065056657,1.7610096769216939,4.083808297746941,15,15,11.549994481040033,3.309157400395968,2.02632242706261,16,8,0.5,3.1437557179150777,0.19648473236969236,1.4114400676583205,4.083808297746941,12,12,9.503202975995555,1.554959022990765,4,3,0.75,3.4442674950962533,0.8610668737740633,4.389722716008979,1.016091221511916,3,3,19.737160501217943,1.7273389643218007
grid_0897,14,14,20,20,0.4,0.7,1.0,55.0,True,0.01,0.3,2.0,24,20,11,0.55,8.70385422057814,0.43519271102890694,2.005418025135957,4.083808297746941,15,15,14.187651463120284,4.394580145530624,2.02632242706261,16,8,0.5,3.758386545481886,0.23489915909261785,1.491880080168799,4.083808297746941,12,12,10.750352047353179,1.8611368428585795,4,3,0.75,4.945467675096253,1.2363669187740634,5.867149297616736,1.016091221511916,3,3,27.936849126188708,2.4871539639110596
grid_0898,14,14,20,20,0.4,0.7,1.0,55.0,True,0.01,0.45,1.5,24,20,12,0.6,8.59888609660654,0.429944304830327,2.1330582067244146,4.0745515129962815,15,15,15.112693476896888,4.353308597011996,2.0217644062870743,16,9,0.5625,5.149629971356567,0.3218518732097854,1.7833214362631125,4.0745515129962815,12,12,13.520440595816172,2.578833640449263,4,3,0.75,3.4492561252499727,0.8623140313124932,4.398284562924146,1.014999203681156,3,3,21.481705001219748,1.7298646256619366
grid_0899,14,14,20,20,0.4,0.7,1.0,55.0,True,0.01,0.45,2.0,24,20,11,0.55,6.147138833865633,0.30735694169328165,1.7140316653078247,4.0745515129962815,15,15,13.443742977341737,3.0782517177604385,2.0217644062870743,16,9,0.5625,5.37032061017842,0.3356450381361512,1.8168911702310497,4.0745515129962815,12,12,14.298914544991968,2.687243930774974,4,2,0.5,0.7768182236872125,0.19420455592180313,1.3817362131342217,1.2133320487525086,3,3,10.023056706740801,0.38077542255303687
grid_0900,14,14,20,20,0.4,0.7,0.0,60.0,True,,0.3,1.5,89,43,18,0.4186046511627907,0.5041194112029488,0.011723707237277885,1.0200739109625743,6.549236372583261,23,29,5.408137982984436,0.17343049632692065,3.2481547444112246,34,15,0.4411764705882353,2.210576257006179,0.06501694873547587,1.1166097385425444,6.139353351190511,18,23,6.316231719235993,1.048095550203576,9,3,0.3333333333333333,-1.7064568458032305,-0.18960631620035892,0.7228030505354884,3.1754866101440875,5,6,1.9775616460341077,-0.8655928141091174
grid_0901,14,14,20,20,0.4,0.7,0.0,60.0,True,,0.3,2.0,89,41,16,0.3902439024390244,2.1568538899667677,0.05260619243821386,1.0859591326396725,7.15243977917607,23,29,3.3373531339138154,0.9866325145353683,3.5218733033521077,32,13,0.40625,2.3621105557699993,0.07381595486781248,1.1247450651353603,7.15243977917607,18,23,2.7626542915264958,1.1131570526332402,9,3,0.3333333333333333,-0.20525666580323088,-0.022806296200359035,0.9666580952469788,2.1746864901440874,5,6,5.380726795735397,-0.12513162657163956
grid_0902,14,14,20,20,0.4,0.7,0.0,60.0,True,,0.45,1.5,89,40,20,0.5,8.332021051358435,0.20830052628396092,1.4230688074331963,6.119524015215486,23,29,6.263633853998556,4.175456436221392,3.0210176141105105,32,17,0.53125,8.98460054224352,0.28076876694511,1.615994145449497,6.119524015215486,18,23,6.9868343760044604,4.531374604004679,8,3,0.375,-0.6525794908850833,-0.08157243636063544,0.8722615598463712,2.595851423535141,5,6,3.3708317659749376,-0.3404893211551685
grid_0903,14,14,20,20,0.4,0.7,0.0,60.0,True,,0.45,2.0,89,40,19,0.475,9.883474268617523,0.24708685671543812,1.4773210512833401,7.131413590476152,23,29,5.890128052196106,4.965067841387905,3.511677720588835,32,16,0.5,10.206091301065365,0.3189403531582927,1.6543448954391846,7.131413590476152,18,23,6.649139457825793,5.152551709008502,8,3,0.375,-0.3226170324478439,-0.04032712905598046,0.9368496910070114,3.2666890850979016,5,6,2.8540824296773586,-0.17829702139746662
grid_0904,14,14,20,20,0.4,0.7,0.0,60.0,True,0.0,0.3,1.5,32,25,11,0.44,1.413405451486247,0.05653621805944988,1.1021869255898844,5.100999873622072,18,20,7.274184860161225,0.663748897438321,2.5246124244861057,20,8,0.4,-1.0003374909104954,-0.05001687454552477,0.9151173940046448,5.100999873622072,14,16,5.630710438083821,-0.533014361660844,5,3,0.6,2.4137429423967425,0.4827485884793485,2.179382555734856,1.0305245526995108,4,4,13.848082548470845,1.2031763619042346
grid_0905,14,14,20,20,0.4,0.7,0.0,60.0,True,0.0,0.3,2.0,32,25,11,0.44,3.529236459053056,0.14116945836212222,1.2551580815336,5.100999873622072,18,20,9.384310445825427,1.721377527980139,2.5246124244861057,20,8,0.4,-0.38570666334368703,-0.019285333167184355,0.9672712589182417,5.100999873622072,14,16,6.62842969516992,-0.2331315681019408,5,3,0.6,3.9149431223967426,0.7829886244793485,2.9128862250195415,1.0305245526995108,4,4,20.407833448447455,1.9590763214305529
grid_0906,14,14,20,20,0.4,0.7,0.0,60.0,True,0.0,0.45,1.5,32,25,12,0.48,3.45209201592951,0.1380836806371804,1.271052304223847,5.089105589239934,18,20,9.743623213474109,1.6953834303114146,2.5187854978108826,20,9,0.45,1.0295595295521036,0.05147797647760517,1.0962730081029648,5.089105589239934,14,16,8.437717788704415,0.48194106067918074,5,3,0.6,2.4225324863774063,0.48450649727548123,2.1865138773426174,1.0267236388725662,4,4,14.96724491255289,1.2076223417095688
grid_0907,14,14,20,20,0.4,0.7,0.0,60.0,True,0.0,0.45,2.0,32,25,11,0.44,1.000344753188602,0.04001379012754411,1.072721403819477,5.089105589239934,18,20,8.408462813829987,0.4528028166799869,2.5187854978108604,20,9,0.45,1.2502501683739558,0.06251250841869782,1.1169095531979216,5.089105589239934,14,16,9.060496948045051,0.588135253148403,5,2,0.4,-0.2499054151853537,-0.04998108303707074,0.9183764945559425,1.2133320487525086,4,4,5.80032627696973,-0.13454115252045096
grid_0908,14,14,20,20,0.4,0.7,0.0,60.0,True,0.01,0.3,1.5,25,20,11,0.55,6.585812877311975,0.32929064386559875,1.7605601619438844,4.083808297746941,15,15,11.669742321466241,3.3080098322159968,2.02632242706261,16,8,0.5,3.141545382215721,0.19634658638848257,1.4110318865913418,4.083808297746941,12,12,9.652887776528313,1.5538309406171846,4,3,0.75,3.4442674950962533,0.8610668737740633,4.389722716008979,1.016091221511916,3,3,19.737160501217943,1.7273389643218007
grid_0909,14,14,20,20,0.4,0.7,0.0,60.0,True,0.01,0.3,2.0,25,20,11,0.55,8.701643884878784,0.4350821942439391,2.0049061225320806,4.083808297746941,15,15,14.307399303546493,4.393420520369062,2.02632242706261,16,8,0.5,3.75617620978253,0.2347610131114081,1.4914486362719725,4.083808297746941,12,12,10.90003684788594,1.8600053594319155,4,3,0.75,4.945467675096253,1.2363669187740634,5.867149297616736,1.016091221511916,3,3,27.936849126188708,2.4871539639110596
grid_0910,14,14,20,20,0.4,0.7,0.0,60.0,True,0.01,0.45,1.5,25,20,12,0.6,8.5974508651346,0.42987254325673,2.13265488412715,4.0745515129962815,15,15,15.210489528489722,4.3525559235354505,2.0217644062870743,16,9,0.5625,5.1481947398846275,0.3217621712427893,1.7829321933056268,4.0745515129962815,12,12,13.642685660307215,2.578093765802514,4,3,0.75,3.4492561252499727,0.8623140313124932,4.398284562924146,1.014999203681156,3,3,21.481705001219748,1.7298646256619366
grid_0911,14,14,20,20,0.4,0.7,0.0,60.0,True,0.01,0.45,2.0,25,20,11,0.55,6.145703602393695,0.30728518011968464,1.7137459635949717,4.0745515129962815,15,15,13.541539028934569,3.077508240940019,2.0217644062870743,16,9,0.5625,5.368885378706482,0.33555533616915506,1.8164946000569075,4.0745515129962815,12,12,14.421159609483011,2.6865032741927974,4,2,0.5,0.7768182236872125,0.19420455592180313,1.3817362131342217,1.2133320487525086,3,3,10.023056706740801,0.38077542255303687
grid_0912,14,14,20,20,0.4,0.7,0.5,60.0,True,,0.3,1.5,79,41,19,0.4634146341463415,5.093774251915605,0.1242383963881855,1.2315102735087562,6.139353351190511,23,28,6.724940146225269,2.500176772353524,3.0306818023669413,32,14,0.4375,1.7702694303863198,0.05532091969957251,1.0988423939600682,6.139353351190511,18,22,5.970728143180517,0.8300402731627354,9,5,0.5555555555555556,3.3235048215292844,0.36927831350325385,1.8121269787326664,2.6035720584142092,5,6,9.406582823717722,1.6563878132609622
grid_0913,14,14,20,20,0.4,0.7,0.5,60.0,True,,0.3,2.0,79,39,17,0.4358974358974359,7.246908790679425,0.18581817411998525,1.3296923107861707,7.15243977917607,23,28,4.767543833486233,3.5889068734675567,3.5218733033521077,30,12,0.4,1.4214036691501408,0.047380122305004664,1.079459172514935,7.15243977917607,18,22,1.82041918806021,0.6450063709628973,9,5,0.5555555555555556,5.825505121529285,0.6472783468365872,2.4235122643096685,2.1031719984142088,5,6,14.591292651572976,2.9250338478332694
grid_0914,14,14,20,20,0.4,0.7,0.5,60.0,True,,0.45,1.5,79,38,20,0.5263157894736842,10.400632620036284,0.27370085842200753,1.5895597005541655,6.119524015215486,23,28,7.3652837770558355,5.261262414317036,3.0210176141105105,30,15,0.5,6.030327632853897,0.20101092109512989,1.413445928899667,6.119524015215486,18,22,5.883351837691479,3.0042430706292755,8,5,0.625,4.370304987182388,0.5462881233977985,2.4301545885095006,2.035428198194885,5,6,12.92252854967217,2.191190650408581
grid_0915,14,14,20,20,0.4,0.7,0.5,60.0,True,,0.45,2.0,79,38,18,0.47368421052631576,8.949685477295375,0.23551803887619407,1.4549174601073633,7.131413590476152,23,28,5.870454810731567,4.482551065346985,3.511677720588835,30,14,0.4666666666666667,6.251018271675749,0.20836727572252495,1.4007726147757595,7.131413590476152,18,22,4.993830670507586,3.103561480407291,8,4,0.5,2.698667205619627,0.3373334007024534,1.6621214915375915,2.2337610432662376,5,6,9.157795336571496,1.3374800687187882
grid_0916,14,14,20,20,0.4,0.7,0.5,60.0,True,0.0,0.3,1.5,32,25,11,0.44,1.413405451486247,0.05653621805944988,1.1021869255898844,5.100999873622072,18,20,7.274184860161225,0.663748897438321,2.5246124244861057,20,8,0.4,-1.0003374909104954,-0.05001687454552477,0.9151173940046448,5.100999873622072,14,16,5.630710438083821,-0.533014361660844,5,3,0.6,2.4137429423967425,0.4827485884793485,2.179382555734856,1.0305245526995108,4,4,13.848082548470845,1.2031763619042346
grid_0917,14,14,20,20,0.4,0.7,0.5,60.0,True,0.0,0.3,2.0,32,25,11,0.44,3.529236459053056,0.14116945836212222,1.2551580815336,5.100999873622072,18,20,9.384310445825427,1.721377527980139,2.5246124244861057,20,8,0.4,-0.38570666334368703,-0.019285333167184355,0.9672712589182417,5.100999873622072,14,16,6.62842969516992,-0.2331315681019408,5,3,0.6,3.9149431223967426,0.7829886244793485,2.9128862250195415,1.0305245526995108,4,4,20.407833448447455,1.9590763214305529
grid_0918,14,14,20,20,0.4,0.7,0.5,60.0,True,0.0,0.45,1.5,32,25,12,0.48,3.45209201592951,0.1380836806371804,1.271052304223847,5.089105589239934,18,20,9.743623213474109,1.6953834303114146,2.5187854978108826,20,9,0.45,1.0295595295521036,0.05147797647760517,1.0962730081029648,5.089105589239934,14,16,8.437717788704415,0.48194106067918074,5,3,0.6,2.4225324863774063,0.48450649727548123,2.1865138773426174,1.0267236388725662,4,4,14.96724491255289,1.2076223417095688
grid_0919,14,14,20,20,0.4,0.7,0.5,60.0,True,0.0,0.45,2.0,32,25,11,0.44,1.000344753188602,0.04001379012754411,1.072721403819477,5.089105589239934,18,20,8.408462813829987,0.4528028166799869,2.5187854978108604,20,9,0.45,1.2502501683739558,0.06251250841869782,1.1169095531979216,5.089105589239934,14,16,9.060496948045051,0.588135253148403,5,2,0.4,-0.2499054151853537,-0.04998108303707074,0.9183764945559425,1.2133320487525086,4,4,5.80032627696973,-0.13454115252045096
grid_0920,14,14,20,20,0.4,0.7,0.5,60.0,True,0.01,0.3,1.5,25,20,11,0.55,6.585812877311975,0.32929064386559875,1.7605601619438844,4.083808297746941,15,15,11.669742321466241,3.3080098322159968,2.02632242706261,16,8,0.5,3.141545382215721,0.19634658638848257,1.4110318865913418,4.083808297746941,12,12,9.652887776528313,1.5538309406171846,4,3,0.75,3.4442674950962533,0.8610668737740633,4.389722716008979,1.016091221511916,3,3,19.737160501217943,1.7273389643218007
grid_0921,14,14,20,20,0.4,0.7,0.5,60.0,True,0.01,0.3,2.0,25,20,11,0.55,8.701643884878784,0.4350821942439391,2.0049061225320806,4.083808297746941,15,15,14.307399303546493,4.393420520369062,2.02632242706261,16,8,0.5,3.75617620978253,0.2347610131114081,1.4914486362719725,4.083808297746941,12,12,10.90003684788594,1.8600053594319155,4,3,0.75,4.945467675096253,1.2363669187740634,5.867149297616736,1.016091221511916,3,3,27.936849126188708,2.4871539639110596
grid_0922,14,14,20,20,0.4,0.7,0.5,60.0,True,0.01,0.45,1.5,25,20,12,0.6,8.5974508651346,0.42987254325673,2.13265488412715,4.0745515129962815,15,15,15.210489528489722,4.3525559235354505,2.0217644062870743,16,9,0.5625,5.1481947398846275,0.3217621712427893,1.7829321933056268,4.0745515129962815,12,12,13.642685660307215,2.578093765802514,4,3,0.75,3.4492561252499727,0.8623140313124932,4.398284562924146,1.014999203681156,3,3,21.481705001219748,1.7298646256619366
grid_0923,14,14,20,20,0.4,0.7,0.5,60.0,True,0.01,0.45,2.0,25,20,11,0.55,6.145703602393695,0.30728518011968464,1.7137459635949717,4.0745515129962815,15,15,13.541539028934569,3.077508240940019,2.0217644062870743,16,9,0.5625,5.368885378706482,0.33555533616915506,1.8164946000569075,4.0745515129962815,12,12,14.421159609483011,2.6865032741927974,4,2,0.5,0.7768182236872125,0.19420455592180313,1.3817362131342217,1.2133320487525086,3,3,10.023056706740801,0.38077542255303687
grid_0924,14,14,20,20,0.4,0.7,1.0,60.0,True,,0.3,1.5,45,33,17,0.5151515151515151,8.320739031915164,0.25214360702773225,1.526456509960751,4.662883374726935,19,24,8.639240656114959,4.181494695152876,2.314711349467624,27,12,0.4444444444444444,1.9209791503893867,0.07114737594034766,1.1298916649877107,4.662883374726935,16,20,6.115386881277006,0.9156969515929037,6,5,0.8333333333333334,6.399759881525777,1.0666266469209627,7.298410758832371,1.016091221511916,3,4,19.996582642885745,3.2361642858459216
grid_0925,14,14,20,20,0.4,0.7,1.0,60.0,True,,0.3,2.0,45,32,15,0.46875,8.44587820981619,0.26393369405675593,1.5024069753767277,5.175569742712491,19,24,5.246482290289156,4.228965923551242,2.568119488694409,26,10,0.38461538461538464,-0.4558819717095877,-0.017533921988830265,0.9711370994712824,5.175569742712491,16,20,0.047905730047739646,-0.2827657973880182,6,5,0.8333333333333334,8.901760181525777,1.4836266969209628,9.760788394845298,1.016091221511916,3,4,27.773647384668624,4.5245255316367805
grid_0926,14,14,20,20,0.4,0.7,1.0,60.0,True,,0.45,1.5,45,32,18,0.5625,11.5423339479957,0.3606979358748657,1.8534203511769256,4.641752399490079,19,24,8.374377527622242,5.875319262530554,2.3043763807204187,26,13,0.5,5.131201177471272,0.19735389144120277,1.4101747070935122,4.641752399490079,16,20,5.210120248450059,2.550629053541642,6,5,0.8333333333333334,6.41113277052443,1.0685221284207385,7.3163919215629,1.014999203681156,3,4,22.0861590707017,3.241998844544458
grid_0927,14,14,20,20,0.4,0.7,1.0,60.0,True,,0.45,2.0,45,32,16,0.5,9.090586685254795,0.2840808339142123,1.584353948715054,5.153241914750742,19,24,5.936143303264899,4.572004793261941,2.5572330564831325,26,12,0.46153846153846156,4.3510916962931265,0.16734968062665864,1.3217862334418036,5.153241914750742,16,20,3.3675960378873815,2.1415369565235487,6,4,0.6666666666666666,4.739494988961669,0.7899158314936114,3.3290350484662934,1.2133320487525086,3,4,17.06651478656747,2.379509755931042
grid_0928,14,14,20,20,0.4,0.7,1.0,60.0,True,0.0,0.3,1.5,28,23,11,0.4782608695652174,3.510141420581421,0.1526148443731053,1.2991215630458388,5.100999873622072,16,18,8.429658921157587,1.727432113055194,2.5246124244861057,19,8,0.42105263157894735,0.06587392548516813,0.003467048709745694,1.006145677385243,5.100999873622072,13,15,6.049132272723829,9.156705986779201e-05,4,3,0.75,3.4442674950962533,0.8610668737740633,4.389722716008979,1.016091221511916,3,3,19.737160501217943,1.7273389643218007
grid_0929,14,14,20,20,0.4,0.7,1.0,60.0,True,0.0,0.3,2.0,28,23,11,0.4782608695652174,5.62597242814823,0.24460749687601,1.4794250329896237,5.100999873622072,16,18,10.723273688183895,2.7962363836360637,2.5246124244861057,19,8,0.42105263157894735,0.6805047530519768,0.035816039634314546,1.0634873759318266,5.100999873622072,13,15,7.099363069656564,0.301581620496405,4,3,0.75,4.945467675096253,1.2363669187740634,5.867149297616736,1.016091221511916,3,3,27.936849126188708,2.4871539639110596
grid_0930,14,14,20,20,0.4,0.7,1.0,60.0,True,0.0,0.45,1.5,28,23,12,0.5217391304347826,5.5325963734006205,0.2405476684087226,1.51923010224673,5.089105589239934,16,18,11.236617349791098,2.761583349524499,2.5187854978108826,19,9,0.47368421052631576,2.0833402481506473,0.10964948674477092,1.2161054966458082,5.089105589239934,13,15,9.079756791595592,1.0141748715178034,4,3,0.75,3.4492561252499727,0.8623140313124932,4.398284562924146,1.014999203681156,3,3,21.481705001219748,1.7298646256619366
grid_0931,14,14,20,20,0.4,0.7,1.0,60.0,True,0.0,0.45,2.0,28,23,11,0.4782608695652174,3.0808491106597122,0.133949961333031,1.2638764705103007,5.089105589239934,16,18,9.785356045830095,1.5059752089279677,2.5187854978108604,19,9,0.47368421052631576,2.304030886972499,0.12126478352486841,1.2389978015153622,5.089105589239934,13,15,9.735313801427841,1.1209315545117393,4,2,0.5,0.7768182236872125,0.19420455592180313,1.3817362131342217,1.2133320487525086,3,3,10.023056706740801,0.38077542255303687
grid_0932,14,14,20,20,0.4,0.7,1.0,60.0,True,0.01,0.3,1.5,24,20,11,0.55,6.588023213011332,0.32940116065056657,1.7610096769216939,4.083808297746941,15,15,11.549994481040033,3.309157400395968,2.02632242706261,16,8,0.5,3.1437557179150777,0.19648473236969236,1.4114400676583205,4.083808297746941,12,12,9.503202975995555,1.554959022990765,4,3,0.75,3.4442674950962533,0.8610668737740633,4.389722716008979,1.016091221511916,3,3,19.737160501217943,1.7273389643218007
grid_0933,14,14,20,20,0.4,0.7,1.0,60.0,True,0.01,0.3,2.0,24,20,11,0.55,8.70385422057814,0.43519271102890694,2.005418025135957,4.083808297746941,15,15,14.187651463120284,4.394580145530624,2.02632242706261,16,8,0.5,3.758386545481886,0.23489915909261785,1.491880080168799,4.083808297746941,12,12,10.750352047353179,1.8611368428585795,4,3,0.75,4.945467675096253,1.2363669187740634,5.867149297616736,1.016091221511916,3,3,27.936849126188708,2.4871539639110596
grid_0934,14,14,20,20,0.4,0.7,1.0,60.0,True,0.01,0.45,1.5,24,20,12,0.6,8.59888609660654,0.429944304830327,2.1330582067244146,4.0745515129962815,15,15,15.112693476896888,4.353308597011996,2.0217644062870743,16,9,0.5625,5.149629971356567,0.3218518732097854,1.7833214362631125,4.0745515129962815,12,12,13.520440595816172,2.578833640449263,4,3,0.75,3.4492561252499727,0.8623140313124932,4.398284562924146,1.014999203681156,3,3,21.481705001219748,1.7298646256619366
grid_0935,14,14,20,20,0.4,0.7,1.0,60.0,True,0.01,0.45,2.0,24,20,11,0.55,6.147138833865633,0.30735694169328165,1.7140316653078247,4.0745515129962815,15,15,13.443742977341737,3.0782517177604385,2.0217644062870743,16,9,0.5625,5.37032061017842,0.3356450381361512,1.8168911702310497,4.0745515129962815,12,12,14.298914544991968,2.687243930774974,4,2,0.5,0.7768182236872125,0.19420455592180313,1.3817362131342217,1.2133320487525086,3,3,10.023056706740801,0.38077542255303687
grid_0936,14,14,20,20,0.4,0.7,0.0,65.0,True,,0.3,1.5,63,32,13,0.40625,0.3641126699693127,0.011378520936541021,1.0192130179376397,5.889553655877531,22,26,3.941852081308719,0.12239992161040547,2.9270394834097546,24,10,0.4166666666666667,1.041637339716623,0.04340155582152596,1.0753490108028196,5.232502568729528,17,20,4.08747132633542,0.47702604476806965,8,3,0.375,-0.6775246697473103,-0.08469058371841379,0.8678563975325005,2.6118189793944677,5,6,3.5049943462286155,-0.35294249553091683
grid_0937,14,14,20,20,0.4,0.7,0.0,65.0,True,,0.3,2.0,63,31,12,0.3870967741935484,2.039722462065646,0.06579749877631118,1.1079064733099333,4.627479518631072,22,26,3.075144147904922,0.9504809431924999,2.314861769409904,23,9,0.391304347826087,1.2160469518129573,0.05287160660056337,1.088276042022933,4.06602341748448,17,20,1.593957715996176,0.5569535045898188,8,3,0.375,0.8236755102526887,0.10295943878158609,1.1606486878620086,2.1114189193944686,5,6,7.3335551396425664,0.39134781324170476
grid_0938,14,14,20,20,0.4,0.7,0.0,65.0,True,,0.45,1.5,63,31,14,0.45161290322580644,3.6763886326662103,0.11859318169890995,1.2211890609539888,3.731792599033878,22,26,5.381435779872352,1.796441706500418,1.867093808573972,23,11,0.4782608695652174,4.328968123551293,0.18821600537179534,1.3760295894901398,3.095524596323165,17,20,6.080776306445365,2.1442319083241568,8,3,0.375,-0.6525794908850833,-0.08157243636063544,0.8722615598463712,2.595851423535141,5,6,3.3708317659749376,-0.3404893211551685
grid_0939,14,14,20,20,0.4,0.7,0.0,65.0,True,,0.45,2.0,63,31,13,0.41935483870967744,2.725841549925299,0.08793037257823544,1.1545882691943192,5.200015320026168,22,26,3.646451670162133,1.3037416128021784,2.5824378142130566,23,10,0.43478260869565216,3.0484585823731427,0.13254167749448445,1.243405517696679,4.058191605236737,17,20,3.922058362504663,1.4846857847309325,8,3,0.375,-0.3226170324478439,-0.04032712905598046,0.9368496910070114,3.2666890850979016,5,6,2.8540824296773586,-0.17829702139746662
grid_0940,14,14,20,20,0.4,0.7,0.0,65.0,True,0.0,0.3,1.5,29,23,9,0.391304347826087,-0.45246851989373704,-0.019672544343205978,0.9672820301855986,5.843509784593307,18,20,3.1884034570507254,-0.2680564854583678,2.904531913637387,18,6,0.3333333333333333,-2.8662114622904795,-0.15923397012724888,0.7567449588315787,5.843509784593307,14,16,0.22738148721180368,-1.453741770022532,5,3,0.6,2.4137429423967425,0.4827485884793485,2.179382555734856,1.0305245526995108,4,4,13.848082548470845,1.2031763619042346
grid_0941,14,14,20,20,0.4,0.7,0.0,65.0,True,0.0,0.3,2.0,29,23,9,0.391304347826087,1.1629624276730717,0.05056358381187266,1.084093738969567,5.770700282785846,18,20,4.046710663395914,0.5301243176901282,2.875053217669099,18,6,0.3333333333333333,-2.751980694723671,-0.15288781637353732,0.7664397110969815,5.100999873622072,14,16,-0.49804566578506926,-1.401495634616745,5,3,0.6,3.9149431223967426,0.7829886244793485,2.9128862250195415,1.0305245526995108,4,4,20.407833448447455,1.9590763214305529
grid_0942,14,14,20,20,0.4,0.7,0.0,65.0,True,0.0,0.45,1.5,29,23,10,0.43478260869565216,1.6160865193915082,0.07026463127789166,1.1269066242888703,5.089105589239934,18,20,5.623721465845269,0.769047871964279,2.5187854978108826,18,7,0.3888888888888889,-0.8064459669858983,-0.04480255372143879,0.9245799801030429,5.089105589239934,14,16,3.028298286204263,-0.43334134287289494,5,3,0.6,2.4225324863774063,0.48450649727548123,2.1865138773426174,1.0267236388725662,4,4,14.96724491255289,1.2076223417095688
grid_0943,14,14,20,20,0.4,0.7,0.0,65.0,True,0.0,0.45,2.0,29,23,9,0.391304347826087,-1.3360608033493995,-0.05808960014562605,0.9028631326632729,5.089105589239934,18,20,2.647838392402929,-0.7087948853650938,2.5187854978108604,18,7,0.3888888888888889,-1.0861553881640458,-0.060341966009113644,0.8984211412294756,5.089105589239934,14,16,1.7721473133565953,-0.5750273813107776,5,2,0.4,-0.2499054151853537,-0.04998108303707074,0.9183764945559425,1.2133320487525086,4,4,5.80032627696973,-0.13454115252045096
grid_0944,14,14,20,20,0.4,0.7,0.0,65.0,True,0.01,0.3,1.5,22,18,9,0.5,4.71993890593199,0.26221882810733277,1.5452195697792024,4.083808297746941,15,15,6.937416913192269,2.351727548748861,2.02632242706261,14,6,0.42857142857142855,1.2756714108357365,0.0911193864882669,1.166953917123092,4.083808297746941,12,12,3.280347316613505,0.6137864125650871,4,3,0.75,3.4442674950962533,0.8610668737740633,4.389722716008979,1.016091221511916,3,3,19.737160501217943,1.7273389643218007
grid_0945,14,14,20,20,0.4,0.7,0.0,65.0,True,0.01,0.3,2.0,22,18,9,0.5,6.3353698534988,0.35196499186104435,1.731824647470663,4.083808297746941,15,15,8.034142787966678,3.1708751680528113,2.02632242706261,14,6,0.42857142857142855,1.3899021784025454,0.0992787270287532,1.1819039065476897,4.083808297746941,12,12,2.347655262760383,0.6671286865693293,4,3,0.75,4.945467675096253,1.2363669187740634,5.867149297616736,1.016091221511916,3,3,27.936849126188708,2.4871539639110596
grid_0946,14,14,20,20,0.4,0.7,0.0,65.0,True,0.01,0.45,1.5,22,18,10,0.5555555555555556,6.761445368596599,0.3756358538109222,1.8909422776550722,4.0745515129962815,15,15,10.55360021929905,3.402016381859907,2.0217644062870743,14,7,0.5,3.3121892433466265,0.23658494595333046,1.5038243232435669,4.0745515129962815,12,12,7.431284567321707,1.6437176657523311,4,3,0.75,3.4492561252499727,0.8623140313124932,4.398284562924146,1.014999203681156,3,3,21.481705001219748,1.7298646256619366
grid_0947,14,14,20,20,0.4,0.7,0.0,65.0,True,0.01,0.45,2.0,22,18,9,0.5,3.8092980458556918,0.2116276692142051,1.4424756786606907,4.0745515129962815,15,15,6.751082958789394,1.8855594515795326,2.0217644062870743,14,7,0.5,3.032479822168479,0.2166057015834628,1.4612771136863194,4.0745515129962815,12,12,5.816233316517563,1.4990759163715728,4,2,0.5,0.7768182236872125,0.19420455592180313,1.3817362131342217,1.2133320487525086,3,3,10.023056706740801,0.38077542255303687
grid_0948,14,14,20,20,0.4,0.7,0.5,65.0,True,,0.3,1.5,56,32,15,0.46875,5.394074337301828,0.16856482304068213,1.319410706116563,5.317639104147654,22,26,6.0312642875322355,2.6695150972186,2.6437594327227143,24,10,0.4166666666666667,1.041637339716623,0.04340155582152596,1.0753490108028196,5.232502568729528,17,20,4.08747132633542,0.47702604476806965,8,5,0.625,4.352436997585205,0.5440546246981506,2.4207798383634853,2.0399044276645895,5,6,11.862643171122683,2.182079962710737
grid_0949,14,14,20,20,0.4,0.7,0.5,65.0,True,,0.3,2.0,56,31,14,0.45161290322580644,8.070484249398163,0.26033820159348914,1.4792757050988399,4.555965026901194,22,26,5.749179396373897,4.033495485411587,2.2724990912790677,23,9,0.391304347826087,1.2160469518129573,0.05287160660056337,1.088276042022933,4.06602341748448,17,20,1.593957715996176,0.5569535045898188,8,5,0.625,6.854437297585205,0.8568046621981507,3.2375157460381145,2.0399044276645895,5,6,17.695441727459844,3.457286502482493
grid_0950,14,14,20,20,0.4,0.7,0.5,65.0,True,,0.45,1.5,56,31,16,0.5161290322580645,8.699273110733682,0.28062171324947355,1.597143947320206,3.171369373693622,22,26,7.846389788568412,4.38240676783106,1.5864007840635908,23,11,0.4782608695652174,4.328968123551293,0.18821600537179534,1.3760295894901398,3.095524596323165,17,20,6.080776306445365,2.1442319083241568,8,5,0.625,4.370304987182388,0.5462881233977985,2.4301545885095006,2.035428198194885,5,6,12.92252854967217,2.191190650408581
grid_0951,14,14,20,20,0.4,0.7,0.5,65.0,True,,0.45,2.0,56,31,14,0.45161290322580644,5.74712578799277,0.18539115445137966,1.3462127040522565,4.167087278194503,22,26,5.273216291296104,2.842023229903634,2.076699238584212,23,10,0.43478260869565216,3.0484585823731427,0.13254167749448445,1.243405517696679,4.058191605236737,17,20,3.922058362504663,1.4846857847309325,8,4,0.5,2.698667205619627,0.3373334007024534,1.6621214915375915,2.2337610432662376,5,6,9.157795336571496,1.3374800687187882
grid_0952,14,14,20,20,0.4,0.7,0.5,65.0,True,0.0,0.3,1.5,29,23,9,0.391304347826087,-0.45246851989373704,-0.019672544343205978,0.9672820301855986,5.843509784593307,18,20,3.1884034570507254,-0.2680564854583678,2.904531913637387,18,6,0.3333333333333333,-2.8662114622904795,-0.15923397012724888,0.7567449588315787,5.843509784593307,14,16,0.22738148721180368,-1.453741770022532,5,3,0.6,2.4137429423967425,0.4827485884793485,2.179382555734856,1.0305245526995108,4,4,13.848082548470845,1.2031763619042346
grid_0953,14,14,20,20,0.4,0.7,0.5,65.0,True,0.0,0.3,2.0,29,23,9,0.391304347826087,1.1629624276730717,0.05056358381187266,1.084093738969567,5.770700282785846,18,20,4.046710663395914,0.5301243176901282,2.875053217669099,18,6,0.3333333333333333,-2.751980694723671,-0.15288781637353732,0.7664397110969815,5.100999873622072,14,16,-0.49804566578506926,-1.401495634616745,5,3,0.6,3.9149431223967426,0.7829886244793485,2.9128862250195415,1.0305245526995108,4,4,20.407833448447455,1.9590763214305529
grid_0954,14,14,20,20,0.4,0.7,0.5,65.0,True,0.0,0.45,1.5,29,23,10,0.43478260869565216,1.6160865193915082,0.07026463127789166,1.1269066242888703,5.089105589239934,18,20,5.623721465845269,0.769047871964279,2.5187854978108826,18,7,0.3888888888888889,-0.8064459669858983,-0.04480255372143879,0.9245799801030429,5.089105589239934,14,16,3.028298286204263,-0.43334134287289494,5,3,0.6,2.4225324863774063,0.48450649727548123,2.1865138773426174,1.0267236388725662,4,4,14.96724491255289,1.2076223417095688
grid_0955,14,14,20,20,0.4,0.7,0.5,65.0,True,0.0,0.45,2.0,29,23,9,0.391304347826087,-1.3360608033493995,-0.05808960014562605,0.9028631326632729,5.089105589239934,18,20,2.647838392402929,-0.7087948853650938,2.5187854978108604,18,7,0.3888888888888889,-1.0861553881640458,-0.060341966009113644,0.8984211412294756,5.089105589239934,14,16,1.7721473133565953,-0.5750273813107776,5,2,0.4,-0.2499054151853537,-0.04998108303707074,0.9183764945559425,1.2133320487525086,4,4,5.80032627696973,-0.13454115252045096
grid_0956,14,14,20,20,0.4,0.7,0.5,65.0,True,0.01,0.3,1.5,22,18,9,0.5,4.71993890593199,0.26221882810733277,1.5452195697792024,4.083808297746941,15,15,6.937416913192269,2.351727548748861,2.02632242706261,14,6,0.42857142857142855,1.2756714108357365,0.0911193864882669,1.166953917123092,4.083808297746941,12,12,3.280347316613505,0.6137864125650871,4,3,0.75,3.4442674950962533,0.8610668737740633,4.389722716008979,1.016091221511916,3,3,19.737160501217943,1.7273389643218007
grid_0957,14,14,20,20,0.4,0.7,0.5,65.0,True,0.01,0.3,2.0,22,18,9,0.5,6.3353698534988,0.35196499186104435,1.731824647470663,4.083808297746941,15,15,8.034142787966678,3.1708751680528113,2.02632242706261,14,6,0.42857142857142855,1.3899021784025454,0.0992787270287532,1.1819039065476897,4.083808297746941,12,12,2.347655262760383,0.6671286865693293,4,3,0.75,4.945467675096253,1.2363669187740634,5.867149297616736,1.016091221511916,3,3,27.936849126188708,2.4871539639110596
grid_0958,14,14,20,20,0.4,0.7,0.5,65.0,True,0.01,0.45,1.5,22,18,10,0.5555555555555556,6.761445368596599,0.3756358538109222,1.8909422776550722,4.0745515129962815,15,15,10.55360021929905,3.402016381859907,2.0217644062870743,14,7,0.5,3.3121892433466265,0.23658494595333046,1.5038243232435669,4.0745515129962815,12,12,7.431284567321707,1.6437176657523311,4,3,0.75,3.4492561252499727,0.8623140313124932,4.398284562924146,1.014999203681156,3,3,21.481705001219748,1.7298646256619366
grid_0959,14,14,20,20,0.4,0.7,0.5,65.0,True,0.01,0.45,2.0,22,18,9,0.5,3.8092980458556918,0.2116276692142051,1.4424756786606907,4.0745515129962815,15,15,6.751082958789394,1.8855594515795326,2.0217644062870743,14,7,0.5,3.032479822168479,0.2166057015834628,1.4612771136863194,4.0745515129962815,12,12,5.816233316517563,1.4990759163715728,4,2,0.5,0.7768182236872125,0.19420455592180313,1.3817362131342217,1.2133320487525086,3,3,10.023056706740801,0.38077542255303687
grid_0960,14,14,20,20,0.4,0.7,1.0,65.0,True,,0.3,1.5,38,28,14,0.5,7.052371128002095,0.25187039742864625,1.513014362192257,5.089724938101133,18,22,6.7292474379078495,3.531436676867483,2.5190888027174396,22,9,0.4090909090909091,0.6526112464763183,0.02966414756710538,1.051262245758482,5.089724938101133,15,18,3.110883291095696,0.2860164294790968,6,5,0.8333333333333334,6.399759881525777,1.0666266469209627,7.298410758832371,1.016091221511916,3,4,19.996582642885745,3.2361642858459216
grid_0961,14,14,20,20,0.4,0.7,1.0,65.0,True,,0.3,2.0,38,28,13,0.4642857142857143,8.17406579629141,0.29193092129612175,1.5540770793305392,6.102811366086691,18,22,5.952977562622555,4.09531368312035,3.012871743325618,22,8,0.36363636363636365,-0.7276943852343669,-0.03307701751065306,0.9470247121795514,6.102811366086691,15,18,0.001885792973627908,-0.41063266858509806,6,5,0.8333333333333334,8.901760181525777,1.4836266969209628,9.760788394845298,1.016091221511916,3,4,27.773647384668624,4.5245255316367805
grid_0962,14,14,20,20,0.4,0.7,1.0,65.0,True,,0.45,1.5,38,28,15,0.5357142857142857,9.2853652558929,0.3316201877104608,1.7429840667155077,5.079409536820826,18,22,8.562222073222264,4.69443041704698,2.514035181722951,22,10,0.45454545454545453,2.8742324853684718,0.13064693115311235,1.2503164471578263,5.079409536820826,15,18,4.873875619364235,1.4068224063440438,6,5,0.8333333333333334,6.41113277052443,1.0685221284207385,7.3163919215629,1.014999203681156,3,4,22.0861590707017,3.241998844544458
grid_0963,14,14,20,20,0.4,0.7,1.0,65.0,True,,0.45,2.0,38,28,13,0.4642857142857143,5.832817873151992,0.20831492404114255,1.4014535831423078,6.09129911208149,18,22,5.411025031767863,2.8938987041261965,3.0072603393921704,22,9,0.4090909090909091,1.093322884190323,0.049696494735923746,1.0875058367877224,6.09129911208149,15,18,2.2322550986406977,0.5024334941839959,6,4,0.6666666666666666,4.739494988961669,0.7899158314936114,3.3290350484662934,1.2133320487525086,3,4,17.06651478656747,2.379509755931042
grid_0964,14,14,20,20,0.4,0.7,1.0,65.0,True,0.0,0.3,1.5,26,21,9,0.42857142857142855,1.6420571135020805,0.07819319588105145,1.1399301713376329,5.100999873622072,16,18,4.178846190632606,0.7846610878404547,2.5246124244861057,17,6,0.35294117647058826,-1.8022103815941728,-0.10601237538789252,0.831863616688404,5.100999873622072,13,15,0.5180663528478204,-0.9266711250669912,4,3,0.75,3.4442674950962533,0.8610668737740633,4.389722716008979,1.016091221511916,3,3,19.737160501217943,1.7273389643218007
grid_0965,14,14,20,20,0.4,0.7,1.0,65.0,True,0.0,0.3,2.0,26,21,9,0.42857142857142855,3.25748806106889,0.15511847909851856,1.2775913570652342,5.100999873622072,16,18,5.1188969404392415,1.5912670647951543,2.5246124244861057,17,6,0.35294117647058826,-1.687979614027364,-0.0992929184721979,0.8425207232713776,5.100999873622072,13,15,-0.2500329856194568,-0.8741455533357811,4,3,0.75,4.945467675096253,1.2363669187740634,5.867149297616736,1.016091221511916,3,3,27.936849126188708,2.4871539639110596
grid_0966,14,14,20,20,0.4,0.7,1.0,65.0,True,0.0,0.45,1.5,26,21,10,0.47619047619047616,3.6951556453906798,0.1759597926376514,1.3467876407536472,5.089105589239934,16,18,6.959673021649541,1.8248014154257808,2.5187854978108826,17,7,0.4117647058823529,0.24589952014070682,0.014464677655335701,1.0255072295426277,5.089105589239934,13,15,3.5427243205741985,0.09332243792239403,4,3,0.75,3.4492561252499727,0.8623140313124932,4.398284562924146,1.014999203681156,3,3,21.481705001219748,1.7298646256619366
grid_0967,14,14,20,20,0.4,0.7,1.0,65.0,True,0.0,0.45,2.0,26,21,9,0.42857142857142855,0.7430083226497719,0.03538134869760819,1.0636390834793652,5.089105589239934,16,18,3.700372512641265,0.3314753548333105,2.5187854978108604,17,7,0.4117647058823529,-0.03380990103744069,-0.0019888177080847336,0.9964928890219794,5.089105589239934,13,15,2.21268211402961,-0.049113057268368454,4,2,0.5,0.7768182236872125,0.19420455592180313,1.3817362131342217,1.2133320487525086,3,3,10.023056706740801,0.38077542255303687
grid_0968,14,14,20,20,0.4,0.7,1.0,65.0,True,0.01,0.3,1.5,22,18,9,0.5,4.71993890593199,0.26221882810733277,1.5452195697792024,4.083808297746941,15,15,6.937416913192269,2.351727548748861,2.02632242706261,14,6,0.42857142857142855,1.2756714108357365,0.0911193864882669,1.166953917123092,4.083808297746941,12,12,3.280347316613505,0.6137864125650871,4,3,0.75,3.4442674950962533,0.8610668737740633,4.389722716008979,1.016091221511916,3,3,19.737160501217943,1.7273389643218007
grid_0969,14,14,20,20,0.4,0.7,1.0,65.0,True,0.01,0.3,2.0,22,18,9,0.5,6.3353698534988,0.35196499186104435,1.731824647470663,4.083808297746941,15,15,8.034142787966678,3.1708751680528113,2.02632242706261,14,6,0.42857142857142855,1.3899021784025454,0.0992787270287532,1.1819039065476897,4.083808297746941,12,12,2.347655262760383,0.6671286865693293,4,3,0.75,4.945467675096253,1.2363669187740634,5.867149297616736,1.016091221511916,3,3,27.936849126188708,2.4871539639110596
grid_0970,14,14,20,20,0.4,0.7,1.0,65.0,True,0.01,0.45,1.5,22,18,10,0.5555555555555556,6.761445368596599,0.3756358538109222,1.8909422776550722,4.0745515129962815,15,15,10.55360021929905,3.402016381859907,2.0217644062870743,14,7,0.5,3.3121892433466265,0.23658494595333046,1.5038243232435669,4.0745515129962815,12,12,7.431284567321707,1.6437176657523311,4,3,0.75,3.4492561252499727,0.8623140313124932,4.398284562924146,1.014999203681156,3,3,21.481705001219748,1.7298646256619366
grid_0971,14,14,20,20,0.4,0.7,1.0,65.0,True,0.01,0.45,2.0,22,18,9,0.5,3.8092980458556918,0.2116276692142051,1.4424756786606907,4.0745515129962815,15,15,6.751082958789394,1.8855594515795326,2.0217644062870743,14,7,0.5,3.032479822168479,0.2166057015834628,1.4612771136863194,4.0745515129962815,12,12,5.816233316517563,1.4990759163715728,4,2,0.5,0.7768182236872125,0.19420455592180313,1.3817362131342217,1.2133320487525086,3,3,10.023056706740801,0.38077542255303687
