name,family,parameters,full_trades,full_wins,full_win_rate,full_total_r,full_avg_net_r,full_profit_factor,full_max_drawdown_r,full_symbols,full_pump_episodes_24h,full_avg_margin_return_2x_pct,full_account_return_pct,train_trades,train_wins,train_win_rate,train_total_r,train_avg_net_r,train_profit_factor,train_max_drawdown_r,train_symbols,train_pump_episodes_24h,train_avg_margin_return_2x_pct,train_account_return_pct,validation_trades,validation_wins,validation_win_rate,validation_total_r,validation_avg_net_r,validation_profit_factor,validation_max_drawdown_r,validation_symbols,validation_pump_episodes_24h,validation_avg_margin_return_2x_pct,validation_account_return_pct,retrospective_quality_pass
reference_1r_6h,reference,"{""exit"": {""max_hold_bars"": 24, ""mode"": ""fixed"", ""target_r"": 1.0}, ""family"": ""reference""}",48,33,0.6875,17.171213791057095,0.3577336206470229,2.1240515686379378,3.092768194641056,25,32,8.344601251763466,8.900387030247426,39,27,0.6923076923076923,14.324743511621865,0.367301115682612,2.172203766129494,3.092768194641056,20,26,8.624887151587773,7.373414847391313,9,6,0.6666666666666666,2.84647027943523,0.3162744754928034,1.931489345281321,2.0664768345834768,5,6,7.130029019191462,1.4221138305290593,True
wick_runner_000,wick_runner,"{""exit"": {""max_hold_bars"": 24, ""mode"": ""runner"", ""tp1_fraction"": 0.0, ""trail_distance"": 1.5, ""trail_mode"": ""atr""}, ""family"": ""wick_runner""}",46,23,0.5,14.57123693917111,0.3167660204167633,1.9428498519622195,4.0154797873677985,25,32,8.634782164618048,7.434354243240171,37,18,0.4864864864864865,11.309559375013906,0.30566376689226776,1.913829928327453,4.0154797873677985,20,26,7.913318155695545,5.718292509989031,9,5,0.5555555555555556,3.261677564157206,0.36240861823968956,2.059515458779584,2.035428198194885,5,6,11.60080086796612,1.6232401153177811,False
wick_runner_001,wick_runner,"{""exit"": {""max_hold_bars"": 96, ""mode"": ""runner"", ""tp1_fraction"": 0.0, ""trail_distance"": 1.5, ""trail_mode"": ""atr""}, ""family"": ""wick_runner""}",46,23,0.5,14.4193361635828,0.3134638296431044,1.933020924989563,4.015479787367798,25,32,8.537433936519045,7.348602313581476,37,18,0.4864864864864865,10.445232433676589,0.2823035792885565,1.8439909716835037,4.015479787367798,20,26,7.3213901453450045,5.2648314800186835,9,5,0.5555555555555556,3.9741037299062123,0.4415670811006902,2.290938253032755,2.035428198194885,5,6,13.536725078012326,1.9795508188870548,False
wick_runner_002,wick_runner,"{""exit"": {""max_hold_bars"": 192, ""mode"": ""runner"", ""tp1_fraction"": 0.0, ""trail_distance"": 1.5, ""trail_mode"": ""atr""}, ""family"": ""wick_runner""}",46,23,0.5,14.4193361635828,0.3134638296431044,1.933020924989563,4.015479787367798,25,32,8.537433936519045,7.348602313581476,37,18,0.4864864864864865,10.445232433676589,0.2823035792885565,1.8439909716835037,4.015479787367798,20,26,7.3213901453450045,5.2648314800186835,9,5,0.5555555555555556,3.9741037299062123,0.4415670811006902,2.290938253032755,2.035428198194885,5,6,13.536725078012326,1.9795508188870548,False
wick_runner_003,wick_runner,"{""exit"": {""max_hold_bars"": 24, ""mode"": ""runner"", ""tp1_fraction"": 0.0, ""trail_distance"": 2.5, ""trail_mode"": ""atr""}, ""family"": ""wick_runner""}",45,16,0.35555555555555557,12.030250524589354,0.2673389005464301,1.7726305087038545,4.104657769901721,24,31,7.720585527662743,6.088178368754815,36,13,0.3611111111111111,10.367899516046887,0.2879972087790803,1.83305698155085,4.104657769901721,19,25,7.607746339511867,5.2292873181936095,9,3,0.3333333333333333,1.6623510085424662,0.1847056676158296,1.53196889524456,2.035428198194885,5,6,8.171942280266244,0.8162091300343732,False
wick_runner_004,wick_runner,"{""exit"": {""max_hold_bars"": 96, ""mode"": ""runner"", ""tp1_fraction"": 0.0, ""trail_distance"": 2.5, ""trail_mode"": ""atr""}, ""family"": ""wick_runner""}",44,15,0.3409090909090909,11.695447110803707,0.2658056161546298,1.7511281026334025,4.10465776990172,24,31,7.758816166379591,5.90286738607857,35,12,0.34285714285714286,9.362497551575794,0.26749993004502276,1.752273296825583,4.10465776990172,19,25,7.184001776818681,4.699931326020224,9,3,0.3333333333333333,2.332949559227914,0.2592166176919905,1.746567116876179,2.035428198194885,5,6,9.994205459116463,1.1489368186045512,False
wick_runner_005,wick_runner,"{""exit"": {""max_hold_bars"": 192, ""mode"": ""runner"", ""tp1_fraction"": 0.0, ""trail_distance"": 2.5, ""trail_mode"": ""atr""}, ""family"": ""wick_runner""}",44,15,0.3409090909090909,11.695447110803707,0.2658056161546298,1.7511281026334025,4.10465776990172,24,31,7.758816166379591,5.90286738607857,35,12,0.34285714285714286,9.362497551575794,0.26749993004502276,1.752273296825583,4.10465776990172,19,25,7.184001776818681,4.699931326020224,9,3,0.3333333333333333,2.332949559227914,0.2592166176919905,1.746567116876179,2.035428198194885,5,6,9.994205459116463,1.1489368186045512,False
wick_runner_006,wick_runner,"{""exit"": {""max_hold_bars"": 24, ""mode"": ""runner"", ""tp1_fraction"": 0.0, ""trail_distance"": 3.5, ""trail_mode"": ""atr""}, ""family"": ""wick_runner""}",45,15,0.3333333333333333,11.40650000612854,0.25347777791396764,1.731963078331437,4.104657769901721,24,31,7.386419549400369,5.76284167000487,36,12,0.3333333333333333,10.032661211453343,0.27868503365148184,1.805284272554888,4.104657769901721,19,25,7.45263092348993,5.0573128780691645,9,3,0.3333333333333333,1.3738387946751986,0.15264875496391095,1.4396421105361357,2.035428198194885,5,6,7.121574053042124,0.6715656174782758,False
wick_runner_007,wick_runner,"{""exit"": {""max_hold_bars"": 96, ""mode"": ""runner"", ""tp1_fraction"": 0.0, ""trail_distance"": 3.5, ""trail_mode"": ""atr""}, ""family"": ""wick_runner""}",43,14,0.32558139534883723,12.831396002585187,0.2984045581996555,1.8250434071252826,4.10465776990172,24,31,7.085417749759526,6.45414398234927,35,11,0.3142857142857143,10.848413691850894,0.30995467691002554,1.8710250901333048,4.10465776990172,19,25,6.423961340094864,5.431127157767102,8,3,0.375,1.9829823107342937,0.2478727888417867,1.6401625783606582,2.035428198194885,5,6,9.979289542042421,0.9703176397339863,False
wick_runner_008,wick_runner,"{""exit"": {""max_hold_bars"": 192, ""mode"": ""runner"", ""tp1_fraction"": 0.0, ""trail_distance"": 3.5, ""trail_mode"": ""atr""}, ""family"": ""wick_runner""}",43,14,0.32558139534883723,12.831396002585187,0.2984045581996555,1.8250434071252826,4.10465776990172,24,31,7.085417749759526,6.45414398234927,35,11,0.3142857142857143,10.848413691850894,0.30995467691002554,1.8710250901333048,4.10465776990172,19,25,6.423961340094864,5.431127157767102,8,3,0.375,1.9829823107342937,0.2478727888417867,1.6401625783606582,2.035428198194885,5,6,9.979289542042421,0.9703176397339863,False
wick_runner_009,wick_runner,"{""exit"": {""max_hold_bars"": 24, ""mode"": ""runner"", ""tp1_fraction"": 0.0, ""trail_distance"": 2, ""trail_mode"": ""prior_high""}, ""family"": ""wick_runner""}",47,24,0.5106382978723404,14.304574202025295,0.3043526425962829,1.9260427401726476,3.5001553825673755,25,32,7.48830179359749,7.320054769983475,38,19,0.5,9.831039691978809,0.25871157084154767,1.7948430265184414,3.5001553825673755,20,26,6.095868088116883,4.96749665157965,9,5,0.5555555555555556,4.473534510046487,0.4970593900051652,2.4531721408835607,2.035428198194885,5,6,13.367466327848941,2.241225325409668,True
wick_runner_010,wick_runner,"{""exit"": {""max_hold_bars"": 96, ""mode"": ""runner"", ""tp1_fraction"": 0.0, ""trail_distance"": 2, ""trail_mode"": ""prior_high""}, ""family"": ""wick_runner""}",47,24,0.5106382978723404,14.077165580969579,0.29951416129722513,1.9113208687204026,3.5001553825673755,25,32,7.350907912299466,7.198610949612649,38,19,0.5,9.603631070923093,0.2527271334453446,1.7764569592987365,3.5001553825673755,20,26,5.925933550721958,4.848714995760983,9,5,0.5555555555555556,4.473534510046487,0.4970593900051652,2.4531721408835607,2.035428198194885,5,6,13.367466327848941,2.241225325409668,True
wick_runner_011,wick_runner,"{""exit"": {""max_hold_bars"": 192, ""mode"": ""runner"", ""tp1_fraction"": 0.0, ""trail_distance"": 2, ""trail_mode"": ""prior_high""}, ""family"": ""wick_runner""}",47,24,0.5106382978723404,14.077165580969579,0.29951416129722513,1.9113208687204026,3.5001553825673755,25,32,7.350907912299466,7.198610949612649,38,19,0.5,9.603631070923093,0.2527271334453446,1.7764569592987365,3.5001553825673755,20,26,5.925933550721958,4.848714995760983,9,5,0.5555555555555556,4.473534510046487,0.4970593900051652,2.4531721408835607,2.035428198194885,5,6,13.367466327848941,2.241225325409668,True
wick_runner_012,wick_runner,"{""exit"": {""max_hold_bars"": 24, ""mode"": ""runner"", ""tp1_fraction"": 0.0, ""trail_distance"": 4, ""trail_mode"": ""prior_high""}, ""family"": ""wick_runner""}",46,21,0.45652173913043476,13.794043503057091,0.2998705109360238,1.8897976125323361,4.10465776990172,25,32,8.432869093667072,7.034718839736853,37,16,0.43243243243243246,10.411487858982742,0.2813915637562904,1.8380148932103637,4.10465776990172,20,26,7.701991924720119,5.257692164413452,9,5,0.5555555555555556,3.3825556440743494,0.3758395160082611,2.098781202183286,2.035428198194885,5,6,11.437586343782327,1.6882630036649804,False
wick_runner_013,wick_runner,"{""exit"": {""max_hold_bars"": 96, ""mode"": ""runner"", ""tp1_fraction"": 0.0, ""trail_distance"": 4, ""trail_mode"": ""prior_high""}, ""family"": ""wick_runner""}",46,21,0.45652173913043476,12.90714994379181,0.2805902161693872,1.8325877181725236,4.10465776990172,25,32,7.854758213935636,6.5643558430146465,37,16,0.43243243243243246,9.52459429971746,0.25742146755993134,1.766629321674071,4.10465776990172,20,26,6.983259479648603,4.795138293564838,9,5,0.5555555555555556,3.3825556440743494,0.3758395160082611,2.098781202183286,2.035428198194885,5,6,11.437586343782327,1.6882630036649804,False
wick_runner_014,wick_runner,"{""exit"": {""max_hold_bars"": 192, ""mode"": ""runner"", ""tp1_fraction"": 0.0, ""trail_distance"": 4, ""trail_mode"": ""prior_high""}, ""family"": ""wick_runner""}",46,21,0.45652173913043476,12.90714994379181,0.2805902161693872,1.8325877181725236,4.10465776990172,25,32,7.854758213935636,6.5643558430146465,37,16,0.43243243243243246,9.52459429971746,0.25742146755993134,1.766629321674071,4.10465776990172,20,26,6.983259479648603,4.795138293564838,9,5,0.5555555555555556,3.3825556440743494,0.3758395160082611,2.098781202183286,2.035428198194885,5,6,11.437586343782327,1.6882630036649804,False
wick_runner_015,wick_runner,"{""exit"": {""max_hold_bars"": 24, ""mode"": ""runner"", ""tp1_fraction"": 0.0, ""trail_distance"": 8, ""trail_mode"": ""prior_high""}, ""family"": ""wick_runner""}",45,18,0.4,12.206616212941684,0.2712581380653708,1.7856610200212544,4.104657769901721,24,31,8.458726670582449,6.195236439674989,36,14,0.3888888888888889,9.190056053205716,0.25527933481126996,1.7392850149622967,4.104657769901721,19,25,7.735801400062886,4.6271759340658525,9,4,0.4444444444444444,3.016560159735967,0.3351733510817741,1.9712851069479163,2.035428198194885,5,6,11.350427752660694,1.498712444075978,False
wick_runner_016,wick_runner,"{""exit"": {""max_hold_bars"": 96, ""mode"": ""runner"", ""tp1_fraction"": 0.0, ""trail_distance"": 8, ""trail_mode"": ""prior_high""}, ""family"": ""wick_runner""}",45,18,0.4,11.339850403135214,0.25199667562522693,1.7298729049226482,4.10465776990172,24,31,7.966374735418039,5.730732599865718,36,14,0.3888888888888889,7.233688550482255,0.2009357930689515,1.581906956531613,4.10465776990172,19,25,6.3801492324431095,3.613905870324774,9,4,0.4444444444444444,4.1061618526529555,0.4562402058503285,2.3221197798185345,2.035428198194885,5,6,14.311276747317757,2.04299481981709,False
wick_runner_017,wick_runner,"{""exit"": {""max_hold_bars"": 192, ""mode"": ""runner"", ""tp1_fraction"": 0.0, ""trail_distance"": 8, ""trail_mode"": ""prior_high""}, ""family"": ""wick_runner""}",45,18,0.4,11.339850403135214,0.25199667562522693,1.7298729049226482,4.10465776990172,24,31,7.966374735418039,5.730732599865718,36,14,0.3888888888888889,7.233688550482255,0.2009357930689515,1.581906956531613,4.10465776990172,19,25,6.3801492324431095,3.613905870324774,9,4,0.4444444444444444,4.1061618526529555,0.4562402058503285,2.3221197798185345,2.035428198194885,5,6,14.311276747317757,2.04299481981709,False
wick_runner_018,wick_runner,"{""exit"": {""max_hold_bars"": 24, ""mode"": ""runner"", ""tp1_fraction"": 0.5, ""trail_distance"": 1.5, ""trail_mode"": ""atr""}, ""family"": ""wick_runner""}",46,31,0.6739130434782609,14.889143772940077,0.3236770385421755,1.9742325206343996,3.5485792633740942,25,32,8.464012154594764,7.652228982091591,37,25,0.6756756756756757,11.835069851143855,0.31986675273361753,1.9679360342293404,3.5485792633740942,20,26,8.244752016733782,6.035448033874413,9,6,0.6666666666666666,3.054073921796222,0.33934154686624685,1.999426320523243,2.035428198194885,5,6,9.365414943578795,1.5247551438653861,True
wick_runner_019,wick_runner,"{""exit"": {""max_hold_bars"": 96, ""mode"": ""runner"", ""tp1_fraction"": 0.5, ""trail_distance"": 1.5, ""trail_mode"": ""atr""}, ""family"": ""wick_runner""}",46,31,0.6739130434782609,14.813193385145919,0.322025943155346,1.9692629039208895,3.5485792633740942,25,32,8.415338040545263,7.6103997420325475,37,25,0.6756756756756757,11.402906380475196,0.30818665893176195,1.9325913678100395,3.5485792633740942,20,26,7.948788011558514,5.807745501150574,9,6,0.6666666666666666,3.410287004670724,0.3789207782967471,2.1159947926216924,2.035428198194885,5,6,10.333377048601896,1.703707259183962,True
wick_runner_020,wick_runner,"{""exit"": {""max_hold_bars"": 192, ""mode"": ""runner"", ""tp1_fraction"": 0.5, ""trail_distance"": 1.5, ""trail_mode"": ""atr""}, ""family"": ""wick_runner""}",46,31,0.6739130434782609,14.813193385145919,0.322025943155346,1.9692629039208895,3.5485792633740942,25,32,8.415338040545263,7.6103997420325475,37,25,0.6756756756756757,11.402906380475196,0.30818665893176195,1.9325913678100395,3.5485792633740942,20,26,7.948788011558514,5.807745501150574,9,6,0.6666666666666666,3.410287004670724,0.3789207782967471,2.1159947926216924,2.035428198194885,5,6,10.333377048601896,1.703707259183962,True
wick_runner_021,wick_runner,"{""exit"": {""max_hold_bars"": 24, ""mode"": ""runner"", ""tp1_fraction"": 0.5, ""trail_distance"": 2.5, ""trail_mode"": ""atr""}, ""family"": ""wick_runner""}",45,30,0.6666666666666666,13.129419103949823,0.29176486897666265,1.8590894992466507,3.5931682546410553,24,31,7.962769571084508,6.713737786242646,36,24,0.6666666666666666,10.875008459960977,0.30208356833224925,1.889417020206923,3.5931682546410553,19,25,8.040715551423423,5.530505121473772,9,6,0.6666666666666666,2.254410643988847,0.25049007155431635,1.7377415847043611,2.035428198194885,5,6,7.650985649728851,1.121223349975331,True
wick_runner_022,wick_runner,"{""exit"": {""max_hold_bars"": 96, ""mode"": ""runner"", ""tp1_fraction"": 0.5, ""trail_distance"": 2.5, ""trail_mode"": ""atr""}, ""family"": ""wick_runner""}",44,29,0.6590909090909091,12.468080835569813,0.28336547353567754,1.8158165442653975,3.5931682546410553,24,31,7.831949579165024,6.360008643760984,35,23,0.6571428571428571,9.878370916238241,0.2822391690353783,1.8079066105711221,3.5931682546410553,19,25,7.644192180882156,5.006475807180055,9,6,0.6666666666666666,2.589709919331572,0.2877455465923969,1.8474661459333173,2.035428198194885,5,6,8.562117239153961,1.2889993937767796,True
wick_runner_023,wick_runner,"{""exit"": {""max_hold_bars"": 192, ""mode"": ""runner"", ""tp1_fraction"": 0.5, ""trail_distance"": 2.5, ""trail_mode"": ""atr""}, ""family"": ""wick_runner""}",44,29,0.6590909090909091,12.468080835569813,0.28336547353567754,1.8158165442653975,3.5931682546410553,24,31,7.831949579165024,6.360008643760984,35,23,0.6571428571428571,9.878370916238241,0.2822391690353783,1.8079066105711221,3.5931682546410553,19,25,7.644192180882156,5.006475807180055,9,6,0.6666666666666666,2.589709919331572,0.2877455465923969,1.8474661459333173,2.035428198194885,5,6,8.562117239153961,1.2889993937767796,True
wick_runner_024,wick_runner,"{""exit"": {""max_hold_bars"": 24, ""mode"": ""runner"", ""tp1_fraction"": 0.5, ""trail_distance"": 3.5, ""trail_mode"": ""atr""}, ""family"": ""wick_runner""}",45,30,0.6666666666666666,12.817543844719413,0.2848343076604314,1.8386827502383063,3.5931682546410553,24,31,7.79568658195332,6.5491363403463065,36,24,0.6666666666666666,10.707389307664199,0.29742748076845,1.8757082191963959,3.5931682546410553,19,25,7.963157843412453,5.443388703095198,9,6,0.6666666666666666,2.110154537055214,0.23446161522835712,1.6905346886509431,2.035428198194885,5,6,7.125801536116793,1.0486647392988102,True
wick_runner_025,wick_runner,"{""exit"": {""max_hold_bars"": 96, ""mode"": ""runner"", ""tp1_fraction"": 0.5, ""trail_distance"": 3.5, ""trail_mode"": ""atr""}, ""family"": ""wick_runner""}",43,28,0.6511627906976745,12.54929505694123,0.2918440710916565,1.8211305862818252,3.5931682546410553,24,31,7.470970843164253,6.389701847602303,35,23,0.6571428571428571,10.621328986375794,0.30346654246787974,1.868669740578177,3.5931682546410553,19,25,7.2641719625202485,5.383829988849165,8,5,0.625,1.9279660705654373,0.24099575882067967,1.6309146685177836,2.035428198194885,5,6,8.375715945981781,0.954484059707772,True
wick_runner_026,wick_runner,"{""exit"": {""max_hold_bars"": 192, ""mode"": ""runner"", ""tp1_fraction"": 0.5, ""trail_distance"": 3.5, ""trail_mode"": ""atr""}, ""family"": ""wick_runner""}",43,28,0.6511627906976745,12.54929505694123,0.2918440710916565,1.8211305862818252,3.5931682546410553,24,31,7.470970843164253,6.389701847602303,35,23,0.6571428571428571,10.621328986375794,0.30346654246787974,1.868669740578177,3.5931682546410553,19,25,7.2641719625202485,5.383829988849165,8,5,0.625,1.9279660705654373,0.24099575882067967,1.6309146685177836,2.035428198194885,5,6,8.375715945981781,0.954484059707772,True
wick_runner_027,wick_runner,"{""exit"": {""max_hold_bars"": 24, ""mode"": ""runner"", ""tp1_fraction"": 0.5, ""trail_distance"": 2, ""trail_mode"": ""prior_high""}, ""family"": ""wick_runner""}",47,32,0.6808510638297872,15.24877904543319,0.3244421073496423,1.9982063128676064,3.2909170609738845,25,32,7.876110099444926,7.853137700937518,38,26,0.6842105263157895,11.588776650692335,0.30496780659716666,1.9483176870674075,3.2909170609738845,20,26,7.314169621374466,5.9126635295778,9,6,0.6666666666666666,3.6600023947408555,0.40666693274898397,2.1977125702087634,2.035428198194885,5,6,10.248747673520201,1.832145568520982,True
wick_runner_028,wick_runner,"{""exit"": {""max_hold_bars"": 96, ""mode"": ""runner"", ""tp1_fraction"": 0.5, ""trail_distance"": 2, ""trail_mode"": ""prior_high""}, ""family"": ""wick_runner""}",47,32,0.6808510638297872,15.135074734905333,0.32202286670011343,1.9907630703475991,3.2909170609738845,25,32,7.807413158795914,7.792118673954129,38,26,0.6842105263157895,11.475072340164479,0.30197558789906515,1.9390131839244524,3.2909170609738845,20,26,7.229202352677004,5.85274234590567,9,6,0.6666666666666666,3.6600023947408555,0.40666693274898397,2.1977125702087634,2.035428198194885,5,6,10.248747673520201,1.832145568520982,True
wick_runner_029,wick_runner,"{""exit"": {""max_hold_bars"": 192, ""mode"": ""runner"", ""tp1_fraction"": 0.5, ""trail_distance"": 2, ""trail_mode"": ""prior_high""}, ""family"": ""wick_runner""}",47,32,0.6808510638297872,15.135074734905333,0.32202286670011343,1.9907630703475991,3.2909170609738845,25,32,7.807413158795914,7.792118673954129,38,26,0.6842105263157895,11.475072340164479,0.30197558789906515,1.9390131839244524,3.2909170609738845,20,26,7.229202352677004,5.85274234590567,9,6,0.6666666666666666,3.6600023947408555,0.40666693274898397,2.1977125702087634,2.035428198194885,5,6,10.248747673520201,1.832145568520982,True
wick_runner_030,wick_runner,"{""exit"": {""max_hold_bars"": 24, ""mode"": ""runner"", ""tp1_fraction"": 0.5, ""trail_distance"": 4, ""trail_mode"": ""prior_high""}, ""family"": ""wick_runner""}",46,31,0.6739130434782609,14.500547054883057,0.3152292838018056,1.9488057018786435,3.5931682546410553,25,32,8.363055619119274,7.4480724185818525,37,25,0.6756756756756757,11.386034093128265,0.30773065116562875,1.9312114608801798,3.5931682546410553,20,26,8.139088901246069,5.801519097515517,9,6,0.6666666666666666,3.1145129617547935,0.3460569957505326,2.0192046130166434,2.035428198194885,5,6,9.2838076814869,1.556266238057269,True
wick_runner_031,wick_runner,"{""exit"": {""max_hold_bars"": 96, ""mode"": ""runner"", ""tp1_fraction"": 0.5, ""trail_distance"": 4, ""trail_mode"": ""prior_high""}, ""family"": ""wick_runner""}",46,31,0.6739130434782609,14.057100275250416,0.3055891364184873,1.9197899115499961,3.5931682546410553,25,32,8.074000179253556,7.21149646087238,37,25,0.6756756756756757,10.942587313495622,0.29574560306744924,1.8949439844167515,3.5931682546410553,20,26,7.779722678710311,5.568568471746205,9,6,0.6666666666666666,3.1145129617547935,0.3460569957505326,2.0192046130166434,2.035428198194885,5,6,9.2838076814869,1.556266238057269,True
wick_runner_032,wick_runner,"{""exit"": {""max_hold_bars"": 192, ""mode"": ""runner"", ""tp1_fraction"": 0.5, ""trail_distance"": 4, ""trail_mode"": ""prior_high""}, ""family"": ""wick_runner""}",46,31,0.6739130434782609,14.057100275250416,0.3055891364184873,1.9197899115499961,3.5931682546410553,25,32,8.074000179253556,7.21149646087238,37,25,0.6756756756756757,10.942587313495622,0.29574560306744924,1.8949439844167515,3.5931682546410553,20,26,7.779722678710311,5.568568471746205,9,6,0.6666666666666666,3.1145129617547935,0.3460569957505326,2.0192046130166434,2.035428198194885,5,6,9.2838076814869,1.556266238057269,True
wick_runner_033,wick_runner,"{""exit"": {""max_hold_bars"": 24, ""mode"": ""runner"", ""tp1_fraction"": 0.5, ""trail_distance"": 8, ""trail_mode"": ""prior_high""}, ""family"": ""wick_runner""}",45,30,0.6666666666666666,13.217601948125987,0.293724487736133,1.8648595150291967,3.5931682546410553,24,31,8.33184014254436,6.764059928109001,36,24,0.6666666666666666,10.28608672854039,0.28572463134834414,1.8412518152396178,3.5931682546410553,19,25,8.104743081698933,5.224937538013608,9,6,0.6666666666666666,2.931515219585597,0.32572391328728856,1.959319762550203,2.035428198194885,5,6,9.240228385926075,1.4626973663342202,True
wick_runner_034,wick_runner,"{""exit"": {""max_hold_bars"": 96, ""mode"": ""runner"", ""tp1_fraction"": 0.5, ""trail_distance"": 8, ""trail_mode"": ""prior_high""}, ""family"": ""wick_runner""}",45,30,0.6666666666666666,12.784219043222754,0.28409375651606106,1.8365022282514918,3.5931682546410553,24,31,8.085664174962156,6.532190655509784,36,24,0.6666666666666666,9.30790297717866,0.2585528604771849,1.7612506565688775,3.5931682546410553,19,25,7.4269169978890455,4.714119264780736,9,6,0.6666666666666666,3.4763160660440917,0.38625734067156575,2.1376023841685186,2.035428198194885,5,6,10.720652883254608,1.7362237332406938,True
wick_runner_035,wick_runner,"{""exit"": {""max_hold_bars"": 192, ""mode"": ""runner"", ""tp1_fraction"": 0.5, ""trail_distance"": 8, ""trail_mode"": ""prior_high""}, ""family"": ""wick_runner""}",45,30,0.6666666666666666,12.784219043222754,0.28409375651606106,1.8365022282514918,3.5931682546410553,24,31,8.085664174962156,6.532190655509784,36,24,0.6666666666666666,9.30790297717866,0.2585528604771849,1.7612506565688775,3.5931682546410553,19,25,7.4269169978890455,4.714119264780736,9,6,0.6666666666666666,3.4763160660440917,0.38625734067156575,2.1376023841685186,2.035428198194885,5,6,10.720652883254608,1.7362237332406938,True
wick_fixed_2r_24h,wick_fixed,"{""exit"": {""max_hold_bars"": 96, ""mode"": ""fixed"", ""target_r"": 2.0}, ""family"": ""wick_fixed""}",43,18,0.4186046511627907,7.756932830265073,0.1803937867503505,1.3046258626257987,6.11124754060248,25,32,5.195900120232596,3.837991599118551,34,14,0.4117647058823529,5.875188364769223,0.17279965778733009,1.2885003542758668,6.11124754060248,20,26,4.59416434004814,2.8887459458126985,9,4,0.4444444444444444,1.8817444654958486,0.20908271838842762,1.3690257096032488,3.0506837833900162,5,6,7.469124178707211,0.9225942493319872,False
wick_fixed_3r_24h,wick_fixed,"{""exit"": {""max_hold_bars"": 96, ""mode"": ""fixed"", ""target_r"": 3.0}, ""family"": ""wick_fixed""}",37,14,0.3783783783783784,9.341988218275631,0.2524861680615035,1.4121197758297068,5.099357965341815,22,29,6.722881544019354,4.641885836488391,29,11,0.3793103448275862,9.536257428797347,0.32883646306197745,1.5427914696925182,5.099357965341815,17,23,6.918114902743229,4.764413867503459,8,3,0.375,-0.19426921052171509,-0.024283651315214386,0.9619021952335339,3.0506837833900162,5,6,6.015160618645311,-0.11695577390428147,False
trend_000_exit_0,trend,"{""entry"": {""mode"": ""breakdown"", ""pump_memory_bars"": 96, ""rsi_max"": 60.0, ""swing_lookback_bars"": 3}, ""exit"": {""max_hold_bars"": 96, ""mode"": ""fixed"", ""target_r"": 2.0}, ""family"": ""trend""}",84,31,0.36904761904761907,-6.81927520396022,-0.08118184766619313,0.866279251069695,15.297598298613353,31,47,-2.6625926710885675,-3.506014990701789,69,25,0.36231884057971014,-10.088661248842332,-0.14621248186728023,0.764435222667671,15.297598298613353,24,38,-4.039344852390906,-5.035751167079483,16,6,0.375,1.797725192761914,0.11235782454761963,1.1956889494231513,7.0828856333314265,8,10,1.5589125632676706,0.8650903559764611,False
combined_trend_000_exit_0,combined,"{""entry"": {""mode"": ""breakdown"", ""pump_memory_bars"": 96, ""rsi_max"": 60.0, ""swing_lookback_bars"": 3}, ""exit"": {""max_hold_bars"": 96, ""mode"": ""fixed"", ""target_r"": 2.0}, ""family"": ""combined""}",114,51,0.4473684210526316,-0.1845146288462578,-0.001618549375844382,0.9969769626979753,10.0445549998331,34,47,1.4090036523300384,-0.2751036490331482,93,41,0.44086021505376344,-3.5098221230206144,-0.037740022828178656,0.9309246988851816,10.0445549998331,27,39,0.122024242875573,-1.8832462969543329,22,10,0.45454545454545453,1.853646642054158,0.08425666554791623,1.1648793635423818,4.051654843562021,8,9,5.416534197588451,0.8930381309191437,False
trend_000_exit_1,trend,"{""entry"": {""mode"": ""breakdown"", ""pump_memory_bars"": 96, ""rsi_max"": 60.0, ""swing_lookback_bars"": 3}, ""exit"": {""max_hold_bars"": 192, ""mode"": ""fixed"", ""target_r"": 3.0}, ""family"": ""trend""}",64,22,0.34375,6.049493947875307,0.09452334293555176,1.1440203571440317,12.275879524123408,26,38,0.25900847462315263,2.8637525688448795,51,18,0.35294117647058826,3.084307648367514,0.060476620556225824,1.0921491667915364,12.275879524123408,19,29,-1.0304616988594617,1.3980882593844335,14,4,0.2857142857142857,0.8272249879664868,0.05908749914046331,1.0866074832267527,7.082885633331427,8,10,1.38659729000997,0.36761694928681976,False
combined_trend_000_exit_1,combined,"{""entry"": {""mode"": ""breakdown"", ""pump_memory_bars"": 96, ""rsi_max"": 60.0, ""swing_lookback_bars"": 3}, ""exit"": {""max_hold_bars"": 192, ""mode"": ""fixed"", ""target_r"": 3.0}, ""family"": ""combined""}",89,34,0.38202247191011235,2.9225903468532968,0.032838093784868495,1.0528650663480634,14.652823413930374,28,39,0.20723670087283577,1.245591178045946,70,25,0.35714285714285715,-3.112789962007286,-0.04446842802867552,0.9319087447603861,14.652823413930374,21,31,-1.6811414654058723,-1.7148035043699883,20,9,0.45,3.8974189973192743,0.19487094986596368,1.36813973419581,4.051654843562021,8,9,4.3203120999259355,1.9175620082949374,False
trend_000_exit_2,trend,"{""entry"": {""mode"": ""breakdown"", ""pump_memory_bars"": 96, ""rsi_max"": 60.0, ""swing_lookback_bars"": 3}, ""exit"": {""max_hold_bars"": 96, ""mode"": ""runner"", ""tp1_fraction"": 0.5, ""trail_distance"": 2.5, ""trail_mode"": ""atr""}, ""family"": ""trend""}",99,56,0.5656565656565656,6.16590070982948,0.06228182535181295,1.1497957264339191,5.098685967152887,33,50,1.6654886871805135,3.0113587033768985,81,45,0.5555555555555556,1.1121854917722396,0.013730685083607893,1.0317536572919106,5.096441601109546,26,41,1.047152004257514,0.4668693761250342,19,11,0.5789473684210527,3.582054365937044,0.18852917715458126,1.5006761001319997,5.098685967152887,8,10,2.6289293818295802,1.7801350787020942,False
combined_trend_000_exit_2,combined,"{""entry"": {""mode"": ""breakdown"", ""pump_memory_bars"": 96, ""rsi_max"": 60.0, ""swing_lookback_bars"": 3}, ""exit"": {""max_hold_bars"": 96, ""mode"": ""runner"", ""tp1_fraction"": 0.5, ""trail_distance"": 2.5, ""trail_mode"": ""atr""}, ""family"": ""combined""}",129,74,0.5736434108527132,12.578983043100449,0.09751149645814301,1.2353165240977702,6.176768573897446,33,47,1.4622432119084041,6.330703654596581,106,60,0.5660377358490566,6.904966972576874,0.06514119785449882,1.1524676089243389,6.176768573897446,26,39,1.068515375564676,3.38718598669161,24,14,0.5833333333333334,4.202355218403374,0.17509813410014063,1.4575087431891265,5.586576466447097,8,9,1.8855139622949304,2.0922440693724953,False
trend_000_exit_3,trend,"{""entry"": {""mode"": ""breakdown"", ""pump_memory_bars"": 96, ""rsi_max"": 60.0, ""swing_lookback_bars"": 3}, ""exit"": {""max_hold_bars"": 192, ""mode"": ""runner"", ""tp1_fraction"": 0.5, ""trail_distance"": 3.5, ""trail_mode"": ""atr""}, ""family"": ""trend""}",85,50,0.5882352941176471,11.589366637484831,0.1363454898527628,1.3398678529962234,5.555856870808993,31,46,4.81598085550615,5.848571084108722,68,40,0.5882352941176471,9.178837797224764,0.13498290878271715,1.332705824034361,5.555856870808993,24,37,5.252610249470983,4.602223218940948,18,10,0.5555555555555556,0.4361780433725676,0.024232113520698186,1.0579332147612224,5.098685967152886,8,10,0.40426423707926484,0.19780155831148338,False
combined_trend_000_exit_3,combined,"{""entry"": {""mode"": ""breakdown"", ""pump_memory_bars"": 96, ""rsi_max"": 60.0, ""swing_lookback_bars"": 3}, ""exit"": {""max_hold_bars"": 192, ""mode"": ""runner"", ""tp1_fraction"": 0.5, ""trail_distance"": 3.5, ""trail_mode"": ""atr""}, ""family"": ""combined""}",126,71,0.5634920634920635,10.289116115327749,0.08165965170895037,1.1884795826644812,6.176768573897446,34,48,2.7597257352033644,5.119266586292182,103,58,0.5631067961165048,8.458949885596601,0.08212572704462714,1.1878613924635941,6.176768573897446,27,40,3.036774860303196,4.1875417985116625,24,13,0.5416666666666666,-0.1441845671563532,-0.006007690298181388,0.9863723237126458,5.586576466447097,8,9,-0.41527031092393524,-0.09651481218126978,False
trend_001_exit_0,trend,"{""entry"": {""mode"": ""breakdown"", ""pump_memory_bars"": 96, ""rsi_max"": 70.0, ""swing_lookback_bars"": 3}, ""exit"": {""max_hold_bars"": 96, ""mode"": ""fixed"", ""target_r"": 2.0}, ""family"": ""trend""}",84,31,0.36904761904761907,-6.81927520396022,-0.08118184766619313,0.866279251069695,15.297598298613353,31,47,-2.6625926710885675,-3.506014990701789,69,25,0.36231884057971014,-10.088661248842332,-0.14621248186728023,0.764435222667671,15.297598298613353,24,38,-4.039344852390906,-5.035751167079483,16,6,0.375,1.797725192761914,0.11235782454761963,1.1956889494231513,7.0828856333314265,8,10,1.5589125632676706,0.8650903559764611,False
combined_trend_001_exit_0,combined,"{""entry"": {""mode"": ""breakdown"", ""pump_memory_bars"": 96, ""rsi_max"": 70.0, ""swing_lookback_bars"": 3}, ""exit"": {""max_hold_bars"": 96, ""mode"": ""fixed"", ""target_r"": 2.0}, ""family"": ""combined""}",114,51,0.4473684210526316,-0.1845146288462578,-0.001618549375844382,0.9969769626979753,10.0445549998331,34,47,1.4090036523300384,-0.2751036490331482,93,41,0.44086021505376344,-3.5098221230206144,-0.037740022828178656,0.9309246988851816,10.0445549998331,27,39,0.122024242875573,-1.8832462969543329,22,10,0.45454545454545453,1.853646642054158,0.08425666554791623,1.1648793635423818,4.051654843562021,8,9,5.416534197588451,0.8930381309191437,False
trend_001_exit_1,trend,"{""entry"": {""mode"": ""breakdown"", ""pump_memory_bars"": 96, ""rsi_max"": 70.0, ""swing_lookback_bars"": 3}, ""exit"": {""max_hold_bars"": 192, ""mode"": ""fixed"", ""target_r"": 3.0}, ""family"": ""trend""}",64,22,0.34375,6.049493947875307,0.09452334293555176,1.1440203571440317,12.275879524123408,26,38,0.25900847462315263,2.8637525688448795,51,18,0.35294117647058826,3.084307648367514,0.060476620556225824,1.0921491667915364,12.275879524123408,19,29,-1.0304616988594617,1.3980882593844335,14,4,0.2857142857142857,0.8272249879664868,0.05908749914046331,1.0866074832267527,7.082885633331427,8,10,1.38659729000997,0.36761694928681976,False
combined_trend_001_exit_1,combined,"{""entry"": {""mode"": ""breakdown"", ""pump_memory_bars"": 96, ""rsi_max"": 70.0, ""swing_lookback_bars"": 3}, ""exit"": {""max_hold_bars"": 192, ""mode"": ""fixed"", ""target_r"": 3.0}, ""family"": ""combined""}",89,34,0.38202247191011235,2.9225903468532968,0.032838093784868495,1.0528650663480634,14.652823413930374,28,39,0.20723670087283577,1.245591178045946,70,25,0.35714285714285715,-3.112789962007286,-0.04446842802867552,0.9319087447603861,14.652823413930374,21,31,-1.6811414654058723,-1.7148035043699883,20,9,0.45,3.8974189973192743,0.19487094986596368,1.36813973419581,4.051654843562021,8,9,4.3203120999259355,1.9175620082949374,False
trend_001_exit_2,trend,"{""entry"": {""mode"": ""breakdown"", ""pump_memory_bars"": 96, ""rsi_max"": 70.0, ""swing_lookback_bars"": 3}, ""exit"": {""max_hold_bars"": 96, ""mode"": ""runner"", ""tp1_fraction"": 0.5, ""trail_distance"": 2.5, ""trail_mode"": ""atr""}, ""family"": ""trend""}",99,56,0.5656565656565656,6.16590070982948,0.06228182535181295,1.1497957264339191,5.098685967152887,33,50,1.6654886871805135,3.0113587033768985,81,45,0.5555555555555556,1.1121854917722396,0.013730685083607893,1.0317536572919106,5.096441601109546,26,41,1.047152004257514,0.4668693761250342,19,11,0.5789473684210527,3.582054365937044,0.18852917715458126,1.5006761001319997,5.098685967152887,8,10,2.6289293818295802,1.7801350787020942,False
combined_trend_001_exit_2,combined,"{""entry"": {""mode"": ""breakdown"", ""pump_memory_bars"": 96, ""rsi_max"": 70.0, ""swing_lookback_bars"": 3}, ""exit"": {""max_hold_bars"": 96, ""mode"": ""runner"", ""tp1_fraction"": 0.5, ""trail_distance"": 2.5, ""trail_mode"": ""atr""}, ""family"": ""combined""}",129,74,0.5736434108527132,12.578983043100449,0.09751149645814301,1.2353165240977702,6.176768573897446,33,47,1.4622432119084041,6.330703654596581,106,60,0.5660377358490566,6.904966972576874,0.06514119785449882,1.1524676089243389,6.176768573897446,26,39,1.068515375564676,3.38718598669161,24,14,0.5833333333333334,4.202355218403374,0.17509813410014063,1.4575087431891265,5.586576466447097,8,9,1.8855139622949304,2.0922440693724953,False
trend_001_exit_3,trend,"{""entry"": {""mode"": ""breakdown"", ""pump_memory_bars"": 96, ""rsi_max"": 70.0, ""swing_lookback_bars"": 3}, ""exit"": {""max_hold_bars"": 192, ""mode"": ""runner"", ""tp1_fraction"": 0.5, ""trail_distance"": 3.5, ""trail_mode"": ""atr""}, ""family"": ""trend""}",85,50,0.5882352941176471,11.589366637484831,0.1363454898527628,1.3398678529962234,5.555856870808993,31,46,4.81598085550615,5.848571084108722,68,40,0.5882352941176471,9.178837797224764,0.13498290878271715,1.332705824034361,5.555856870808993,24,37,5.252610249470983,4.602223218940948,18,10,0.5555555555555556,0.4361780433725676,0.024232113520698186,1.0579332147612224,5.098685967152886,8,10,0.40426423707926484,0.19780155831148338,False
combined_trend_001_exit_3,combined,"{""entry"": {""mode"": ""breakdown"", ""pump_memory_bars"": 96, ""rsi_max"": 70.0, ""swing_lookback_bars"": 3}, ""exit"": {""max_hold_bars"": 192, ""mode"": ""runner"", ""tp1_fraction"": 0.5, ""trail_distance"": 3.5, ""trail_mode"": ""atr""}, ""family"": ""combined""}",126,71,0.5634920634920635,10.289116115327749,0.08165965170895037,1.1884795826644812,6.176768573897446,34,48,2.7597257352033644,5.119266586292182,103,58,0.5631067961165048,8.458949885596601,0.08212572704462714,1.1878613924635941,6.176768573897446,27,40,3.036774860303196,4.1875417985116625,24,13,0.5416666666666666,-0.1441845671563532,-0.006007690298181388,0.9863723237126458,5.586576466447097,8,9,-0.41527031092393524,-0.09651481218126978,False
trend_002_exit_0,trend,"{""entry"": {""mode"": ""breakdown"", ""pump_memory_bars"": 96, ""rsi_max"": 60.0, ""swing_lookback_bars"": 6}, ""exit"": {""max_hold_bars"": 96, ""mode"": ""fixed"", ""target_r"": 2.0}, ""family"": ""trend""}",60,26,0.43333333333333335,0.6666958678322648,0.011111597797204421,1.0208437172410334,9.270543980127684,29,43,-0.48855980399804694,0.22858480417169424,49,20,0.40816326530612246,-5.5357855314805935,-0.11297521492817537,0.8074070435823989,9.270543980127684,22,34,-4.1689142022537125,-2.809111921952012,12,6,0.5,4.76459777666299,0.3970498147219159,2.118498561417371,2.1801489018179563,8,10,12.070733186608242,2.3858338880660357,False
combined_trend_002_exit_0,combined,"{""entry"": {""mode"": ""breakdown"", ""pump_memory_bars"": 96, ""rsi_max"": 60.0, ""swing_lookback_bars"": 6}, ""exit"": {""max_hold_bars"": 96, ""mode"": ""fixed"", ""target_r"": 2.0}, ""family"": ""combined""}",91,44,0.4835164835164835,5.12782747491395,0.056349752471581846,1.1131187077953286,9.465278155023721,31,48,2.1901720513357112,2.452537305504987,74,35,0.47297297297297297,2.3548977865012026,0.03182294306082705,1.06168031354455,9.465278155023721,24,40,0.8610711782792303,1.0652070098942312,18,9,0.5,1.3350460657628789,0.07416922587571546,1.1634062417380169,3.03404117973917,8,9,5.859554447090918,0.6456183737272747,False
trend_002_exit_1,trend,"{""entry"": {""mode"": ""breakdown"", ""pump_memory_bars"": 96, ""rsi_max"": 60.0, ""swing_lookback_bars"": 6}, ""exit"": {""max_hold_bars"": 192, ""mode"": ""fixed"", ""target_r"": 3.0}, ""family"": ""trend""}",54,19,0.35185185185185186,-1.3961635890734039,-0.025854881279137126,0.9605696302564907,9.27622100430594,27,37,-4.202236637162118,-0.835223777887828,44,15,0.3409090909090909,-3.5259937729896405,-0.08013622211340093,0.879801851962055,8.903204592328686,20,29,-6.473315832781225,-1.8571836166530353,11,4,0.36363636363636365,0.07523394936553163,0.006839449942321037,1.0106093424317322,4.037889862734278,8,9,0.7443082980040754,0.009129487795656033,False
combined_trend_002_exit_1,combined,"{""entry"": {""mode"": ""breakdown"", ""pump_memory_bars"": 96, ""rsi_max"": 60.0, ""swing_lookback_bars"": 6}, ""exit"": {""max_hold_bars"": 192, ""mode"": ""fixed"", ""target_r"": 3.0}, ""family"": ""combined""}",78,33,0.4230769230769231,1.160968427013568,0.014884210602738087,1.0258238286231045,13.374133042579949,28,41,-1.5928363425592924,0.4190958670265976,61,24,0.39344262295081966,-2.7131065972463535,-0.044477157331907394,0.9263483808544974,11.53851258158376,21,33,-4.1646805339634065,-1.4769065893341593,18,9,0.5,1.819478789709216,0.10108215498384536,1.1991105655801664,4.0738013270735385,8,9,4.4492528274760135,0.8832338161615105,False
trend_002_exit_2,trend,"{""entry"": {""mode"": ""breakdown"", ""pump_memory_bars"": 96, ""rsi_max"": 60.0, ""swing_lookback_bars"": 6}, ""exit"": {""max_hold_bars"": 96, ""mode"": ""runner"", ""tp1_fraction"": 0.5, ""trail_distance"": 2.5, ""trail_mode"": ""atr""}, ""family"": ""trend""}",65,31,0.47692307692307695,-6.3667329038396145,-0.09794973698214789,0.791789621963651,9.391177710783454,31,46,-5.406309939217582,-3.196106942289667,53,25,0.4716981132075472,-8.027759355160407,-0.151467157644536,0.6948238346663294,9.391177710783454,24,37,-7.9836417463247615,-3.984468463533719,13,6,0.46153846153846156,0.22314282867092694,0.017164832974686715,1.0421753112737908,2.707719937532485,8,10,3.200650544216872,0.09794388054236158,False
combined_trend_002_exit_2,combined,"{""entry"": {""mode"": ""breakdown"", ""pump_memory_bars"": 96, ""rsi_max"": 60.0, ""swing_lookback_bars"": 6}, ""exit"": {""max_hold_bars"": 96, ""mode"": ""runner"", ""tp1_fraction"": 0.5, ""trail_distance"": 2.5, ""trail_mode"": ""atr""}, ""family"": ""combined""}",99,52,0.5252525252525253,0.931533856057226,0.009409432889466916,1.0208499557327215,7.071550469360717,31,47,-0.343794125805656,0.3577466023648057,80,41,0.5125,-2.1504020640368786,-0.026880025800460994,0.942670993376799,6.207447178894723,24,39,-1.871952821188481,-1.156148655746636,20,11,0.55,1.6440522974442366,0.08220261487221182,1.2008385913792112,3.03404117973917,8,9,4.280309890453419,0.8033734620078725,False
trend_002_exit_3,trend,"{""entry"": {""mode"": ""breakdown"", ""pump_memory_bars"": 96, ""rsi_max"": 60.0, ""swing_lookback_bars"": 6}, ""exit"": {""max_hold_bars"": 192, ""mode"": ""runner"", ""tp1_fraction"": 0.5, ""trail_distance"": 3.5, ""trail_mode"": ""atr""}, ""family"": ""trend""}",58,29,0.5,-2.935985585507435,-0.05062044112943855,0.8943984327771819,9.367631729122428,29,42,-3.293625594242074,-1.5234265797304802,48,24,0.5,-3.7404108108475236,-0.07792522522599009,0.8400911587425275,9.367631729122428,22,34,-5.357300679090677,-1.9066026802188385,11,5,0.45454545454545453,-1.1359779227788922,-0.10327072025262658,0.7907724911623001,2.5366896827342775,8,9,1.8211139482546133,-0.5784766108113404,False
combined_trend_002_exit_3,combined,"{""entry"": {""mode"": ""breakdown"", ""pump_memory_bars"": 96, ""rsi_max"": 60.0, ""swing_lookback_bars"": 6}, ""exit"": {""max_hold_bars"": 192, ""mode"": ""runner"", ""tp1_fraction"": 0.5, ""trail_distance"": 3.5, ""trail_mode"": ""atr""}, ""family"": ""combined""}",100,55,0.55,2.960365013756449,0.029603650137564486,1.0671362382639853,7.049259258953522,32,48,0.1776356421354556,1.3785021228865268,82,45,0.5487804878048781,0.8483697374731071,0.01034597240820862,1.0231642197452742,6.28995254526286,25,40,-0.912645722912364,0.33430339761597594,19,10,0.5263157894736842,0.17159212816436242,0.009031164640229569,1.0202145421412068,3.03404117973917,8,9,2.4480325680446295,0.06534364329937592,False
trend_003_exit_0,trend,"{""entry"": {""mode"": ""breakdown"", ""pump_memory_bars"": 96, ""rsi_max"": 70.0, ""swing_lookback_bars"": 6}, ""exit"": {""max_hold_bars"": 96, ""mode"": ""fixed"", ""target_r"": 2.0}, ""family"": ""trend""}",60,26,0.43333333333333335,0.6666958678322648,0.011111597797204421,1.0208437172410334,9.270543980127684,29,43,-0.48855980399804694,0.22858480417169424,49,20,0.40816326530612246,-5.5357855314805935,-0.11297521492817537,0.8074070435823989,9.270543980127684,22,34,-4.1689142022537125,-2.809111921952012,12,6,0.5,4.76459777666299,0.3970498147219159,2.118498561417371,2.1801489018179563,8,10,12.070733186608242,2.3858338880660357,False
combined_trend_003_exit_0,combined,"{""entry"": {""mode"": ""breakdown"", ""pump_memory_bars"": 96, ""rsi_max"": 70.0, ""swing_lookback_bars"": 6}, ""exit"": {""max_hold_bars"": 96, ""mode"": ""fixed"", ""target_r"": 2.0}, ""family"": ""combined""}",91,44,0.4835164835164835,5.12782747491395,0.056349752471581846,1.1131187077953286,9.465278155023721,31,48,2.1901720513357112,2.452537305504987,74,35,0.47297297297297297,2.3548977865012026,0.03182294306082705,1.06168031354455,9.465278155023721,24,40,0.8610711782792303,1.0652070098942312,18,9,0.5,1.3350460657628789,0.07416922587571546,1.1634062417380169,3.03404117973917,8,9,5.859554447090918,0.6456183737272747,False
trend_003_exit_1,trend,"{""entry"": {""mode"": ""breakdown"", ""pump_memory_bars"": 96, ""rsi_max"": 70.0, ""swing_lookback_bars"": 6}, ""exit"": {""max_hold_bars"": 192, ""mode"": ""fixed"", ""target_r"": 3.0}, ""family"": ""trend""}",54,19,0.35185185185185186,-1.3961635890734039,-0.025854881279137126,0.9605696302564907,9.27622100430594,27,37,-4.202236637162118,-0.835223777887828,44,15,0.3409090909090909,-3.5259937729896405,-0.08013622211340093,0.879801851962055,8.903204592328686,20,29,-6.473315832781225,-1.8571836166530353,11,4,0.36363636363636365,0.07523394936553163,0.006839449942321037,1.0106093424317322,4.037889862734278,8,9,0.7443082980040754,0.009129487795656033,False
combined_trend_003_exit_1,combined,"{""entry"": {""mode"": ""breakdown"", ""pump_memory_bars"": 96, ""rsi_max"": 70.0, ""swing_lookback_bars"": 6}, ""exit"": {""max_hold_bars"": 192, ""mode"": ""fixed"", ""target_r"": 3.0}, ""family"": ""combined""}",78,33,0.4230769230769231,1.160968427013568,0.014884210602738087,1.0258238286231045,13.374133042579949,28,41,-1.5928363425592924,0.4190958670265976,61,24,0.39344262295081966,-2.7131065972463535,-0.044477157331907394,0.9263483808544974,11.53851258158376,21,33,-4.1646805339634065,-1.4769065893341593,18,9,0.5,1.819478789709216,0.10108215498384536,1.1991105655801664,4.0738013270735385,8,9,4.4492528274760135,0.8832338161615105,False
trend_003_exit_2,trend,"{""entry"": {""mode"": ""breakdown"", ""pump_memory_bars"": 96, ""rsi_max"": 70.0, ""swing_lookback_bars"": 6}, ""exit"": {""max_hold_bars"": 96, ""mode"": ""runner"", ""tp1_fraction"": 0.5, ""trail_distance"": 2.5, ""trail_mode"": ""atr""}, ""family"": ""trend""}",65,31,0.47692307692307695,-6.3667329038396145,-0.09794973698214789,0.791789621963651,9.391177710783454,31,46,-5.406309939217582,-3.196106942289667,53,25,0.4716981132075472,-8.027759355160407,-0.151467157644536,0.6948238346663294,9.391177710783454,24,37,-7.9836417463247615,-3.984468463533719,13,6,0.46153846153846156,0.22314282867092694,0.017164832974686715,1.0421753112737908,2.707719937532485,8,10,3.200650544216872,0.09794388054236158,False
combined_trend_003_exit_2,combined,"{""entry"": {""mode"": ""breakdown"", ""pump_memory_bars"": 96, ""rsi_max"": 70.0, ""swing_lookback_bars"": 6}, ""exit"": {""max_hold_bars"": 96, ""mode"": ""runner"", ""tp1_fraction"": 0.5, ""trail_distance"": 2.5, ""trail_mode"": ""atr""}, ""family"": ""combined""}",99,52,0.5252525252525253,0.931533856057226,0.009409432889466916,1.0208499557327215,7.071550469360717,31,47,-0.343794125805656,0.3577466023648057,80,41,0.5125,-2.1504020640368786,-0.026880025800460994,0.942670993376799,6.207447178894723,24,39,-1.871952821188481,-1.156148655746636,20,11,0.55,1.6440522974442366,0.08220261487221182,1.2008385913792112,3.03404117973917,8,9,4.280309890453419,0.8033734620078725,False
trend_003_exit_3,trend,"{""entry"": {""mode"": ""breakdown"", ""pump_memory_bars"": 96, ""rsi_max"": 70.0, ""swing_lookback_bars"": 6}, ""exit"": {""max_hold_bars"": 192, ""mode"": ""runner"", ""tp1_fraction"": 0.5, ""trail_distance"": 3.5, ""trail_mode"": ""atr""}, ""family"": ""trend""}",58,29,0.5,-2.935985585507435,-0.05062044112943855,0.8943984327771819,9.367631729122428,29,42,-3.293625594242074,-1.5234265797304802,48,24,0.5,-3.7404108108475236,-0.07792522522599009,0.8400911587425275,9.367631729122428,22,34,-5.357300679090677,-1.9066026802188385,11,5,0.45454545454545453,-1.1359779227788922,-0.10327072025262658,0.7907724911623001,2.5366896827342775,8,9,1.8211139482546133,-0.5784766108113404,False
combined_trend_003_exit_3,combined,"{""entry"": {""mode"": ""breakdown"", ""pump_memory_bars"": 96, ""rsi_max"": 70.0, ""swing_lookback_bars"": 6}, ""exit"": {""max_hold_bars"": 192, ""mode"": ""runner"", ""tp1_fraction"": 0.5, ""trail_distance"": 3.5, ""trail_mode"": ""atr""}, ""family"": ""combined""}",100,55,0.55,2.960365013756449,0.029603650137564486,1.0671362382639853,7.049259258953522,32,48,0.1776356421354556,1.3785021228865268,82,45,0.5487804878048781,0.8483697374731071,0.01034597240820862,1.0231642197452742,6.28995254526286,25,40,-0.912645722912364,0.33430339761597594,19,10,0.5263157894736842,0.17159212816436242,0.009031164640229569,1.0202145421412068,3.03404117973917,8,9,2.4480325680446295,0.06534364329937592,False
trend_004_exit_0,trend,"{""entry"": {""mode"": ""breakdown"", ""pump_memory_bars"": 192, ""rsi_max"": 60.0, ""swing_lookback_bars"": 3}, ""exit"": {""max_hold_bars"": 96, ""mode"": ""fixed"", ""target_r"": 2.0}, ""family"": ""trend""}",127,49,0.3858267716535433,3.170614480110009,0.02496546834732293,1.041805014147827,24.074246672857846,33,69,-2.359463419150553,1.3166334356603082,103,38,0.36893203883495146,-5.767401899582535,-0.055994193199830414,0.9093117980309215,24.074246672857846,26,56,-2.7674057493784723,-3.048060948844611,26,11,0.4230769230769231,6.414775810208765,0.24672214654649105,1.4480730359841514,9.108594728659458,8,13,-1.9431694604621716,3.1895045976208625,False
combined_trend_004_exit_0,combined,"{""entry"": {""mode"": ""breakdown"", ""pump_memory_bars"": 192, ""rsi_max"": 60.0, ""swing_lookback_bars"": 3}, ""exit"": {""max_hold_bars"": 96, ""mode"": ""fixed"", ""target_r"": 2.0}, ""family"": ""combined""}",159,72,0.4528301886792453,16.4044602236303,0.10317270580899565,1.194140899331634,20.063984742724145,34,67,1.2291076511681425,8.211563793021991,128,56,0.4375,5.2275250330261995,0.04084003932051727,1.074469515947936,20.063984742724145,27,55,0.8126742652207948,2.4033078536837893,33,16,0.48484848484848486,8.653694621120325,0.26223317033697946,1.5286234646869867,4.08683784601517,8,12,1.6815898988361828,4.3448367645291475,False
trend_004_exit_1,trend,"{""entry"": {""mode"": ""breakdown"", ""pump_memory_bars"": 192, ""rsi_max"": 60.0, ""swing_lookback_bars"": 3}, ""exit"": {""max_hold_bars"": 192, ""mode"": ""fixed"", ""target_r"": 3.0}, ""family"": ""trend""}",88,30,0.3409090909090909,10.319765648020818,0.11727006418205475,1.1768301009737872,16.496082196297262,30,48,-0.2992574746908166,4.9854037825689534,72,25,0.3472222222222222,6.435413707276614,0.08938074593439747,1.1346308244609875,16.496082196297262,23,38,-0.7896005078705134,3.0286908638160748,20,7,0.35,6.589655403366802,0.32948277016833993,1.521799357678535,9.108594728659458,8,11,0.4669931017607021,3.2640943163764202,False
combined_trend_004_exit_1,combined,"{""entry"": {""mode"": ""breakdown"", ""pump_memory_bars"": 192, ""rsi_max"": 60.0, ""swing_lookback_bars"": 3}, ""exit"": {""max_hold_bars"": 192, ""mode"": ""fixed"", ""target_r"": 3.0}, ""family"": ""combined""}",115,43,0.3739130434782609,9.738192400699228,0.08467993391912378,1.133954611798482,20.80054263430847,31,52,-0.09251742623112107,4.641234961061302,93,33,0.3548387096774194,2.7836464506022454,0.02993168226454029,1.0455566219081276,20.80054263430847,24,44,-1.1629028252563782,1.1292302345188077,26,12,0.46153846153846156,9.659849412719582,0.37153266971998405,1.7069519825386918,4.051654843562023,8,9,2.9359131528305067,4.858768750456965,False
trend_004_exit_2,trend,"{""entry"": {""mode"": ""breakdown"", ""pump_memory_bars"": 192, ""rsi_max"": 60.0, ""swing_lookback_bars"": 3}, ""exit"": {""max_hold_bars"": 96, ""mode"": ""runner"", ""tp1_fraction"": 0.5, ""trail_distance"": 2.5, ""trail_mode"": ""atr""}, ""family"": ""trend""}",140,76,0.5428571428571428,2.82640803128192,0.020188628794870857,1.0447984680186997,18.898505027884145,33,67,-1.1385003865506638,1.250762092625246,113,59,0.5221238938053098,-5.271599334122685,-0.0466513215409087,0.9021941940438121,18.898505027884145,26,56,-1.886123935543287,-2.728790701608663,29,17,0.5862068965517241,5.574766795920822,0.19223333779037333,1.4949904580885538,7.12439506248092,8,11,0.6147795404627459,2.7839401225953964,False
combined_trend_004_exit_2,combined,"{""entry"": {""mode"": ""breakdown"", ""pump_memory_bars"": 192, ""rsi_max"": 60.0, ""swing_lookback_bars"": 3}, ""exit"": {""max_hold_bars"": 96, ""mode"": ""runner"", ""tp1_fraction"": 0.5, ""trail_distance"": 2.5, ""trail_mode"": ""atr""}, ""family"": ""combined""}",176,96,0.5454545454545454,7.090469855970974,0.04028676054528964,1.0891612612830988,14.176727661205405,34,62,-0.60720880611023,3.3866416427057455,144,76,0.5277777777777778,-1.6278383618999592,-0.011304433068749712,0.976166437861225,14.176727661205405,27,52,-1.0827317869098285,-0.9805030984451291,34,20,0.5882352941176471,6.195067648387156,0.182207872011387,1.466031497150187,6.595388613185719,8,10,0.38621422099223335,3.0991272834690164,False
trend_004_exit_3,trend,"{""entry"": {""mode"": ""breakdown"", ""pump_memory_bars"": 192, ""rsi_max"": 60.0, ""swing_lookback_bars"": 3}, ""exit"": {""max_hold_bars"": 192, ""mode"": ""runner"", ""tp1_fraction"": 0.5, ""trail_distance"": 3.5, ""trail_mode"": ""atr""}, ""family"": ""trend""}",116,63,0.5431034482758621,7.241348722734321,0.06242542002357177,1.1381045274457084,15.889083452941033,30,59,0.7316078574981554,3.5195618006352403,92,49,0.532608695652174,1.989917229840723,0.021629535106964387,1.0464214928072397,15.889083452941033,23,48,0.7916176170127883,0.8746434354008015,27,15,0.5555555555555556,7.20156441517063,0.26672460796928266,1.6188549473379148,7.12439506248092,8,12,-0.7375575409342061,3.594851605993088,False
combined_trend_004_exit_3,combined,"{""entry"": {""mode"": ""breakdown"", ""pump_memory_bars"": 192, ""rsi_max"": 60.0, ""swing_lookback_bars"": 3}, ""exit"": {""max_hold_bars"": 192, ""mode"": ""runner"", ""tp1_fraction"": 0.5, ""trail_distance"": 3.5, ""trail_mode"": ""atr""}, ""family"": ""combined""}",156,87,0.5576923076923077,12.50937578103207,0.08018830628866709,1.18166229958837,11.762277379803482,33,56,0.9311706446751824,6.241505803179748,127,70,0.5511811023622047,6.450402949753625,0.050790574407508865,1.1126467804302667,11.762277379803482,26,47,1.0257923758592016,3.113866914223218,32,18,0.5625,8.009105753555474,0.2502845547986085,1.5859842175268941,6.595388613185719,8,10,-0.5301486085819751,4.009953924958021,False
trend_005_exit_0,trend,"{""entry"": {""mode"": ""breakdown"", ""pump_memory_bars"": 192, ""rsi_max"": 70.0, ""swing_lookback_bars"": 3}, ""exit"": {""max_hold_bars"": 96, ""mode"": ""fixed"", ""target_r"": 2.0}, ""family"": ""trend""}",127,49,0.3858267716535433,3.170614480110009,0.02496546834732293,1.041805014147827,24.074246672857846,33,69,-2.359463419150553,1.3166334356603082,103,38,0.36893203883495146,-5.767401899582535,-0.055994193199830414,0.9093117980309215,24.074246672857846,26,56,-2.7674057493784723,-3.048060948844611,26,11,0.4230769230769231,6.414775810208765,0.24672214654649105,1.4480730359841514,9.108594728659458,8,13,-1.9431694604621716,3.1895045976208625,False
combined_trend_005_exit_0,combined,"{""entry"": {""mode"": ""breakdown"", ""pump_memory_bars"": 192, ""rsi_max"": 70.0, ""swing_lookback_bars"": 3}, ""exit"": {""max_hold_bars"": 96, ""mode"": ""fixed"", ""target_r"": 2.0}, ""family"": ""combined""}",159,72,0.4528301886792453,16.4044602236303,0.10317270580899565,1.194140899331634,20.063984742724145,34,67,1.2291076511681425,8.211563793021991,128,56,0.4375,5.2275250330261995,0.04084003932051727,1.074469515947936,20.063984742724145,27,55,0.8126742652207948,2.4033078536837893,33,16,0.48484848484848486,8.653694621120325,0.26223317033697946,1.5286234646869867,4.08683784601517,8,12,1.6815898988361828,4.3448367645291475,False
trend_005_exit_1,trend,"{""entry"": {""mode"": ""breakdown"", ""pump_memory_bars"": 192, ""rsi_max"": 70.0, ""swing_lookback_bars"": 3}, ""exit"": {""max_hold_bars"": 192, ""mode"": ""fixed"", ""target_r"": 3.0}, ""family"": ""trend""}",88,30,0.3409090909090909,10.319765648020818,0.11727006418205475,1.1768301009737872,16.496082196297262,30,48,-0.2992574746908166,4.9854037825689534,72,25,0.3472222222222222,6.435413707276614,0.08938074593439747,1.1346308244609875,16.496082196297262,23,38,-0.7896005078705134,3.0286908638160748,20,7,0.35,6.589655403366802,0.32948277016833993,1.521799357678535,9.108594728659458,8,11,0.4669931017607021,3.2640943163764202,False
combined_trend_005_exit_1,combined,"{""entry"": {""mode"": ""breakdown"", ""pump_memory_bars"": 192, ""rsi_max"": 70.0, ""swing_lookback_bars"": 3}, ""exit"": {""max_hold_bars"": 192, ""mode"": ""fixed"", ""target_r"": 3.0}, ""family"": ""combined""}",115,43,0.3739130434782609,9.738192400699228,0.08467993391912378,1.133954611798482,20.80054263430847,31,52,-0.09251742623112107,4.641234961061302,93,33,0.3548387096774194,2.7836464506022454,0.02993168226454029,1.0455566219081276,20.80054263430847,24,44,-1.1629028252563782,1.1292302345188077,26,12,0.46153846153846156,9.659849412719582,0.37153266971998405,1.7069519825386918,4.051654843562023,8,9,2.9359131528305067,4.858768750456965,False
trend_005_exit_2,trend,"{""entry"": {""mode"": ""breakdown"", ""pump_memory_bars"": 192, ""rsi_max"": 70.0, ""swing_lookback_bars"": 3}, ""exit"": {""max_hold_bars"": 96, ""mode"": ""runner"", ""tp1_fraction"": 0.5, ""trail_distance"": 2.5, ""trail_mode"": ""atr""}, ""family"": ""trend""}",140,76,0.5428571428571428,2.82640803128192,0.020188628794870857,1.0447984680186997,18.898505027884145,33,67,-1.1385003865506638,1.250762092625246,113,59,0.5221238938053098,-5.271599334122685,-0.0466513215409087,0.9021941940438121,18.898505027884145,26,56,-1.886123935543287,-2.728790701608663,29,17,0.5862068965517241,5.574766795920822,0.19223333779037333,1.4949904580885538,7.12439506248092,8,11,0.6147795404627459,2.7839401225953964,False
combined_trend_005_exit_2,combined,"{""entry"": {""mode"": ""breakdown"", ""pump_memory_bars"": 192, ""rsi_max"": 70.0, ""swing_lookback_bars"": 3}, ""exit"": {""max_hold_bars"": 96, ""mode"": ""runner"", ""tp1_fraction"": 0.5, ""trail_distance"": 2.5, ""trail_mode"": ""atr""}, ""family"": ""combined""}",176,96,0.5454545454545454,7.090469855970974,0.04028676054528964,1.0891612612830988,14.176727661205405,34,62,-0.60720880611023,3.3866416427057455,144,76,0.5277777777777778,-1.6278383618999592,-0.011304433068749712,0.976166437861225,14.176727661205405,27,52,-1.0827317869098285,-0.9805030984451291,34,20,0.5882352941176471,6.195067648387156,0.182207872011387,1.466031497150187,6.595388613185719,8,10,0.38621422099223335,3.0991272834690164,False
trend_005_exit_3,trend,"{""entry"": {""mode"": ""breakdown"", ""pump_memory_bars"": 192, ""rsi_max"": 70.0, ""swing_lookback_bars"": 3}, ""exit"": {""max_hold_bars"": 192, ""mode"": ""runner"", ""tp1_fraction"": 0.5, ""trail_distance"": 3.5, ""trail_mode"": ""atr""}, ""family"": ""trend""}",116,63,0.5431034482758621,7.241348722734321,0.06242542002357177,1.1381045274457084,15.889083452941033,30,59,0.7316078574981554,3.5195618006352403,92,49,0.532608695652174,1.989917229840723,0.021629535106964387,1.0464214928072397,15.889083452941033,23,48,0.7916176170127883,0.8746434354008015,27,15,0.5555555555555556,7.20156441517063,0.26672460796928266,1.6188549473379148,7.12439506248092,8,12,-0.7375575409342061,3.594851605993088,False
combined_trend_005_exit_3,combined,"{""entry"": {""mode"": ""breakdown"", ""pump_memory_bars"": 192, ""rsi_max"": 70.0, ""swing_lookback_bars"": 3}, ""exit"": {""max_hold_bars"": 192, ""mode"": ""runner"", ""tp1_fraction"": 0.5, ""trail_distance"": 3.5, ""trail_mode"": ""atr""}, ""family"": ""combined""}",156,87,0.5576923076923077,12.50937578103207,0.08018830628866709,1.18166229958837,11.762277379803482,33,56,0.9311706446751824,6.241505803179748,127,70,0.5511811023622047,6.450402949753625,0.050790574407508865,1.1126467804302667,11.762277379803482,26,47,1.0257923758592016,3.113866914223218,32,18,0.5625,8.009105753555474,0.2502845547986085,1.5859842175268941,6.595388613185719,8,10,-0.5301486085819751,4.009953924958021,False
trend_006_exit_0,trend,"{""entry"": {""mode"": ""breakdown"", ""pump_memory_bars"": 192, ""rsi_max"": 60.0, ""swing_lookback_bars"": 6}, ""exit"": {""max_hold_bars"": 96, ""mode"": ""fixed"", ""target_r"": 2.0}, ""family"": ""trend""}",95,45,0.47368421052631576,17.745999149209396,0.18679999104430947,1.3666504004753568,9.595744759681939,33,64,1.7219069676779115,9.05320118849624,75,33,0.44,3.397472503593447,0.045299633381246006,1.0806742134770544,9.595744759681939,26,50,-0.44469793834168986,1.5580504886518076,22,12,0.5454545454545454,11.87517091930605,0.5397804963320931,2.423861773548616,3.229564650160203,8,14,7.2025561423357605,6.058027824940337,False
combined_trend_006_exit_0,combined,"{""entry"": {""mode"": ""breakdown"", ""pump_memory_bars"": 192, ""rsi_max"": 60.0, ""swing_lookback_bars"": 6}, ""exit"": {""max_hold_bars"": 96, ""mode"": ""fixed"", ""target_r"": 2.0}, ""family"": ""combined""}",120,58,0.48333333333333334,15.568739352269034,0.129739494602242,1.2563459194455797,11.752321090587836,33,69,1.760647611892986,7.851668289673208,96,44,0.4583333333333333,5.422606892290778,0.0564854884613623,1.1051967432940126,11.752321090587836,26,55,1.1737989152442734,2.5659644465305442,26,14,0.5384615384615384,7.67277673366836,0.295106797448783,1.6826733026808653,4.041787932588894,8,14,2.312144053464096,3.858748071156959,False
trend_006_exit_1,trend,"{""entry"": {""mode"": ""breakdown"", ""pump_memory_bars"": 192, ""rsi_max"": 60.0, ""swing_lookback_bars"": 6}, ""exit"": {""max_hold_bars"": 192, ""mode"": ""fixed"", ""target_r"": 3.0}, ""family"": ""trend""}",73,24,0.3287671232876712,0.48782367770155943,0.006682516132898069,1.009818964442087,11.237637246422825,30,46,-3.818202994649912,0.022741175615981213,60,19,0.31666666666666665,-2.5944602403713186,-0.04324100400618866,0.9376110483993239,11.237637246422825,23,37,-5.12288638012905,-1.4650400093451754,17,7,0.4117647058823529,5.901715726240938,0.34715974860240806,1.5814607442608646,6.060934755361993,8,10,0.5206550228252034,2.9279308988654273,False
combined_trend_006_exit_1,combined,"{""entry"": {""mode"": ""breakdown"", ""pump_memory_bars"": 192, ""rsi_max"": 60.0, ""swing_lookback_bars"": 6}, ""exit"": {""max_hold_bars"": 192, ""mode"": ""fixed"", ""target_r"": 3.0}, ""family"": ""combined""}",96,38,0.3958333333333333,5.63291816839462,0.05867623092077728,1.0967138497883746,11.766380822211243,31,51,-1.2313571859134005,2.600382698815662,77,28,0.36363636363636365,-0.2089087297999345,-0.0027131003870121567,0.9957465533169844,11.766380822211243,24,42,-3.095635447185346,-0.3101556739466993,23,12,0.5217391304347826,8.661258706362613,0.3765764654940266,1.7746233892410594,4.041787932588896,8,10,4.363496120665834,4.357315207687451,False
trend_006_exit_2,trend,"{""entry"": {""mode"": ""breakdown"", ""pump_memory_bars"": 192, ""rsi_max"": 60.0, ""swing_lookback_bars"": 6}, ""exit"": {""max_hold_bars"": 96, ""mode"": ""runner"", ""tp1_fraction"": 0.5, ""trail_distance"": 2.5, ""trail_mode"": ""atr""}, ""family"": ""trend""}",110,55,0.5,-3.4429902609748124,-0.031299911463407395,0.9338476372815405,14.622436461123684,34,65,-4.824486497213855,-1.8349040624281776,88,42,0.4772727272727273,-9.454459489870096,-0.10743703965761475,0.7885940596041665,14.622436461123684,27,53,-6.614416314143515,-4.714940639709897,24,13,0.5416666666666666,3.5381135025853867,0.14742139594105771,1.37728529677174,5.068593096714052,8,12,0.537410365727655,1.7540655996547194,False
combined_trend_006_exit_2,combined,"{""entry"": {""mode"": ""breakdown"", ""pump_memory_bars"": 192, ""rsi_max"": 60.0, ""swing_lookback_bars"": 6}, ""exit"": {""max_hold_bars"": 96, ""mode"": ""runner"", ""tp1_fraction"": 0.5, ""trail_distance"": 2.5, ""trail_mode"": ""atr""}, ""family"": ""combined""}",135,75,0.5555555555555556,9.037685097048755,0.06694581553369446,1.1560416133839555,10.949879830024805,33,63,-0.6373958129301603,4.458062413245956,108,57,0.5277777777777778,-0.7301282495565554,-0.006760446755153311,0.9853194856982773,10.949879830024805,26,52,-2.0594494704274626,-0.4866453957226291,29,18,0.6206896551724138,7.294457620295408,0.25153302138949685,1.7125448612377479,4.041787932588894,8,11,3.375683996101818,3.6764417137097993,False
trend_006_exit_3,trend,"{""entry"": {""mode"": ""breakdown"", ""pump_memory_bars"": 192, ""rsi_max"": 60.0, ""swing_lookback_bars"": 6}, ""exit"": {""max_hold_bars"": 192, ""mode"": ""runner"", ""tp1_fraction"": 0.5, ""trail_distance"": 3.5, ""trail_mode"": ""atr""}, ""family"": ""trend""}",88,46,0.5227272727272727,0.15737767539826275,0.0017883826749802523,1.0038337720413097,13.780573277616583,30,53,-3.4598634509624873,-0.03321851983746349,71,37,0.5211267605633803,-1.7915212943867678,-0.02523269428713759,0.9466606788394891,13.780573277616583,23,41,-4.616631513464949,-0.9803794739457916,20,10,0.5,3.212077618938868,0.16060388094694333,1.337531796029657,5.035543404785946,8,13,-0.6007434871218958,1.5725059692909271,False
combined_trend_006_exit_3,combined,"{""entry"": {""mode"": ""breakdown"", ""pump_memory_bars"": 192, ""rsi_max"": 60.0, ""swing_lookback_bars"": 6}, ""exit"": {""max_hold_bars"": 192, ""mode"": ""runner"", ""tp1_fraction"": 0.5, ""trail_distance"": 3.5, ""trail_mode"": ""atr""}, ""family"": ""combined""}",119,67,0.5630252100840336,8.998638894222303,0.07561881423716224,1.1757069172653107,11.477585719979379,32,56,-0.16831728958973236,4.4497845874591935,96,53,0.5520833333333334,3.405777004955555,0.035476843801620424,1.0797094586469058,11.477585719979379,25,45,-1.1563006048192153,1.5989574038252519,26,15,0.5769230769230769,6.856040538420583,0.26369386686233004,1.6504904909040237,4.041787932588894,8,12,2.1402837341429293,3.43321227040958,False
trend_007_exit_0,trend,"{""entry"": {""mode"": ""breakdown"", ""pump_memory_bars"": 192, ""rsi_max"": 70.0, ""swing_lookback_bars"": 6}, ""exit"": {""max_hold_bars"": 96, ""mode"": ""fixed"", ""target_r"": 2.0}, ""family"": ""trend""}",95,45,0.47368421052631576,17.745999149209396,0.18679999104430947,1.3666504004753568,9.595744759681939,33,64,1.7219069676779115,9.05320118849624,75,33,0.44,3.397472503593447,0.045299633381246006,1.0806742134770544,9.595744759681939,26,50,-0.44469793834168986,1.5580504886518076,22,12,0.5454545454545454,11.87517091930605,0.5397804963320931,2.423861773548616,3.229564650160203,8,14,7.2025561423357605,6.058027824940337,False
combined_trend_007_exit_0,combined,"{""entry"": {""mode"": ""breakdown"", ""pump_memory_bars"": 192, ""rsi_max"": 70.0, ""swing_lookback_bars"": 6}, ""exit"": {""max_hold_bars"": 96, ""mode"": ""fixed"", ""target_r"": 2.0}, ""family"": ""combined""}",120,58,0.48333333333333334,15.568739352269034,0.129739494602242,1.2563459194455797,11.752321090587836,33,69,1.760647611892986,7.851668289673208,96,44,0.4583333333333333,5.422606892290778,0.0564854884613623,1.1051967432940126,11.752321090587836,26,55,1.1737989152442734,2.5659644465305442,26,14,0.5384615384615384,7.67277673366836,0.295106797448783,1.6826733026808653,4.041787932588894,8,14,2.312144053464096,3.858748071156959,False
trend_007_exit_1,trend,"{""entry"": {""mode"": ""breakdown"", ""pump_memory_bars"": 192, ""rsi_max"": 70.0, ""swing_lookback_bars"": 6}, ""exit"": {""max_hold_bars"": 192, ""mode"": ""fixed"", ""target_r"": 3.0}, ""family"": ""trend""}",73,24,0.3287671232876712,0.48782367770155943,0.006682516132898069,1.009818964442087,11.237637246422825,30,46,-3.818202994649912,0.022741175615981213,60,19,0.31666666666666665,-2.5944602403713186,-0.04324100400618866,0.9376110483993239,11.237637246422825,23,37,-5.12288638012905,-1.4650400093451754,17,7,0.4117647058823529,5.901715726240938,0.34715974860240806,1.5814607442608646,6.060934755361993,8,10,0.5206550228252034,2.9279308988654273,False
combined_trend_007_exit_1,combined,"{""entry"": {""mode"": ""breakdown"", ""pump_memory_bars"": 192, ""rsi_max"": 70.0, ""swing_lookback_bars"": 6}, ""exit"": {""max_hold_bars"": 192, ""mode"": ""fixed"", ""target_r"": 3.0}, ""family"": ""combined""}",96,38,0.3958333333333333,5.63291816839462,0.05867623092077728,1.0967138497883746,11.766380822211243,31,51,-1.2313571859134005,2.600382698815662,77,28,0.36363636363636365,-0.2089087297999345,-0.0027131003870121567,0.9957465533169844,11.766380822211243,24,42,-3.095635447185346,-0.3101556739466993,23,12,0.5217391304347826,8.661258706362613,0.3765764654940266,1.7746233892410594,4.041787932588896,8,10,4.363496120665834,4.357315207687451,False
trend_007_exit_2,trend,"{""entry"": {""mode"": ""breakdown"", ""pump_memory_bars"": 192, ""rsi_max"": 70.0, ""swing_lookback_bars"": 6}, ""exit"": {""max_hold_bars"": 96, ""mode"": ""runner"", ""tp1_fraction"": 0.5, ""trail_distance"": 2.5, ""trail_mode"": ""atr""}, ""family"": ""trend""}",110,55,0.5,-3.4429902609748124,-0.031299911463407395,0.9338476372815405,14.622436461123684,34,65,-4.824486497213855,-1.8349040624281776,88,42,0.4772727272727273,-9.454459489870096,-0.10743703965761475,0.7885940596041665,14.622436461123684,27,53,-6.614416314143515,-4.714940639709897,24,13,0.5416666666666666,3.5381135025853867,0.14742139594105771,1.37728529677174,5.068593096714052,8,12,0.537410365727655,1.7540655996547194,False
combined_trend_007_exit_2,combined,"{""entry"": {""mode"": ""breakdown"", ""pump_memory_bars"": 192, ""rsi_max"": 70.0, ""swing_lookback_bars"": 6}, ""exit"": {""max_hold_bars"": 96, ""mode"": ""runner"", ""tp1_fraction"": 0.5, ""trail_distance"": 2.5, ""trail_mode"": ""atr""}, ""family"": ""combined""}",135,75,0.5555555555555556,9.037685097048755,0.06694581553369446,1.1560416133839555,10.949879830024805,33,63,-0.6373958129301603,4.458062413245956,108,57,0.5277777777777778,-0.7301282495565554,-0.006760446755153311,0.9853194856982773,10.949879830024805,26,52,-2.0594494704274626,-0.4866453957226291,29,18,0.6206896551724138,7.294457620295408,0.25153302138949685,1.7125448612377479,4.041787932588894,8,11,3.375683996101818,3.6764417137097993,False
trend_007_exit_3,trend,"{""entry"": {""mode"": ""breakdown"", ""pump_memory_bars"": 192, ""rsi_max"": 70.0, ""swing_lookback_bars"": 6}, ""exit"": {""max_hold_bars"": 192, ""mode"": ""runner"", ""tp1_fraction"": 0.5, ""trail_distance"": 3.5, ""trail_mode"": ""atr""}, ""family"": ""trend""}",88,46,0.5227272727272727,0.15737767539826275,0.0017883826749802523,1.0038337720413097,13.780573277616583,30,53,-3.4598634509624873,-0.03321851983746349,71,37,0.5211267605633803,-1.7915212943867678,-0.02523269428713759,0.9466606788394891,13.780573277616583,23,41,-4.616631513464949,-0.9803794739457916,20,10,0.5,3.212077618938868,0.16060388094694333,1.337531796029657,5.035543404785946,8,13,-0.6007434871218958,1.5725059692909271,False
combined_trend_007_exit_3,combined,"{""entry"": {""mode"": ""breakdown"", ""pump_memory_bars"": 192, ""rsi_max"": 70.0, ""swing_lookback_bars"": 6}, ""exit"": {""max_hold_bars"": 192, ""mode"": ""runner"", ""tp1_fraction"": 0.5, ""trail_distance"": 3.5, ""trail_mode"": ""atr""}, ""family"": ""combined""}",119,67,0.5630252100840336,8.998638894222303,0.07561881423716224,1.1757069172653107,11.477585719979379,32,56,-0.16831728958973236,4.4497845874591935,96,53,0.5520833333333334,3.405777004955555,0.035476843801620424,1.0797094586469058,11.477585719979379,25,45,-1.1563006048192153,1.5989574038252519,26,15,0.5769230769230769,6.856040538420583,0.26369386686233004,1.6504904909040237,4.041787932588894,8,12,2.1402837341429293,3.43321227040958,False
trend_008_exit_0,trend,"{""entry"": {""mode"": ""ema_retest"", ""pump_memory_bars"": 96, ""rsi_max"": 60.0, ""swing_lookback_bars"": 3}, ""exit"": {""max_hold_bars"": 96, ""mode"": ""fixed"", ""target_r"": 2.0}, ""family"": ""trend""}",77,26,0.33766233766233766,-6.009169379618504,-0.07804116077426629,0.8825078804941318,13.670394087553177,34,50,-0.8694191382659617,-3.1263954027372365,63,21,0.3333333333333333,-6.718939627824647,-0.106649835362296,0.8399173832273978,12.658597435291352,27,41,-0.9816012075878997,-3.434827923856587,15,5,0.3333333333333333,-0.30803376923590853,-0.020535584615727236,0.9697751298383857,6.104419246074745,8,10,-1.4577215065134903,-0.19112397837499628,False
combined_trend_008_exit_0,combined,"{""entry"": {""mode"": ""ema_retest"", ""pump_memory_bars"": 96, ""rsi_max"": 60.0, ""swing_lookback_bars"": 3}, ""exit"": {""max_hold_bars"": 96, ""mode"": ""fixed"", ""target_r"": 2.0}, ""family"": ""combined""}",104,46,0.4423076923076923,4.7345783789065194,0.04552479210487041,1.0812654396784234,12.69052438737769,33,48,0.52427982591645,2.1932939068422197,83,36,0.43373493975903615,1.1765276284690465,0.014175031668301804,1.0250143837835375,12.69052438737769,26,39,0.2914341694596486,0.436062310129981,22,10,0.45454545454545453,2.5402467329954215,0.115465760590701,1.207461533919909,3.1597334795628513,8,10,0.6170291273135899,1.2317964710942153,False
trend_008_exit_1,trend,"{""entry"": {""mode"": ""ema_retest"", ""pump_memory_bars"": 96, ""rsi_max"": 60.0, ""swing_lookback_bars"": 3}, ""exit"": {""max_hold_bars"": 192, ""mode"": ""fixed"", ""target_r"": 3.0}, ""family"": ""trend""}",64,17,0.265625,-6.162010023354483,-0.09628140661491377,0.8716298943921523,10.462735929110503,32,44,-2.1086122926594304,-3.2315345560491204,52,15,0.28846153846153844,-1.4924321214177092,-0.02870061771957131,0.960516823112367,10.462735929110503,25,35,-1.5415887830078758,-0.9137938426753811,13,2,0.15384615384615385,-5.687381919378824,-0.43749091687529423,0.4931267879746705,7.642390612402827,8,10,-5.503845772542693,-2.8361136093601247,False
combined_trend_008_exit_1,combined,"{""entry"": {""mode"": ""ema_retest"", ""pump_memory_bars"": 96, ""rsi_max"": 60.0, ""swing_lookback_bars"": 3}, ""exit"": {""max_hold_bars"": 192, ""mode"": ""fixed"", ""target_r"": 3.0}, ""family"": ""combined""}",89,36,0.4044943820224719,5.630858801242395,0.06326807641845386,1.104021312301995,11.334799216717936,32,42,0.9303765841738626,2.6185677272871466,68,28,0.4117647058823529,5.075208410804923,0.07463541780595473,1.1242909786837703,11.334799216717936,25,33,0.9969718487938851,2.3911712455203293,22,8,0.36363636363636365,-0.4621536270045805,-0.02100698304566274,0.9677183689473672,5.121880154060991,8,10,-0.07963612526233592,-0.28794618435519226,False
trend_008_exit_2,trend,"{""entry"": {""mode"": ""ema_retest"", ""pump_memory_bars"": 96, ""rsi_max"": 60.0, ""swing_lookback_bars"": 3}, ""exit"": {""max_hold_bars"": 96, ""mode"": ""runner"", ""tp1_fraction"": 0.5, ""trail_distance"": 2.5, ""trail_mode"": ""atr""}, ""family"": ""trend""}",84,44,0.5238095238095238,-1.162773064061172,-0.013842536476918747,0.9708235614056243,12.699074899330363,34,52,-0.6561866099533923,-0.6882576270796359,70,36,0.5142857142857142,-2.934307236920053,-0.04191867481314365,0.9130637634979437,11.687278247068537,27,43,-0.7233099183447949,-1.5429160298859101,15,8,0.5333333333333333,0.7537301554168294,0.05024867702778863,1.1058825433780426,2.8235753227289297,8,10,-1.4166270654140194,0.3547321704963302,False
combined_trend_008_exit_2,combined,"{""entry"": {""mode"": ""ema_retest"", ""pump_memory_bars"": 96, ""rsi_max"": 60.0, ""swing_lookback_bars"": 3}, ""exit"": {""max_hold_bars"": 96, ""mode"": ""runner"", ""tp1_fraction"": 0.5, ""trail_distance"": 2.5, ""trail_mode"": ""atr""}, ""family"": ""combined""}",112,63,0.5625,7.894265965343854,0.070484517547713,1.161028121144427,12.592922848344083,34,50,0.6611013007244863,3.877624657900891,92,50,0.5434782608695652,2.254810478943095,0.024508809553729326,1.0537972251375816,12.528023294994018,27,41,0.15393213744944442,1.0183869966934544,21,13,0.6190476190476191,4.621651468958705,0.22007864137898597,1.5685519067565903,3.049999458532188,8,10,2.0533411431682187,2.3071070643683633,False
trend_008_exit_3,trend,"{""entry"": {""mode"": ""ema_retest"", ""pump_memory_bars"": 96, ""rsi_max"": 60.0, ""swing_lookback_bars"": 3}, ""exit"": {""max_hold_bars"": 192, ""mode"": ""runner"", ""tp1_fraction"": 0.5, ""trail_distance"": 3.5, ""trail_mode"": ""atr""}, ""family"": ""trend""}",80,43,0.5375,-1.4471688028821086,-0.018089610036026348,0.9616143917427422,11.656875129660655,34,52,-1.3534159603341134,-0.8279960432800881,67,36,0.5373134328358209,-1.5671405088603159,-0.02339015684866141,0.9504440822059603,11.656875129660655,27,42,-1.208312192419351,-0.868801781061812,14,7,0.5,-0.897832311463844,-0.06413087939027462,0.8734545739288101,3.633307894959535,8,11,-3.148413211706682,-0.4679481240793759,False
combined_trend_008_exit_3,combined,"{""entry"": {""mode"": ""ema_retest"", ""pump_memory_bars"": 96, ""rsi_max"": 60.0, ""swing_lookback_bars"": 3}, ""exit"": {""max_hold_bars"": 192, ""mode"": ""runner"", ""tp1_fraction"": 0.5, ""trail_distance"": 3.5, ""trail_mode"": ""atr""}, ""family"": ""combined""}",106,62,0.5849056603773585,9.825047184033666,0.0926891243776761,1.2190554241024525,12.743167965364155,34,50,0.9528066262731862,4.889381162528528,86,50,0.5813953488372093,7.2513645932136,0.08431819294434419,1.1974680027734432,12.743167965364155,27,40,0.8999767862933561,3.5754542768961617,21,12,0.5714285714285714,1.5558785733780147,0.07408945587514358,1.170079242966728,3.049999458532188,8,11,0.3256225587841966,0.7532119684221739,False
trend_009_exit_0,trend,"{""entry"": {""mode"": ""ema_retest"", ""pump_memory_bars"": 96, ""rsi_max"": 70.0, ""swing_lookback_bars"": 3}, ""exit"": {""max_hold_bars"": 96, ""mode"": ""fixed"", ""target_r"": 2.0}, ""family"": ""trend""}",77,26,0.33766233766233766,-6.009169379618504,-0.07804116077426629,0.8825078804941318,13.670394087553177,34,50,-0.8694191382659617,-3.1263954027372365,63,21,0.3333333333333333,-6.718939627824647,-0.106649835362296,0.8399173832273978,12.658597435291352,27,41,-0.9816012075878997,-3.434827923856587,15,5,0.3333333333333333,-0.30803376923590853,-0.020535584615727236,0.9697751298383857,6.104419246074745,8,10,-1.4577215065134903,-0.19112397837499628,False
combined_trend_009_exit_0,combined,"{""entry"": {""mode"": ""ema_retest"", ""pump_memory_bars"": 96, ""rsi_max"": 70.0, ""swing_lookback_bars"": 3}, ""exit"": {""max_hold_bars"": 96, ""mode"": ""fixed"", ""target_r"": 2.0}, ""family"": ""combined""}",104,46,0.4423076923076923,4.7345783789065194,0.04552479210487041,1.0812654396784234,12.69052438737769,33,48,0.52427982591645,2.1932939068422197,83,36,0.43373493975903615,1.1765276284690465,0.014175031668301804,1.0250143837835375,12.69052438737769,26,39,0.2914341694596486,0.436062310129981,22,10,0.45454545454545453,2.5402467329954215,0.115465760590701,1.207461533919909,3.1597334795628513,8,10,0.6170291273135899,1.2317964710942153,False
trend_009_exit_1,trend,"{""entry"": {""mode"": ""ema_retest"", ""pump_memory_bars"": 96, ""rsi_max"": 70.0, ""swing_lookback_bars"": 3}, ""exit"": {""max_hold_bars"": 192, ""mode"": ""fixed"", ""target_r"": 3.0}, ""family"": ""trend""}",64,17,0.265625,-6.162010023354483,-0.09628140661491377,0.8716298943921523,10.462735929110503,32,44,-2.1086122926594304,-3.2315345560491204,52,15,0.28846153846153844,-1.4924321214177092,-0.02870061771957131,0.960516823112367,10.462735929110503,25,35,-1.5415887830078758,-0.9137938426753811,13,2,0.15384615384615385,-5.687381919378824,-0.43749091687529423,0.4931267879746705,7.642390612402827,8,10,-5.503845772542693,-2.8361136093601247,False
combined_trend_009_exit_1,combined,"{""entry"": {""mode"": ""ema_retest"", ""pump_memory_bars"": 96, ""rsi_max"": 70.0, ""swing_lookback_bars"": 3}, ""exit"": {""max_hold_bars"": 192, ""mode"": ""fixed"", ""target_r"": 3.0}, ""family"": ""combined""}",89,36,0.4044943820224719,5.630858801242395,0.06326807641845386,1.104021312301995,11.334799216717936,32,42,0.9303765841738626,2.6185677272871466,68,28,0.4117647058823529,5.075208410804923,0.07463541780595473,1.1242909786837703,11.334799216717936,25,33,0.9969718487938851,2.3911712455203293,22,8,0.36363636363636365,-0.4621536270045805,-0.02100698304566274,0.9677183689473672,5.121880154060991,8,10,-0.07963612526233592,-0.28794618435519226,False
trend_009_exit_2,trend,"{""entry"": {""mode"": ""ema_retest"", ""pump_memory_bars"": 96, ""rsi_max"": 70.0, ""swing_lookback_bars"": 3}, ""exit"": {""max_hold_bars"": 96, ""mode"": ""runner"", ""tp1_fraction"": 0.5, ""trail_distance"": 2.5, ""trail_mode"": ""atr""}, ""family"": ""trend""}",84,44,0.5238095238095238,-1.162773064061172,-0.013842536476918747,0.9708235614056243,12.699074899330363,34,52,-0.6561866099533923,-0.6882576270796359,70,36,0.5142857142857142,-2.934307236920053,-0.04191867481314365,0.9130637634979437,11.687278247068537,27,43,-0.7233099183447949,-1.5429160298859101,15,8,0.5333333333333333,0.7537301554168294,0.05024867702778863,1.1058825433780426,2.8235753227289297,8,10,-1.4166270654140194,0.3547321704963302,False
combined_trend_009_exit_2,combined,"{""entry"": {""mode"": ""ema_retest"", ""pump_memory_bars"": 96, ""rsi_max"": 70.0, ""swing_lookback_bars"": 3}, ""exit"": {""max_hold_bars"": 96, ""mode"": ""runner"", ""tp1_fraction"": 0.5, ""trail_distance"": 2.5, ""trail_mode"": ""atr""}, ""family"": ""combined""}",112,63,0.5625,7.894265965343854,0.070484517547713,1.161028121144427,12.592922848344083,34,50,0.6611013007244863,3.877624657900891,92,50,0.5434782608695652,2.254810478943095,0.024508809553729326,1.0537972251375816,12.528023294994018,27,41,0.15393213744944442,1.0183869966934544,21,13,0.6190476190476191,4.621651468958705,0.22007864137898597,1.5685519067565903,3.049999458532188,8,10,2.0533411431682187,2.3071070643683633,False
trend_009_exit_3,trend,"{""entry"": {""mode"": ""ema_retest"", ""pump_memory_bars"": 96, ""rsi_max"": 70.0, ""swing_lookback_bars"": 3}, ""exit"": {""max_hold_bars"": 192, ""mode"": ""runner"", ""tp1_fraction"": 0.5, ""trail_distance"": 3.5, ""trail_mode"": ""atr""}, ""family"": ""trend""}",80,43,0.5375,-1.4471688028821086,-0.018089610036026348,0.9616143917427422,11.656875129660655,34,52,-1.3534159603341134,-0.8279960432800881,67,36,0.5373134328358209,-1.5671405088603159,-0.02339015684866141,0.9504440822059603,11.656875129660655,27,42,-1.208312192419351,-0.868801781061812,14,7,0.5,-0.897832311463844,-0.06413087939027462,0.8734545739288101,3.633307894959535,8,11,-3.148413211706682,-0.4679481240793759,False
combined_trend_009_exit_3,combined,"{""entry"": {""mode"": ""ema_retest"", ""pump_memory_bars"": 96, ""rsi_max"": 70.0, ""swing_lookback_bars"": 3}, ""exit"": {""max_hold_bars"": 192, ""mode"": ""runner"", ""tp1_fraction"": 0.5, ""trail_distance"": 3.5, ""trail_mode"": ""atr""}, ""family"": ""combined""}",106,62,0.5849056603773585,9.825047184033666,0.0926891243776761,1.2190554241024525,12.743167965364155,34,50,0.9528066262731862,4.889381162528528,86,50,0.5813953488372093,7.2513645932136,0.08431819294434419,1.1974680027734432,12.743167965364155,27,40,0.8999767862933561,3.5754542768961617,21,12,0.5714285714285714,1.5558785733780147,0.07408945587514358,1.170079242966728,3.049999458532188,8,11,0.3256225587841966,0.7532119684221739,False
trend_010_exit_0,trend,"{""entry"": {""mode"": ""ema_retest"", ""pump_memory_bars"": 96, ""rsi_max"": 60.0, ""swing_lookback_bars"": 6}, ""exit"": {""max_hold_bars"": 96, ""mode"": ""fixed"", ""target_r"": 2.0}, ""family"": ""trend""}",73,23,0.3150684931506849,-15.159332305223367,-0.20766208637292283,0.7025174084837672,17.539292840796733,34,49,-5.240858690434525,-7.434826098435909,61,19,0.3114754098360656,-14.538088131394508,-0.23832931362941814,0.6605135188730719,15.505762714881735,27,41,-6.906559096992369,-7.120794908125594,13,4,0.3076923076923077,-1.6390481912709103,-0.12608063009776233,0.8209231286644805,5.086807842572252,8,9,1.6889227296579392,-0.8452884786157688,False
combined_trend_010_exit_0,combined,"{""entry"": {""mode"": ""ema_retest"", ""pump_memory_bars"": 96, ""rsi_max"": 60.0, ""swing_lookback_bars"": 6}, ""exit"": {""max_hold_bars"": 96, ""mode"": ""fixed"", ""target_r"": 2.0}, ""family"": ""combined""}",102,45,0.4411764705882353,-0.991067675254329,-0.009716349757395422,0.9829421911330922,11.688377444439084,32,47,-1.10719926443579,-0.6736221202769954,82,36,0.43902439024390244,-2.6139073311193908,-0.03187691867218773,0.9442451373287246,11.688377444439084,25,39,-1.9262414532253846,-1.4370534277331481,21,9,0.42857142857142855,0.6050356384230096,0.0288112208772862,1.049446409618455,4.0717329321853635,8,9,1.345526150608094,0.2617184085982105,False
trend_010_exit_1,trend,"{""entry"": {""mode"": ""ema_retest"", ""pump_memory_bars"": 96, ""rsi_max"": 60.0, ""swing_lookback_bars"": 6}, ""exit"": {""max_hold_bars"": 192, ""mode"": ""fixed"", ""target_r"": 3.0}, ""family"": ""trend""}",56,14,0.25,-11.620924338056328,-0.20751650603672012,0.7281299740987448,13.589399041543556,29,39,-6.296703157439389,-5.790642519695521,45,13,0.28888888888888886,-3.4585053900339755,-0.07685567533408834,0.8937572180080362,10.854838967950343,22,31,-6.167384299613795,-1.8484200089097569,12,1,0.08333333333333333,-9.180222965464404,-0.765018580455367,0.18102206032854168,9.180222965464404,8,9,-7.6537090302704955,-4.504925772776747,False
combined_trend_010_exit_1,combined,"{""entry"": {""mode"": ""ema_retest"", ""pump_memory_bars"": 96, ""rsi_max"": 60.0, ""swing_lookback_bars"": 6}, ""exit"": {""max_hold_bars"": 192, ""mode"": ""fixed"", ""target_r"": 3.0}, ""family"": ""combined""}",88,37,0.42045454545454547,5.134884883785059,0.05835096458846656,1.0988036300248836,10.351318772535407,31,41,-0.13176073871719962,2.383772483882707,69,30,0.43478260869565216,6.472485891697037,0.09380414335792804,1.1628774401989754,10.351318772535407,24,33,-0.015413139633875875,3.115882856403984,20,7,0.35,-2.3554050253540293,-0.11777025126770146,0.8222340110744539,5.1164151913549185,8,9,-1.3646431700818555,-1.215276844442248,False
trend_010_exit_2,trend,"{""entry"": {""mode"": ""ema_retest"", ""pump_memory_bars"": 96, ""rsi_max"": 60.0, ""swing_lookback_bars"": 6}, ""exit"": {""max_hold_bars"": 96, ""mode"": ""runner"", ""tp1_fraction"": 0.5, ""trail_distance"": 2.5, ""trail_mode"": ""atr""}, ""family"": ""trend""}",76,38,0.5,-6.1941507830384435,-0.08150198398734797,0.8398653800910074,13.539863587208691,32,49,-2.5201372696908195,-3.1436424879604186,63,30,0.47619047619047616,-8.454004537991832,-0.13419054822209256,0.7482559720980663,12.528066934946867,25,40,-4.121852861728207,-4.214629363184253,14,8,0.5714285714285714,1.2420497375113353,0.0887178383936668,1.2030503919384892,2.029971501644904,8,10,3.6703480545081257,0.6035190159287884,False
combined_trend_010_exit_2,combined,"{""entry"": {""mode"": ""ema_retest"", ""pump_memory_bars"": 96, ""rsi_max"": 60.0, ""swing_lookback_bars"": 6}, ""exit"": {""max_hold_bars"": 96, ""mode"": ""runner"", ""tp1_fraction"": 0.5, ""trail_distance"": 2.5, ""trail_mode"": ""atr""}, ""family"": ""combined""}",107,59,0.5514018691588785,5.211709019981903,0.04870756093441032,1.1066299657527694,10.964348649678698,32,49,0.2594772494032328,2.499390957582137,88,46,0.5227272727272727,-0.9106524199735195,-0.010348322954244512,0.9787128948985234,10.964348649678698,25,40,-0.8301624656588454,-0.5657755531852326,20,13,0.65,5.10455742251337,0.25522787112566847,1.717450169493137,3.049999458532188,8,10,4.202846881743167,2.5580176899935303,False
trend_010_exit_3,trend,"{""entry"": {""mode"": ""ema_retest"", ""pump_memory_bars"": 96, ""rsi_max"": 60.0, ""swing_lookback_bars"": 6}, ""exit"": {""max_hold_bars"": 192, ""mode"": ""runner"", ""tp1_fraction"": 0.5, ""trail_distance"": 3.5, ""trail_mode"": ""atr""}, ""family"": ""trend""}",74,36,0.4864864864864865,-8.118171696587613,-0.10970502292685969,0.7900279439876143,13.209655015065554,34,51,-3.2209354133794315,-4.074722411578735,62,29,0.46774193548387094,-8.842481563082409,-0.14262067037229695,0.7367334738777267,12.989499951090195,27,41,-4.558075049636423,-4.406481840387954,13,7,0.5384615384615384,-0.2934941509472564,-0.022576473149788993,0.9518336499691842,2.6208242289087464,8,11,2.1146159583168727,-0.16361594250386968,False
combined_trend_010_exit_3,combined,"{""entry"": {""mode"": ""ema_retest"", ""pump_memory_bars"": 96, ""rsi_max"": 60.0, ""swing_lookback_bars"": 6}, ""exit"": {""max_hold_bars"": 192, ""mode"": ""runner"", ""tp1_fraction"": 0.5, ""trail_distance"": 3.5, ""trail_mode"": ""atr""}, ""family"": ""combined""}",102,57,0.5588235294117647,6.250168626298647,0.06127616300292789,1.136483704847013,11.179493320048834,33,50,0.2763929917167441,3.0330879774422392,83,45,0.5421686746987951,2.99036247288295,0.03602846352871023,1.0773142169560366,11.179493320048834,26,40,-0.4250325411402508,1.391123631745983,20,12,0.6,2.242002135973644,0.11210010679868224,1.2756330430125329,3.049999458532188,8,11,2.3354180520243863,1.1022926379541609,False
trend_011_exit_0,trend,"{""entry"": {""mode"": ""ema_retest"", ""pump_memory_bars"": 96, ""rsi_max"": 70.0, ""swing_lookback_bars"": 6}, ""exit"": {""max_hold_bars"": 96, ""mode"": ""fixed"", ""target_r"": 2.0}, ""family"": ""trend""}",73,23,0.3150684931506849,-15.159332305223367,-0.20766208637292283,0.7025174084837672,17.539292840796733,34,49,-5.240858690434525,-7.434826098435909,61,19,0.3114754098360656,-14.538088131394508,-0.23832931362941814,0.6605135188730719,15.505762714881735,27,41,-6.906559096992369,-7.120794908125594,13,4,0.3076923076923077,-1.6390481912709103,-0.12608063009776233,0.8209231286644805,5.086807842572252,8,9,1.6889227296579392,-0.8452884786157688,False
combined_trend_011_exit_0,combined,"{""entry"": {""mode"": ""ema_retest"", ""pump_memory_bars"": 96, ""rsi_max"": 70.0, ""swing_lookback_bars"": 6}, ""exit"": {""max_hold_bars"": 96, ""mode"": ""fixed"", ""target_r"": 2.0}, ""family"": ""combined""}",102,45,0.4411764705882353,-0.991067675254329,-0.009716349757395422,0.9829421911330922,11.688377444439084,32,47,-1.10719926443579,-0.6736221202769954,82,36,0.43902439024390244,-2.6139073311193908,-0.03187691867218773,0.9442451373287246,11.688377444439084,25,39,-1.9262414532253846,-1.4370534277331481,21,9,0.42857142857142855,0.6050356384230096,0.0288112208772862,1.049446409618455,4.0717329321853635,8,9,1.345526150608094,0.2617184085982105,False
trend_011_exit_1,trend,"{""entry"": {""mode"": ""ema_retest"", ""pump_memory_bars"": 96, ""rsi_max"": 70.0, ""swing_lookback_bars"": 6}, ""exit"": {""max_hold_bars"": 192, ""mode"": ""fixed"", ""target_r"": 3.0}, ""family"": ""trend""}",56,14,0.25,-11.620924338056328,-0.20751650603672012,0.7281299740987448,13.589399041543556,29,39,-6.296703157439389,-5.790642519695521,45,13,0.28888888888888886,-3.4585053900339755,-0.07685567533408834,0.8937572180080362,10.854838967950343,22,31,-6.167384299613795,-1.8484200089097569,12,1,0.08333333333333333,-9.180222965464404,-0.765018580455367,0.18102206032854168,9.180222965464404,8,9,-7.6537090302704955,-4.504925772776747,False
combined_trend_011_exit_1,combined,"{""entry"": {""mode"": ""ema_retest"", ""pump_memory_bars"": 96, ""rsi_max"": 70.0, ""swing_lookback_bars"": 6}, ""exit"": {""max_hold_bars"": 192, ""mode"": ""fixed"", ""target_r"": 3.0}, ""family"": ""combined""}",88,37,0.42045454545454547,5.134884883785059,0.05835096458846656,1.0988036300248836,10.351318772535407,31,41,-0.13176073871719962,2.383772483882707,69,30,0.43478260869565216,6.472485891697037,0.09380414335792804,1.1628774401989754,10.351318772535407,24,33,-0.015413139633875875,3.115882856403984,20,7,0.35,-2.3554050253540293,-0.11777025126770146,0.8222340110744539,5.1164151913549185,8,9,-1.3646431700818555,-1.215276844442248,False
trend_011_exit_2,trend,"{""entry"": {""mode"": ""ema_retest"", ""pump_memory_bars"": 96, ""rsi_max"": 70.0, ""swing_lookback_bars"": 6}, ""exit"": {""max_hold_bars"": 96, ""mode"": ""runner"", ""tp1_fraction"": 0.5, ""trail_distance"": 2.5, ""trail_mode"": ""atr""}, ""family"": ""trend""}",76,38,0.5,-6.1941507830384435,-0.08150198398734797,0.8398653800910074,13.539863587208691,32,49,-2.5201372696908195,-3.1436424879604186,63,30,0.47619047619047616,-8.454004537991832,-0.13419054822209256,0.7482559720980663,12.528066934946867,25,40,-4.121852861728207,-4.214629363184253,14,8,0.5714285714285714,1.2420497375113353,0.0887178383936668,1.2030503919384892,2.029971501644904,8,10,3.6703480545081257,0.6035190159287884,False
combined_trend_011_exit_2,combined,"{""entry"": {""mode"": ""ema_retest"", ""pump_memory_bars"": 96, ""rsi_max"": 70.0, ""swing_lookback_bars"": 6}, ""exit"": {""max_hold_bars"": 96, ""mode"": ""runner"", ""tp1_fraction"": 0.5, ""trail_distance"": 2.5, ""trail_mode"": ""atr""}, ""family"": ""combined""}",107,59,0.5514018691588785,5.211709019981903,0.04870756093441032,1.1066299657527694,10.964348649678698,32,49,0.2594772494032328,2.499390957582137,88,46,0.5227272727272727,-0.9106524199735195,-0.010348322954244512,0.9787128948985234,10.964348649678698,25,40,-0.8301624656588454,-0.5657755531852326,20,13,0.65,5.10455742251337,0.25522787112566847,1.717450169493137,3.049999458532188,8,10,4.202846881743167,2.5580176899935303,False
trend_011_exit_3,trend,"{""entry"": {""mode"": ""ema_retest"", ""pump_memory_bars"": 96, ""rsi_max"": 70.0, ""swing_lookback_bars"": 6}, ""exit"": {""max_hold_bars"": 192, ""mode"": ""runner"", ""tp1_fraction"": 0.5, ""trail_distance"": 3.5, ""trail_mode"": ""atr""}, ""family"": ""trend""}",74,36,0.4864864864864865,-8.118171696587613,-0.10970502292685969,0.7900279439876143,13.209655015065554,34,51,-3.2209354133794315,-4.074722411578735,62,29,0.46774193548387094,-8.842481563082409,-0.14262067037229695,0.7367334738777267,12.989499951090195,27,41,-4.558075049636423,-4.406481840387954,13,7,0.5384615384615384,-0.2934941509472564,-0.022576473149788993,0.9518336499691842,2.6208242289087464,8,11,2.1146159583168727,-0.16361594250386968,False
combined_trend_011_exit_3,combined,"{""entry"": {""mode"": ""ema_retest"", ""pump_memory_bars"": 96, ""rsi_max"": 70.0, ""swing_lookback_bars"": 6}, ""exit"": {""max_hold_bars"": 192, ""mode"": ""runner"", ""tp1_fraction"": 0.5, ""trail_distance"": 3.5, ""trail_mode"": ""atr""}, ""family"": ""combined""}",102,57,0.5588235294117647,6.250168626298647,0.06127616300292789,1.136483704847013,11.179493320048834,33,50,0.2763929917167441,3.0330879774422392,83,45,0.5421686746987951,2.99036247288295,0.03602846352871023,1.0773142169560366,11.179493320048834,26,40,-0.4250325411402508,1.391123631745983,20,12,0.6,2.242002135973644,0.11210010679868224,1.2756330430125329,3.049999458532188,8,11,2.3354180520243863,1.1022926379541609,False
trend_012_exit_0,trend,"{""entry"": {""mode"": ""ema_retest"", ""pump_memory_bars"": 192, ""rsi_max"": 60.0, ""swing_lookback_bars"": 3}, ""exit"": {""max_hold_bars"": 96, ""mode"": ""fixed"", ""target_r"": 2.0}, ""family"": ""trend""}",123,42,0.34146341463414637,-5.6824654261720795,-0.04619890590383806,0.9310535256927519,15.966762663788362,34,59,-0.7728522993291235,-3.0823285813746604,97,34,0.35051546391752575,-2.7557837391605733,-0.028410141640830663,0.9568128645855191,14.403322954515891,27,50,-0.537038149472877,-1.592354180455291,27,8,0.2962962962962963,-3.944485704453559,-0.14609206312790957,0.7990175222663024,7.402680900823583,8,10,-2.212205827699041,-2.0152807854087795,False
combined_trend_012_exit_0,combined,"{""entry"": {""mode"": ""ema_retest"", ""pump_memory_bars"": 192, ""rsi_max"": 60.0, ""swing_lookback_bars"": 3}, ""exit"": {""max_hold_bars"": 96, ""mode"": ""fixed"", ""target_r"": 2.0}, ""family"": ""combined""}",148,62,0.4189189189189189,7.186330344295991,0.04855628611010805,1.0822151589663156,13.087706989406845,33,57,0.24807916545914618,3.334822048817032,115,49,0.4260869565217391,7.264731529076167,0.06317157851370582,1.1088388620620195,13.087706989406845,26,48,0.3847250905040472,3.448640636468503,34,13,0.38235294117647056,-1.0962052022222286,-0.03224132947712435,0.9494347898331881,4.255042507178471,8,10,-0.7143851161550815,-0.6183663398866002,False
trend_012_exit_1,trend,"{""entry"": {""mode"": ""ema_retest"", ""pump_memory_bars"": 192, ""rsi_max"": 60.0, ""swing_lookback_bars"": 3}, ""exit"": {""max_hold_bars"": 192, ""mode"": ""fixed"", ""target_r"": 3.0}, ""family"": ""trend""}",98,25,0.25510204081632654,-9.540487423963802,-0.0973519124894266,0.8728209697257799,15.779738804150789,32,56,-2.2374003827157307,-4.9681587522581,76,20,0.2631578947368421,-6.338362575635292,-0.0833995075741486,0.8897299596880447,14.216335489418483,25,48,-2.07462901215521,-3.363180828538248,23,5,0.21739130434782608,-4.219928865770564,-0.18347516807698105,0.7725551321736553,8.862149869346474,8,9,-3.4067329396350723,-2.1612847884080466,False
combined_trend_012_exit_1,combined,"{""entry"": {""mode"": ""ema_retest"", ""pump_memory_bars"": 192, ""rsi_max"": 60.0, ""swing_lookback_bars"": 3}, ""exit"": {""max_hold_bars"": 192, ""mode"": ""fixed"", ""target_r"": 3.0}, ""family"": ""combined""}",124,45,0.3629032258064516,3.2615868427744603,0.026303119699794052,1.0402052906964276,15.345201701341118,32,53,0.13593611947067658,1.2855998887429054,92,34,0.3695652173913043,2.3130595292070373,0.025141951404424347,1.0389291652965462,15.345201701341118,25,44,0.1383714020396395,0.9062593080257919,33,11,0.3333333333333333,-0.06927670387462914,-0.0020992940568069236,0.9969513849515342,7.237304639737854,8,10,-0.3828944000770885,-0.13488149555354045,False
trend_012_exit_2,trend,"{""entry"": {""mode"": ""ema_retest"", ""pump_memory_bars"": 192, ""rsi_max"": 60.0, ""swing_lookback_bars"": 3}, ""exit"": {""max_hold_bars"": 96, ""mode"": ""runner"", ""tp1_fraction"": 0.5, ""trail_distance"": 2.5, ""trail_mode"": ""atr""}, ""family"": ""trend""}",136,68,0.5,-6.25174409725623,-0.0459687065974723,0.9094461055243735,15.570557399708346,34,61,-1.6462026536783516,-3.257014202312858,112,56,0.5,-6.683252921741714,-0.05967190108697962,0.882083477033098,15.570557399708346,27,53,-1.7059604762579923,-3.4275546607135166,25,12,0.48,-0.5862951929565678,-0.0234518077182627,0.9561776330851393,3.840472271318343,8,9,-1.983096503544866,-0.3332074055802825,False
combined_trend_012_exit_2,combined,"{""entry"": {""mode"": ""ema_retest"", ""pump_memory_bars"": 192, ""rsi_max"": 60.0, ""swing_lookback_bars"": 3}, ""exit"": {""max_hold_bars"": 96, ""mode"": ""runner"", ""tp1_fraction"": 0.5, ""trail_distance"": 2.5, ""trail_mode"": ""atr""}, ""family"": ""combined""}",162,87,0.5370370370370371,5.706845367261115,0.035227440538648874,1.0749233718242008,14.839251306407006,34,58,-0.07411269590504993,2.670496180549642,132,70,0.5303030303030303,1.4074152292337547,0.010662236585104228,1.0224118794823114,14.839251306407006,27,50,-0.32999878155303264,0.5336508787826988,31,17,0.5483870967741935,3.281626120585308,0.10585890711565513,1.228062304078282,4.001034485291694,8,9,0.4771663677135881,1.6057838049537976,False
trend_012_exit_3,trend,"{""entry"": {""mode"": ""ema_retest"", ""pump_memory_bars"": 192, ""rsi_max"": 60.0, ""swing_lookback_bars"": 3}, ""exit"": {""max_hold_bars"": 192, ""mode"": ""runner"", ""tp1_fraction"": 0.5, ""trail_distance"": 3.5, ""trail_mode"": ""atr""}, ""family"": ""trend""}",117,59,0.5042735042735043,3.796052080505769,0.03244488957697241,1.0637053271203047,14.474784589078546,34,54,-1.4048030400048515,1.659068919427975,94,48,0.5106382978723404,-0.4540227412912132,-0.00483002916267246,0.9903910899313988,14.474784589078546,27,45,-1.315977700728696,-0.38569811524963304,24,11,0.4583333333333333,3.2322708043549317,0.13467795018145548,1.2420216886865463,4.934998226341163,8,10,-2.3925615350554676,1.5333360391027506,False
combined_trend_012_exit_3,combined,"{""entry"": {""mode"": ""ema_retest"", ""pump_memory_bars"": 192, ""rsi_max"": 60.0, ""swing_lookback_bars"": 3}, ""exit"": {""max_hold_bars"": 192, ""mode"": ""runner"", ""tp1_fraction"": 0.5, ""trail_distance"": 3.5, ""trail_mode"": ""atr""}, ""family"": ""combined""}",139,78,0.5611510791366906,20.940973901570597,0.15065448850050786,1.3349096269342677,14.054846503460292,34,54,0.7800057605771665,10.719964376984304,109,62,0.5688073394495413,14.23718819493175,0.13061640545808945,1.295765611367288,14.054846503460292,27,45,0.9005962737058231,7.17797872842052,31,16,0.5161290322580645,5.685981689196791,0.18341876416763842,1.369020322436192,4.2349042797378535,8,10,-0.20985864977321103,2.7790499141072456,False
trend_013_exit_0,trend,"{""entry"": {""mode"": ""ema_retest"", ""pump_memory_bars"": 192, ""rsi_max"": 70.0, ""swing_lookback_bars"": 3}, ""exit"": {""max_hold_bars"": 96, ""mode"": ""fixed"", ""target_r"": 2.0}, ""family"": ""trend""}",123,42,0.34146341463414637,-5.6824654261720795,-0.04619890590383806,0.9310535256927519,15.966762663788362,34,59,-0.7728522993291235,-3.0823285813746604,97,34,0.35051546391752575,-2.7557837391605733,-0.028410141640830663,0.9568128645855191,14.403322954515891,27,50,-0.537038149472877,-1.592354180455291,27,8,0.2962962962962963,-3.944485704453559,-0.14609206312790957,0.7990175222663024,7.402680900823583,8,10,-2.212205827699041,-2.0152807854087795,False
combined_trend_013_exit_0,combined,"{""entry"": {""mode"": ""ema_retest"", ""pump_memory_bars"": 192, ""rsi_max"": 70.0, ""swing_lookback_bars"": 3}, ""exit"": {""max_hold_bars"": 96, ""mode"": ""fixed"", ""target_r"": 2.0}, ""family"": ""combined""}",148,62,0.4189189189189189,7.186330344295991,0.04855628611010805,1.0822151589663156,13.087706989406845,33,57,0.24807916545914618,3.334822048817032,115,49,0.4260869565217391,7.264731529076167,0.06317157851370582,1.1088388620620195,13.087706989406845,26,48,0.3847250905040472,3.448640636468503,34,13,0.38235294117647056,-1.0962052022222286,-0.03224132947712435,0.9494347898331881,4.255042507178471,8,10,-0.7143851161550815,-0.6183663398866002,False
trend_013_exit_1,trend,"{""entry"": {""mode"": ""ema_retest"", ""pump_memory_bars"": 192, ""rsi_max"": 70.0, ""swing_lookback_bars"": 3}, ""exit"": {""max_hold_bars"": 192, ""mode"": ""fixed"", ""target_r"": 3.0}, ""family"": ""trend""}",98,25,0.25510204081632654,-9.540487423963802,-0.0973519124894266,0.8728209697257799,15.779738804150789,32,56,-2.2374003827157307,-4.9681587522581,76,20,0.2631578947368421,-6.338362575635292,-0.0833995075741486,0.8897299596880447,14.216335489418483,25,48,-2.07462901215521,-3.363180828538248,23,5,0.21739130434782608,-4.219928865770564,-0.18347516807698105,0.7725551321736553,8.862149869346474,8,9,-3.4067329396350723,-2.1612847884080466,False
combined_trend_013_exit_1,combined,"{""entry"": {""mode"": ""ema_retest"", ""pump_memory_bars"": 192, ""rsi_max"": 70.0, ""swing_lookback_bars"": 3}, ""exit"": {""max_hold_bars"": 192, ""mode"": ""fixed"", ""target_r"": 3.0}, ""family"": ""combined""}",124,45,0.3629032258064516,3.2615868427744603,0.026303119699794052,1.0402052906964276,15.345201701341118,32,53,0.13593611947067658,1.2855998887429054,92,34,0.3695652173913043,2.3130595292070373,0.025141951404424347,1.0389291652965462,15.345201701341118,25,44,0.1383714020396395,0.9062593080257919,33,11,0.3333333333333333,-0.06927670387462914,-0.0020992940568069236,0.9969513849515342,7.237304639737854,8,10,-0.3828944000770885,-0.13488149555354045,False
trend_013_exit_2,trend,"{""entry"": {""mode"": ""ema_retest"", ""pump_memory_bars"": 192, ""rsi_max"": 70.0, ""swing_lookback_bars"": 3}, ""exit"": {""max_hold_bars"": 96, ""mode"": ""runner"", ""tp1_fraction"": 0.5, ""trail_distance"": 2.5, ""trail_mode"": ""atr""}, ""family"": ""trend""}",136,68,0.5,-6.25174409725623,-0.0459687065974723,0.9094461055243735,15.570557399708346,34,61,-1.6462026536783516,-3.257014202312858,112,56,0.5,-6.683252921741714,-0.05967190108697962,0.882083477033098,15.570557399708346,27,53,-1.7059604762579923,-3.4275546607135166,25,12,0.48,-0.5862951929565678,-0.0234518077182627,0.9561776330851393,3.840472271318343,8,9,-1.983096503544866,-0.3332074055802825,False
combined_trend_013_exit_2,combined,"{""entry"": {""mode"": ""ema_retest"", ""pump_memory_bars"": 192, ""rsi_max"": 70.0, ""swing_lookback_bars"": 3}, ""exit"": {""max_hold_bars"": 96, ""mode"": ""runner"", ""tp1_fraction"": 0.5, ""trail_distance"": 2.5, ""trail_mode"": ""atr""}, ""family"": ""combined""}",162,87,0.5370370370370371,5.706845367261115,0.035227440538648874,1.0749233718242008,14.839251306407006,34,58,-0.07411269590504993,2.670496180549642,132,70,0.5303030303030303,1.4074152292337547,0.010662236585104228,1.0224118794823114,14.839251306407006,27,50,-0.32999878155303264,0.5336508787826988,31,17,0.5483870967741935,3.281626120585308,0.10585890711565513,1.228062304078282,4.001034485291694,8,9,0.4771663677135881,1.6057838049537976,False
trend_013_exit_3,trend,"{""entry"": {""mode"": ""ema_retest"", ""pump_memory_bars"": 192, ""rsi_max"": 70.0, ""swing_lookback_bars"": 3}, ""exit"": {""max_hold_bars"": 192, ""mode"": ""runner"", ""tp1_fraction"": 0.5, ""trail_distance"": 3.5, ""trail_mode"": ""atr""}, ""family"": ""trend""}",117,59,0.5042735042735043,3.796052080505769,0.03244488957697241,1.0637053271203047,14.474784589078546,34,54,-1.4048030400048515,1.659068919427975,94,48,0.5106382978723404,-0.4540227412912132,-0.00483002916267246,0.9903910899313988,14.474784589078546,27,45,-1.315977700728696,-0.38569811524963304,24,11,0.4583333333333333,3.2322708043549317,0.13467795018145548,1.2420216886865463,4.934998226341163,8,10,-2.3925615350554676,1.5333360391027506,False
combined_trend_013_exit_3,combined,"{""entry"": {""mode"": ""ema_retest"", ""pump_memory_bars"": 192, ""rsi_max"": 70.0, ""swing_lookback_bars"": 3}, ""exit"": {""max_hold_bars"": 192, ""mode"": ""runner"", ""tp1_fraction"": 0.5, ""trail_distance"": 3.5, ""trail_mode"": ""atr""}, ""family"": ""combined""}",139,78,0.5611510791366906,20.940973901570597,0.15065448850050786,1.3349096269342677,14.054846503460292,34,54,0.7800057605771665,10.719964376984304,109,62,0.5688073394495413,14.23718819493175,0.13061640545808945,1.295765611367288,14.054846503460292,27,45,0.9005962737058231,7.17797872842052,31,16,0.5161290322580645,5.685981689196791,0.18341876416763842,1.369020322436192,4.2349042797378535,8,10,-0.20985864977321103,2.7790499141072456,False
trend_014_exit_0,trend,"{""entry"": {""mode"": ""ema_retest"", ""pump_memory_bars"": 192, ""rsi_max"": 60.0, ""swing_lookback_bars"": 6}, ""exit"": {""max_hold_bars"": 96, ""mode"": ""fixed"", ""target_r"": 2.0}, ""family"": ""trend""}",113,38,0.336283185840708,-13.429602869057161,-0.11884604308900142,0.8251967637740928,18.33986112498088,34,59,-3.741346856599959,-6.722928584868971,90,31,0.34444444444444444,-9.443871290431217,-0.10493190322701351,0.8434696677869167,17.172293155456895,27,50,-4.532787980745995,-4.797914583311281,24,7,0.2916666666666667,-5.003535596067996,-0.20848064983616646,0.7142835391711456,7.19864724325094,8,10,-1.3159458982465322,-2.5206410985244787,False
combined_trend_014_exit_0,combined,"{""entry"": {""mode"": ""ema_retest"", ""pump_memory_bars"": 192, ""rsi_max"": 60.0, ""swing_lookback_bars"": 6}, ""exit"": {""max_hold_bars"": 96, ""mode"": ""fixed"", ""target_r"": 2.0}, ""family"": ""combined""}",143,62,0.43356643356643354,4.698082599051639,0.032853724468892564,1.0566365480714264,10.260013210826338,33,60,-0.7338448322100751,2.086753964296717,112,50,0.44642857142857145,6.439730347983661,0.05749759239271125,1.1016154022785973,10.260013210826338,26,52,-0.8608802513803724,3.043159354529812,32,12,0.375,-2.759451766374074,-0.08623286769918984,0.8660178529423779,5.634599912598239,8,9,-0.7900827462718751,-1.4323385861233495,False
trend_014_exit_1,trend,"{""entry"": {""mode"": ""ema_retest"", ""pump_memory_bars"": 192, ""rsi_max"": 60.0, ""swing_lookback_bars"": 6}, ""exit"": {""max_hold_bars"": 192, ""mode"": ""fixed"", ""target_r"": 3.0}, ""family"": ""trend""}",90,23,0.25555555555555554,-11.291794630511886,-0.1254643847834654,0.835170733206965,20.528013331473847,31,52,-4.922731483162385,-5.755587573372067,69,19,0.2753623188405797,-4.067604284473712,-0.05895078673150308,0.9202892260989234,19.790577117427993,24,44,-4.950955775222688,-2.2345795810452374,22,4,0.18181818181818182,-8.241994363480226,-0.37463610743091924,0.5543486960098304,12.039591642143288,8,9,-5.3723322737959185,-4.092060038333967,False
combined_trend_014_exit_1,combined,"{""entry"": {""mode"": ""ema_retest"", ""pump_memory_bars"": 192, ""rsi_max"": 60.0, ""swing_lookback_bars"": 6}, ""exit"": {""max_hold_bars"": 192, ""mode"": ""fixed"", ""target_r"": 3.0}, ""family"": ""combined""}",123,47,0.3821138211382114,6.365685056315284,0.05175353704321368,1.0818431940071642,14.502284225878022,32,53,-0.7525384662997298,2.883552718807958,93,37,0.3978494623655914,7.839633592721393,0.08429713540560634,1.1370868870867217,14.502284225878022,25,45,-0.5548960585376933,3.7305070540265772,31,10,0.3225806451612903,-2.49175255384816,-0.0803791146402632,0.8846918531492143,7.189201010902552,8,9,-1.861881385165234,-1.3212417837062618,False
trend_014_exit_2,trend,"{""entry"": {""mode"": ""ema_retest"", ""pump_memory_bars"": 192, ""rsi_max"": 60.0, ""swing_lookback_bars"": 6}, ""exit"": {""max_hold_bars"": 96, ""mode"": ""runner"", ""tp1_fraction"": 0.5, ""trail_distance"": 2.5, ""trail_mode"": ""atr""}, ""family"": ""trend""}",120,61,0.5083333333333333,-2.052141416548567,-0.017101178471238078,0.96599609649128,16.337449845829664,34,59,-1.9513287659463077,-1.1919316965553484,97,49,0.5051546391752577,-2.4682770999588106,-0.025446155669678488,0.9496669355251445,16.337449845829664,27,50,-2.576310060110449,-1.363913436097175,24,12,0.5,-0.601668334031807,-0.02506951391799195,0.9511993144241899,3.0412967337065244,8,10,-0.04245004633768254,-0.3354294724766671,False
combined_trend_014_exit_2,combined,"{""entry"": {""mode"": ""ema_retest"", ""pump_memory_bars"": 192, ""rsi_max"": 60.0, ""swing_lookback_bars"": 6}, ""exit"": {""max_hold_bars"": 96, ""mode"": ""runner"", ""tp1_fraction"": 0.5, ""trail_distance"": 2.5, ""trail_mode"": ""atr""}, ""family"": ""combined""}",152,84,0.5526315789473685,12.928918281671933,0.08505867290573636,1.186032742511591,12.601662447426357,34,63,0.07330480523653637,6.444788862524309,123,67,0.5447154471544715,8.650274913259654,0.07032743831918414,1.1512579861513395,12.601662447426357,27,55,-0.30302730400774497,4.234474993583914,30,17,0.5666666666666667,3.260839350970228,0.10869464503234093,1.2446791254250447,3.9680650852021913,8,9,1.0551087919881728,1.6008275576222974,False
trend_014_exit_3,trend,"{""entry"": {""mode"": ""ema_retest"", ""pump_memory_bars"": 192, ""rsi_max"": 60.0, ""swing_lookback_bars"": 6}, ""exit"": {""max_hold_bars"": 192, ""mode"": ""runner"", ""tp1_fraction"": 0.5, ""trail_distance"": 3.5, ""trail_mode"": ""atr""}, ""family"": ""trend""}",108,54,0.5,2.077665305928798,0.019237641721562924,1.0376109633160844,14.099104316031113,34,55,-1.5475853937518034,0.8190057718704624,86,43,0.5,-1.606888684911021,-0.018684752150128166,0.9634409719502691,14.099104316031113,27,45,-2.0229220449689604,-0.9431697842630093,23,11,0.4782608695652174,2.6667499733977666,0.1159456510172942,1.2167122661832317,3.9605230574669266,8,11,-0.4317109429184832,1.2609989718704195,False
combined_trend_014_exit_3,combined,"{""entry"": {""mode"": ""ema_retest"", ""pump_memory_bars"": 192, ""rsi_max"": 60.0, ""swing_lookback_bars"": 6}, ""exit"": {""max_hold_bars"": 192, ""mode"": ""runner"", ""tp1_fraction"": 0.5, ""trail_distance"": 3.5, ""trail_mode"": ""atr""}, ""family"": ""combined""}",136,76,0.5588235294117647,19.34323880062255,0.14222969706340113,1.3156961567101606,12.613495226876504,34,56,0.7125260461601035,9.864659740799997,107,60,0.5607476635514018,13.123188522861833,0.12264662170898911,1.2737228334051334,12.613495226876504,27,47,0.6621786481614003,6.592799974553221,30,16,0.5333333333333333,5.2022462603186685,0.17340820867728896,1.3626230719208023,4.186800650902556,8,10,0.30963339650810917,2.5449714301518878,False
trend_015_exit_0,trend,"{""entry"": {""mode"": ""ema_retest"", ""pump_memory_bars"": 192, ""rsi_max"": 70.0, ""swing_lookback_bars"": 6}, ""exit"": {""max_hold_bars"": 96, ""mode"": ""fixed"", ""target_r"": 2.0}, ""family"": ""trend""}",113,38,0.336283185840708,-13.429602869057161,-0.11884604308900142,0.8251967637740928,18.33986112498088,34,59,-3.741346856599959,-6.722928584868971,90,31,0.34444444444444444,-9.443871290431217,-0.10493190322701351,0.8434696677869167,17.172293155456895,27,50,-4.532787980745995,-4.797914583311281,24,7,0.2916666666666667,-5.003535596067996,-0.20848064983616646,0.7142835391711456,7.19864724325094,8,10,-1.3159458982465322,-2.5206410985244787,False
combined_trend_015_exit_0,combined,"{""entry"": {""mode"": ""ema_retest"", ""pump_memory_bars"": 192, ""rsi_max"": 70.0, ""swing_lookback_bars"": 6}, ""exit"": {""max_hold_bars"": 96, ""mode"": ""fixed"", ""target_r"": 2.0}, ""family"": ""combined""}",143,62,0.43356643356643354,4.698082599051639,0.032853724468892564,1.0566365480714264,10.260013210826338,33,60,-0.7338448322100751,2.086753964296717,112,50,0.44642857142857145,6.439730347983661,0.05749759239271125,1.1016154022785973,10.260013210826338,26,52,-0.8608802513803724,3.043159354529812,32,12,0.375,-2.759451766374074,-0.08623286769918984,0.8660178529423779,5.634599912598239,8,9,-0.7900827462718751,-1.4323385861233495,False
trend_015_exit_1,trend,"{""entry"": {""mode"": ""ema_retest"", ""pump_memory_bars"": 192, ""rsi_max"": 70.0, ""swing_lookback_bars"": 6}, ""exit"": {""max_hold_bars"": 192, ""mode"": ""fixed"", ""target_r"": 3.0}, ""family"": ""trend""}",90,23,0.25555555555555554,-11.291794630511886,-0.1254643847834654,0.835170733206965,20.528013331473847,31,52,-4.922731483162385,-5.755587573372067,69,19,0.2753623188405797,-4.067604284473712,-0.05895078673150308,0.9202892260989234,19.790577117427993,24,44,-4.950955775222688,-2.2345795810452374,22,4,0.18181818181818182,-8.241994363480226,-0.37463610743091924,0.5543486960098304,12.039591642143288,8,9,-5.3723322737959185,-4.092060038333967,False
combined_trend_015_exit_1,combined,"{""entry"": {""mode"": ""ema_retest"", ""pump_memory_bars"": 192, ""rsi_max"": 70.0, ""swing_lookback_bars"": 6}, ""exit"": {""max_hold_bars"": 192, ""mode"": ""fixed"", ""target_r"": 3.0}, ""family"": ""combined""}",123,47,0.3821138211382114,6.365685056315284,0.05175353704321368,1.0818431940071642,14.502284225878022,32,53,-0.7525384662997298,2.883552718807958,93,37,0.3978494623655914,7.839633592721393,0.08429713540560634,1.1370868870867217,14.502284225878022,25,45,-0.5548960585376933,3.7305070540265772,31,10,0.3225806451612903,-2.49175255384816,-0.0803791146402632,0.8846918531492143,7.189201010902552,8,9,-1.861881385165234,-1.3212417837062618,False
trend_015_exit_2,trend,"{""entry"": {""mode"": ""ema_retest"", ""pump_memory_bars"": 192, ""rsi_max"": 70.0, ""swing_lookback_bars"": 6}, ""exit"": {""max_hold_bars"": 96, ""mode"": ""runner"", ""tp1_fraction"": 0.5, ""trail_distance"": 2.5, ""trail_mode"": ""atr""}, ""family"": ""trend""}",120,61,0.5083333333333333,-2.052141416548567,-0.017101178471238078,0.96599609649128,16.337449845829664,34,59,-1.9513287659463077,-1.1919316965553484,97,49,0.5051546391752577,-2.4682770999588106,-0.025446155669678488,0.9496669355251445,16.337449845829664,27,50,-2.576310060110449,-1.363913436097175,24,12,0.5,-0.601668334031807,-0.02506951391799195,0.9511993144241899,3.0412967337065244,8,10,-0.04245004633768254,-0.3354294724766671,False
combined_trend_015_exit_2,combined,"{""entry"": {""mode"": ""ema_retest"", ""pump_memory_bars"": 192, ""rsi_max"": 70.0, ""swing_lookback_bars"": 6}, ""exit"": {""max_hold_bars"": 96, ""mode"": ""runner"", ""tp1_fraction"": 0.5, ""trail_distance"": 2.5, ""trail_mode"": ""atr""}, ""family"": ""combined""}",152,84,0.5526315789473685,12.928918281671933,0.08505867290573636,1.186032742511591,12.601662447426357,34,63,0.07330480523653637,6.444788862524309,123,67,0.5447154471544715,8.650274913259654,0.07032743831918414,1.1512579861513395,12.601662447426357,27,55,-0.30302730400774497,4.234474993583914,30,17,0.5666666666666667,3.260839350970228,0.10869464503234093,1.2446791254250447,3.9680650852021913,8,9,1.0551087919881728,1.6008275576222974,False
trend_015_exit_3,trend,"{""entry"": {""mode"": ""ema_retest"", ""pump_memory_bars"": 192, ""rsi_max"": 70.0, ""swing_lookback_bars"": 6}, ""exit"": {""max_hold_bars"": 192, ""mode"": ""runner"", ""tp1_fraction"": 0.5, ""trail_distance"": 3.5, ""trail_mode"": ""atr""}, ""family"": ""trend""}",108,54,0.5,2.077665305928798,0.019237641721562924,1.0376109633160844,14.099104316031113,34,55,-1.5475853937518034,0.8190057718704624,86,43,0.5,-1.606888684911021,-0.018684752150128166,0.9634409719502691,14.099104316031113,27,45,-2.0229220449689604,-0.9431697842630093,23,11,0.4782608695652174,2.6667499733977666,0.1159456510172942,1.2167122661832317,3.9605230574669266,8,11,-0.4317109429184832,1.2609989718704195,False
combined_trend_015_exit_3,combined,"{""entry"": {""mode"": ""ema_retest"", ""pump_memory_bars"": 192, ""rsi_max"": 70.0, ""swing_lookback_bars"": 6}, ""exit"": {""max_hold_bars"": 192, ""mode"": ""runner"", ""tp1_fraction"": 0.5, ""trail_distance"": 3.5, ""trail_mode"": ""atr""}, ""family"": ""combined""}",136,76,0.5588235294117647,19.34323880062255,0.14222969706340113,1.3156961567101606,12.613495226876504,34,56,0.7125260461601035,9.864659740799997,107,60,0.5607476635514018,13.123188522861833,0.12264662170898911,1.2737228334051334,12.613495226876504,27,47,0.6621786481614003,6.592799974553221,30,16,0.5333333333333333,5.2022462603186685,0.17340820867728896,1.3626230719208023,4.186800650902556,8,10,0.30963339650810917,2.5449714301518878,False
