symbol,signal_index,signal_ts,entry_index,entry_ts,order_price,entry,initial_stop,tp1,tp2,tp1_exit,final_exit,exit_index,exit_ts,exit_reason,net_return,leveraged_return_pct,bars_held,variant,trigger_gain_pct,wait_bars,initial_stop_pct,signal_utc,entry_utc,exit_utc
AKE,753,1789767900000,754,1789768200000,0.044625000000000005,0.044616075000000005,0.04907768250000001,0.03569286000000001,0.02676964500000001,,0.04614,779,1789776000000,utc_day_end,-0.035583860341816154,-3.5583860341816154,26,trigger_110_wait1_stop10,1.1,1,0.1,2026-09-18T21:45:00Z,2026-09-18T21:50:00Z,2026-09-19T00:00:00Z
ALLO,59629,1780768200000,59630,1780768500000,0.46956000000000003,0.469486084,0.5164346924000001,0.37558886720000006,0.28169165040000005,,0.43709,59702,1780790400000,utc_day_end,0.06765838004859809,6.765838004859809,73,trigger_110_wait1_stop10,1.1,1,0.1,2026-06-06T17:50:00Z,2026-06-06T17:55:00Z,2026-06-07T00:00:00Z
APE,111407,1777060500000,111408,1777060800000,0.21424200000000002,0.21419915160000003,0.23561906676000005,0.17135932128000003,0.12851949096000004,,0.24351,111409,1777061100000,stop_gap,-0.1383488444786163,-13.834884447861631,2,trigger_110_wait1_stop10,1.1,1,0.1,2026-04-24T19:55:00Z,2026-04-24T20:00:00Z,2026-04-24T20:05:00Z
APR,84192,1786543200000,84210,1786548600000,0.43533000000000005,0.4352429340000001,0.4787672274000001,0.3481943472000001,0.2611457604000001,,0.4787672274000001,84277,1786569000000,stop,-0.10148013199999995,-10.148013199999994,68,trigger_110_wait1_stop10,1.1,1,0.1,2026-08-12T14:00:00Z,2026-08-12T15:30:00Z,2026-08-12T21:10:00Z
BASED,4922,1776343200000,4923,1776343500000,0.179466,0.18805238200000002,0.20685762020000004,0.15044190560000004,0.11283142920000003,,0.20685762020000004,4946,1776350700000,stop,-0.10148013200000003,-10.148013200000003,24,trigger_110_wait1_stop10,1.1,1,0.1,2026-04-16T12:40:00Z,2026-04-16T12:45:00Z,2026-04-16T14:45:00Z
BEAT,2269,1763644800000,2270,1763645100000,1.0319610000000001,1.032533452,1.1357867972000002,0.8260267616000001,0.6195200712000001,,1.1357867972000002,2270,1763645400000,stop,-0.10148013200000007,-10.148013200000007,1,trigger_110_wait1_stop10,1.1,1,0.1,2025-11-20T13:20:00Z,2025-11-20T13:25:00Z,2025-11-20T13:30:00Z
BERA,90696,1770847200000,90697,1770847500000,1.03635,1.0361427300000001,1.1397570030000002,0.8289141840000002,0.6216856380000002,,1.1397570030000002,90698,1770848100000,stop,-0.10148013200000008,-10.148013200000008,2,trigger_110_wait1_stop10,1.1,1,0.1,2026-02-11T22:00:00Z,2026-02-11T22:05:00Z,2026-02-11T22:15:00Z
BSB,13932,1779303600000,13933,1779303900000,1.7665199999999999,1.766166696,1.9427833656000002,1.4129333568,1.0597000176000002,,1.9427833656000002,13934,1779304500000,stop,-0.10148013200000006,-10.148013200000005,2,trigger_110_wait1_stop10,1.1,1,0.1,2026-05-20T19:00:00Z,2026-05-20T19:05:00Z,2026-05-20T19:15:00Z
CFX,31305,1753029900000,31306,1753030200000,0.22285200000000002,0.22817435600000002,0.25099179160000007,0.18253948480000004,0.13690461360000003,,0.25099179160000007,31308,1753031100000,stop,-0.10148013200000013,-10.148013200000012,3,trigger_110_wait1_stop10,1.1,1,0.1,2025-07-20T16:45:00Z,2025-07-20T16:50:00Z,2025-07-20T17:05:00Z
DOOD,42538,1759812600000,42539,1759812900000,0.014168700000000001,0.014165866260000002,0.015582452886000003,0.011332693008000001,0.008499519756000003,,0.015582452886000003,42540,1759813500000,stop,-0.10148013200000003,-10.148013200000003,2,trigger_110_wait1_stop10,1.1,1,0.1,2025-10-07T04:50:00Z,2025-10-07T04:55:00Z,2025-10-07T05:05:00Z
ENSO,25214,1769296200000,25215,1769296500000,1.6006200000000002,1.6161767,1.77779437,1.2929413600000002,0.9697060200000002,,1.77779437,25217,1769297400000,stop,-0.10148013199999993,-10.148013199999992,3,trigger_110_wait1_stop10,1.1,1,0.1,2026-01-24T23:10:00Z,2026-01-24T23:15:00Z,2026-01-24T23:30:00Z
GIGGLE,3314,1762369800000,3315,1762370100000,223.482,228.494292,251.34372120000003,182.79543360000002,137.09657520000002,,251.34372120000003,3320,1762371900000,stop,-0.10148013200000007,-10.148013200000007,6,trigger_110_wait1_stop10,1.1,1,0.1,2025-11-05T19:10:00Z,2025-11-05T19:15:00Z,2025-11-05T19:45:00Z
H,29559,1760390100000,29560,1760390400000,0.15399300000000002,0.158248344,0.17407317840000003,0.1265986752,0.09494900640000002,,0.17407317840000003,29578,1760396100000,stop,-0.1014801320000001,-10.14801320000001,19,trigger_110_wait1_stop10,1.1,1,0.1,2025-10-13T21:15:00Z,2025-10-13T21:20:00Z,2025-10-13T22:55:00Z
H,32698,1761331800000,32699,1761332100000,0.314097,0.31403418060000005,0.34543759866000007,0.25122734448000006,0.18842050836000004,,0.34543759866000007,32737,1761343800000,stop,-0.10148013200000006,-10.148013200000005,39,trigger_110_wait1_stop10,1.1,1,0.1,2025-10-24T18:50:00Z,2025-10-24T18:55:00Z,2025-10-24T22:10:00Z
H,36727,1762540500000,36728,1762540800000,0.230307,0.230513888,0.2535652768,0.18441111040000002,0.13830833280000002,,0.2535652768,36734,1762542900000,stop,-0.10148013199999997,-10.148013199999998,7,trigger_110_wait1_stop10,1.1,1,0.1,2025-11-07T18:35:00Z,2025-11-07T18:40:00Z,2025-11-07T19:15:00Z
H,98253,1780998300000,98254,1780998600000,0.153531,0.157898414,0.1736882554,0.1263187312,0.09473904840000001,,0.1736882554,98255,1780999200000,stop,-0.10148013200000006,-10.148013200000005,2,trigger_110_wait1_stop10,1.1,1,0.1,2026-06-09T09:45:00Z,2026-06-09T09:50:00Z,2026-06-09T10:00:00Z
IOST,151110,1788971400000,151111,1788971700000,0.0017929800000000002,0.0017926214040000002,0.0019718835444000006,0.0014340971232000002,0.0010755728424000003,,0.0019718835444000006,151131,1788978000000,stop,-0.10148013200000026,-10.148013200000026,21,trigger_110_wait1_stop10,1.1,1,0.1,2026-09-09T16:30:00Z,2026-09-09T16:35:00Z,2026-09-09T18:20:00Z
JELLYJELLY,5982,1745433000000,5983,1745433300000,0.026166000000000002,0.026160766800000002,0.028776843480000005,0.020928613440000004,0.015696460080000002,,0.02594,6047,1745452800000,utc_day_end,0.007045482593423112,0.7045482593423112,65,trigger_110_wait1_stop10,1.1,1,0.1,2025-04-23T18:30:00Z,2025-04-23T18:35:00Z,2025-04-24T00:00:00Z
JELLYJELLY,11796,1747177200000,11799,1747178100000,0.059871,0.0598590258,0.06584492838,0.047887220640000006,0.035915415480000004,,0.0577,11807,1747180800000,utc_day_end,0.034697247954877365,3.4697247954877364,9,trigger_110_wait1_stop10,1.1,1,0.1,2025-05-13T23:00:00Z,2025-05-13T23:15:00Z,2025-05-14T00:00:00Z
JELLYJELLY,52926,1759516200000,52929,1759517100000,0.10712100000000001,0.10709957580000001,0.11780953338000003,0.08567966064000002,0.06425974548000002,,0.11780953338000003,52944,1759521900000,stop,-0.10148013200000013,-10.148013200000012,16,trigger_110_wait1_stop10,1.1,1,0.1,2025-10-03T18:30:00Z,2025-10-03T18:45:00Z,2025-10-03T20:05:00Z
JELLYJELLY,61797,1762177500000,61798,1762177800000,0.129885,0.129859023,0.1428449253,0.1038872184,0.0779154138,,0.1428449253,61819,1762184400000,stop,-0.10148013200000003,-10.148013200000003,22,trigger_110_wait1_stop10,1.1,1,0.1,2025-11-03T13:45:00Z,2025-11-03T13:50:00Z,2025-11-03T15:40:00Z
JELLYJELLY,62175,1762290900000,62176,1762291200000,0.433944,0.4338572112,0.47724293232000004,0.34708576896,0.26031432672000004,,0.48058,62177,1762291500000,stop_gap,-0.1091779128559521,-10.91779128559521,2,trigger_110_wait1_stop10,1.1,1,0.1,2025-11-04T21:15:00Z,2025-11-04T21:20:00Z,2025-11-04T21:25:00Z
JELLYJELLY,72792,1765476000000,72793,1765476300000,0.103782,0.1037612436,0.11413736796,0.08300899488,0.06225674616000001,0.08300899488,0.06225674616000001,72822,1765485300000,target_2,0.29883991599999987,29.883991599999987,30,trigger_110_wait1_stop10,1.1,1,0.1,2025-12-11T18:00:00Z,2025-12-11T18:05:00Z,2025-12-11T20:35:00Z
KAT,15385,1777066500000,15386,1777066800000,0.0295764,0.0297970394,0.032776743340000004,0.02383763152,0.017878223640000003,,0.024617,15413,1777075200000,utc_day_end,0.17258307287803903,17.258307287803902,28,trigger_110_wait1_stop10,1.1,1,0.1,2026-04-24T21:35:00Z,2026-04-24T21:40:00Z,2026-04-25T00:00:00Z
LAB,52442,1777731000000,52443,1777731300000,2.5512900000000003,2.5507797420000005,2.8058577162000007,2.0406237936000005,1.5304678452000005,,2.8058577162000007,52451,1777734000000,stop,-0.10148013200000001,-10.148013200000001,9,trigger_110_wait1_stop10,1.1,1,0.1,2026-05-02T14:10:00Z,2026-05-02T14:15:00Z,2026-05-02T15:00:00Z
LAB,70560,1783166400000,70561,1783166700000,12.5454,12.9504094,14.245450340000001,10.36032752,7.770245640000001,,14.245450340000001,70593,1783176600000,stop,-0.10148013200000017,-10.148013200000017,33,trigger_110_wait1_stop10,1.1,1,0.1,2026-07-04T12:00:00Z,2026-07-04T12:05:00Z,2026-07-04T14:50:00Z
LIGHT,4342,1767174600000,4343,1767174900000,0.9704100000000001,0.9702159180000002,1.0672375098000002,0.7761727344000002,0.5821295508000002,,1.0672375098000002,4346,1767176100000,stop,-0.10148013199999996,-10.148013199999996,4,trigger_110_wait1_stop10,1.1,1,0.1,2025-12-31T09:50:00Z,2025-12-31T09:55:00Z,2025-12-31T10:15:00Z
LPT,16569,1748609100000,16570,1748609400000,11.4891,11.5686858,12.725554380000002,9.25494864,6.9412114800000015,,12.725554380000002,16580,1748612700000,stop,-0.10148013200000004,-10.148013200000005,11,trigger_110_wait1_stop10,1.1,1,0.1,2025-05-30T12:45:00Z,2025-05-30T12:50:00Z,2025-05-30T13:45:00Z
MERL,68477,1764181500000,68478,1764181800000,0.44948400000000005,0.44939410320000006,0.4943335135200001,0.3595152825600001,0.26963646192000007,,0.4943335135200001,68486,1764184500000,stop,-0.10148013200000003,-10.148013200000003,9,trigger_110_wait1_stop10,1.1,1,0.1,2025-11-26T18:25:00Z,2025-11-26T18:30:00Z,2025-11-26T19:15:00Z
MOODENG,10335,1746738900000,10336,1746739200000,0.083181,0.08349329800000001,0.09184262780000002,0.06679463840000001,0.05009597880000001,,0.09184262780000002,10337,1746739800000,stop,-0.10148013200000018,-10.148013200000019,2,trigger_110_wait1_stop10,1.1,1,0.1,2025-05-08T21:15:00Z,2025-05-08T21:20:00Z,2025-05-08T21:30:00Z
NIGHT,413,1765403700000,414,1765404000000,0.0833532,0.0853259314,0.09385852454,0.06826074512000001,0.05119555884000001,,0.075,437,1765411200000,utc_day_end,0.11971421434914453,11.971421434914454,24,trigger_110_wait1_stop10,1.1,1,0.1,2025-12-10T21:55:00Z,2025-12-10T22:00:00Z,2025-12-11T00:00:00Z
ONE,153485,1789683900000,153491,1789685700000,0.00197316,0.001972765368,0.0021700419048,0.0015782122943999999,0.0011836592208000001,,0.001754,153503,1789689600000,utc_day_end,0.10958135306195219,10.958135306195219,13,trigger_110_wait1_stop10,1.1,1,0.1,2026-09-17T22:25:00Z,2026-09-17T22:55:00Z,2026-09-18T00:00:00Z
ONE,154013,1789842300000,154014,1789842600000,0.00394359,0.003942801282000001,0.004337081410200001,0.0031542410256000008,0.0023656807692000008,,0.004337081410200001,154050,1789853700000,stop,-0.10148013200000007,-10.148013200000007,37,trigger_110_wait1_stop10,1.1,1,0.1,2026-09-19T18:25:00Z,2026-09-19T18:30:00Z,2026-09-19T21:35:00Z
OPN,28872,1780509600000,28874,1780510200000,0.25263,0.252579474,0.27783742140000006,0.20206357920000004,0.15154768440000005,,0.2286,28943,1780531200000,utc_day_end,0.09361417422066541,9.361417422066541,70,trigger_110_wait1_stop10,1.1,1,0.1,2026-06-03T18:00:00Z,2026-06-03T18:10:00Z,2026-06-04T00:00:00Z
ORDI,109016,1776343200000,109023,1776345300000,7.2072,7.2057585600000005,7.926334416000001,5.764606848000001,4.323455136000001,,7.926334416000001,109052,1776354300000,stop,-0.10148013200000004,-10.148013200000005,30,trigger_110_wait1_stop10,1.1,1,0.1,2026-04-16T12:40:00Z,2026-04-16T13:15:00Z,2026-04-16T15:45:00Z
PIEVERSE,44538,1776625200000,44539,1776625500000,1.29213,1.3187362,1.4506098200000002,1.05498896,0.7912417200000001,,1.4506098200000002,44557,1776631200000,stop,-0.10148013200000003,-10.148013200000003,19,trigger_110_wait1_stop10,1.1,1,0.1,2026-04-19T19:00:00Z,2026-04-19T19:05:00Z,2026-04-19T20:40:00Z
RAVE,33262,1775764200000,33264,1775764800000,0.663075,0.662942385,0.7292366235000001,0.530353908,0.39776543100000006,,0.7292366235000001,33291,1775773200000,stop,-0.10148013200000011,-10.148013200000012,28,trigger_110_wait1_stop10,1.1,1,0.1,2026-04-09T19:50:00Z,2026-04-09T20:00:00Z,2026-04-09T22:20:00Z
RAVE,34105,1776017100000,34106,1776017400000,4.559667,4.775284752,5.252813227200001,3.8202278016,2.8651708512000007,3.8202278016,4.775284752,34129,1776024600000,breakeven_stop,0.09867989199999999,9.867989199999998,24,trigger_110_wait1_stop10,1.1,1,0.1,2026-04-12T18:05:00Z,2026-04-12T18:10:00Z,2026-04-12T20:10:00Z
RAVE,34407,1776107700000,34408,1776108000000,13.0725,13.13202307,14.445225377000002,10.505618456,7.879213842000001,10.505618456,7.879213842000001,34425,1776113400000,target_2,0.29883991600000004,29.883991600000005,18,trigger_110_wait1_stop10,1.1,1,0.1,2026-04-13T19:15:00Z,2026-04-13T19:20:00Z,2026-04-13T20:50:00Z
RAVE,36527,1776743700000,36528,1776744000000,2.31861,2.318146278,2.5499609058000003,1.8545170224,1.3908877668000001,1.8545170224,1.3908877668000001,36531,1776745200000,target_2,0.298839916,29.883991599999998,4,trigger_110_wait1_stop10,1.1,1,0.1,2026-04-21T03:55:00Z,2026-04-21T04:00:00Z,2026-04-21T04:20:00Z
RE,721,1781908500000,730,1781911200000,0.90972,0.909538056,1.0004918616,0.7276304448,0.5457228336000001,,0.88649,737,1781913600000,utc_day_end,0.023960552990429294,2.3960552990429296,8,trigger_110_wait1_stop10,1.1,1,0.1,2026-06-19T22:35:00Z,2026-06-19T23:20:00Z,2026-06-20T00:00:00Z
RLS,42423,1777415400000,42424,1777415700000,0.0074403,0.0075524892,0.00830773812,0.00604199136,0.004531493520000001,,0.00830773812,42426,1777416600000,stop,-0.10148013199999997,-10.148013199999998,3,trigger_110_wait1_stop10,1.1,1,0.1,2026-04-28T22:30:00Z,2026-04-28T22:35:00Z,2026-04-28T22:50:00Z
SOON,22570,1754770800000,22571,1754771100000,0.44935800000000004,0.45796838800000006,0.5037652268000001,0.3663747104000001,0.2747810328000001,,0.42886,22613,1754784000000,utc_day_end,0.06221055481235541,6.221055481235541,43,trigger_110_wait1_stop10,1.1,1,0.1,2025-08-09T20:20:00Z,2025-08-09T20:25:00Z,2025-08-10T00:00:00Z
SOON,47927,1762377900000,47928,1762378200000,1.518048,1.952889344,2.1481782784,1.5623114752,1.1717336064000001,,2.1481782784,47928,1762378500000,stop,-0.10148013200000014,-10.148013200000014,1,trigger_110_wait1_stop10,1.1,1,0.1,2025-11-05T21:25:00Z,2025-11-05T21:30:00Z,2025-11-05T21:35:00Z
SOON,50503,1763150700000,50504,1763151000000,4.378710000000001,4.919575888,5.4115334768,3.9356607104,2.9517455328000004,,5.4115334768,50504,1763151300000,stop,-0.10148013200000003,-10.148013200000003,1,trigger_110_wait1_stop10,1.1,1,0.1,2025-11-14T20:05:00Z,2025-11-14T20:10:00Z,2025-11-14T20:15:00Z
SOPH,134737,1788860100000,134739,1788860700000,0.012117000000000001,0.012114576600000001,0.013326034260000003,0.009691661280000001,0.0072687459600000014,0.009691661280000001,0.0072687459600000014,134776,1788872100000,target_2,0.298839916,29.883991599999998,38,trigger_110_wait1_stop10,1.1,1,0.1,2026-09-08T09:35:00Z,2026-09-08T09:45:00Z,2026-09-08T12:55:00Z
TRUST,4660,1763740200000,4661,1763740500000,0.22176,0.22775444,0.25052988400000004,0.18220355200000002,0.13665266400000003,0.18220355200000002,0.22775444,4678,1763745900000,breakeven_stop,0.09867989200000002,9.867989200000002,18,trigger_110_wait1_stop10,1.1,1,0.1,2025-11-21T15:50:00Z,2025-11-21T15:55:00Z,2025-11-21T17:25:00Z
TRUTH,3513,1765383300000,3514,1765383600000,0.020000399999999998,0.020083982400000002,0.022092380640000003,0.01606718592,0.012050389440000003,,0.022092380640000003,3521,1765386000000,stop,-0.10148013200000004,-10.148013200000005,8,trigger_110_wait1_stop10,1.1,1,0.1,2025-12-10T16:15:00Z,2025-12-10T16:20:00Z,2025-12-10T17:00:00Z
UB,894,1777651200000,895,1777651500000,0.14391299999999999,0.1438842174,0.15827263914,0.11510737391999999,0.08633053044000001,0.11510737391999999,0.08633053044000001,931,1777662600000,target_2,0.2988399159999999,29.883991599999995,37,trigger_110_wait1_stop10,1.1,1,0.1,2026-05-01T16:00:00Z,2026-05-01T16:05:00Z,2026-05-01T19:10:00Z
AKE,753,1789767900000,754,1789768200000,0.044625000000000005,0.044616075000000005,0.05130848625,0.03569286000000001,0.02676964500000001,,0.04614,779,1789776000000,utc_day_end,-0.035583860341816154,-3.5583860341816154,26,trigger_110_wait1_stop15,1.1,1,0.15,2026-09-18T21:45:00Z,2026-09-18T21:50:00Z,2026-09-19T00:00:00Z
ALLO,59629,1780768200000,59630,1780768500000,0.46956000000000003,0.469486084,0.5399089966,0.37558886720000006,0.28169165040000005,,0.43709,59702,1780790400000,utc_day_end,0.06765838004859809,6.765838004859809,73,trigger_110_wait1_stop15,1.1,1,0.15,2026-06-06T17:50:00Z,2026-06-06T17:55:00Z,2026-06-07T00:00:00Z
APE,111407,1777060500000,111408,1777060800000,0.21424200000000002,0.21419915160000003,0.24632902434,0.17135932128000003,0.12851949096000004,,0.24632902434,111409,1777061400000,stop,-0.1515201379999999,-15.152013799999988,2,trigger_110_wait1_stop15,1.1,1,0.15,2026-04-24T19:55:00Z,2026-04-24T20:00:00Z,2026-04-24T20:10:00Z
APR,84192,1786543200000,84210,1786548600000,0.43533000000000005,0.4352429340000001,0.5005293741000001,0.3481943472000001,0.2611457604000001,,0.5005293741000001,84278,1786569300000,stop,-0.15152013800000003,-15.152013800000002,69,trigger_110_wait1_stop15,1.1,1,0.15,2026-08-12T14:00:00Z,2026-08-12T15:30:00Z,2026-08-12T21:15:00Z
BASED,4922,1776343200000,4923,1776343500000,0.179466,0.18805238200000002,0.2162602393,0.15044190560000004,0.11283142920000003,,0.2162602393,4947,1776351000000,stop,-0.15152013799999978,-15.152013799999978,25,trigger_110_wait1_stop15,1.1,1,0.15,2026-04-16T12:40:00Z,2026-04-16T12:45:00Z,2026-04-16T14:50:00Z
BEAT,2269,1763644800000,2270,1763645100000,1.0319610000000001,1.032533452,1.1874134697999998,0.8260267616000001,0.6195200712000001,,1.1874134697999998,2270,1763645400000,stop,-0.15152013799999978,-15.152013799999978,1,trigger_110_wait1_stop15,1.1,1,0.15,2025-11-20T13:20:00Z,2025-11-20T13:25:00Z,2025-11-20T13:30:00Z
BERA,90696,1770847200000,90697,1770847500000,1.03635,1.0361427300000001,1.1915641395,0.8289141840000002,0.6216856380000002,,1.1915641395,90698,1770848100000,stop,-0.15152013799999992,-15.152013799999992,2,trigger_110_wait1_stop15,1.1,1,0.15,2026-02-11T22:00:00Z,2026-02-11T22:05:00Z,2026-02-11T22:15:00Z
BSB,13932,1779303600000,13933,1779303900000,1.7665199999999999,1.766166696,2.0310917003999998,1.4129333568,1.0597000176000002,,2.0310917003999998,13934,1779304500000,stop,-0.15152013799999997,-15.152013799999997,2,trigger_110_wait1_stop15,1.1,1,0.15,2026-05-20T19:00:00Z,2026-05-20T19:05:00Z,2026-05-20T19:15:00Z
CFX,31305,1753029900000,31306,1753030200000,0.22285200000000002,0.22817435600000002,0.2624005094,0.18253948480000004,0.13690461360000003,,0.22017,31391,1753056000000,utc_day_end,0.03370794641795776,3.370794641795776,86,trigger_110_wait1_stop15,1.1,1,0.15,2025-07-20T16:45:00Z,2025-07-20T16:50:00Z,2025-07-21T00:00:00Z
DOOD,42538,1759812600000,42539,1759812900000,0.014168700000000001,0.014165866260000002,0.016290746199000002,0.011332693008000001,0.008499519756000003,,0.016290746199000002,42540,1759813500000,stop,-0.15152013800000003,-15.152013800000002,2,trigger_110_wait1_stop15,1.1,1,0.15,2025-10-07T04:50:00Z,2025-10-07T04:55:00Z,2025-10-07T05:05:00Z
ENSO,25214,1769296200000,25215,1769296500000,1.6006200000000002,1.6161767,1.8586032049999999,1.2929413600000002,0.9697060200000002,,1.769,25223,1769299200000,utc_day_end,-0.0960343125228819,-9.60343125228819,9,trigger_110_wait1_stop15,1.1,1,0.15,2026-01-24T23:10:00Z,2026-01-24T23:15:00Z,2026-01-25T00:00:00Z
GIGGLE,3314,1762369800000,3315,1762370100000,223.482,228.494292,262.76843579999996,182.79543360000002,137.09657520000002,,262.76843579999996,3327,1762374000000,stop,-0.1515201379999999,-15.152013799999988,13,trigger_110_wait1_stop15,1.1,1,0.15,2025-11-05T19:10:00Z,2025-11-05T19:15:00Z,2025-11-05T20:20:00Z
H,29559,1760390100000,29560,1760390400000,0.15399300000000002,0.158248344,0.1819855956,0.1265986752,0.09494900640000002,,0.1819855956,29578,1760396100000,stop,-0.15152013799999978,-15.152013799999978,19,trigger_110_wait1_stop15,1.1,1,0.15,2025-10-13T21:15:00Z,2025-10-13T21:20:00Z,2025-10-13T22:55:00Z
H,32698,1761331800000,32699,1761332100000,0.314097,0.31403418060000005,0.36113930769,0.25122734448000006,0.18842050836000004,,0.36113930769,32749,1761347400000,stop,-0.15152013799999986,-15.152013799999986,51,trigger_110_wait1_stop15,1.1,1,0.15,2025-10-24T18:50:00Z,2025-10-24T18:55:00Z,2025-10-24T23:10:00Z
H,36727,1762540500000,36728,1762540800000,0.230307,0.230513888,0.26509097119999997,0.18441111040000002,0.13830833280000002,0.18441111040000002,0.230513888,36755,1762549200000,breakeven_stop,0.09867989199999992,9.867989199999991,28,trigger_110_wait1_stop15,1.1,1,0.15,2025-11-07T18:35:00Z,2025-11-07T18:40:00Z,2025-11-07T21:00:00Z
H,98253,1780998300000,98254,1780998600000,0.153531,0.157898414,0.18158317609999997,0.1263187312,0.09473904840000001,,0.18158317609999997,98266,1781002500000,stop,-0.15152013799999986,-15.152013799999986,13,trigger_110_wait1_stop15,1.1,1,0.15,2026-06-09T09:45:00Z,2026-06-09T09:50:00Z,2026-06-09T10:55:00Z
IOST,151110,1788971400000,151111,1788971700000,0.0017929800000000002,0.0017926214040000002,0.0020615146146,0.0014340971232000002,0.0010755728424000003,,0.0020615146146,151134,1788978900000,stop,-0.15152013799999986,-15.152013799999986,24,trigger_110_wait1_stop15,1.1,1,0.15,2026-09-09T16:30:00Z,2026-09-09T16:35:00Z,2026-09-09T18:35:00Z
JELLYJELLY,5982,1745433000000,5983,1745433300000,0.026166000000000002,0.026160766800000002,0.03008488182,0.020928613440000004,0.015696460080000002,,0.02594,6047,1745452800000,utc_day_end,0.007045482593423112,0.7045482593423112,65,trigger_110_wait1_stop15,1.1,1,0.15,2025-04-23T18:30:00Z,2025-04-23T18:35:00Z,2025-04-24T00:00:00Z
JELLYJELLY,11796,1747177200000,11799,1747178100000,0.059871,0.0598590258,0.06883787966999999,0.047887220640000006,0.035915415480000004,,0.0577,11807,1747180800000,utc_day_end,0.034697247954877365,3.4697247954877364,9,trigger_110_wait1_stop15,1.1,1,0.15,2025-05-13T23:00:00Z,2025-05-13T23:15:00Z,2025-05-14T00:00:00Z
JELLYJELLY,52926,1759516200000,52929,1759517100000,0.10712100000000001,0.10709957580000001,0.12316451217,0.08567966064000002,0.06425974548000002,,0.09969,52991,1759536000000,utc_day_end,0.06783922380129552,6.783922380129552,63,trigger_110_wait1_stop15,1.1,1,0.15,2025-10-03T18:30:00Z,2025-10-03T18:45:00Z,2025-10-04T00:00:00Z
JELLYJELLY,61797,1762177500000,61798,1762177800000,0.129885,0.129859023,0.14933787645,0.1038872184,0.0779154138,,0.14933787645,61819,1762184400000,stop,-0.151520138,-15.1520138,22,trigger_110_wait1_stop15,1.1,1,0.15,2025-11-03T13:45:00Z,2025-11-03T13:50:00Z,2025-11-03T15:40:00Z
JELLYJELLY,62175,1762290900000,62176,1762291200000,0.433944,0.4338572112,0.49893579287999995,0.34708576896,0.26031432672000004,,0.49893579287999995,62177,1762291800000,stop,-0.15152013799999994,-15.152013799999994,2,trigger_110_wait1_stop15,1.1,1,0.15,2025-11-04T21:15:00Z,2025-11-04T21:20:00Z,2025-11-04T21:30:00Z
JELLYJELLY,72792,1765476000000,72793,1765476300000,0.103782,0.1037612436,0.11932543014,0.08300899488,0.06225674616000001,0.08300899488,0.06225674616000001,72822,1765485300000,target_2,0.29883991599999987,29.883991599999987,30,trigger_110_wait1_stop15,1.1,1,0.15,2025-12-11T18:00:00Z,2025-12-11T18:05:00Z,2025-12-11T20:35:00Z
KAT,15385,1777066500000,15386,1777066800000,0.0295764,0.0297970394,0.034266595309999995,0.02383763152,0.017878223640000003,,0.024617,15413,1777075200000,utc_day_end,0.17258307287803903,17.258307287803902,28,trigger_110_wait1_stop15,1.1,1,0.15,2026-04-24T21:35:00Z,2026-04-24T21:40:00Z,2026-04-25T00:00:00Z
LAB,52442,1777731000000,52443,1777731300000,2.5512900000000003,2.5507797420000005,2.9333967033,2.0406237936000005,1.5304678452000005,,2.9333967033,52458,1777736100000,stop,-0.1515201379999998,-15.152013799999981,16,trigger_110_wait1_stop15,1.1,1,0.15,2026-05-02T14:10:00Z,2026-05-02T14:15:00Z,2026-05-02T15:35:00Z
LAB,70560,1783166400000,70561,1783166700000,12.5454,12.9504094,14.89297081,10.36032752,7.770245640000001,,14.89297081,70604,1783179900000,stop,-0.151520138,-15.1520138,44,trigger_110_wait1_stop15,1.1,1,0.15,2026-07-04T12:00:00Z,2026-07-04T12:05:00Z,2026-07-04T15:45:00Z
LIGHT,4342,1767174600000,4343,1767174900000,0.9704100000000001,0.9702159180000002,1.1157483057000002,0.7761727344000002,0.5821295508000002,,1.1157483057000002,4347,1767176400000,stop,-0.15152013799999994,-15.152013799999994,5,trigger_110_wait1_stop15,1.1,1,0.15,2025-12-31T09:50:00Z,2025-12-31T09:55:00Z,2025-12-31T10:20:00Z
LPT,16569,1748609100000,16570,1748609400000,11.4891,11.5686858,13.30398867,9.25494864,6.9412114800000015,,13.30398867,16688,1748645100000,stop,-0.15152013800000003,-15.152013800000002,119,trigger_110_wait1_stop15,1.1,1,0.15,2025-05-30T12:45:00Z,2025-05-30T12:50:00Z,2025-05-30T22:45:00Z
MERL,68477,1764181500000,68478,1764181800000,0.44948400000000005,0.44939410320000006,0.51680321868,0.3595152825600001,0.26963646192000007,,0.4778,68543,1764201600000,utc_day_end,-0.06466001754586426,-6.466001754586426,66,trigger_110_wait1_stop15,1.1,1,0.15,2025-11-26T18:25:00Z,2025-11-26T18:30:00Z,2025-11-27T00:00:00Z
MOODENG,10335,1746738900000,10336,1746739200000,0.083181,0.08349329800000001,0.0960172927,0.06679463840000001,0.05009597880000001,,0.07584,10367,1746748800000,utc_day_end,0.09033684260981051,9.033684260981051,32,trigger_110_wait1_stop15,1.1,1,0.15,2025-05-08T21:15:00Z,2025-05-08T21:20:00Z,2025-05-09T00:00:00Z
NIGHT,413,1765403700000,414,1765404000000,0.0833532,0.0853259314,0.09812482111,0.06826074512000001,0.05119555884000001,,0.075,437,1765411200000,utc_day_end,0.11971421434914453,11.971421434914454,24,trigger_110_wait1_stop15,1.1,1,0.15,2025-12-10T21:55:00Z,2025-12-10T22:00:00Z,2025-12-11T00:00:00Z
ONE,153485,1789683900000,153491,1789685700000,0.00197316,0.001972765368,0.0022686801732,0.0015782122943999999,0.0011836592208000001,,0.001754,153503,1789689600000,utc_day_end,0.10958135306195219,10.958135306195219,13,trigger_110_wait1_stop15,1.1,1,0.15,2026-09-17T22:25:00Z,2026-09-17T22:55:00Z,2026-09-18T00:00:00Z
ONE,154013,1789842300000,154014,1789842600000,0.00394359,0.003942801282000001,0.0045342214743,0.0031542410256000008,0.0023656807692000008,,0.0045342214743,154051,1789854000000,stop,-0.15152013799999978,-15.152013799999978,38,trigger_110_wait1_stop15,1.1,1,0.15,2026-09-19T18:25:00Z,2026-09-19T18:30:00Z,2026-09-19T21:40:00Z
OPN,28872,1780509600000,28874,1780510200000,0.25263,0.252579474,0.2904663951,0.20206357920000004,0.15154768440000005,,0.2286,28943,1780531200000,utc_day_end,0.09361417422066541,9.361417422066541,70,trigger_110_wait1_stop15,1.1,1,0.15,2026-06-03T18:00:00Z,2026-06-03T18:10:00Z,2026-06-04T00:00:00Z
ORDI,109016,1776343200000,109023,1776345300000,7.2072,7.2057585600000005,8.286622344,5.764606848000001,4.323455136000001,,8.286622344,109053,1776354600000,stop,-0.1515201379999999,-15.152013799999988,31,trigger_110_wait1_stop15,1.1,1,0.15,2026-04-16T12:40:00Z,2026-04-16T13:15:00Z,2026-04-16T15:50:00Z
PIEVERSE,44538,1776625200000,44539,1776625500000,1.29213,1.3187362,1.51654663,1.05498896,0.7912417200000001,,1.1838,44597,1776643200000,utc_day_end,0.10100411001381483,10.100411001381483,59,trigger_110_wait1_stop15,1.1,1,0.15,2026-04-19T19:00:00Z,2026-04-19T19:05:00Z,2026-04-20T00:00:00Z
RAVE,33262,1775764200000,33264,1775764800000,0.663075,0.662942385,0.76238374275,0.530353908,0.39776543100000006,,0.76238374275,33291,1775773200000,stop,-0.15152013799999994,-15.152013799999994,28,trigger_110_wait1_stop15,1.1,1,0.15,2026-04-09T19:50:00Z,2026-04-09T20:00:00Z,2026-04-09T22:20:00Z
RAVE,34105,1776017100000,34106,1776017400000,4.559667,4.775284752,5.4915774648,3.8202278016,2.8651708512000007,3.8202278016,4.775284752,34129,1776024600000,breakeven_stop,0.09867989199999999,9.867989199999998,24,trigger_110_wait1_stop15,1.1,1,0.15,2026-04-12T18:05:00Z,2026-04-12T18:10:00Z,2026-04-12T20:10:00Z
RAVE,34407,1776107700000,34408,1776108000000,13.0725,13.13202307,15.1018265305,10.505618456,7.879213842000001,10.505618456,7.879213842000001,34425,1776113400000,target_2,0.29883991600000004,29.883991600000005,18,trigger_110_wait1_stop15,1.1,1,0.15,2026-04-13T19:15:00Z,2026-04-13T19:20:00Z,2026-04-13T20:50:00Z
RAVE,36527,1776743700000,36528,1776744000000,2.31861,2.318146278,2.6658682196999997,1.8545170224,1.3908877668000001,1.8545170224,1.3908877668000001,36531,1776745200000,target_2,0.298839916,29.883991599999998,4,trigger_110_wait1_stop15,1.1,1,0.15,2026-04-21T03:55:00Z,2026-04-21T04:00:00Z,2026-04-21T04:20:00Z
RE,721,1781908500000,730,1781911200000,0.90972,0.909538056,1.0459687644,0.7276304448,0.5457228336000001,,0.88649,737,1781913600000,utc_day_end,0.023960552990429294,2.3960552990429296,8,trigger_110_wait1_stop15,1.1,1,0.15,2026-06-19T22:35:00Z,2026-06-19T23:20:00Z,2026-06-20T00:00:00Z
RLS,42423,1777415400000,42424,1777415700000,0.0074403,0.0075524892,0.00868536258,0.00604199136,0.004531493520000001,,0.00868536258,42428,1777417200000,stop,-0.15152013799999997,-15.152013799999997,5,trigger_110_wait1_stop15,1.1,1,0.15,2026-04-28T22:30:00Z,2026-04-28T22:35:00Z,2026-04-28T23:00:00Z
SOON,22570,1754770800000,22571,1754771100000,0.44935800000000004,0.45796838800000006,0.5266636462000001,0.3663747104000001,0.2747810328000001,,0.42886,22613,1754784000000,utc_day_end,0.06221055481235541,6.221055481235541,43,trigger_110_wait1_stop15,1.1,1,0.15,2025-08-09T20:20:00Z,2025-08-09T20:25:00Z,2025-08-10T00:00:00Z
SOON,47927,1762377900000,47928,1762378200000,1.518048,1.952889344,2.2458227456,1.5623114752,1.1717336064000001,,2.2458227456,47929,1762378800000,stop,-0.15152013799999992,-15.152013799999992,2,trigger_110_wait1_stop15,1.1,1,0.15,2025-11-05T21:25:00Z,2025-11-05T21:30:00Z,2025-11-05T21:40:00Z
SOON,50503,1763150700000,50504,1763151000000,4.378710000000001,4.919575888,5.657512271199999,3.9356607104,2.9517455328000004,3.9356607104,2.9517455328000004,50507,1763152200000,target_2,0.298839916,29.883991599999998,4,trigger_110_wait1_stop15,1.1,1,0.15,2025-11-14T20:05:00Z,2025-11-14T20:10:00Z,2025-11-14T20:30:00Z
SOPH,134737,1788860100000,134739,1788860700000,0.012117000000000001,0.012114576600000001,0.01393176309,0.009691661280000001,0.0072687459600000014,0.009691661280000001,0.0072687459600000014,134776,1788872100000,target_2,0.298839916,29.883991599999998,38,trigger_110_wait1_stop15,1.1,1,0.15,2026-09-08T09:35:00Z,2026-09-08T09:45:00Z,2026-09-08T12:55:00Z
TRUST,4660,1763740200000,4661,1763740500000,0.22176,0.22775444,0.26191760599999997,0.18220355200000002,0.13665266400000003,0.18220355200000002,0.22775444,4678,1763745900000,breakeven_stop,0.09867989200000002,9.867989200000002,18,trigger_110_wait1_stop15,1.1,1,0.15,2025-11-21T15:50:00Z,2025-11-21T15:55:00Z,2025-11-21T17:25:00Z
TRUTH,3513,1765383300000,3514,1765383600000,0.020000399999999998,0.020083982400000002,0.02309657976,0.01606718592,0.012050389440000003,,0.02309657976,3523,1765386600000,stop,-0.15152013799999975,-15.152013799999974,10,trigger_110_wait1_stop15,1.1,1,0.15,2025-12-10T16:15:00Z,2025-12-10T16:20:00Z,2025-12-10T17:10:00Z
UB,894,1777651200000,895,1777651500000,0.14391299999999999,0.1438842174,0.16546685000999997,0.11510737391999999,0.08633053044000001,0.11510737391999999,0.08633053044000001,931,1777662600000,target_2,0.2988399159999999,29.883991599999995,37,trigger_110_wait1_stop15,1.1,1,0.15,2026-05-01T16:00:00Z,2026-05-01T16:05:00Z,2026-05-01T19:10:00Z
AKE,753,1789767900000,754,1789768200000,0.044625000000000005,0.044616075000000005,0.05353929,0.03569286000000001,0.02676964500000001,,0.04614,779,1789776000000,utc_day_end,-0.035583860341816154,-3.5583860341816154,26,trigger_110_wait1_stop20,1.1,1,0.2,2026-09-18T21:45:00Z,2026-09-18T21:50:00Z,2026-09-19T00:00:00Z
ALLO,59629,1780768200000,59630,1780768500000,0.46956000000000003,0.469486084,0.5633833008,0.37558886720000006,0.28169165040000005,,0.43709,59702,1780790400000,utc_day_end,0.06765838004859809,6.765838004859809,73,trigger_110_wait1_stop20,1.1,1,0.2,2026-06-06T17:50:00Z,2026-06-06T17:55:00Z,2026-06-07T00:00:00Z
APE,111407,1777060500000,111408,1777060800000,0.21424200000000002,0.21419915160000003,0.25703898192,0.17135932128000003,0.12851949096000004,,0.25703898192,111409,1777061400000,stop,-0.20156014400000005,-20.156014400000004,2,trigger_110_wait1_stop20,1.1,1,0.2,2026-04-24T19:55:00Z,2026-04-24T20:00:00Z,2026-04-24T20:10:00Z
APR,84192,1786543200000,84210,1786548600000,0.43533000000000005,0.4352429340000001,0.5222915208000001,0.3481943472000001,0.2611457604000001,,0.5222915208000001,84278,1786569300000,stop,-0.20156014399999983,-20.156014399999982,69,trigger_110_wait1_stop20,1.1,1,0.2,2026-08-12T14:00:00Z,2026-08-12T15:30:00Z,2026-08-12T21:15:00Z
BASED,4922,1776343200000,4923,1776343500000,0.179466,0.18805238200000002,0.2256628584,0.15044190560000004,0.11283142920000003,,0.2256628584,4948,1776351300000,stop,-0.2015601439999998,-20.15601439999998,26,trigger_110_wait1_stop20,1.1,1,0.2,2026-04-16T12:40:00Z,2026-04-16T12:45:00Z,2026-04-16T14:55:00Z
BEAT,2269,1763644800000,2270,1763645100000,1.0319610000000001,1.032533452,1.2390401424,0.8260267616000001,0.6195200712000001,,1.2390401424,2270,1763645400000,stop,-0.2015601439999999,-20.156014399999993,1,trigger_110_wait1_stop20,1.1,1,0.2,2025-11-20T13:20:00Z,2025-11-20T13:25:00Z,2025-11-20T13:30:00Z
BERA,90696,1770847200000,90697,1770847500000,1.03635,1.0361427300000001,1.2433712760000002,0.8289141840000002,0.6216856380000002,,1.2433712760000002,90698,1770848100000,stop,-0.20156014399999997,-20.156014399999997,2,trigger_110_wait1_stop20,1.1,1,0.2,2026-02-11T22:00:00Z,2026-02-11T22:05:00Z,2026-02-11T22:15:00Z
BSB,13932,1779303600000,13933,1779303900000,1.7665199999999999,1.766166696,2.1194000352,1.4129333568,1.0597000176000002,1.4129333568,1.0597000176000002,13939,1779306000000,target_2,0.298839916,29.883991599999998,7,trigger_110_wait1_stop20,1.1,1,0.2,2026-05-20T19:00:00Z,2026-05-20T19:05:00Z,2026-05-20T19:40:00Z
CFX,31305,1753029900000,31306,1753030200000,0.22285200000000002,0.22817435600000002,0.2738092272,0.18253948480000004,0.13690461360000003,,0.22017,31391,1753056000000,utc_day_end,0.03370794641795776,3.370794641795776,86,trigger_110_wait1_stop20,1.1,1,0.2,2025-07-20T16:45:00Z,2025-07-20T16:50:00Z,2025-07-21T00:00:00Z
DOOD,42538,1759812600000,42539,1759812900000,0.014168700000000001,0.014165866260000002,0.016999039512000002,0.011332693008000001,0.008499519756000003,,0.016999039512000002,42541,1759813800000,stop,-0.2015601439999999,-20.156014399999993,3,trigger_110_wait1_stop20,1.1,1,0.2,2025-10-07T04:50:00Z,2025-10-07T04:55:00Z,2025-10-07T05:10:00Z
ENSO,25214,1769296200000,25215,1769296500000,1.6006200000000002,1.6161767,1.93941204,1.2929413600000002,0.9697060200000002,,1.769,25223,1769299200000,utc_day_end,-0.0960343125228819,-9.60343125228819,9,trigger_110_wait1_stop20,1.1,1,0.2,2026-01-24T23:10:00Z,2026-01-24T23:15:00Z,2026-01-25T00:00:00Z
GIGGLE,3314,1762369800000,3315,1762370100000,223.482,228.494292,274.1931504,182.79543360000002,137.09657520000002,,274.1931504,3370,1762386900000,stop,-0.20156014399999983,-20.156014399999982,56,trigger_110_wait1_stop20,1.1,1,0.2,2025-11-05T19:10:00Z,2025-11-05T19:15:00Z,2025-11-05T23:55:00Z
H,29559,1760390100000,29560,1760390400000,0.15399300000000002,0.158248344,0.18989801280000002,0.1265986752,0.09494900640000002,,0.18172,29591,1760400000000,utc_day_end,-0.1498404483322743,-14.984044833227431,32,trigger_110_wait1_stop20,1.1,1,0.2,2025-10-13T21:15:00Z,2025-10-13T21:20:00Z,2025-10-14T00:00:00Z
H,32698,1761331800000,32699,1761332100000,0.314097,0.31403418060000005,0.37684101672000003,0.25122734448000006,0.18842050836000004,,0.37684101672000003,32749,1761347400000,stop,-0.20156014399999986,-20.156014399999986,51,trigger_110_wait1_stop20,1.1,1,0.2,2025-10-24T18:50:00Z,2025-10-24T18:55:00Z,2025-10-24T23:10:00Z
H,36727,1762540500000,36728,1762540800000,0.230307,0.230513888,0.2766166656,0.18441111040000002,0.13830833280000002,0.18441111040000002,0.230513888,36755,1762549200000,breakeven_stop,0.09867989199999992,9.867989199999991,28,trigger_110_wait1_stop20,1.1,1,0.2,2025-11-07T18:35:00Z,2025-11-07T18:40:00Z,2025-11-07T21:00:00Z
H,98253,1780998300000,98254,1780998600000,0.153531,0.157898414,0.18947809679999997,0.1263187312,0.09473904840000001,,0.18947809679999997,98267,1781002800000,stop,-0.20156014399999983,-20.156014399999982,14,trigger_110_wait1_stop20,1.1,1,0.2,2026-06-09T09:45:00Z,2026-06-09T09:50:00Z,2026-06-09T11:00:00Z
IOST,151110,1788971400000,151111,1788971700000,0.0017929800000000002,0.0017926214040000002,0.0021511456848000003,0.0014340971232000002,0.0010755728424000003,,0.0021511456848000003,151134,1788978900000,stop,-0.20156014399999994,-20.156014399999993,24,trigger_110_wait1_stop20,1.1,1,0.2,2026-09-09T16:30:00Z,2026-09-09T16:35:00Z,2026-09-09T18:35:00Z
JELLYJELLY,5982,1745433000000,5983,1745433300000,0.026166000000000002,0.026160766800000002,0.031392920160000004,0.020928613440000004,0.015696460080000002,,0.02594,6047,1745452800000,utc_day_end,0.007045482593423112,0.7045482593423112,65,trigger_110_wait1_stop20,1.1,1,0.2,2025-04-23T18:30:00Z,2025-04-23T18:35:00Z,2025-04-24T00:00:00Z
JELLYJELLY,11796,1747177200000,11799,1747178100000,0.059871,0.0598590258,0.07183083096,0.047887220640000006,0.035915415480000004,,0.0577,11807,1747180800000,utc_day_end,0.034697247954877365,3.4697247954877364,9,trigger_110_wait1_stop20,1.1,1,0.2,2025-05-13T23:00:00Z,2025-05-13T23:15:00Z,2025-05-14T00:00:00Z
JELLYJELLY,52926,1759516200000,52929,1759517100000,0.10712100000000001,0.10709957580000001,0.12851949096,0.08567966064000002,0.06425974548000002,,0.09969,52991,1759536000000,utc_day_end,0.06783922380129552,6.783922380129552,63,trigger_110_wait1_stop20,1.1,1,0.2,2025-10-03T18:30:00Z,2025-10-03T18:45:00Z,2025-10-04T00:00:00Z
JELLYJELLY,61797,1762177500000,61798,1762177800000,0.129885,0.129859023,0.15583082759999997,0.1038872184,0.0779154138,,0.15583082759999997,61839,1762190400000,stop,-0.20156014399999975,-20.156014399999975,42,trigger_110_wait1_stop20,1.1,1,0.2,2025-11-03T13:45:00Z,2025-11-03T13:50:00Z,2025-11-03T17:20:00Z
JELLYJELLY,62175,1762290900000,62176,1762291200000,0.433944,0.4338572112,0.52062865344,0.34708576896,0.26031432672000004,,0.52062865344,62177,1762291800000,stop,-0.2015601439999999,-20.156014399999993,2,trigger_110_wait1_stop20,1.1,1,0.2,2025-11-04T21:15:00Z,2025-11-04T21:20:00Z,2025-11-04T21:30:00Z
JELLYJELLY,72792,1765476000000,72793,1765476300000,0.103782,0.1037612436,0.12451349231999999,0.08300899488,0.06225674616000001,0.08300899488,0.06225674616000001,72822,1765485300000,target_2,0.29883991599999987,29.883991599999987,30,trigger_110_wait1_stop20,1.1,1,0.2,2025-12-11T18:00:00Z,2025-12-11T18:05:00Z,2025-12-11T20:35:00Z
KAT,15385,1777066500000,15386,1777066800000,0.0295764,0.0297970394,0.03575644728,0.02383763152,0.017878223640000003,,0.024617,15413,1777075200000,utc_day_end,0.17258307287803903,17.258307287803902,28,trigger_110_wait1_stop20,1.1,1,0.2,2026-04-24T21:35:00Z,2026-04-24T21:40:00Z,2026-04-25T00:00:00Z
LAB,52442,1777731000000,52443,1777731300000,2.5512900000000003,2.5507797420000005,3.0609356904000005,2.0406237936000005,1.5304678452000005,,3.0609356904000005,52466,1777738500000,stop,-0.20156014399999994,-20.156014399999993,24,trigger_110_wait1_stop20,1.1,1,0.2,2026-05-02T14:10:00Z,2026-05-02T14:15:00Z,2026-05-02T16:15:00Z
LAB,70560,1783166400000,70561,1783166700000,12.5454,12.9504094,15.54049128,10.36032752,7.770245640000001,,15.54049128,70610,1783181700000,stop,-0.20156014399999997,-20.156014399999997,50,trigger_110_wait1_stop20,1.1,1,0.2,2026-07-04T12:00:00Z,2026-07-04T12:05:00Z,2026-07-04T16:15:00Z
LIGHT,4342,1767174600000,4343,1767174900000,0.9704100000000001,0.9702159180000002,1.1642591016000001,0.7761727344000002,0.5821295508000002,,1.1642591016000001,4357,1767179400000,stop,-0.20156014399999997,-20.156014399999997,15,trigger_110_wait1_stop20,1.1,1,0.2,2025-12-31T09:50:00Z,2025-12-31T09:55:00Z,2025-12-31T11:10:00Z
LPT,16569,1748609100000,16570,1748609400000,11.4891,11.5686858,13.882422960000001,9.25494864,6.9412114800000015,,11.672,16703,1748649600000,utc_day_end,-0.010337769923702163,-1.0337769923702163,134,trigger_110_wait1_stop20,1.1,1,0.2,2025-05-30T12:45:00Z,2025-05-30T12:50:00Z,2025-05-31T00:00:00Z
MERL,68477,1764181500000,68478,1764181800000,0.44948400000000005,0.44939410320000006,0.53927292384,0.3595152825600001,0.26963646192000007,,0.4778,68543,1764201600000,utc_day_end,-0.06466001754586426,-6.466001754586426,66,trigger_110_wait1_stop20,1.1,1,0.2,2025-11-26T18:25:00Z,2025-11-26T18:30:00Z,2025-11-27T00:00:00Z
MOODENG,10335,1746738900000,10336,1746739200000,0.083181,0.08349329800000001,0.1001919576,0.06679463840000001,0.05009597880000001,,0.07584,10367,1746748800000,utc_day_end,0.09033684260981051,9.033684260981051,32,trigger_110_wait1_stop20,1.1,1,0.2,2025-05-08T21:15:00Z,2025-05-08T21:20:00Z,2025-05-09T00:00:00Z
NIGHT,413,1765403700000,414,1765404000000,0.0833532,0.0853259314,0.10239111767999999,0.06826074512000001,0.05119555884000001,,0.075,437,1765411200000,utc_day_end,0.11971421434914453,11.971421434914454,24,trigger_110_wait1_stop20,1.1,1,0.2,2025-12-10T21:55:00Z,2025-12-10T22:00:00Z,2025-12-11T00:00:00Z
ONE,153485,1789683900000,153491,1789685700000,0.00197316,0.001972765368,0.0023673184416,0.0015782122943999999,0.0011836592208000001,,0.001754,153503,1789689600000,utc_day_end,0.10958135306195219,10.958135306195219,13,trigger_110_wait1_stop20,1.1,1,0.2,2026-09-17T22:25:00Z,2026-09-17T22:55:00Z,2026-09-18T00:00:00Z
ONE,154013,1789842300000,154014,1789842600000,0.00394359,0.003942801282000001,0.004731361538400001,0.0031542410256000008,0.0023656807692000008,,0.0036461,154079,1789862400000,utc_day_end,0.07391148142038176,7.391148142038176,66,trigger_110_wait1_stop20,1.1,1,0.2,2026-09-19T18:25:00Z,2026-09-19T18:30:00Z,2026-09-20T00:00:00Z
OPN,28872,1780509600000,28874,1780510200000,0.25263,0.252579474,0.30309536880000004,0.20206357920000004,0.15154768440000005,,0.2286,28943,1780531200000,utc_day_end,0.09361417422066541,9.361417422066541,70,trigger_110_wait1_stop20,1.1,1,0.2,2026-06-03T18:00:00Z,2026-06-03T18:10:00Z,2026-06-04T00:00:00Z
ORDI,109016,1776343200000,109023,1776345300000,7.2072,7.2057585600000005,8.646910272,5.764606848000001,4.323455136000001,,8.646910272,109055,1776355200000,stop,-0.2015601439999998,-20.15601439999998,33,trigger_110_wait1_stop20,1.1,1,0.2,2026-04-16T12:40:00Z,2026-04-16T13:15:00Z,2026-04-16T16:00:00Z
PIEVERSE,44538,1776625200000,44539,1776625500000,1.29213,1.3187362,1.58248344,1.05498896,0.7912417200000001,,1.1838,44597,1776643200000,utc_day_end,0.10100411001381483,10.100411001381483,59,trigger_110_wait1_stop20,1.1,1,0.2,2026-04-19T19:00:00Z,2026-04-19T19:05:00Z,2026-04-20T00:00:00Z
RAVE,33262,1775764200000,33264,1775764800000,0.663075,0.662942385,0.795530862,0.530353908,0.39776543100000006,,0.795530862,33294,1775774100000,stop,-0.20156014399999997,-20.156014399999997,31,trigger_110_wait1_stop20,1.1,1,0.2,2026-04-09T19:50:00Z,2026-04-09T20:00:00Z,2026-04-09T22:35:00Z
RAVE,34105,1776017100000,34106,1776017400000,4.559667,4.775284752,5.7303417024,3.8202278016,2.8651708512000007,3.8202278016,4.775284752,34129,1776024600000,breakeven_stop,0.09867989199999999,9.867989199999998,24,trigger_110_wait1_stop20,1.1,1,0.2,2026-04-12T18:05:00Z,2026-04-12T18:10:00Z,2026-04-12T20:10:00Z
RAVE,34407,1776107700000,34408,1776108000000,13.0725,13.13202307,15.758427684,10.505618456,7.879213842000001,10.505618456,7.879213842000001,34425,1776113400000,target_2,0.29883991600000004,29.883991600000005,18,trigger_110_wait1_stop20,1.1,1,0.2,2026-04-13T19:15:00Z,2026-04-13T19:20:00Z,2026-04-13T20:50:00Z
RAVE,36527,1776743700000,36528,1776744000000,2.31861,2.318146278,2.7817755336,1.8545170224,1.3908877668000001,1.8545170224,1.3908877668000001,36531,1776745200000,target_2,0.298839916,29.883991599999998,4,trigger_110_wait1_stop20,1.1,1,0.2,2026-04-21T03:55:00Z,2026-04-21T04:00:00Z,2026-04-21T04:20:00Z
RE,721,1781908500000,730,1781911200000,0.90972,0.909538056,1.0914456672,0.7276304448,0.5457228336000001,,0.88649,737,1781913600000,utc_day_end,0.023960552990429294,2.3960552990429296,8,trigger_110_wait1_stop20,1.1,1,0.2,2026-06-19T22:35:00Z,2026-06-19T23:20:00Z,2026-06-20T00:00:00Z
RLS,42423,1777415400000,42424,1777415700000,0.0074403,0.0075524892,0.00906298704,0.00604199136,0.004531493520000001,,0.00906298704,42429,1777417500000,stop,-0.20156014399999997,-20.156014399999997,6,trigger_110_wait1_stop20,1.1,1,0.2,2026-04-28T22:30:00Z,2026-04-28T22:35:00Z,2026-04-28T23:05:00Z
SOON,22570,1754770800000,22571,1754771100000,0.44935800000000004,0.45796838800000006,0.5495620656000001,0.3663747104000001,0.2747810328000001,,0.42886,22613,1754784000000,utc_day_end,0.06221055481235541,6.221055481235541,43,trigger_110_wait1_stop20,1.1,1,0.2,2025-08-09T20:20:00Z,2025-08-09T20:25:00Z,2025-08-10T00:00:00Z
SOON,47927,1762377900000,47928,1762378200000,1.518048,1.952889344,2.3434672128,1.5623114752,1.1717336064000001,,2.3434672128,47929,1762378800000,stop,-0.2015601439999999,-20.156014399999993,2,trigger_110_wait1_stop20,1.1,1,0.2,2025-11-05T21:25:00Z,2025-11-05T21:30:00Z,2025-11-05T21:40:00Z
SOON,50503,1763150700000,50504,1763151000000,4.378710000000001,4.919575888,5.9034910656,3.9356607104,2.9517455328000004,3.9356607104,2.9517455328000004,50507,1763152200000,target_2,0.298839916,29.883991599999998,4,trigger_110_wait1_stop20,1.1,1,0.2,2025-11-14T20:05:00Z,2025-11-14T20:10:00Z,2025-11-14T20:30:00Z
SOPH,134737,1788860100000,134739,1788860700000,0.012117000000000001,0.012114576600000001,0.014537491920000001,0.009691661280000001,0.0072687459600000014,0.009691661280000001,0.0072687459600000014,134776,1788872100000,target_2,0.298839916,29.883991599999998,38,trigger_110_wait1_stop20,1.1,1,0.2,2026-09-08T09:35:00Z,2026-09-08T09:45:00Z,2026-09-08T12:55:00Z
TRUST,4660,1763740200000,4661,1763740500000,0.22176,0.22775444,0.273305328,0.18220355200000002,0.13665266400000003,0.18220355200000002,0.22775444,4678,1763745900000,breakeven_stop,0.09867989200000002,9.867989200000002,18,trigger_110_wait1_stop20,1.1,1,0.2,2025-11-21T15:50:00Z,2025-11-21T15:55:00Z,2025-11-21T17:25:00Z
TRUTH,3513,1765383300000,3514,1765383600000,0.020000399999999998,0.020083982400000002,0.024100778880000003,0.01606718592,0.012050389440000003,,0.024100778880000003,3543,1765392600000,stop,-0.20156014399999997,-20.156014399999997,30,trigger_110_wait1_stop20,1.1,1,0.2,2025-12-10T16:15:00Z,2025-12-10T16:20:00Z,2025-12-10T18:50:00Z
UB,894,1777651200000,895,1777651500000,0.14391299999999999,0.1438842174,0.17266106087999997,0.11510737391999999,0.08633053044000001,0.11510737391999999,0.08633053044000001,931,1777662600000,target_2,0.2988399159999999,29.883991599999995,37,trigger_110_wait1_stop20,1.1,1,0.2,2026-05-01T16:00:00Z,2026-05-01T16:05:00Z,2026-05-01T19:10:00Z
AKE,753,1789767900000,755,1789768500000,0.044625000000000005,0.044616075000000005,0.04907768250000001,0.03569286000000001,0.02676964500000001,,0.04614,779,1789776000000,utc_day_end,-0.035583860341816154,-3.5583860341816154,25,trigger_110_wait2_stop10,1.1,2,0.1,2026-09-18T21:45:00Z,2026-09-18T21:55:00Z,2026-09-19T00:00:00Z
ALLO,59629,1780768200000,59665,1780779000000,0.46956000000000003,0.46946608800000006,0.5164126968000001,0.3755728704000001,0.28167965280000007,,0.43709,59702,1780790400000,utc_day_end,0.0676186943164254,6.76186943164254,38,trigger_110_wait2_stop10,1.1,2,0.1,2026-06-06T17:50:00Z,2026-06-06T20:50:00Z,2026-06-07T00:00:00Z
APE,111407,1777060500000,111409,1777061100000,0.21424200000000002,0.24346129800000002,0.26780742780000005,0.19476903840000004,0.14607677880000003,,0.26780742780000005,111409,1777061400000,stop,-0.10148013200000018,-10.148013200000019,1,trigger_110_wait2_stop10,1.1,2,0.1,2026-04-24T19:55:00Z,2026-04-24T20:05:00Z,2026-04-24T20:10:00Z
APR,84192,1786543200000,84210,1786548600000,0.43533000000000005,0.4352429340000001,0.4787672274000001,0.3481943472000001,0.2611457604000001,,0.4787672274000001,84277,1786569000000,stop,-0.10148013199999995,-10.148013199999994,68,trigger_110_wait2_stop10,1.1,2,0.1,2026-08-12T14:00:00Z,2026-08-12T15:30:00Z,2026-08-12T21:10:00Z
BASED,4922,1776343200000,4924,1776343800000,0.179466,0.184183156,0.2026014716,0.1473465248,0.1105098936,,0.2026014716,4944,1776350100000,stop,-0.10148013200000008,-10.148013200000008,21,trigger_110_wait2_stop10,1.1,2,0.1,2026-04-16T12:40:00Z,2026-04-16T12:50:00Z,2026-04-16T14:35:00Z
BEAT,2269,1763644800000,2271,1763645400000,1.0319610000000001,1.19336128,1.312697408,0.954689024,0.7160167680000001,,1.312697408,2271,1763645700000,stop,-0.10148013200000007,-10.148013200000007,1,trigger_110_wait2_stop10,1.1,2,0.1,2025-11-20T13:20:00Z,2025-11-20T13:30:00Z,2025-11-20T13:35:00Z
BERA,90696,1770847200000,90698,1770847800000,1.03635,1.09868022,1.2085482420000002,0.8789441760000001,0.6592081320000002,,1.2085482420000002,90698,1770848100000,stop,-0.10148013200000008,-10.148013200000008,1,trigger_110_wait2_stop10,1.1,2,0.1,2026-02-11T22:00:00Z,2026-02-11T22:10:00Z,2026-02-11T22:15:00Z
BSB,13932,1779303600000,13934,1779304200000,1.7665199999999999,1.78974198,1.9687161780000002,1.4317935840000002,1.0738451880000002,,1.9687161780000002,13934,1779304500000,stop,-0.1014801320000001,-10.14801320000001,1,trigger_110_wait2_stop10,1.1,2,0.1,2026-05-20T19:00:00Z,2026-05-20T19:10:00Z,2026-05-20T19:15:00Z
CFX,31305,1753029900000,31307,1753030500000,0.22285200000000002,0.229134164,0.2520475804,0.1833073312,0.1374804984,,0.22017,31391,1753056000000,utc_day_end,0.03775308286720612,3.775308286720612,85,trigger_110_wait2_stop10,1.1,2,0.1,2025-07-20T16:45:00Z,2025-07-20T16:55:00Z,2025-07-21T00:00:00Z
DOOD,42538,1759812600000,42540,1759813200000,0.014168700000000001,0.014165866260000002,0.015582452886000003,0.011332693008000001,0.008499519756000003,,0.01582,42541,1759813500000,stop_gap,-0.1182625282074348,-11.82625282074348,2,trigger_110_wait2_stop10,1.1,2,0.1,2025-10-07T04:50:00Z,2025-10-07T05:00:00Z,2025-10-07T05:05:00Z
ENSO,25214,1769296200000,25216,1769296800000,1.6006200000000002,1.65076978,1.8158467580000002,1.320615824,0.9904618680000002,,1.8158467580000002,25218,1769297700000,stop,-0.10148013200000004,-10.148013200000005,3,trigger_110_wait2_stop10,1.1,2,0.1,2026-01-24T23:10:00Z,2026-01-24T23:20:00Z,2026-01-24T23:35:00Z
GIGGLE,3314,1762369800000,3316,1762370400000,223.482,231.34372199999999,254.47809420000002,185.0749776,138.8062332,,254.47809420000002,3325,1762373400000,stop,-0.10148013200000015,-10.148013200000015,10,trigger_110_wait2_stop10,1.1,2,0.1,2025-11-05T19:10:00Z,2025-11-05T19:20:00Z,2025-11-05T20:10:00Z
H,29559,1760390100000,29561,1760390700000,0.15399300000000002,0.159488096,0.1754369056,0.1275904768,0.09569285760000001,,0.1754369056,29578,1760396100000,stop,-0.10148013199999992,-10.148013199999992,18,trigger_110_wait2_stop10,1.1,2,0.1,2025-10-13T21:15:00Z,2025-10-13T21:25:00Z,2025-10-13T22:55:00Z
H,32698,1761331800000,32700,1761332400000,0.314097,0.31403418060000005,0.34543759866000007,0.25122734448000006,0.18842050836000004,,0.34543759866000007,32737,1761343800000,stop,-0.10148013200000006,-10.148013200000005,38,trigger_110_wait2_stop10,1.1,2,0.1,2025-10-24T18:50:00Z,2025-10-24T19:00:00Z,2025-10-24T22:10:00Z
H,36727,1762540500000,36730,1762541400000,0.230307,0.23026093860000002,0.25328703246000006,0.18420875088000002,0.13815656316000002,,0.25328703246000006,36734,1762542900000,stop,-0.10148013200000024,-10.148013200000024,5,trigger_110_wait2_stop10,1.1,2,0.1,2025-11-07T18:35:00Z,2025-11-07T18:50:00Z,2025-11-07T19:15:00Z
H,98253,1780998300000,98255,1780998900000,0.153531,0.15992800799999998,0.1759208088,0.12794240639999999,0.0959568048,,0.1759208088,98255,1780999200000,stop,-0.10148013200000001,-10.148013200000001,1,trigger_110_wait2_stop10,1.1,2,0.1,2026-06-09T09:45:00Z,2026-06-09T09:55:00Z,2026-06-09T10:00:00Z
IOST,151110,1788971400000,151112,1788972000000,0.0017929800000000002,0.00181153762,0.001992691382,0.001449230096,0.001086922572,,0.001992691382,151132,1788978300000,stop,-0.10148013200000017,-10.148013200000017,21,trigger_110_wait2_stop10,1.1,2,0.1,2026-09-09T16:30:00Z,2026-09-09T16:40:00Z,2026-09-09T18:25:00Z
JELLYJELLY,5982,1745433000000,5984,1745433600000,0.026166000000000002,0.026160766800000002,0.028776843480000005,0.020928613440000004,0.015696460080000002,,0.02594,6047,1745452800000,utc_day_end,0.007045482593423112,0.7045482593423112,64,trigger_110_wait2_stop10,1.1,2,0.1,2025-04-23T18:30:00Z,2025-04-23T18:40:00Z,2025-04-24T00:00:00Z
JELLYJELLY,11796,1747177200000,11799,1747178100000,0.059871,0.0598590258,0.06584492838,0.047887220640000006,0.035915415480000004,,0.0577,11807,1747180800000,utc_day_end,0.034697247954877365,3.4697247954877364,9,trigger_110_wait2_stop10,1.1,2,0.1,2025-05-13T23:00:00Z,2025-05-13T23:15:00Z,2025-05-14T00:00:00Z
JELLYJELLY,52926,1759516200000,52929,1759517100000,0.10712100000000001,0.10709957580000001,0.11780953338000003,0.08567966064000002,0.06425974548000002,,0.11780953338000003,52944,1759521900000,stop,-0.10148013200000013,-10.148013200000012,16,trigger_110_wait2_stop10,1.1,2,0.1,2025-10-03T18:30:00Z,2025-10-03T18:45:00Z,2025-10-03T20:05:00Z
JELLYJELLY,61797,1762177500000,61799,1762178100000,0.129885,0.129859023,0.1428449253,0.1038872184,0.0779154138,,0.1428449253,61819,1762184400000,stop,-0.10148013200000003,-10.148013200000003,21,trigger_110_wait2_stop10,1.1,2,0.1,2025-11-03T13:45:00Z,2025-11-03T13:55:00Z,2025-11-03T15:40:00Z
JELLYJELLY,62175,1762290900000,62177,1762291500000,0.433944,0.480483884,0.5285322724000001,0.3843871072,0.28829033040000007,,0.5285322724000001,62178,1762292100000,stop,-0.10148013200000004,-10.148013200000005,2,trigger_110_wait2_stop10,1.1,2,0.1,2025-11-04T21:15:00Z,2025-11-04T21:25:00Z,2025-11-04T21:35:00Z
JELLYJELLY,72792,1765476000000,72794,1765476600000,0.103782,0.1037612436,0.11413736796,0.08300899488,0.06225674616000001,0.08300899488,0.06225674616000001,72822,1765485300000,target_2,0.29883991599999987,29.883991599999987,29,trigger_110_wait2_stop10,1.1,2,0.1,2025-12-11T18:00:00Z,2025-12-11T18:10:00Z,2025-12-11T20:35:00Z
LAB,52442,1777731000000,52444,1777731600000,2.5512900000000003,2.66166756,2.927834316,2.129334048,1.5970005360000004,,2.927834316,52458,1777736100000,stop,-0.10148013200000001,-10.148013200000001,15,trigger_110_wait2_stop10,1.1,2,0.1,2026-05-02T14:10:00Z,2026-05-02T14:20:00Z,2026-05-02T15:35:00Z
LAB,70560,1783166400000,70562,1783167000000,12.5454,12.542890920000001,13.797180012000002,10.034312736000002,7.525734552000002,,13.797180012000002,70580,1783172700000,stop,-0.101480132,-10.1480132,19,trigger_110_wait2_stop10,1.1,2,0.1,2026-07-04T12:00:00Z,2026-07-04T12:10:00Z,2026-07-04T13:45:00Z
LIGHT,4342,1767174600000,4344,1767175200000,0.9704100000000001,0.9702159180000002,1.0672375098000002,0.7761727344000002,0.5821295508000002,,1.0672375098000002,4346,1767176100000,stop,-0.10148013199999996,-10.148013199999996,3,trigger_110_wait2_stop10,1.1,2,0.1,2025-12-31T09:50:00Z,2025-12-31T10:00:00Z,2025-12-31T10:15:00Z
LPT,16569,1748609100000,16571,1748609700000,11.4891,12.0585878,13.264446580000001,9.64687024,7.235152680000001,,13.264446580000001,16688,1748645100000,stop,-0.10148013200000013,-10.148013200000012,118,trigger_110_wait2_stop10,1.1,2,0.1,2025-05-30T12:45:00Z,2025-05-30T12:55:00Z,2025-05-30T22:45:00Z
MERL,68477,1764181500000,68479,1764182100000,0.44948400000000005,0.44939410320000006,0.4943335135200001,0.3595152825600001,0.26963646192000007,,0.4943335135200001,68486,1764184500000,stop,-0.10148013200000003,-10.148013200000003,8,trigger_110_wait2_stop10,1.1,2,0.1,2025-11-26T18:25:00Z,2025-11-26T18:35:00Z,2025-11-26T19:15:00Z
MOODENG,10335,1746738900000,10337,1746739500000,0.083181,0.085822832,0.09440511520000001,0.0686582656,0.05149369920000001,,0.09440511520000001,10337,1746739800000,stop,-0.10148013200000014,-10.148013200000014,1,trigger_110_wait2_stop10,1.1,2,0.1,2025-05-08T21:15:00Z,2025-05-08T21:25:00Z,2025-05-08T21:30:00Z
NIGHT,413,1765403700000,415,1765404300000,0.0833532,0.08333652936000001,0.09167018229600002,0.06666922348800002,0.050001917616000015,,0.075,437,1765411200000,utc_day_end,0.09871443538099375,9.871443538099376,23,trigger_110_wait2_stop10,1.1,2,0.1,2025-12-10T21:55:00Z,2025-12-10T22:05:00Z,2025-12-11T00:00:00Z
ONE,153485,1789683900000,153491,1789685700000,0.00197316,0.001972765368,0.0021700419048,0.0015782122943999999,0.0011836592208000001,,0.001754,153503,1789689600000,utc_day_end,0.10958135306195219,10.958135306195219,13,trigger_110_wait2_stop10,1.1,2,0.1,2026-09-17T22:25:00Z,2026-09-17T22:55:00Z,2026-09-18T00:00:00Z
ONE,154013,1789842300000,154015,1789842900000,0.00394359,0.003942801282000001,0.004337081410200001,0.0031542410256000008,0.0023656807692000008,,0.004337081410200001,154050,1789853700000,stop,-0.10148013200000007,-10.148013200000007,36,trigger_110_wait2_stop10,1.1,2,0.1,2026-09-19T18:25:00Z,2026-09-19T18:35:00Z,2026-09-19T21:35:00Z
OPN,28872,1780509600000,28874,1780510200000,0.25263,0.252579474,0.27783742140000006,0.20206357920000004,0.15154768440000005,,0.2286,28943,1780531200000,utc_day_end,0.09361417422066541,9.361417422066541,70,trigger_110_wait2_stop10,1.1,2,0.1,2026-06-03T18:00:00Z,2026-06-03T18:10:00Z,2026-06-04T00:00:00Z
ORDI,109016,1776343200000,109023,1776345300000,7.2072,7.2057585600000005,7.926334416000001,5.764606848000001,4.323455136000001,,7.926334416000001,109052,1776354300000,stop,-0.10148013200000004,-10.148013200000005,30,trigger_110_wait2_stop10,1.1,2,0.1,2026-04-16T12:40:00Z,2026-04-16T13:15:00Z,2026-04-16T15:45:00Z
PIEVERSE,44538,1776625200000,44540,1776625800000,1.29213,1.3672265,1.50394915,1.0937812,0.8203359,,1.1838,44597,1776643200000,utc_day_end,0.1328667796038184,13.28667796038184,58,trigger_110_wait2_stop10,1.1,2,0.1,2026-04-19T19:00:00Z,2026-04-19T19:10:00Z,2026-04-20T00:00:00Z
RAVE,33262,1775764200000,33264,1775764800000,0.663075,0.662942385,0.7292366235000001,0.530353908,0.39776543100000006,,0.7292366235000001,33291,1775773200000,stop,-0.10148013200000011,-10.148013200000012,28,trigger_110_wait2_stop10,1.1,2,0.1,2026-04-09T19:50:00Z,2026-04-09T20:00:00Z,2026-04-09T22:20:00Z
RAVE,34105,1776017100000,34108,1776018000000,4.559667,4.5587550666,5.01463057326,3.64700405328,2.7352530399600004,,5.01463057326,34130,1776024900000,stop,-0.10148013200000006,-10.148013200000005,23,trigger_110_wait2_stop10,1.1,2,0.1,2026-04-12T18:05:00Z,2026-04-12T18:20:00Z,2026-04-12T20:15:00Z
RAVE,34407,1776107700000,34409,1776108300000,13.0725,13.205048462,14.525553308200001,10.564038769600002,7.923029077200002,10.564038769600002,7.923029077200002,34425,1776113400000,target_2,0.2988399159999999,29.883991599999995,17,trigger_110_wait2_stop10,1.1,2,0.1,2026-04-13T19:15:00Z,2026-04-13T19:25:00Z,2026-04-13T20:50:00Z
RE,721,1781908500000,730,1781911200000,0.90972,0.909538056,1.0004918616,0.7276304448,0.5457228336000001,,0.88649,737,1781913600000,utc_day_end,0.023960552990429294,2.3960552990429296,8,trigger_110_wait2_stop10,1.1,2,0.1,2026-06-19T22:35:00Z,2026-06-19T23:20:00Z,2026-06-20T00:00:00Z
RLS,42423,1777415400000,42425,1777416000000,0.0074403,0.0077344528,0.00850789808,0.00618756224,0.004640671680000001,,0.00850789808,42428,1777417200000,stop,-0.10148013199999989,-10.148013199999989,4,trigger_110_wait2_stop10,1.1,2,0.1,2026-04-28T22:30:00Z,2026-04-28T22:40:00Z,2026-04-28T23:00:00Z
SOON,22570,1754770800000,22572,1754771400000,0.44935800000000004,0.45058986400000006,0.4956488504000001,0.36047189120000006,0.27035391840000006,,0.42886,22613,1754784000000,utc_day_end,0.046863838504809456,4.686383850480945,42,trigger_110_wait2_stop10,1.1,2,0.1,2025-08-09T20:20:00Z,2025-08-09T20:30:00Z,2025-08-10T00:00:00Z
SOON,47927,1762377900000,47929,1762378500000,1.518048,1.915646794,2.1072114734,1.5325174352,1.1493880764000002,,2.1072114734,47929,1762378800000,stop,-0.10148013199999995,-10.148013199999994,1,trigger_110_wait2_stop10,1.1,2,0.1,2025-11-05T21:25:00Z,2025-11-05T21:35:00Z,2025-11-05T21:40:00Z
SOON,50503,1763150700000,50505,1763151300000,4.378710000000001,4.629253964,5.0921793604,3.7034031712,2.7775523784000007,3.7034031712,2.7775523784000007,50507,1763152200000,target_2,0.2988399159999999,29.883991599999995,3,trigger_110_wait2_stop10,1.1,2,0.1,2025-11-14T20:05:00Z,2025-11-14T20:15:00Z,2025-11-14T20:30:00Z
SOPH,134737,1788860100000,134739,1788860700000,0.012117000000000001,0.012114576600000001,0.013326034260000003,0.009691661280000001,0.0072687459600000014,0.009691661280000001,0.0072687459600000014,134776,1788872100000,target_2,0.298839916,29.883991599999998,38,trigger_110_wait2_stop10,1.1,2,0.1,2026-09-08T09:35:00Z,2026-09-08T09:45:00Z,2026-09-08T12:55:00Z
TRUST,4660,1763740200000,4668,1763742600000,0.22176,0.22171564800000002,0.24388721280000003,0.1773725184,0.13302938880000004,,0.24388721280000003,4671,1763743800000,stop,-0.101480132,-10.1480132,4,trigger_110_wait2_stop10,1.1,2,0.1,2025-11-21T15:50:00Z,2025-11-21T16:30:00Z,2025-11-21T16:50:00Z
TRUTH,3513,1765383300000,3515,1765383900000,0.020000399999999998,0.0206028786,0.022663166460000002,0.01648230288,0.01236172716,,0.022663166460000002,3523,1765386600000,stop,-0.10148013200000014,-10.148013200000014,9,trigger_110_wait2_stop10,1.1,2,0.1,2025-12-10T16:15:00Z,2025-12-10T16:25:00Z,2025-12-10T17:10:00Z
UB,894,1777651200000,901,1777653300000,0.14391299999999999,0.1438842174,0.15827263914,0.11510737391999999,0.08633053044000001,0.11510737391999999,0.08633053044000001,931,1777662600000,target_2,0.2988399159999999,29.883991599999995,31,trigger_110_wait2_stop10,1.1,2,0.1,2026-05-01T16:00:00Z,2026-05-01T16:35:00Z,2026-05-01T19:10:00Z
AKE,753,1789767900000,755,1789768500000,0.044625000000000005,0.044616075000000005,0.05130848625,0.03569286000000001,0.02676964500000001,,0.04614,779,1789776000000,utc_day_end,-0.035583860341816154,-3.5583860341816154,25,trigger_110_wait2_stop15,1.1,2,0.15,2026-09-18T21:45:00Z,2026-09-18T21:55:00Z,2026-09-19T00:00:00Z
ALLO,59629,1780768200000,59665,1780779000000,0.46956000000000003,0.46946608800000006,0.5398860012000001,0.3755728704000001,0.28167965280000007,,0.43709,59702,1780790400000,utc_day_end,0.0676186943164254,6.76186943164254,38,trigger_110_wait2_stop15,1.1,2,0.15,2026-06-06T17:50:00Z,2026-06-06T20:50:00Z,2026-06-07T00:00:00Z
APE,111407,1777060500000,111409,1777061100000,0.21424200000000002,0.24346129800000002,0.2799804927,0.19476903840000004,0.14607677880000003,0.19476903840000004,0.18035,111455,1777075200000,utc_day_end,0.22839618598721878,22.839618598721877,47,trigger_110_wait2_stop15,1.1,2,0.15,2026-04-24T19:55:00Z,2026-04-24T20:05:00Z,2026-04-25T00:00:00Z
APR,84192,1786543200000,84210,1786548600000,0.43533000000000005,0.4352429340000001,0.5005293741000001,0.3481943472000001,0.2611457604000001,,0.5005293741000001,84278,1786569300000,stop,-0.15152013800000003,-15.152013800000002,69,trigger_110_wait2_stop15,1.1,2,0.15,2026-08-12T14:00:00Z,2026-08-12T15:30:00Z,2026-08-12T21:15:00Z
BASED,4922,1776343200000,4924,1776343800000,0.179466,0.184183156,0.21181062939999998,0.1473465248,0.1105098936,,0.21181062939999998,4947,1776351000000,stop,-0.15152013799999992,-15.152013799999992,24,trigger_110_wait2_stop15,1.1,2,0.15,2026-04-16T12:40:00Z,2026-04-16T12:50:00Z,2026-04-16T14:50:00Z
BEAT,2269,1763644800000,2271,1763645400000,1.0319610000000001,1.19336128,1.3723654719999998,0.954689024,0.7160167680000001,,1.3723654719999998,2271,1763645700000,stop,-0.15152013799999986,-15.152013799999986,1,trigger_110_wait2_stop15,1.1,2,0.15,2025-11-20T13:20:00Z,2025-11-20T13:30:00Z,2025-11-20T13:35:00Z
BERA,90696,1770847200000,90698,1770847800000,1.03635,1.09868022,1.263482253,0.8789441760000001,0.6592081320000002,,1.263482253,90698,1770848100000,stop,-0.15152013799999994,-15.152013799999994,1,trigger_110_wait2_stop15,1.1,2,0.15,2026-02-11T22:00:00Z,2026-02-11T22:10:00Z,2026-02-11T22:15:00Z
BSB,13932,1779303600000,13934,1779304200000,1.7665199999999999,1.78974198,2.058203277,1.4317935840000002,1.0738451880000002,,2.058203277,13934,1779304500000,stop,-0.151520138,-15.1520138,1,trigger_110_wait2_stop15,1.1,2,0.15,2026-05-20T19:00:00Z,2026-05-20T19:10:00Z,2026-05-20T19:15:00Z
CFX,31305,1753029900000,31307,1753030500000,0.22285200000000002,0.229134164,0.26350428859999997,0.1833073312,0.1374804984,,0.22017,31391,1753056000000,utc_day_end,0.03775308286720612,3.775308286720612,85,trigger_110_wait2_stop15,1.1,2,0.15,2025-07-20T16:45:00Z,2025-07-20T16:55:00Z,2025-07-21T00:00:00Z
DOOD,42538,1759812600000,42540,1759813200000,0.014168700000000001,0.014165866260000002,0.016290746199000002,0.011332693008000001,0.008499519756000003,,0.016290746199000002,42541,1759813800000,stop,-0.15152013800000003,-15.152013800000002,2,trigger_110_wait2_stop15,1.1,2,0.15,2025-10-07T04:50:00Z,2025-10-07T05:00:00Z,2025-10-07T05:10:00Z
ENSO,25214,1769296200000,25216,1769296800000,1.6006200000000002,1.65076978,1.898385247,1.320615824,0.9904618680000002,,1.769,25223,1769299200000,utc_day_end,-0.07307869068695932,-7.307869068695933,8,trigger_110_wait2_stop15,1.1,2,0.15,2026-01-24T23:10:00Z,2026-01-24T23:20:00Z,2026-01-25T00:00:00Z
GIGGLE,3314,1762369800000,3316,1762370400000,223.482,231.34372199999999,266.04528029999994,185.0749776,138.8062332,,266.04528029999994,3327,1762374000000,stop,-0.15152013799999975,-15.152013799999974,12,trigger_110_wait2_stop15,1.1,2,0.15,2025-11-05T19:10:00Z,2025-11-05T19:20:00Z,2025-11-05T20:20:00Z
H,29559,1760390100000,29561,1760390700000,0.15399300000000002,0.159488096,0.18341131039999997,0.1275904768,0.09569285760000001,,0.18341131039999997,29590,1760399700000,stop,-0.1515201379999999,-15.152013799999988,30,trigger_110_wait2_stop15,1.1,2,0.15,2025-10-13T21:15:00Z,2025-10-13T21:25:00Z,2025-10-13T23:55:00Z
H,32698,1761331800000,32700,1761332400000,0.314097,0.31403418060000005,0.36113930769,0.25122734448000006,0.18842050836000004,,0.36113930769,32749,1761347400000,stop,-0.15152013799999986,-15.152013799999986,50,trigger_110_wait2_stop15,1.1,2,0.15,2025-10-24T18:50:00Z,2025-10-24T19:00:00Z,2025-10-24T23:10:00Z
H,36727,1762540500000,36730,1762541400000,0.230307,0.23026093860000002,0.26480007939,0.18420875088000002,0.13815656316000002,0.18420875088000002,0.23026093860000002,36755,1762549200000,breakeven_stop,0.09867989200000003,9.867989200000004,26,trigger_110_wait2_stop15,1.1,2,0.15,2025-11-07T18:35:00Z,2025-11-07T18:50:00Z,2025-11-07T21:00:00Z
H,98253,1780998300000,98255,1780998900000,0.153531,0.15992800799999998,0.18391720919999996,0.12794240639999999,0.0959568048,,0.18391720919999996,98266,1781002500000,stop,-0.15152013799999983,-15.152013799999983,12,trigger_110_wait2_stop15,1.1,2,0.15,2026-06-09T09:45:00Z,2026-06-09T09:55:00Z,2026-06-09T10:55:00Z
IOST,151110,1788971400000,151112,1788972000000,0.0017929800000000002,0.00181153762,0.002083268263,0.001449230096,0.001086922572,,0.002083268263,151134,1788978900000,stop,-0.151520138,-15.1520138,23,trigger_110_wait2_stop15,1.1,2,0.15,2026-09-09T16:30:00Z,2026-09-09T16:40:00Z,2026-09-09T18:35:00Z
JELLYJELLY,5982,1745433000000,5984,1745433600000,0.026166000000000002,0.026160766800000002,0.03008488182,0.020928613440000004,0.015696460080000002,,0.02594,6047,1745452800000,utc_day_end,0.007045482593423112,0.7045482593423112,64,trigger_110_wait2_stop15,1.1,2,0.15,2025-04-23T18:30:00Z,2025-04-23T18:40:00Z,2025-04-24T00:00:00Z
JELLYJELLY,11796,1747177200000,11799,1747178100000,0.059871,0.0598590258,0.06883787966999999,0.047887220640000006,0.035915415480000004,,0.0577,11807,1747180800000,utc_day_end,0.034697247954877365,3.4697247954877364,9,trigger_110_wait2_stop15,1.1,2,0.15,2025-05-13T23:00:00Z,2025-05-13T23:15:00Z,2025-05-14T00:00:00Z
JELLYJELLY,52926,1759516200000,52929,1759517100000,0.10712100000000001,0.10709957580000001,0.12316451217,0.08567966064000002,0.06425974548000002,,0.09969,52991,1759536000000,utc_day_end,0.06783922380129552,6.783922380129552,63,trigger_110_wait2_stop15,1.1,2,0.15,2025-10-03T18:30:00Z,2025-10-03T18:45:00Z,2025-10-04T00:00:00Z
JELLYJELLY,61797,1762177500000,61799,1762178100000,0.129885,0.129859023,0.14933787645,0.1038872184,0.0779154138,,0.14933787645,61819,1762184400000,stop,-0.151520138,-15.1520138,21,trigger_110_wait2_stop15,1.1,2,0.15,2025-11-03T13:45:00Z,2025-11-03T13:55:00Z,2025-11-03T15:40:00Z
JELLYJELLY,62175,1762290900000,62177,1762291500000,0.433944,0.480483884,0.5525564666,0.3843871072,0.28829033040000007,0.3843871072,0.28829033040000007,62190,1762295700000,target_2,0.298839916,29.883991599999998,14,trigger_110_wait2_stop15,1.1,2,0.15,2025-11-04T21:15:00Z,2025-11-04T21:25:00Z,2025-11-04T22:35:00Z
JELLYJELLY,72792,1765476000000,72794,1765476600000,0.103782,0.1037612436,0.11932543014,0.08300899488,0.06225674616000001,0.08300899488,0.06225674616000001,72822,1765485300000,target_2,0.29883991599999987,29.883991599999987,29,trigger_110_wait2_stop15,1.1,2,0.15,2025-12-11T18:00:00Z,2025-12-11T18:10:00Z,2025-12-11T20:35:00Z
LAB,52442,1777731000000,52444,1777731600000,2.5512900000000003,2.66166756,3.060917694,2.129334048,1.5970005360000004,,3.060917694,52466,1777738500000,stop,-0.15152013799999994,-15.152013799999994,23,trigger_110_wait2_stop15,1.1,2,0.15,2026-05-02T14:10:00Z,2026-05-02T14:20:00Z,2026-05-02T16:15:00Z
LAB,70560,1783166400000,70562,1783167000000,12.5454,12.542890920000001,14.424324558,10.034312736000002,7.525734552000002,,14.424324558,70593,1783176600000,stop,-0.15152013799999992,-15.152013799999992,32,trigger_110_wait2_stop15,1.1,2,0.15,2026-07-04T12:00:00Z,2026-07-04T12:10:00Z,2026-07-04T14:50:00Z
LIGHT,4342,1767174600000,4344,1767175200000,0.9704100000000001,0.9702159180000002,1.1157483057000002,0.7761727344000002,0.5821295508000002,,1.1157483057000002,4347,1767176400000,stop,-0.15152013799999994,-15.152013799999994,4,trigger_110_wait2_stop15,1.1,2,0.15,2025-12-31T09:50:00Z,2025-12-31T10:00:00Z,2025-12-31T10:20:00Z
LPT,16569,1748609100000,16571,1748609700000,11.4891,12.0585878,13.86737597,9.64687024,7.235152680000001,,11.672,16703,1748649600000,utc_day_end,0.030684658337852683,3.068465833785268,133,trigger_110_wait2_stop15,1.1,2,0.15,2025-05-30T12:45:00Z,2025-05-30T12:55:00Z,2025-05-31T00:00:00Z
MERL,68477,1764181500000,68479,1764182100000,0.44948400000000005,0.44939410320000006,0.51680321868,0.3595152825600001,0.26963646192000007,,0.4778,68543,1764201600000,utc_day_end,-0.06466001754586426,-6.466001754586426,65,trigger_110_wait2_stop15,1.1,2,0.15,2025-11-26T18:25:00Z,2025-11-26T18:35:00Z,2025-11-27T00:00:00Z
MOODENG,10335,1746738900000,10337,1746739500000,0.083181,0.085822832,0.09869625679999999,0.0686582656,0.05149369920000001,,0.07584,10367,1746748800000,utc_day_end,0.11501201917923194,11.501201917923193,31,trigger_110_wait2_stop15,1.1,2,0.15,2025-05-08T21:15:00Z,2025-05-08T21:25:00Z,2025-05-09T00:00:00Z
NIGHT,413,1765403700000,415,1765404300000,0.0833532,0.08333652936000001,0.095837008764,0.06666922348800002,0.050001917616000015,,0.075,437,1765411200000,utc_day_end,0.09871443538099375,9.871443538099376,23,trigger_110_wait2_stop15,1.1,2,0.15,2025-12-10T21:55:00Z,2025-12-10T22:05:00Z,2025-12-11T00:00:00Z
ONE,153485,1789683900000,153491,1789685700000,0.00197316,0.001972765368,0.0022686801732,0.0015782122943999999,0.0011836592208000001,,0.001754,153503,1789689600000,utc_day_end,0.10958135306195219,10.958135306195219,13,trigger_110_wait2_stop15,1.1,2,0.15,2026-09-17T22:25:00Z,2026-09-17T22:55:00Z,2026-09-18T00:00:00Z
ONE,154013,1789842300000,154015,1789842900000,0.00394359,0.003942801282000001,0.0045342214743,0.0031542410256000008,0.0023656807692000008,,0.0045342214743,154051,1789854000000,stop,-0.15152013799999978,-15.152013799999978,37,trigger_110_wait2_stop15,1.1,2,0.15,2026-09-19T18:25:00Z,2026-09-19T18:35:00Z,2026-09-19T21:40:00Z
OPN,28872,1780509600000,28874,1780510200000,0.25263,0.252579474,0.2904663951,0.20206357920000004,0.15154768440000005,,0.2286,28943,1780531200000,utc_day_end,0.09361417422066541,9.361417422066541,70,trigger_110_wait2_stop15,1.1,2,0.15,2026-06-03T18:00:00Z,2026-06-03T18:10:00Z,2026-06-04T00:00:00Z
ORDI,109016,1776343200000,109023,1776345300000,7.2072,7.2057585600000005,8.286622344,5.764606848000001,4.323455136000001,,8.286622344,109053,1776354600000,stop,-0.1515201379999999,-15.152013799999988,31,trigger_110_wait2_stop15,1.1,2,0.15,2026-04-16T12:40:00Z,2026-04-16T13:15:00Z,2026-04-16T15:50:00Z
PIEVERSE,44538,1776625200000,44540,1776625800000,1.29213,1.3672265,1.5723104749999999,1.0937812,0.8203359,,1.1838,44597,1776643200000,utc_day_end,0.1328667796038184,13.28667796038184,58,trigger_110_wait2_stop15,1.1,2,0.15,2026-04-19T19:00:00Z,2026-04-19T19:10:00Z,2026-04-20T00:00:00Z
RAVE,33262,1775764200000,33264,1775764800000,0.663075,0.662942385,0.76238374275,0.530353908,0.39776543100000006,,0.76238374275,33291,1775773200000,stop,-0.15152013799999994,-15.152013799999994,28,trigger_110_wait2_stop15,1.1,2,0.15,2026-04-09T19:50:00Z,2026-04-09T20:00:00Z,2026-04-09T22:20:00Z
RAVE,34105,1776017100000,34108,1776018000000,4.559667,4.5587550666,5.24256832659,3.64700405328,2.7352530399600004,,5.24256832659,34131,1776025200000,stop,-0.15152013800000005,-15.152013800000006,24,trigger_110_wait2_stop15,1.1,2,0.15,2026-04-12T18:05:00Z,2026-04-12T18:20:00Z,2026-04-12T20:20:00Z
RAVE,34407,1776107700000,34409,1776108300000,13.0725,13.205048462,15.1858057313,10.564038769600002,7.923029077200002,10.564038769600002,7.923029077200002,34425,1776113400000,target_2,0.2988399159999999,29.883991599999995,17,trigger_110_wait2_stop15,1.1,2,0.15,2026-04-13T19:15:00Z,2026-04-13T19:25:00Z,2026-04-13T20:50:00Z
RE,721,1781908500000,730,1781911200000,0.90972,0.909538056,1.0459687644,0.7276304448,0.5457228336000001,,0.88649,737,1781913600000,utc_day_end,0.023960552990429294,2.3960552990429296,8,trigger_110_wait2_stop15,1.1,2,0.15,2026-06-19T22:35:00Z,2026-06-19T23:20:00Z,2026-06-20T00:00:00Z
RLS,42423,1777415400000,42425,1777416000000,0.0074403,0.0077344528,0.00889462072,0.00618756224,0.004640671680000001,,0.00889462072,42429,1777417500000,stop,-0.15152013800000003,-15.152013800000002,5,trigger_110_wait2_stop15,1.1,2,0.15,2026-04-28T22:30:00Z,2026-04-28T22:40:00Z,2026-04-28T23:05:00Z
SOON,22570,1754770800000,22572,1754771400000,0.44935800000000004,0.45058986400000006,0.5181783436,0.36047189120000006,0.27035391840000006,,0.42886,22613,1754784000000,utc_day_end,0.046863838504809456,4.686383850480945,42,trigger_110_wait2_stop15,1.1,2,0.15,2025-08-09T20:20:00Z,2025-08-09T20:30:00Z,2025-08-10T00:00:00Z
SOON,47927,1762377900000,47929,1762378500000,1.518048,1.915646794,2.2029938130999995,1.5325174352,1.1493880764000002,,2.2029938130999995,47929,1762378800000,stop,-0.15152013799999986,-15.152013799999986,1,trigger_110_wait2_stop15,1.1,2,0.15,2025-11-05T21:25:00Z,2025-11-05T21:35:00Z,2025-11-05T21:40:00Z
SOON,50503,1763150700000,50505,1763151300000,4.378710000000001,4.629253964,5.3236420586,3.7034031712,2.7775523784000007,3.7034031712,2.7775523784000007,50507,1763152200000,target_2,0.2988399159999999,29.883991599999995,3,trigger_110_wait2_stop15,1.1,2,0.15,2025-11-14T20:05:00Z,2025-11-14T20:15:00Z,2025-11-14T20:30:00Z
SOPH,134737,1788860100000,134739,1788860700000,0.012117000000000001,0.012114576600000001,0.01393176309,0.009691661280000001,0.0072687459600000014,0.009691661280000001,0.0072687459600000014,134776,1788872100000,target_2,0.298839916,29.883991599999998,38,trigger_110_wait2_stop15,1.1,2,0.15,2026-09-08T09:35:00Z,2026-09-08T09:45:00Z,2026-09-08T12:55:00Z
TRUST,4660,1763740200000,4668,1763742600000,0.22176,0.22171564800000002,0.2549729952,0.1773725184,0.13302938880000004,0.1773725184,0.22171564800000002,4677,1763745600000,breakeven_stop,0.098679892,9.8679892,10,trigger_110_wait2_stop15,1.1,2,0.15,2025-11-21T15:50:00Z,2025-11-21T16:30:00Z,2025-11-21T17:20:00Z
TRUTH,3513,1765383300000,3515,1765383900000,0.020000399999999998,0.0206028786,0.023693310389999996,0.01648230288,0.01236172716,,0.023693310389999996,3526,1765387500000,stop,-0.1515201379999999,-15.152013799999988,12,trigger_110_wait2_stop15,1.1,2,0.15,2025-12-10T16:15:00Z,2025-12-10T16:25:00Z,2025-12-10T17:25:00Z
UB,894,1777651200000,901,1777653300000,0.14391299999999999,0.1438842174,0.16546685000999997,0.11510737391999999,0.08633053044000001,0.11510737391999999,0.08633053044000001,931,1777662600000,target_2,0.2988399159999999,29.883991599999995,31,trigger_110_wait2_stop15,1.1,2,0.15,2026-05-01T16:00:00Z,2026-05-01T16:35:00Z,2026-05-01T19:10:00Z
AKE,753,1789767900000,755,1789768500000,0.044625000000000005,0.044616075000000005,0.05353929,0.03569286000000001,0.02676964500000001,,0.04614,779,1789776000000,utc_day_end,-0.035583860341816154,-3.5583860341816154,25,trigger_110_wait2_stop20,1.1,2,0.2,2026-09-18T21:45:00Z,2026-09-18T21:55:00Z,2026-09-19T00:00:00Z
ALLO,59629,1780768200000,59665,1780779000000,0.46956000000000003,0.46946608800000006,0.5633593056,0.3755728704000001,0.28167965280000007,,0.43709,59702,1780790400000,utc_day_end,0.0676186943164254,6.76186943164254,38,trigger_110_wait2_stop20,1.1,2,0.2,2026-06-06T17:50:00Z,2026-06-06T20:50:00Z,2026-06-07T00:00:00Z
APE,111407,1777060500000,111409,1777061100000,0.21424200000000002,0.24346129800000002,0.2921535576,0.19476903840000004,0.14607677880000003,0.19476903840000004,0.18035,111455,1777075200000,utc_day_end,0.22839618598721878,22.839618598721877,47,trigger_110_wait2_stop20,1.1,2,0.2,2026-04-24T19:55:00Z,2026-04-24T20:05:00Z,2026-04-25T00:00:00Z
APR,84192,1786543200000,84210,1786548600000,0.43533000000000005,0.4352429340000001,0.5222915208000001,0.3481943472000001,0.2611457604000001,,0.5222915208000001,84278,1786569300000,stop,-0.20156014399999983,-20.156014399999982,69,trigger_110_wait2_stop20,1.1,2,0.2,2026-08-12T14:00:00Z,2026-08-12T15:30:00Z,2026-08-12T21:15:00Z
BASED,4922,1776343200000,4924,1776343800000,0.179466,0.184183156,0.22101978719999998,0.1473465248,0.1105098936,,0.22101978719999998,4947,1776351000000,stop,-0.20156014400000005,-20.156014400000004,24,trigger_110_wait2_stop20,1.1,2,0.2,2026-04-16T12:40:00Z,2026-04-16T12:50:00Z,2026-04-16T14:50:00Z
BEAT,2269,1763644800000,2271,1763645400000,1.0319610000000001,1.19336128,1.4320335359999998,0.954689024,0.7160167680000001,,1.4320335359999998,2271,1763645700000,stop,-0.20156014399999983,-20.156014399999982,1,trigger_110_wait2_stop20,1.1,2,0.2,2025-11-20T13:20:00Z,2025-11-20T13:30:00Z,2025-11-20T13:35:00Z
BERA,90696,1770847200000,90698,1770847800000,1.03635,1.09868022,1.3184162640000001,0.8789441760000001,0.6592081320000002,,1.3184162640000001,90699,1770848400000,stop,-0.20156014400000002,-20.156014400000004,2,trigger_110_wait2_stop20,1.1,2,0.2,2026-02-11T22:00:00Z,2026-02-11T22:10:00Z,2026-02-11T22:20:00Z
BSB,13932,1779303600000,13934,1779304200000,1.7665199999999999,1.78974198,2.147690376,1.4317935840000002,1.0738451880000002,1.4317935840000002,1.0738451880000002,13939,1779306000000,target_2,0.2988399159999999,29.883991599999995,6,trigger_110_wait2_stop20,1.1,2,0.2,2026-05-20T19:00:00Z,2026-05-20T19:10:00Z,2026-05-20T19:40:00Z
CFX,31305,1753029900000,31307,1753030500000,0.22285200000000002,0.229134164,0.27496099679999997,0.1833073312,0.1374804984,,0.22017,31391,1753056000000,utc_day_end,0.03775308286720612,3.775308286720612,85,trigger_110_wait2_stop20,1.1,2,0.2,2025-07-20T16:45:00Z,2025-07-20T16:55:00Z,2025-07-21T00:00:00Z
DOOD,42538,1759812600000,42540,1759813200000,0.014168700000000001,0.014165866260000002,0.016999039512000002,0.011332693008000001,0.008499519756000003,,0.016999039512000002,42541,1759813800000,stop,-0.2015601439999999,-20.156014399999993,2,trigger_110_wait2_stop20,1.1,2,0.2,2025-10-07T04:50:00Z,2025-10-07T05:00:00Z,2025-10-07T05:10:00Z
ENSO,25214,1769296200000,25216,1769296800000,1.6006200000000002,1.65076978,1.980923736,1.320615824,0.9904618680000002,,1.769,25223,1769299200000,utc_day_end,-0.07307869068695932,-7.307869068695933,8,trigger_110_wait2_stop20,1.1,2,0.2,2026-01-24T23:10:00Z,2026-01-24T23:20:00Z,2026-01-25T00:00:00Z
GIGGLE,3314,1762369800000,3316,1762370400000,223.482,231.34372199999999,277.61246639999996,185.0749776,138.8062332,,260.58,3371,1762387200000,utc_day_end,-0.12787716583378914,-12.787716583378913,56,trigger_110_wait2_stop20,1.1,2,0.2,2025-11-05T19:10:00Z,2025-11-05T19:20:00Z,2025-11-06T00:00:00Z
H,29559,1760390100000,29561,1760390700000,0.15399300000000002,0.159488096,0.1913857152,0.1275904768,0.09569285760000001,,0.18172,29591,1760400000000,utc_day_end,-0.14090703461655213,-14.090703461655213,31,trigger_110_wait2_stop20,1.1,2,0.2,2025-10-13T21:15:00Z,2025-10-13T21:25:00Z,2025-10-14T00:00:00Z
H,32698,1761331800000,32700,1761332400000,0.314097,0.31403418060000005,0.37684101672000003,0.25122734448000006,0.18842050836000004,,0.37684101672000003,32749,1761347400000,stop,-0.20156014399999986,-20.156014399999986,50,trigger_110_wait2_stop20,1.1,2,0.2,2025-10-24T18:50:00Z,2025-10-24T19:00:00Z,2025-10-24T23:10:00Z
H,36727,1762540500000,36730,1762541400000,0.230307,0.23026093860000002,0.27631312632,0.18420875088000002,0.13815656316000002,0.18420875088000002,0.23026093860000002,36755,1762549200000,breakeven_stop,0.09867989200000003,9.867989200000004,26,trigger_110_wait2_stop20,1.1,2,0.2,2025-11-07T18:35:00Z,2025-11-07T18:50:00Z,2025-11-07T21:00:00Z
H,98253,1780998300000,98255,1780998900000,0.153531,0.15992800799999998,0.19191360959999998,0.12794240639999999,0.0959568048,,0.19191360959999998,98270,1781003700000,stop,-0.20156014399999997,-20.156014399999997,16,trigger_110_wait2_stop20,1.1,2,0.2,2026-06-09T09:45:00Z,2026-06-09T09:55:00Z,2026-06-09T11:15:00Z
IOST,151110,1788971400000,151112,1788972000000,0.0017929800000000002,0.00181153762,0.0021738451439999996,0.001449230096,0.001086922572,,0.0021738451439999996,151134,1788978900000,stop,-0.20156014399999983,-20.156014399999982,23,trigger_110_wait2_stop20,1.1,2,0.2,2026-09-09T16:30:00Z,2026-09-09T16:40:00Z,2026-09-09T18:35:00Z
JELLYJELLY,5982,1745433000000,5984,1745433600000,0.026166000000000002,0.026160766800000002,0.031392920160000004,0.020928613440000004,0.015696460080000002,,0.02594,6047,1745452800000,utc_day_end,0.007045482593423112,0.7045482593423112,64,trigger_110_wait2_stop20,1.1,2,0.2,2025-04-23T18:30:00Z,2025-04-23T18:40:00Z,2025-04-24T00:00:00Z
JELLYJELLY,11796,1747177200000,11799,1747178100000,0.059871,0.0598590258,0.07183083096,0.047887220640000006,0.035915415480000004,,0.0577,11807,1747180800000,utc_day_end,0.034697247954877365,3.4697247954877364,9,trigger_110_wait2_stop20,1.1,2,0.2,2025-05-13T23:00:00Z,2025-05-13T23:15:00Z,2025-05-14T00:00:00Z
JELLYJELLY,52926,1759516200000,52929,1759517100000,0.10712100000000001,0.10709957580000001,0.12851949096,0.08567966064000002,0.06425974548000002,,0.09969,52991,1759536000000,utc_day_end,0.06783922380129552,6.783922380129552,63,trigger_110_wait2_stop20,1.1,2,0.2,2025-10-03T18:30:00Z,2025-10-03T18:45:00Z,2025-10-04T00:00:00Z
JELLYJELLY,61797,1762177500000,61799,1762178100000,0.129885,0.129859023,0.15583082759999997,0.1038872184,0.0779154138,,0.15583082759999997,61839,1762190400000,stop,-0.20156014399999975,-20.156014399999975,41,trigger_110_wait2_stop20,1.1,2,0.2,2025-11-03T13:45:00Z,2025-11-03T13:55:00Z,2025-11-03T17:20:00Z
JELLYJELLY,62175,1762290900000,62177,1762291500000,0.433944,0.480483884,0.5765806608,0.3843871072,0.28829033040000007,0.3843871072,0.28829033040000007,62190,1762295700000,target_2,0.298839916,29.883991599999998,14,trigger_110_wait2_stop20,1.1,2,0.2,2025-11-04T21:15:00Z,2025-11-04T21:25:00Z,2025-11-04T22:35:00Z
JELLYJELLY,72792,1765476000000,72794,1765476600000,0.103782,0.1037612436,0.12451349231999999,0.08300899488,0.06225674616000001,0.08300899488,0.06225674616000001,72822,1765485300000,target_2,0.29883991599999987,29.883991599999987,29,trigger_110_wait2_stop20,1.1,2,0.2,2025-12-11T18:00:00Z,2025-12-11T18:10:00Z,2025-12-11T20:35:00Z
LAB,52442,1777731000000,52444,1777731600000,2.5512900000000003,2.66166756,3.1940010720000003,2.129334048,1.5970005360000004,,3.1940010720000003,52466,1777738500000,stop,-0.20156014400000002,-20.156014400000004,23,trigger_110_wait2_stop20,1.1,2,0.2,2026-05-02T14:10:00Z,2026-05-02T14:20:00Z,2026-05-02T16:15:00Z
LAB,70560,1783166400000,70562,1783167000000,12.5454,12.542890920000001,15.051469104,10.034312736000002,7.525734552000002,,15.051469104,70604,1783179900000,stop,-0.20156014399999994,-20.156014399999993,43,trigger_110_wait2_stop20,1.1,2,0.2,2026-07-04T12:00:00Z,2026-07-04T12:10:00Z,2026-07-04T15:45:00Z
LIGHT,4342,1767174600000,4344,1767175200000,0.9704100000000001,0.9702159180000002,1.1642591016000001,0.7761727344000002,0.5821295508000002,,1.1642591016000001,4357,1767179400000,stop,-0.20156014399999997,-20.156014399999997,14,trigger_110_wait2_stop20,1.1,2,0.2,2025-12-31T09:50:00Z,2025-12-31T10:00:00Z,2025-12-31T11:10:00Z
LPT,16569,1748609100000,16571,1748609700000,11.4891,12.0585878,14.47030536,9.64687024,7.235152680000001,,11.672,16703,1748649600000,utc_day_end,0.030684658337852683,3.068465833785268,133,trigger_110_wait2_stop20,1.1,2,0.2,2025-05-30T12:45:00Z,2025-05-30T12:55:00Z,2025-05-31T00:00:00Z
MERL,68477,1764181500000,68479,1764182100000,0.44948400000000005,0.44939410320000006,0.53927292384,0.3595152825600001,0.26963646192000007,,0.4778,68543,1764201600000,utc_day_end,-0.06466001754586426,-6.466001754586426,65,trigger_110_wait2_stop20,1.1,2,0.2,2025-11-26T18:25:00Z,2025-11-26T18:35:00Z,2025-11-27T00:00:00Z
MOODENG,10335,1746738900000,10337,1746739500000,0.083181,0.085822832,0.1029873984,0.0686582656,0.05149369920000001,,0.07584,10367,1746748800000,utc_day_end,0.11501201917923194,11.501201917923193,31,trigger_110_wait2_stop20,1.1,2,0.2,2025-05-08T21:15:00Z,2025-05-08T21:25:00Z,2025-05-09T00:00:00Z
NIGHT,413,1765403700000,415,1765404300000,0.0833532,0.08333652936000001,0.100003835232,0.06666922348800002,0.050001917616000015,,0.075,437,1765411200000,utc_day_end,0.09871443538099375,9.871443538099376,23,trigger_110_wait2_stop20,1.1,2,0.2,2025-12-10T21:55:00Z,2025-12-10T22:05:00Z,2025-12-11T00:00:00Z
ONE,153485,1789683900000,153491,1789685700000,0.00197316,0.001972765368,0.0023673184416,0.0015782122943999999,0.0011836592208000001,,0.001754,153503,1789689600000,utc_day_end,0.10958135306195219,10.958135306195219,13,trigger_110_wait2_stop20,1.1,2,0.2,2026-09-17T22:25:00Z,2026-09-17T22:55:00Z,2026-09-18T00:00:00Z
ONE,154013,1789842300000,154015,1789842900000,0.00394359,0.003942801282000001,0.004731361538400001,0.0031542410256000008,0.0023656807692000008,,0.0036461,154079,1789862400000,utc_day_end,0.07391148142038176,7.391148142038176,65,trigger_110_wait2_stop20,1.1,2,0.2,2026-09-19T18:25:00Z,2026-09-19T18:35:00Z,2026-09-20T00:00:00Z
OPN,28872,1780509600000,28874,1780510200000,0.25263,0.252579474,0.30309536880000004,0.20206357920000004,0.15154768440000005,,0.2286,28943,1780531200000,utc_day_end,0.09361417422066541,9.361417422066541,70,trigger_110_wait2_stop20,1.1,2,0.2,2026-06-03T18:00:00Z,2026-06-03T18:10:00Z,2026-06-04T00:00:00Z
ORDI,109016,1776343200000,109023,1776345300000,7.2072,7.2057585600000005,8.646910272,5.764606848000001,4.323455136000001,,8.646910272,109055,1776355200000,stop,-0.2015601439999998,-20.15601439999998,33,trigger_110_wait2_stop20,1.1,2,0.2,2026-04-16T12:40:00Z,2026-04-16T13:15:00Z,2026-04-16T16:00:00Z
PIEVERSE,44538,1776625200000,44540,1776625800000,1.29213,1.3672265,1.6406717999999998,1.0937812,0.8203359,,1.1838,44597,1776643200000,utc_day_end,0.1328667796038184,13.28667796038184,58,trigger_110_wait2_stop20,1.1,2,0.2,2026-04-19T19:00:00Z,2026-04-19T19:10:00Z,2026-04-20T00:00:00Z
RAVE,33262,1775764200000,33264,1775764800000,0.663075,0.662942385,0.795530862,0.530353908,0.39776543100000006,,0.795530862,33294,1775774100000,stop,-0.20156014399999997,-20.156014399999997,31,trigger_110_wait2_stop20,1.1,2,0.2,2026-04-09T19:50:00Z,2026-04-09T20:00:00Z,2026-04-09T22:35:00Z
RAVE,34105,1776017100000,34108,1776018000000,4.559667,4.5587550666,5.47050607992,3.64700405328,2.7352530399600004,,5.47050607992,34141,1776028200000,stop,-0.20156014400000005,-20.156014400000004,34,trigger_110_wait2_stop20,1.1,2,0.2,2026-04-12T18:05:00Z,2026-04-12T18:20:00Z,2026-04-12T21:10:00Z
RAVE,34407,1776107700000,34409,1776108300000,13.0725,13.205048462,15.8460581544,10.564038769600002,7.923029077200002,10.564038769600002,7.923029077200002,34425,1776113400000,target_2,0.2988399159999999,29.883991599999995,17,trigger_110_wait2_stop20,1.1,2,0.2,2026-04-13T19:15:00Z,2026-04-13T19:25:00Z,2026-04-13T20:50:00Z
RE,721,1781908500000,730,1781911200000,0.90972,0.909538056,1.0914456672,0.7276304448,0.5457228336000001,,0.88649,737,1781913600000,utc_day_end,0.023960552990429294,2.3960552990429296,8,trigger_110_wait2_stop20,1.1,2,0.2,2026-06-19T22:35:00Z,2026-06-19T23:20:00Z,2026-06-20T00:00:00Z
RLS,42423,1777415400000,42425,1777416000000,0.0074403,0.0077344528,0.00928134336,0.00618756224,0.004640671680000001,,0.00928134336,42429,1777417500000,stop,-0.2015601439999999,-20.156014399999993,5,trigger_110_wait2_stop20,1.1,2,0.2,2026-04-28T22:30:00Z,2026-04-28T22:40:00Z,2026-04-28T23:05:00Z
SOON,22570,1754770800000,22572,1754771400000,0.44935800000000004,0.45058986400000006,0.5407078368,0.36047189120000006,0.27035391840000006,,0.42886,22613,1754784000000,utc_day_end,0.046863838504809456,4.686383850480945,42,trigger_110_wait2_stop20,1.1,2,0.2,2025-08-09T20:20:00Z,2025-08-09T20:30:00Z,2025-08-10T00:00:00Z
SOON,47927,1762377900000,47929,1762378500000,1.518048,1.915646794,2.2987761528,1.5325174352,1.1493880764000002,,2.2987761528,47929,1762378800000,stop,-0.20156014400000002,-20.156014400000004,1,trigger_110_wait2_stop20,1.1,2,0.2,2025-11-05T21:25:00Z,2025-11-05T21:35:00Z,2025-11-05T21:40:00Z
SOON,50503,1763150700000,50505,1763151300000,4.378710000000001,4.629253964,5.5551047568,3.7034031712,2.7775523784000007,3.7034031712,2.7775523784000007,50507,1763152200000,target_2,0.2988399159999999,29.883991599999995,3,trigger_110_wait2_stop20,1.1,2,0.2,2025-11-14T20:05:00Z,2025-11-14T20:15:00Z,2025-11-14T20:30:00Z
SOPH,134737,1788860100000,134739,1788860700000,0.012117000000000001,0.012114576600000001,0.014537491920000001,0.009691661280000001,0.0072687459600000014,0.009691661280000001,0.0072687459600000014,134776,1788872100000,target_2,0.298839916,29.883991599999998,38,trigger_110_wait2_stop20,1.1,2,0.2,2026-09-08T09:35:00Z,2026-09-08T09:45:00Z,2026-09-08T12:55:00Z
TRUST,4660,1763740200000,4668,1763742600000,0.22176,0.22171564800000002,0.2660587776,0.1773725184,0.13302938880000004,0.1773725184,0.22171564800000002,4677,1763745600000,breakeven_stop,0.098679892,9.8679892,10,trigger_110_wait2_stop20,1.1,2,0.2,2025-11-21T15:50:00Z,2025-11-21T16:30:00Z,2025-11-21T17:20:00Z
TRUTH,3513,1765383300000,3515,1765383900000,0.020000399999999998,0.0206028786,0.024723454319999998,0.01648230288,0.01236172716,,0.024723454319999998,3558,1765397100000,stop,-0.20156014399999983,-20.156014399999982,44,trigger_110_wait2_stop20,1.1,2,0.2,2025-12-10T16:15:00Z,2025-12-10T16:25:00Z,2025-12-10T20:05:00Z
UB,894,1777651200000,901,1777653300000,0.14391299999999999,0.1438842174,0.17266106087999997,0.11510737391999999,0.08633053044000001,0.11510737391999999,0.08633053044000001,931,1777662600000,target_2,0.2988399159999999,29.883991599999995,31,trigger_110_wait2_stop20,1.1,2,0.2,2026-05-01T16:00:00Z,2026-05-01T16:35:00Z,2026-05-01T19:10:00Z
AKE,753,1789767900000,756,1789768800000,0.044625000000000005,0.04479104,0.049270144,0.035832832,0.026874624000000003,,0.04614,779,1789776000000,utc_day_end,-0.031540954637356115,-3.1540954637356116,24,trigger_110_wait3_stop10,1.1,3,0.1,2026-09-18T21:45:00Z,2026-09-18T22:00:00Z,2026-09-19T00:00:00Z
ALLO,59629,1780768200000,59665,1780779000000,0.46956000000000003,0.46946608800000006,0.5164126968000001,0.3755728704000001,0.28167965280000007,,0.43709,59702,1780790400000,utc_day_end,0.0676186943164254,6.76186943164254,38,trigger_110_wait3_stop10,1.1,3,0.1,2026-06-06T17:50:00Z,2026-06-06T20:50:00Z,2026-06-07T00:00:00Z
APE,111407,1777060500000,111410,1777061400000,0.21424200000000002,0.26404718,0.29045189800000004,0.211237744,0.15842830800000002,0.211237744,0.18035,111455,1777075200000,utc_day_end,0.25729576471574267,25.729576471574266,46,trigger_110_wait3_stop10,1.1,3,0.1,2026-04-24T19:55:00Z,2026-04-24T20:10:00Z,2026-04-25T00:00:00Z
APR,84192,1786543200000,84210,1786548600000,0.43533000000000005,0.4352429340000001,0.4787672274000001,0.3481943472000001,0.2611457604000001,,0.4787672274000001,84277,1786569000000,stop,-0.10148013199999995,-10.148013199999994,68,trigger_110_wait3_stop10,1.1,3,0.1,2026-08-12T14:00:00Z,2026-08-12T15:30:00Z,2026-08-12T21:10:00Z
BASED,4922,1776343200000,4925,1776344100000,0.179466,0.18572284800000002,0.20429513280000003,0.1485782784,0.11143370880000003,,0.20429513280000003,4946,1776350700000,stop,-0.10148013200000007,-10.148013200000007,22,trigger_110_wait3_stop10,1.1,3,0.1,2026-04-16T12:40:00Z,2026-04-16T12:55:00Z,2026-04-16T14:45:00Z
BEAT,2269,1763644800000,2272,1763645700000,1.0319610000000001,1.261177714,1.3872954854000001,1.0089421712,0.7567066284000001,,1.3872954854000001,2272,1763646000000,stop,-0.1014801320000001,-10.14801320000001,1,trigger_110_wait3_stop10,1.1,3,0.1,2025-11-20T13:20:00Z,2025-11-20T13:35:00Z,2025-11-20T13:40:00Z
BERA,90696,1770847200000,90699,1770848100000,1.03635,1.2101579199999999,1.331173712,0.968126336,0.7260947520000001,,1.331173712,90699,1770848400000,stop,-0.10148013200000015,-10.148013200000015,1,trigger_110_wait3_stop10,1.1,3,0.1,2026-02-11T22:00:00Z,2026-02-11T22:15:00Z,2026-02-11T22:20:00Z
BSB,13932,1779303600000,13935,1779304500000,1.7665199999999999,1.766166696,1.9427833656000002,1.4129333568,1.0597000176000002,1.4129333568,1.0597000176000002,13939,1779306000000,target_2,0.298839916,29.883991599999998,5,trigger_110_wait3_stop10,1.1,3,0.1,2026-05-20T19:00:00Z,2026-05-20T19:15:00Z,2026-05-20T19:40:00Z
CFX,31305,1753029900000,31308,1753030800000,0.22285200000000002,0.241291732,0.26542090520000006,0.19303338560000002,0.14477503920000004,,0.22017,31391,1753056000000,utc_day_end,0.08620599789304013,8.620599789304013,84,trigger_110_wait3_stop10,1.1,3,0.1,2025-07-20T16:45:00Z,2025-07-20T17:00:00Z,2025-07-21T00:00:00Z
DOOD,42538,1759812600000,42541,1759813500000,0.014168700000000001,0.015816836,0.017398519600000002,0.012653468800000001,0.009490101600000002,,0.017398519600000002,42541,1759813800000,stop,-0.10148013200000004,-10.148013200000005,1,trigger_110_wait3_stop10,1.1,3,0.1,2025-10-07T04:50:00Z,2025-10-07T05:05:00Z,2025-10-07T05:10:00Z
ENSO,25214,1769296200000,25217,1769297100000,1.6006200000000002,1.66946604,1.8364126440000001,1.3355728320000002,1.001679624,,1.769,25223,1769299200000,utc_day_end,-0.06106805976358757,-6.106805976358757,7,trigger_110_wait3_stop10,1.1,3,0.1,2026-01-24T23:10:00Z,2026-01-24T23:25:00Z,2026-01-25T00:00:00Z
GIGGLE,3314,1762369800000,3317,1762370700000,223.482,240.84182199999998,264.9260042,192.6734576,144.5050932,,264.9260042,3327,1762374000000,stop,-0.10148013200000018,-10.148013200000019,11,trigger_110_wait3_stop10,1.1,3,0.1,2025-11-05T19:10:00Z,2025-11-05T19:25:00Z,2025-11-05T20:20:00Z
H,29559,1760390100000,29562,1760391000000,0.15399300000000002,0.157188556,0.17290741160000003,0.1257508448,0.09431313360000002,,0.17290741160000003,29578,1760396100000,stop,-0.10148013200000013,-10.148013200000012,17,trigger_110_wait3_stop10,1.1,3,0.1,2025-10-13T21:15:00Z,2025-10-13T21:30:00Z,2025-10-13T22:55:00Z
H,32698,1761331800000,32733,1761342300000,0.314097,0.31403418060000005,0.34543759866000007,0.25122734448000006,0.18842050836000004,,0.34543759866000007,32737,1761343800000,stop,-0.10148013200000006,-10.148013200000005,5,trigger_110_wait3_stop10,1.1,3,0.1,2025-10-24T18:50:00Z,2025-10-24T21:45:00Z,2025-10-24T22:10:00Z
H,36727,1762540500000,36730,1762541400000,0.230307,0.23026093860000002,0.25328703246000006,0.18420875088000002,0.13815656316000002,,0.25328703246000006,36734,1762542900000,stop,-0.10148013200000024,-10.148013200000024,5,trigger_110_wait3_stop10,1.1,3,0.1,2025-11-07T18:35:00Z,2025-11-07T18:50:00Z,2025-11-07T19:15:00Z
H,98253,1780998300000,98256,1780999200000,0.153531,0.168226348,0.1850489828,0.1345810784,0.10093580880000001,,0.1850489828,98266,1781002500000,stop,-0.10148013200000001,-10.148013200000001,11,trigger_110_wait3_stop10,1.1,3,0.1,2026-06-09T09:45:00Z,2026-06-09T10:00:00Z,2026-06-09T10:55:00Z
IOST,151110,1788971400000,151113,1788972300000,0.0017929800000000002,0.00180223948,0.0019824634280000003,0.001441791584,0.001081343688,,0.0019824634280000003,151132,1788978300000,stop,-0.10148013200000014,-10.148013200000014,20,trigger_110_wait3_stop10,1.1,3,0.1,2026-09-09T16:30:00Z,2026-09-09T16:45:00Z,2026-09-09T18:25:00Z
JELLYJELLY,5982,1745433000000,5985,1745433900000,0.026166000000000002,0.026160766800000002,0.028776843480000005,0.020928613440000004,0.015696460080000002,,0.02594,6047,1745452800000,utc_day_end,0.007045482593423112,0.7045482593423112,63,trigger_110_wait3_stop10,1.1,3,0.1,2025-04-23T18:30:00Z,2025-04-23T18:45:00Z,2025-04-24T00:00:00Z
JELLYJELLY,11796,1747177200000,11799,1747178100000,0.059871,0.0598590258,0.06584492838,0.047887220640000006,0.035915415480000004,,0.0577,11807,1747180800000,utc_day_end,0.034697247954877365,3.4697247954877364,9,trigger_110_wait3_stop10,1.1,3,0.1,2025-05-13T23:00:00Z,2025-05-13T23:15:00Z,2025-05-14T00:00:00Z
JELLYJELLY,52926,1759516200000,52929,1759517100000,0.10712100000000001,0.10709957580000001,0.11780953338000003,0.08567966064000002,0.06425974548000002,,0.11780953338000003,52944,1759521900000,stop,-0.10148013200000013,-10.148013200000012,16,trigger_110_wait3_stop10,1.1,3,0.1,2025-10-03T18:30:00Z,2025-10-03T18:45:00Z,2025-10-03T20:05:00Z
JELLYJELLY,61797,1762177500000,61800,1762178400000,0.129885,0.1319736,0.14517096000000002,0.10557888,0.07918416,,0.14517096000000002,61819,1762184400000,stop,-0.10148013200000022,-10.148013200000022,20,trigger_110_wait3_stop10,1.1,3,0.1,2025-11-03T13:45:00Z,2025-11-03T14:00:00Z,2025-11-03T15:40:00Z
JELLYJELLY,62175,1762290900000,62178,1762291800000,0.433944,0.516586662,0.5682453282000001,0.41326932960000007,0.30995199720000005,0.41326932960000007,0.30995199720000005,62190,1762295700000,target_2,0.2988399159999999,29.883991599999995,13,trigger_110_wait3_stop10,1.1,3,0.1,2025-11-04T21:15:00Z,2025-11-04T21:30:00Z,2025-11-04T22:35:00Z
JELLYJELLY,72792,1765476000000,72795,1765476900000,0.103782,0.1037612436,0.11413736796,0.08300899488,0.06225674616000001,0.08300899488,0.06225674616000001,72822,1765485300000,target_2,0.29883991599999987,29.883991599999987,28,trigger_110_wait3_stop10,1.1,3,0.1,2025-12-11T18:00:00Z,2025-12-11T18:15:00Z,2025-12-11T20:35:00Z
LAB,52442,1777731000000,52445,1777731900000,2.5512900000000003,2.68956198,2.9585181780000003,2.1516495840000003,1.6137371880000002,,2.9585181780000003,52464,1777737900000,stop,-0.10148013200000006,-10.148013200000005,20,trigger_110_wait3_stop10,1.1,3,0.1,2026-05-02T14:10:00Z,2026-05-02T14:25:00Z,2026-05-02T16:05:00Z
LAB,70560,1783166400000,70563,1783167300000,12.5454,12.542890920000001,13.797180012000002,10.034312736000002,7.525734552000002,,13.797180012000002,70580,1783172700000,stop,-0.101480132,-10.1480132,18,trigger_110_wait3_stop10,1.1,3,0.1,2026-07-04T12:00:00Z,2026-07-04T12:15:00Z,2026-07-04T13:45:00Z
LIGHT,4342,1767174600000,4345,1767175500000,0.9704100000000001,0.9702159180000002,1.0672375098000002,0.7761727344000002,0.5821295508000002,,1.0672375098000002,4346,1767176100000,stop,-0.10148013199999996,-10.148013199999996,2,trigger_110_wait3_stop10,1.1,3,0.1,2025-12-31T09:50:00Z,2025-12-31T10:05:00Z,2025-12-31T10:15:00Z
LPT,16569,1748609100000,16572,1748610000000,11.4891,12.0455904,13.250149440000001,9.636472320000001,7.227354240000001,,13.250149440000001,16688,1748645100000,stop,-0.10148013200000015,-10.148013200000015,117,trigger_110_wait3_stop10,1.1,3,0.1,2025-05-30T12:45:00Z,2025-05-30T13:00:00Z,2025-05-30T22:45:00Z
MERL,68477,1764181500000,68480,1764182400000,0.44948400000000005,0.451649652,0.49681461720000003,0.36131972160000003,0.27098979120000005,,0.49681461720000003,68486,1764184500000,stop,-0.101480132,-10.1480132,7,trigger_110_wait3_stop10,1.1,3,0.1,2025-11-26T18:25:00Z,2025-11-26T18:40:00Z,2025-11-26T19:15:00Z
MOODENG,10335,1746738900000,10338,1746739800000,0.083181,0.08973205,0.098705255,0.07178564,0.05383923,0.07178564,0.07584,10367,1746748800000,utc_day_end,0.17615034601863658,17.61503460186366,30,trigger_110_wait3_stop10,1.1,3,0.1,2025-05-08T21:15:00Z,2025-05-08T21:30:00Z,2025-05-09T00:00:00Z
NIGHT,413,1765403700000,416,1765404600000,0.0833532,0.0856298706,0.09419285766000002,0.06850389648,0.05137792236000001,,0.075,437,1765411200000,utc_day_end,0.12283661768887463,12.283661768887463,22,trigger_110_wait3_stop10,1.1,3,0.1,2025-12-10T21:55:00Z,2025-12-10T22:10:00Z,2025-12-11T00:00:00Z
ONE,153485,1789683900000,153491,1789685700000,0.00197316,0.001972765368,0.0021700419048,0.0015782122943999999,0.0011836592208000001,,0.001754,153503,1789689600000,utc_day_end,0.10958135306195219,10.958135306195219,13,trigger_110_wait3_stop10,1.1,3,0.1,2026-09-17T22:25:00Z,2026-09-17T22:55:00Z,2026-09-18T00:00:00Z
ONE,154013,1789842300000,154016,1789843200000,0.00394359,0.003942801282000001,0.004337081410200001,0.0031542410256000008,0.0023656807692000008,,0.004337081410200001,154050,1789853700000,stop,-0.10148013200000007,-10.148013200000007,35,trigger_110_wait3_stop10,1.1,3,0.1,2026-09-19T18:25:00Z,2026-09-19T18:40:00Z,2026-09-19T21:35:00Z
OPN,28872,1780509600000,28875,1780510500000,0.25263,0.252579474,0.27783742140000006,0.20206357920000004,0.15154768440000005,,0.2286,28943,1780531200000,utc_day_end,0.09361417422066541,9.361417422066541,69,trigger_110_wait3_stop10,1.1,3,0.1,2026-06-03T18:00:00Z,2026-06-03T18:15:00Z,2026-06-04T00:00:00Z
ORDI,109016,1776343200000,109023,1776345300000,7.2072,7.2057585600000005,7.926334416000001,5.764606848000001,4.323455136000001,,7.926334416000001,109052,1776354300000,stop,-0.10148013200000004,-10.148013200000005,30,trigger_110_wait3_stop10,1.1,3,0.1,2026-04-16T12:40:00Z,2026-04-16T13:15:00Z,2026-04-16T15:45:00Z
PIEVERSE,44538,1776625200000,44541,1776626100000,1.29213,1.37452504,1.511977544,1.099620032,0.8247150240000001,,1.1838,44597,1776643200000,utc_day_end,0.13746795250816243,13.746795250816243,57,trigger_110_wait3_stop10,1.1,3,0.1,2026-04-19T19:00:00Z,2026-04-19T19:15:00Z,2026-04-20T00:00:00Z
RAVE,33262,1775764200000,33266,1775765400000,0.663075,0.662942385,0.7292366235000001,0.530353908,0.39776543100000006,,0.7292366235000001,33291,1775773200000,stop,-0.10148013200000011,-10.148013200000012,26,trigger_110_wait3_stop10,1.1,3,0.1,2026-04-09T19:50:00Z,2026-04-09T20:10:00Z,2026-04-09T22:20:00Z
RAVE,34105,1776017100000,34108,1776018000000,4.559667,4.5587550666,5.01463057326,3.64700405328,2.7352530399600004,,5.01463057326,34130,1776024900000,stop,-0.10148013200000006,-10.148013200000005,23,trigger_110_wait3_stop10,1.1,3,0.1,2026-04-12T18:05:00Z,2026-04-12T18:20:00Z,2026-04-12T20:15:00Z
RAVE,34407,1776107700000,34410,1776108600000,13.0725,13.415676328,14.7572439608,10.732541062400001,8.0494057968,10.732541062400001,8.0494057968,34425,1776113400000,target_2,0.29883991600000004,29.883991600000005,16,trigger_110_wait3_stop10,1.1,3,0.1,2026-04-13T19:15:00Z,2026-04-13T19:30:00Z,2026-04-13T20:50:00Z
RE,721,1781908500000,730,1781911200000,0.90972,0.909538056,1.0004918616,0.7276304448,0.5457228336000001,,0.88649,737,1781913600000,utc_day_end,0.023960552990429294,2.3960552990429296,8,trigger_110_wait3_stop10,1.1,3,0.1,2026-06-19T22:35:00Z,2026-06-19T23:20:00Z,2026-06-20T00:00:00Z
RLS,42423,1777415400000,42426,1777416300000,0.0074403,0.0077144568,0.00848590248,0.00617156544,0.004628674080000001,,0.00848590248,42428,1777417200000,stop,-0.10148013200000001,-10.148013200000001,3,trigger_110_wait3_stop10,1.1,3,0.1,2026-04-28T22:30:00Z,2026-04-28T22:45:00Z,2026-04-28T23:00:00Z
SOON,22570,1754770800000,22573,1754771700000,0.44935800000000004,0.45419914200000006,0.4996190562000001,0.36335931360000007,0.2725194852000001,,0.42886,22613,1754784000000,utc_day_end,0.054433134643834376,5.443313464383437,41,trigger_110_wait3_stop10,1.1,3,0.1,2025-08-09T20:20:00Z,2025-08-09T20:35:00Z,2025-08-10T00:00:00Z
SOON,47927,1762377900000,47930,1762378800000,1.518048,2.492141472,2.7413556192,1.9937131776,1.4952848832000003,,2.7413556192,47930,1762379100000,stop,-0.10148013200000003,-10.148013200000003,1,trigger_110_wait3_stop10,1.1,3,0.1,2025-11-05T21:25:00Z,2025-11-05T21:40:00Z,2025-11-05T21:45:00Z
TRUST,4660,1763740200000,4668,1763742600000,0.22176,0.22171564800000002,0.24388721280000003,0.1773725184,0.13302938880000004,,0.24388721280000003,4671,1763743800000,stop,-0.101480132,-10.1480132,4,trigger_110_wait3_stop10,1.1,3,0.1,2025-11-21T15:50:00Z,2025-11-21T16:30:00Z,2025-11-21T16:50:00Z
TRUTH,3513,1765383300000,3516,1765384200000,0.020000399999999998,0.020762846600000003,0.022839131260000006,0.016610277280000002,0.012457707960000003,,0.022839131260000006,3523,1765386600000,stop,-0.10148013200000006,-10.148013200000005,8,trigger_110_wait3_stop10,1.1,3,0.1,2025-12-10T16:15:00Z,2025-12-10T16:30:00Z,2025-12-10T17:10:00Z
UB,894,1777651200000,901,1777653300000,0.14391299999999999,0.1438842174,0.15827263914,0.11510737391999999,0.08633053044000001,0.11510737391999999,0.08633053044000001,931,1777662600000,target_2,0.2988399159999999,29.883991599999995,31,trigger_110_wait3_stop10,1.1,3,0.1,2026-05-01T16:00:00Z,2026-05-01T16:35:00Z,2026-05-01T19:10:00Z
AKE,753,1789767900000,756,1789768800000,0.044625000000000005,0.04479104,0.051509695999999994,0.035832832,0.026874624000000003,,0.04614,779,1789776000000,utc_day_end,-0.031540954637356115,-3.1540954637356116,24,trigger_110_wait3_stop15,1.1,3,0.15,2026-09-18T21:45:00Z,2026-09-18T22:00:00Z,2026-09-19T00:00:00Z
ALLO,59629,1780768200000,59665,1780779000000,0.46956000000000003,0.46946608800000006,0.5398860012000001,0.3755728704000001,0.28167965280000007,,0.43709,59702,1780790400000,utc_day_end,0.0676186943164254,6.76186943164254,38,trigger_110_wait3_stop15,1.1,3,0.15,2026-06-06T17:50:00Z,2026-06-06T20:50:00Z,2026-06-07T00:00:00Z
APE,111407,1777060500000,111410,1777061400000,0.21424200000000002,0.26404718,0.303654257,0.211237744,0.15842830800000002,0.211237744,0.18035,111455,1777075200000,utc_day_end,0.25729576471574267,25.729576471574266,46,trigger_110_wait3_stop15,1.1,3,0.15,2026-04-24T19:55:00Z,2026-04-24T20:10:00Z,2026-04-25T00:00:00Z
APR,84192,1786543200000,84210,1786548600000,0.43533000000000005,0.4352429340000001,0.5005293741000001,0.3481943472000001,0.2611457604000001,,0.5005293741000001,84278,1786569300000,stop,-0.15152013800000003,-15.152013800000002,69,trigger_110_wait3_stop15,1.1,3,0.15,2026-08-12T14:00:00Z,2026-08-12T15:30:00Z,2026-08-12T21:15:00Z
BASED,4922,1776343200000,4925,1776344100000,0.179466,0.18572284800000002,0.2135812752,0.1485782784,0.11143370880000003,,0.2135812752,4947,1776351000000,stop,-0.1515201379999998,-15.152013799999981,23,trigger_110_wait3_stop15,1.1,3,0.15,2026-04-16T12:40:00Z,2026-04-16T12:55:00Z,2026-04-16T14:50:00Z
BEAT,2269,1763644800000,2272,1763645700000,1.0319610000000001,1.261177714,1.4503543711,1.0089421712,0.7567066284000001,1.0089421712,0.7567066284000001,2280,1763648400000,target_2,0.2988399159999999,29.883991599999995,9,trigger_110_wait3_stop15,1.1,3,0.15,2025-11-20T13:20:00Z,2025-11-20T13:35:00Z,2025-11-20T14:20:00Z
BERA,90696,1770847200000,90699,1770848100000,1.03635,1.2101579199999999,1.3916816079999998,0.968126336,0.7260947520000001,0.968126336,0.9396,90719,1770854400000,utc_day_end,0.21055553828050783,21.055553828050783,21,trigger_110_wait3_stop15,1.1,3,0.15,2026-02-11T22:00:00Z,2026-02-11T22:15:00Z,2026-02-12T00:00:00Z
BSB,13932,1779303600000,13935,1779304500000,1.7665199999999999,1.766166696,2.0310917003999998,1.4129333568,1.0597000176000002,1.4129333568,1.0597000176000002,13939,1779306000000,target_2,0.298839916,29.883991599999998,5,trigger_110_wait3_stop15,1.1,3,0.15,2026-05-20T19:00:00Z,2026-05-20T19:15:00Z,2026-05-20T19:40:00Z
CFX,31305,1753029900000,31308,1753030800000,0.22285200000000002,0.241291732,0.2774854918,0.19303338560000002,0.14477503920000004,,0.22017,31391,1753056000000,utc_day_end,0.08620599789304013,8.620599789304013,84,trigger_110_wait3_stop15,1.1,3,0.15,2025-07-20T16:45:00Z,2025-07-20T17:00:00Z,2025-07-21T00:00:00Z
DOOD,42538,1759812600000,42541,1759813500000,0.014168700000000001,0.015816836,0.0181893614,0.012653468800000001,0.009490101600000002,0.012653468800000001,0.010874,42767,1759881600000,utc_day_end,0.25505727562907476,25.505727562907477,227,trigger_110_wait3_stop15,1.1,3,0.15,2025-10-07T04:50:00Z,2025-10-07T05:05:00Z,2025-10-08T00:00:00Z
ENSO,25214,1769296200000,25217,1769297100000,1.6006200000000002,1.66946604,1.919885946,1.3355728320000002,1.001679624,,1.769,25223,1769299200000,utc_day_end,-0.06106805976358757,-6.106805976358757,7,trigger_110_wait3_stop15,1.1,3,0.15,2026-01-24T23:10:00Z,2026-01-24T23:25:00Z,2026-01-25T00:00:00Z
GIGGLE,3314,1762369800000,3317,1762370700000,223.482,240.84182199999998,276.96809529999996,192.6734576,144.5050932,,260.58,3371,1762387200000,utc_day_end,-0.08342063764490214,-8.342063764490213,55,trigger_110_wait3_stop15,1.1,3,0.15,2025-11-05T19:10:00Z,2025-11-05T19:25:00Z,2025-11-06T00:00:00Z
H,29559,1760390100000,29562,1760391000000,0.15399300000000002,0.157188556,0.1807668394,0.1257508448,0.09431313360000002,,0.1807668394,29578,1760396100000,stop,-0.1515201379999998,-15.152013799999981,17,trigger_110_wait3_stop15,1.1,3,0.15,2025-10-13T21:15:00Z,2025-10-13T21:30:00Z,2025-10-13T22:55:00Z
H,32698,1761331800000,32733,1761342300000,0.314097,0.31403418060000005,0.36113930769,0.25122734448000006,0.18842050836000004,,0.36113930769,32749,1761347400000,stop,-0.15152013799999986,-15.152013799999986,17,trigger_110_wait3_stop15,1.1,3,0.15,2025-10-24T18:50:00Z,2025-10-24T21:45:00Z,2025-10-24T23:10:00Z
H,36727,1762540500000,36730,1762541400000,0.230307,0.23026093860000002,0.26480007939,0.18420875088000002,0.13815656316000002,0.18420875088000002,0.23026093860000002,36755,1762549200000,breakeven_stop,0.09867989200000003,9.867989200000004,26,trigger_110_wait3_stop15,1.1,3,0.15,2025-11-07T18:35:00Z,2025-11-07T18:50:00Z,2025-11-07T21:00:00Z
H,98253,1780998300000,98256,1780999200000,0.153531,0.168226348,0.1934603002,0.1345810784,0.10093580880000001,,0.1934603002,98270,1781003700000,stop,-0.151520138,-15.1520138,15,trigger_110_wait3_stop15,1.1,3,0.15,2026-06-09T09:45:00Z,2026-06-09T10:00:00Z,2026-06-09T11:15:00Z
IOST,151110,1788971400000,151113,1788972300000,0.0017929800000000002,0.00180223948,0.002072575402,0.001441791584,0.001081343688,,0.002072575402,151134,1788978900000,stop,-0.1515201379999999,-15.152013799999988,22,trigger_110_wait3_stop15,1.1,3,0.15,2026-09-09T16:30:00Z,2026-09-09T16:45:00Z,2026-09-09T18:35:00Z
JELLYJELLY,5982,1745433000000,5985,1745433900000,0.026166000000000002,0.026160766800000002,0.03008488182,0.020928613440000004,0.015696460080000002,,0.02594,6047,1745452800000,utc_day_end,0.007045482593423112,0.7045482593423112,63,trigger_110_wait3_stop15,1.1,3,0.15,2025-04-23T18:30:00Z,2025-04-23T18:45:00Z,2025-04-24T00:00:00Z
JELLYJELLY,11796,1747177200000,11799,1747178100000,0.059871,0.0598590258,0.06883787966999999,0.047887220640000006,0.035915415480000004,,0.0577,11807,1747180800000,utc_day_end,0.034697247954877365,3.4697247954877364,9,trigger_110_wait3_stop15,1.1,3,0.15,2025-05-13T23:00:00Z,2025-05-13T23:15:00Z,2025-05-14T00:00:00Z
JELLYJELLY,52926,1759516200000,52929,1759517100000,0.10712100000000001,0.10709957580000001,0.12316451217,0.08567966064000002,0.06425974548000002,,0.09969,52991,1759536000000,utc_day_end,0.06783922380129552,6.783922380129552,63,trigger_110_wait3_stop15,1.1,3,0.15,2025-10-03T18:30:00Z,2025-10-03T18:45:00Z,2025-10-04T00:00:00Z
JELLYJELLY,61797,1762177500000,61800,1762178400000,0.129885,0.1319736,0.15176963999999998,0.10557888,0.07918416,,0.15176963999999998,61823,1762185600000,stop,-0.15152013799999983,-15.152013799999983,24,trigger_110_wait3_stop15,1.1,3,0.15,2025-11-03T13:45:00Z,2025-11-03T14:00:00Z,2025-11-03T16:00:00Z
JELLYJELLY,62175,1762290900000,62178,1762291800000,0.433944,0.516586662,0.5940746613,0.41326932960000007,0.30995199720000005,0.41326932960000007,0.30995199720000005,62190,1762295700000,target_2,0.2988399159999999,29.883991599999995,13,trigger_110_wait3_stop15,1.1,3,0.15,2025-11-04T21:15:00Z,2025-11-04T21:30:00Z,2025-11-04T22:35:00Z
JELLYJELLY,72792,1765476000000,72795,1765476900000,0.103782,0.1037612436,0.11932543014,0.08300899488,0.06225674616000001,0.08300899488,0.06225674616000001,72822,1765485300000,target_2,0.29883991599999987,29.883991599999987,28,trigger_110_wait3_stop15,1.1,3,0.15,2025-12-11T18:00:00Z,2025-12-11T18:15:00Z,2025-12-11T20:35:00Z
LAB,52442,1777731000000,52445,1777731900000,2.5512900000000003,2.68956198,3.092996277,2.1516495840000003,1.6137371880000002,,3.092996277,52466,1777738500000,stop,-0.15152013799999992,-15.152013799999992,22,trigger_110_wait3_stop15,1.1,3,0.15,2026-05-02T14:10:00Z,2026-05-02T14:25:00Z,2026-05-02T16:15:00Z
LAB,70560,1783166400000,70563,1783167300000,12.5454,12.542890920000001,14.424324558,10.034312736000002,7.525734552000002,,14.424324558,70593,1783176600000,stop,-0.15152013799999992,-15.152013799999992,31,trigger_110_wait3_stop15,1.1,3,0.15,2026-07-04T12:00:00Z,2026-07-04T12:15:00Z,2026-07-04T14:50:00Z
LIGHT,4342,1767174600000,4345,1767175500000,0.9704100000000001,0.9702159180000002,1.1157483057000002,0.7761727344000002,0.5821295508000002,,1.1157483057000002,4347,1767176400000,stop,-0.15152013799999994,-15.152013799999994,3,trigger_110_wait3_stop15,1.1,3,0.15,2025-12-31T09:50:00Z,2025-12-31T10:05:00Z,2025-12-31T10:20:00Z
LPT,16569,1748609100000,16572,1748610000000,11.4891,12.0455904,13.85242896,9.636472320000001,7.227354240000001,,11.672,16703,1748649600000,utc_day_end,0.029639397760030002,2.9639397760030004,132,trigger_110_wait3_stop15,1.1,3,0.15,2025-05-30T12:45:00Z,2025-05-30T13:00:00Z,2025-05-31T00:00:00Z
MERL,68477,1764181500000,68480,1764182400000,0.44948400000000005,0.451649652,0.5193970997999999,0.36131972160000003,0.27098979120000005,,0.4778,68543,1764201600000,utc_day_end,-0.05934607722713353,-5.934607722713353,64,trigger_110_wait3_stop15,1.1,3,0.15,2025-11-26T18:25:00Z,2025-11-26T18:40:00Z,2025-11-27T00:00:00Z
MOODENG,10335,1746738900000,10338,1746739800000,0.083181,0.08973205,0.10319185749999998,0.07178564,0.05383923,0.07178564,0.07584,10367,1746748800000,utc_day_end,0.17615034601863658,17.61503460186366,30,trigger_110_wait3_stop15,1.1,3,0.15,2025-05-08T21:15:00Z,2025-05-08T21:30:00Z,2025-05-09T00:00:00Z
NIGHT,413,1765403700000,416,1765404600000,0.0833532,0.0856298706,0.09847435119,0.06850389648,0.05137792236000001,,0.075,437,1765411200000,utc_day_end,0.12283661768887463,12.283661768887463,22,trigger_110_wait3_stop15,1.1,3,0.15,2025-12-10T21:55:00Z,2025-12-10T22:10:00Z,2025-12-11T00:00:00Z
ONE,153485,1789683900000,153491,1789685700000,0.00197316,0.001972765368,0.0022686801732,0.0015782122943999999,0.0011836592208000001,,0.001754,153503,1789689600000,utc_day_end,0.10958135306195219,10.958135306195219,13,trigger_110_wait3_stop15,1.1,3,0.15,2026-09-17T22:25:00Z,2026-09-17T22:55:00Z,2026-09-18T00:00:00Z
ONE,154013,1789842300000,154016,1789843200000,0.00394359,0.003942801282000001,0.0045342214743,0.0031542410256000008,0.0023656807692000008,,0.0045342214743,154051,1789854000000,stop,-0.15152013799999978,-15.152013799999978,36,trigger_110_wait3_stop15,1.1,3,0.15,2026-09-19T18:25:00Z,2026-09-19T18:40:00Z,2026-09-19T21:40:00Z
OPN,28872,1780509600000,28875,1780510500000,0.25263,0.252579474,0.2904663951,0.20206357920000004,0.15154768440000005,,0.2286,28943,1780531200000,utc_day_end,0.09361417422066541,9.361417422066541,69,trigger_110_wait3_stop15,1.1,3,0.15,2026-06-03T18:00:00Z,2026-06-03T18:15:00Z,2026-06-04T00:00:00Z
ORDI,109016,1776343200000,109023,1776345300000,7.2072,7.2057585600000005,8.286622344,5.764606848000001,4.323455136000001,,8.286622344,109053,1776354600000,stop,-0.1515201379999999,-15.152013799999988,31,trigger_110_wait3_stop15,1.1,3,0.15,2026-04-16T12:40:00Z,2026-04-16T13:15:00Z,2026-04-16T15:50:00Z
PIEVERSE,44538,1776625200000,44541,1776626100000,1.29213,1.37452504,1.5807037959999999,1.099620032,0.8247150240000001,,1.1838,44597,1776643200000,utc_day_end,0.13746795250816243,13.746795250816243,57,trigger_110_wait3_stop15,1.1,3,0.15,2026-04-19T19:00:00Z,2026-04-19T19:15:00Z,2026-04-20T00:00:00Z
RAVE,33262,1775764200000,33266,1775765400000,0.663075,0.662942385,0.76238374275,0.530353908,0.39776543100000006,,0.76238374275,33291,1775773200000,stop,-0.15152013799999994,-15.152013799999994,26,trigger_110_wait3_stop15,1.1,3,0.15,2026-04-09T19:50:00Z,2026-04-09T20:10:00Z,2026-04-09T22:20:00Z
RAVE,34105,1776017100000,34108,1776018000000,4.559667,4.5587550666,5.24256832659,3.64700405328,2.7352530399600004,,5.24256832659,34131,1776025200000,stop,-0.15152013800000005,-15.152013800000006,24,trigger_110_wait3_stop15,1.1,3,0.15,2026-04-12T18:05:00Z,2026-04-12T18:20:00Z,2026-04-12T20:20:00Z
RAVE,34407,1776107700000,34410,1776108600000,13.0725,13.415676328,15.428027777199999,10.732541062400001,8.0494057968,10.732541062400001,8.0494057968,34425,1776113400000,target_2,0.29883991600000004,29.883991600000005,16,trigger_110_wait3_stop15,1.1,3,0.15,2026-04-13T19:15:00Z,2026-04-13T19:30:00Z,2026-04-13T20:50:00Z
RE,721,1781908500000,730,1781911200000,0.90972,0.909538056,1.0459687644,0.7276304448,0.5457228336000001,,0.88649,737,1781913600000,utc_day_end,0.023960552990429294,2.3960552990429296,8,trigger_110_wait3_stop15,1.1,3,0.15,2026-06-19T22:35:00Z,2026-06-19T23:20:00Z,2026-06-20T00:00:00Z
RLS,42423,1777415400000,42426,1777416300000,0.0074403,0.0077144568,0.00887162532,0.00617156544,0.004628674080000001,,0.00887162532,42429,1777417500000,stop,-0.1515201379999999,-15.152013799999988,4,trigger_110_wait3_stop15,1.1,3,0.15,2026-04-28T22:30:00Z,2026-04-28T22:45:00Z,2026-04-28T23:05:00Z
SOON,22570,1754770800000,22573,1754771700000,0.44935800000000004,0.45419914200000006,0.5223290133,0.36335931360000007,0.2725194852000001,,0.42886,22613,1754784000000,utc_day_end,0.054433134643834376,5.443313464383437,41,trigger_110_wait3_stop15,1.1,3,0.15,2025-08-09T20:20:00Z,2025-08-09T20:35:00Z,2025-08-10T00:00:00Z
SOON,47927,1762377900000,47930,1762378800000,1.518048,2.492141472,2.8659626928,1.9937131776,1.4952848832000003,,2.8659626928,47930,1762379100000,stop,-0.15152013799999997,-15.152013799999997,1,trigger_110_wait3_stop15,1.1,3,0.15,2025-11-05T21:25:00Z,2025-11-05T21:40:00Z,2025-11-05T21:45:00Z
TRUST,4660,1763740200000,4668,1763742600000,0.22176,0.22171564800000002,0.2549729952,0.1773725184,0.13302938880000004,0.1773725184,0.22171564800000002,4677,1763745600000,breakeven_stop,0.098679892,9.8679892,10,trigger_110_wait3_stop15,1.1,3,0.15,2025-11-21T15:50:00Z,2025-11-21T16:30:00Z,2025-11-21T17:20:00Z
TRUTH,3513,1765383300000,3516,1765384200000,0.020000399999999998,0.020762846600000003,0.02387727359,0.016610277280000002,0.012457707960000003,,0.02387727359,3542,1765392300000,stop,-0.15152013799999983,-15.152013799999983,27,trigger_110_wait3_stop15,1.1,3,0.15,2025-12-10T16:15:00Z,2025-12-10T16:30:00Z,2025-12-10T18:45:00Z
UB,894,1777651200000,901,1777653300000,0.14391299999999999,0.1438842174,0.16546685000999997,0.11510737391999999,0.08633053044000001,0.11510737391999999,0.08633053044000001,931,1777662600000,target_2,0.2988399159999999,29.883991599999995,31,trigger_110_wait3_stop15,1.1,3,0.15,2026-05-01T16:00:00Z,2026-05-01T16:35:00Z,2026-05-01T19:10:00Z
AKE,753,1789767900000,756,1789768800000,0.044625000000000005,0.04479104,0.05374924799999999,0.035832832,0.026874624000000003,,0.04614,779,1789776000000,utc_day_end,-0.031540954637356115,-3.1540954637356116,24,trigger_110_wait3_stop20,1.1,3,0.2,2026-09-18T21:45:00Z,2026-09-18T22:00:00Z,2026-09-19T00:00:00Z
ALLO,59629,1780768200000,59665,1780779000000,0.46956000000000003,0.46946608800000006,0.5633593056,0.3755728704000001,0.28167965280000007,,0.43709,59702,1780790400000,utc_day_end,0.0676186943164254,6.76186943164254,38,trigger_110_wait3_stop20,1.1,3,0.2,2026-06-06T17:50:00Z,2026-06-06T20:50:00Z,2026-06-07T00:00:00Z
APE,111407,1777060500000,111410,1777061400000,0.21424200000000002,0.26404718,0.316856616,0.211237744,0.15842830800000002,0.211237744,0.18035,111455,1777075200000,utc_day_end,0.25729576471574267,25.729576471574266,46,trigger_110_wait3_stop20,1.1,3,0.2,2026-04-24T19:55:00Z,2026-04-24T20:10:00Z,2026-04-25T00:00:00Z
APR,84192,1786543200000,84210,1786548600000,0.43533000000000005,0.4352429340000001,0.5222915208000001,0.3481943472000001,0.2611457604000001,,0.5222915208000001,84278,1786569300000,stop,-0.20156014399999983,-20.156014399999982,69,trigger_110_wait3_stop20,1.1,3,0.2,2026-08-12T14:00:00Z,2026-08-12T15:30:00Z,2026-08-12T21:15:00Z
BASED,4922,1776343200000,4925,1776344100000,0.179466,0.18572284800000002,0.22286741760000003,0.1485782784,0.11143370880000003,,0.22286741760000003,4947,1776351000000,stop,-0.201560144,-20.1560144,23,trigger_110_wait3_stop20,1.1,3,0.2,2026-04-16T12:40:00Z,2026-04-16T12:55:00Z,2026-04-16T14:50:00Z
BEAT,2269,1763644800000,2272,1763645700000,1.0319610000000001,1.261177714,1.5134132568,1.0089421712,0.7567066284000001,1.0089421712,0.7567066284000001,2280,1763648400000,target_2,0.2988399159999999,29.883991599999995,9,trigger_110_wait3_stop20,1.1,3,0.2,2025-11-20T13:20:00Z,2025-11-20T13:35:00Z,2025-11-20T14:20:00Z
BERA,90696,1770847200000,90699,1770848100000,1.03635,1.2101579199999999,1.452189504,0.968126336,0.7260947520000001,0.968126336,0.9396,90719,1770854400000,utc_day_end,0.21055553828050783,21.055553828050783,21,trigger_110_wait3_stop20,1.1,3,0.2,2026-02-11T22:00:00Z,2026-02-11T22:15:00Z,2026-02-12T00:00:00Z
BSB,13932,1779303600000,13935,1779304500000,1.7665199999999999,1.766166696,2.1194000352,1.4129333568,1.0597000176000002,1.4129333568,1.0597000176000002,13939,1779306000000,target_2,0.298839916,29.883991599999998,5,trigger_110_wait3_stop20,1.1,3,0.2,2026-05-20T19:00:00Z,2026-05-20T19:15:00Z,2026-05-20T19:40:00Z
CFX,31305,1753029900000,31308,1753030800000,0.22285200000000002,0.241291732,0.2895500784,0.19303338560000002,0.14477503920000004,,0.22017,31391,1753056000000,utc_day_end,0.08620599789304013,8.620599789304013,84,trigger_110_wait3_stop20,1.1,3,0.2,2025-07-20T16:45:00Z,2025-07-20T17:00:00Z,2025-07-21T00:00:00Z
DOOD,42538,1759812600000,42541,1759813500000,0.014168700000000001,0.015816836,0.0189802032,0.012653468800000001,0.009490101600000002,0.012653468800000001,0.010874,42767,1759881600000,utc_day_end,0.25505727562907476,25.505727562907477,227,trigger_110_wait3_stop20,1.1,3,0.2,2025-10-07T04:50:00Z,2025-10-07T05:05:00Z,2025-10-08T00:00:00Z
ENSO,25214,1769296200000,25217,1769297100000,1.6006200000000002,1.66946604,2.003359248,1.3355728320000002,1.001679624,,1.769,25223,1769299200000,utc_day_end,-0.06106805976358757,-6.106805976358757,7,trigger_110_wait3_stop20,1.1,3,0.2,2026-01-24T23:10:00Z,2026-01-24T23:25:00Z,2026-01-25T00:00:00Z
GIGGLE,3314,1762369800000,3317,1762370700000,223.482,240.84182199999998,289.01018639999995,192.6734576,144.5050932,,260.58,3371,1762387200000,utc_day_end,-0.08342063764490214,-8.342063764490213,55,trigger_110_wait3_stop20,1.1,3,0.2,2025-11-05T19:10:00Z,2025-11-05T19:25:00Z,2025-11-06T00:00:00Z
H,29559,1760390100000,29562,1760391000000,0.15399300000000002,0.157188556,0.1886262672,0.1257508448,0.09431313360000002,,0.18172,29591,1760400000000,utc_day_end,-0.15758879380506544,-15.758879380506544,30,trigger_110_wait3_stop20,1.1,3,0.2,2025-10-13T21:15:00Z,2025-10-13T21:30:00Z,2025-10-14T00:00:00Z
H,32698,1761331800000,32733,1761342300000,0.314097,0.31403418060000005,0.37684101672000003,0.25122734448000006,0.18842050836000004,,0.37684101672000003,32749,1761347400000,stop,-0.20156014399999986,-20.156014399999986,17,trigger_110_wait3_stop20,1.1,3,0.2,2025-10-24T18:50:00Z,2025-10-24T21:45:00Z,2025-10-24T23:10:00Z
H,36727,1762540500000,36730,1762541400000,0.230307,0.23026093860000002,0.27631312632,0.18420875088000002,0.13815656316000002,0.18420875088000002,0.23026093860000002,36755,1762549200000,breakeven_stop,0.09867989200000003,9.867989200000004,26,trigger_110_wait3_stop20,1.1,3,0.2,2025-11-07T18:35:00Z,2025-11-07T18:50:00Z,2025-11-07T21:00:00Z
H,98253,1780998300000,98256,1780999200000,0.153531,0.168226348,0.2018716176,0.1345810784,0.10093580880000001,,0.2018716176,98270,1781003700000,stop,-0.201560144,-20.1560144,15,trigger_110_wait3_stop20,1.1,3,0.2,2026-06-09T09:45:00Z,2026-06-09T10:00:00Z,2026-06-09T11:15:00Z
IOST,151110,1788971400000,151113,1788972300000,0.0017929800000000002,0.00180223948,0.0021626873759999997,0.001441791584,0.001081343688,,0.0021626873759999997,151134,1788978900000,stop,-0.20156014399999989,-20.15601439999999,22,trigger_110_wait3_stop20,1.1,3,0.2,2026-09-09T16:30:00Z,2026-09-09T16:45:00Z,2026-09-09T18:35:00Z
JELLYJELLY,5982,1745433000000,5985,1745433900000,0.026166000000000002,0.026160766800000002,0.031392920160000004,0.020928613440000004,0.015696460080000002,,0.02594,6047,1745452800000,utc_day_end,0.007045482593423112,0.7045482593423112,63,trigger_110_wait3_stop20,1.1,3,0.2,2025-04-23T18:30:00Z,2025-04-23T18:45:00Z,2025-04-24T00:00:00Z
JELLYJELLY,11796,1747177200000,11799,1747178100000,0.059871,0.0598590258,0.07183083096,0.047887220640000006,0.035915415480000004,,0.0577,11807,1747180800000,utc_day_end,0.034697247954877365,3.4697247954877364,9,trigger_110_wait3_stop20,1.1,3,0.2,2025-05-13T23:00:00Z,2025-05-13T23:15:00Z,2025-05-14T00:00:00Z
JELLYJELLY,52926,1759516200000,52929,1759517100000,0.10712100000000001,0.10709957580000001,0.12851949096,0.08567966064000002,0.06425974548000002,,0.09969,52991,1759536000000,utc_day_end,0.06783922380129552,6.783922380129552,63,trigger_110_wait3_stop20,1.1,3,0.2,2025-10-03T18:30:00Z,2025-10-03T18:45:00Z,2025-10-04T00:00:00Z
JELLYJELLY,61797,1762177500000,61800,1762178400000,0.129885,0.1319736,0.15836831999999998,0.10557888,0.07918416,,0.15836831999999998,61839,1762190400000,stop,-0.20156014399999989,-20.15601439999999,40,trigger_110_wait3_stop20,1.1,3,0.2,2025-11-03T13:45:00Z,2025-11-03T14:00:00Z,2025-11-03T17:20:00Z
JELLYJELLY,62175,1762290900000,62178,1762291800000,0.433944,0.516586662,0.6199039944,0.41326932960000007,0.30995199720000005,0.41326932960000007,0.30995199720000005,62190,1762295700000,target_2,0.2988399159999999,29.883991599999995,13,trigger_110_wait3_stop20,1.1,3,0.2,2025-11-04T21:15:00Z,2025-11-04T21:30:00Z,2025-11-04T22:35:00Z
JELLYJELLY,72792,1765476000000,72795,1765476900000,0.103782,0.1037612436,0.12451349231999999,0.08300899488,0.06225674616000001,0.08300899488,0.06225674616000001,72822,1765485300000,target_2,0.29883991599999987,29.883991599999987,28,trigger_110_wait3_stop20,1.1,3,0.2,2025-12-11T18:00:00Z,2025-12-11T18:15:00Z,2025-12-11T20:35:00Z
LAB,52442,1777731000000,52445,1777731900000,2.5512900000000003,2.68956198,3.227474376,2.1516495840000003,1.6137371880000002,,3.227474376,52466,1777738500000,stop,-0.20156014399999989,-20.15601439999999,22,trigger_110_wait3_stop20,1.1,3,0.2,2026-05-02T14:10:00Z,2026-05-02T14:25:00Z,2026-05-02T16:15:00Z
LAB,70560,1783166400000,70563,1783167300000,12.5454,12.542890920000001,15.051469104,10.034312736000002,7.525734552000002,,15.051469104,70604,1783179900000,stop,-0.20156014399999994,-20.156014399999993,42,trigger_110_wait3_stop20,1.1,3,0.2,2026-07-04T12:00:00Z,2026-07-04T12:15:00Z,2026-07-04T15:45:00Z
LIGHT,4342,1767174600000,4345,1767175500000,0.9704100000000001,0.9702159180000002,1.1642591016000001,0.7761727344000002,0.5821295508000002,,1.1642591016000001,4357,1767179400000,stop,-0.20156014399999997,-20.156014399999997,13,trigger_110_wait3_stop20,1.1,3,0.2,2025-12-31T09:50:00Z,2025-12-31T10:05:00Z,2025-12-31T11:10:00Z
LPT,16569,1748609100000,16572,1748610000000,11.4891,12.0455904,14.454708479999999,9.636472320000001,7.227354240000001,,11.672,16703,1748649600000,utc_day_end,0.029639397760030002,2.9639397760030004,132,trigger_110_wait3_stop20,1.1,3,0.2,2025-05-30T12:45:00Z,2025-05-30T13:00:00Z,2025-05-31T00:00:00Z
MERL,68477,1764181500000,68480,1764182400000,0.44948400000000005,0.451649652,0.5419795824,0.36131972160000003,0.27098979120000005,,0.4778,68543,1764201600000,utc_day_end,-0.05934607722713353,-5.934607722713353,64,trigger_110_wait3_stop20,1.1,3,0.2,2025-11-26T18:25:00Z,2025-11-26T18:40:00Z,2025-11-27T00:00:00Z
MOODENG,10335,1746738900000,10338,1746739800000,0.083181,0.08973205,0.10767845999999999,0.07178564,0.05383923,0.07178564,0.07584,10367,1746748800000,utc_day_end,0.17615034601863658,17.61503460186366,30,trigger_110_wait3_stop20,1.1,3,0.2,2025-05-08T21:15:00Z,2025-05-08T21:30:00Z,2025-05-09T00:00:00Z
NIGHT,413,1765403700000,416,1765404600000,0.0833532,0.0856298706,0.10275584472,0.06850389648,0.05137792236000001,,0.075,437,1765411200000,utc_day_end,0.12283661768887463,12.283661768887463,22,trigger_110_wait3_stop20,1.1,3,0.2,2025-12-10T21:55:00Z,2025-12-10T22:10:00Z,2025-12-11T00:00:00Z
ONE,153485,1789683900000,153491,1789685700000,0.00197316,0.001972765368,0.0023673184416,0.0015782122943999999,0.0011836592208000001,,0.001754,153503,1789689600000,utc_day_end,0.10958135306195219,10.958135306195219,13,trigger_110_wait3_stop20,1.1,3,0.2,2026-09-17T22:25:00Z,2026-09-17T22:55:00Z,2026-09-18T00:00:00Z
ONE,154013,1789842300000,154016,1789843200000,0.00394359,0.003942801282000001,0.004731361538400001,0.0031542410256000008,0.0023656807692000008,,0.0036461,154079,1789862400000,utc_day_end,0.07391148142038176,7.391148142038176,64,trigger_110_wait3_stop20,1.1,3,0.2,2026-09-19T18:25:00Z,2026-09-19T18:40:00Z,2026-09-20T00:00:00Z
OPN,28872,1780509600000,28875,1780510500000,0.25263,0.252579474,0.30309536880000004,0.20206357920000004,0.15154768440000005,,0.2286,28943,1780531200000,utc_day_end,0.09361417422066541,9.361417422066541,69,trigger_110_wait3_stop20,1.1,3,0.2,2026-06-03T18:00:00Z,2026-06-03T18:15:00Z,2026-06-04T00:00:00Z
ORDI,109016,1776343200000,109023,1776345300000,7.2072,7.2057585600000005,8.646910272,5.764606848000001,4.323455136000001,,8.646910272,109055,1776355200000,stop,-0.2015601439999998,-20.15601439999998,33,trigger_110_wait3_stop20,1.1,3,0.2,2026-04-16T12:40:00Z,2026-04-16T13:15:00Z,2026-04-16T16:00:00Z
PIEVERSE,44538,1776625200000,44541,1776626100000,1.29213,1.37452504,1.649430048,1.099620032,0.8247150240000001,,1.1838,44597,1776643200000,utc_day_end,0.13746795250816243,13.746795250816243,57,trigger_110_wait3_stop20,1.1,3,0.2,2026-04-19T19:00:00Z,2026-04-19T19:15:00Z,2026-04-20T00:00:00Z
RAVE,33262,1775764200000,33266,1775765400000,0.663075,0.662942385,0.795530862,0.530353908,0.39776543100000006,,0.795530862,33294,1775774100000,stop,-0.20156014399999997,-20.156014399999997,29,trigger_110_wait3_stop20,1.1,3,0.2,2026-04-09T19:50:00Z,2026-04-09T20:10:00Z,2026-04-09T22:35:00Z
RAVE,34105,1776017100000,34108,1776018000000,4.559667,4.5587550666,5.47050607992,3.64700405328,2.7352530399600004,,5.47050607992,34141,1776028200000,stop,-0.20156014400000005,-20.156014400000004,34,trigger_110_wait3_stop20,1.1,3,0.2,2026-04-12T18:05:00Z,2026-04-12T18:20:00Z,2026-04-12T21:10:00Z
RAVE,34407,1776107700000,34410,1776108600000,13.0725,13.415676328,16.0988115936,10.732541062400001,8.0494057968,10.732541062400001,8.0494057968,34425,1776113400000,target_2,0.29883991600000004,29.883991600000005,16,trigger_110_wait3_stop20,1.1,3,0.2,2026-04-13T19:15:00Z,2026-04-13T19:30:00Z,2026-04-13T20:50:00Z
RE,721,1781908500000,730,1781911200000,0.90972,0.909538056,1.0914456672,0.7276304448,0.5457228336000001,,0.88649,737,1781913600000,utc_day_end,0.023960552990429294,2.3960552990429296,8,trigger_110_wait3_stop20,1.1,3,0.2,2026-06-19T22:35:00Z,2026-06-19T23:20:00Z,2026-06-20T00:00:00Z
RLS,42423,1777415400000,42426,1777416300000,0.0074403,0.0077144568,0.00925734816,0.00617156544,0.004628674080000001,,0.00925734816,42429,1777417500000,stop,-0.20156014400000002,-20.156014400000004,4,trigger_110_wait3_stop20,1.1,3,0.2,2026-04-28T22:30:00Z,2026-04-28T22:45:00Z,2026-04-28T23:05:00Z
SOON,22570,1754770800000,22573,1754771700000,0.44935800000000004,0.45419914200000006,0.5450389704,0.36335931360000007,0.2725194852000001,,0.42886,22613,1754784000000,utc_day_end,0.054433134643834376,5.443313464383437,41,trigger_110_wait3_stop20,1.1,3,0.2,2025-08-09T20:20:00Z,2025-08-09T20:35:00Z,2025-08-10T00:00:00Z
SOON,47927,1762377900000,47930,1762378800000,1.518048,2.492141472,2.9905697664,1.9937131776,1.4952848832000003,,2.9905697664,47932,1762379700000,stop,-0.20156014399999989,-20.15601439999999,3,trigger_110_wait3_stop20,1.1,3,0.2,2025-11-05T21:25:00Z,2025-11-05T21:40:00Z,2025-11-05T21:55:00Z
TRUST,4660,1763740200000,4668,1763742600000,0.22176,0.22171564800000002,0.2660587776,0.1773725184,0.13302938880000004,0.1773725184,0.22171564800000002,4677,1763745600000,breakeven_stop,0.098679892,9.8679892,10,trigger_110_wait3_stop20,1.1,3,0.2,2025-11-21T15:50:00Z,2025-11-21T16:30:00Z,2025-11-21T17:20:00Z
TRUTH,3513,1765383300000,3516,1765384200000,0.020000399999999998,0.020762846600000003,0.024915415920000003,0.016610277280000002,0.012457707960000003,,0.024915415920000003,3560,1765397700000,stop,-0.20156014399999989,-20.15601439999999,45,trigger_110_wait3_stop20,1.1,3,0.2,2025-12-10T16:15:00Z,2025-12-10T16:30:00Z,2025-12-10T20:15:00Z
UB,894,1777651200000,901,1777653300000,0.14391299999999999,0.1438842174,0.17266106087999997,0.11510737391999999,0.08633053044000001,0.11510737391999999,0.08633053044000001,931,1777662600000,target_2,0.2988399159999999,29.883991599999995,31,trigger_110_wait3_stop20,1.1,3,0.2,2026-05-01T16:00:00Z,2026-05-01T16:35:00Z,2026-05-01T19:10:00Z
AKE,768,1789772400000,769,1789772700000,0.044625000000000005,0.047420514000000004,0.052162565400000006,0.037936411200000006,0.028452308400000008,,0.04614,779,1789776000000,utc_day_end,0.025624862581624552,2.5624862581624552,11,trigger_120_wait1_stop10,1.2,1,0.1,2026-09-18T23:00:00Z,2026-09-18T23:05:00Z,2026-09-19T00:00:00Z
APE,111408,1777060800000,111409,1777061100000,0.21424200000000002,0.24346129800000002,0.26780742780000005,0.19476903840000004,0.14607677880000003,,0.26780742780000005,111409,1777061400000,stop,-0.10148013200000018,-10.148013200000019,1,trigger_120_wait1_stop10,1.2,1,0.1,2026-04-24T20:00:00Z,2026-04-24T20:05:00Z,2026-04-24T20:10:00Z
APR,84277,1786568700000,84278,1786569000000,0.43533000000000005,0.4689062,0.51579682,0.37512496,0.28134372,,0.51579682,84278,1786569300000,stop,-0.10148013200000003,-10.148013200000003,1,trigger_120_wait1_stop10,1.2,1,0.1,2026-08-12T21:05:00Z,2026-08-12T21:10:00Z,2026-08-12T21:15:00Z
BASED,4922,1776343200000,4923,1776343500000,0.179466,0.18805238200000002,0.20685762020000004,0.15044190560000004,0.11283142920000003,,0.20685762020000004,4946,1776350700000,stop,-0.10148013200000003,-10.148013200000003,24,trigger_120_wait1_stop10,1.2,1,0.1,2026-04-16T12:40:00Z,2026-04-16T12:45:00Z,2026-04-16T14:45:00Z
BEAT,2269,1763644800000,2270,1763645100000,1.0319610000000001,1.032533452,1.1357867972000002,0.8260267616000001,0.6195200712000001,,1.1357867972000002,2270,1763645400000,stop,-0.10148013200000007,-10.148013200000007,1,trigger_120_wait1_stop10,1.2,1,0.1,2025-11-20T13:20:00Z,2025-11-20T13:25:00Z,2025-11-20T13:30:00Z
BERA,90697,1770847500000,90698,1770847800000,1.03635,1.09868022,1.2085482420000002,0.8789441760000001,0.6592081320000002,,1.2085482420000002,90698,1770848100000,stop,-0.10148013200000008,-10.148013200000008,1,trigger_120_wait1_stop10,1.2,1,0.1,2026-02-11T22:05:00Z,2026-02-11T22:10:00Z,2026-02-11T22:15:00Z
BSB,13933,1779303900000,13934,1779304200000,1.7665199999999999,1.78974198,1.9687161780000002,1.4317935840000002,1.0738451880000002,,1.9687161780000002,13934,1779304500000,stop,-0.1014801320000001,-10.14801320000001,1,trigger_120_wait1_stop10,1.2,1,0.1,2026-05-20T19:05:00Z,2026-05-20T19:10:00Z,2026-05-20T19:15:00Z
CFX,31305,1753029900000,31306,1753030200000,0.22285200000000002,0.22817435600000002,0.25099179160000007,0.18253948480000004,0.13690461360000003,,0.25099179160000007,31308,1753031100000,stop,-0.10148013200000013,-10.148013200000012,3,trigger_120_wait1_stop10,1.2,1,0.1,2025-07-20T16:45:00Z,2025-07-20T16:50:00Z,2025-07-20T17:05:00Z
DOOD,42540,1759813200000,42541,1759813500000,0.014168700000000001,0.015816836,0.017398519600000002,0.012653468800000001,0.009490101600000002,,0.017398519600000002,42541,1759813800000,stop,-0.10148013200000004,-10.148013200000005,1,trigger_120_wait1_stop10,1.2,1,0.1,2025-10-07T05:00:00Z,2025-10-07T05:05:00Z,2025-10-07T05:10:00Z
ENSO,25215,1769296500000,25216,1769296800000,1.6006200000000002,1.65076978,1.8158467580000002,1.320615824,0.9904618680000002,,1.8158467580000002,25218,1769297700000,stop,-0.10148013200000004,-10.148013200000005,3,trigger_120_wait1_stop10,1.2,1,0.1,2026-01-24T23:15:00Z,2026-01-24T23:20:00Z,2026-01-24T23:35:00Z
GIGGLE,3315,1762370100000,3316,1762370400000,223.482,231.34372199999999,254.47809420000002,185.0749776,138.8062332,,254.47809420000002,3325,1762373400000,stop,-0.10148013200000015,-10.148013200000015,10,trigger_120_wait1_stop10,1.2,1,0.1,2025-11-05T19:15:00Z,2025-11-05T19:20:00Z,2025-11-05T20:10:00Z
H,29565,1760391900000,29566,1760392200000,0.15399300000000002,0.15855828200000002,0.17441411020000003,0.1268466256,0.09513496920000003,,0.17441411020000003,29578,1760396100000,stop,-0.10148013200000004,-10.148013200000005,13,trigger_120_wait1_stop10,1.2,1,0.1,2025-10-13T21:45:00Z,2025-10-13T21:50:00Z,2025-10-13T22:55:00Z
H,32737,1761343500000,32738,1761343800000,0.314097,0.337812424,0.3715936664,0.2702499392,0.20268745440000002,,0.3715936664,32749,1761347400000,stop,-0.1014801320000001,-10.14801320000001,12,trigger_120_wait1_stop10,1.2,1,0.1,2025-10-24T22:05:00Z,2025-10-24T22:10:00Z,2025-10-24T23:10:00Z
H,36731,1762541700000,36732,1762542000000,0.230307,0.23319335200000002,0.25651268720000003,0.18655468160000002,0.13991601120000002,,0.25651268720000003,36734,1762542900000,stop,-0.1014801320000001,-10.14801320000001,3,trigger_120_wait1_stop10,1.2,1,0.1,2025-11-07T18:55:00Z,2025-11-07T19:00:00Z,2025-11-07T19:15:00Z
H,98253,1780998300000,98254,1780998600000,0.153531,0.157898414,0.1736882554,0.1263187312,0.09473904840000001,,0.1736882554,98255,1780999200000,stop,-0.10148013200000006,-10.148013200000005,2,trigger_120_wait1_stop10,1.2,1,0.1,2026-06-09T09:45:00Z,2026-06-09T09:50:00Z,2026-06-09T10:00:00Z
IOST,151113,1788972300000,151114,1788972600000,0.0017929800000000002,0.00181703652,0.0019987401720000003,0.0014536292160000001,0.0010902219120000002,,0.0019987401720000003,151132,1788978300000,stop,-0.10148013200000013,-10.148013200000012,19,trigger_120_wait1_stop10,1.2,1,0.1,2026-09-09T16:45:00Z,2026-09-09T16:50:00Z,2026-09-09T18:25:00Z
JELLYJELLY,52933,1759518300000,52934,1759518600000,0.10712100000000001,0.10862827,0.119491097,0.086902616,0.065176962,,0.119491097,52944,1759521900000,stop,-0.10148013199999999,-10.1480132,11,trigger_120_wait1_stop10,1.2,1,0.1,2025-10-03T19:05:00Z,2025-10-03T19:10:00Z,2025-10-03T20:05:00Z
JELLYJELLY,61819,1762184100000,61820,1762184400000,0.129885,0.143051384,0.1573565224,0.1144411072,0.08583083040000002,,0.1573565224,61839,1762190400000,stop,-0.10148013200000001,-10.148013200000001,20,trigger_120_wait1_stop10,1.2,1,0.1,2025-11-03T15:35:00Z,2025-11-03T15:40:00Z,2025-11-03T17:20:00Z
JELLYJELLY,62176,1762291200000,62177,1762291500000,0.433944,0.480483884,0.5285322724000001,0.3843871072,0.28829033040000007,,0.5285322724000001,62178,1762292100000,stop,-0.10148013200000004,-10.148013200000005,2,trigger_120_wait1_stop10,1.2,1,0.1,2025-11-04T21:20:00Z,2025-11-04T21:25:00Z,2025-11-04T21:35:00Z
LAB,52443,1777731300000,52444,1777731600000,2.5512900000000003,2.66166756,2.927834316,2.129334048,1.5970005360000004,,2.927834316,52458,1777736100000,stop,-0.10148013200000001,-10.148013200000001,15,trigger_120_wait1_stop10,1.2,1,0.1,2026-05-02T14:15:00Z,2026-05-02T14:20:00Z,2026-05-02T15:35:00Z
LAB,70560,1783166400000,70561,1783166700000,12.5454,12.9504094,14.245450340000001,10.36032752,7.770245640000001,,14.245450340000001,70593,1783176600000,stop,-0.10148013200000017,-10.148013200000017,33,trigger_120_wait1_stop10,1.2,1,0.1,2026-07-04T12:00:00Z,2026-07-04T12:05:00Z,2026-07-04T14:50:00Z
LIGHT,4345,1767175500000,4346,1767175800000,0.9704100000000001,1.0262947,1.1289241700000001,0.82103576,0.6157768200000001,,1.1289241700000001,4347,1767176400000,stop,-0.10148013200000004,-10.148013200000005,2,trigger_120_wait1_stop10,1.2,1,0.1,2025-12-31T10:05:00Z,2025-12-31T10:10:00Z,2025-12-31T10:20:00Z
LPT,16570,1748609400000,16571,1748609700000,11.4891,12.0585878,13.264446580000001,9.64687024,7.235152680000001,,13.264446580000001,16688,1748645100000,stop,-0.10148013200000013,-10.148013200000012,118,trigger_120_wait1_stop10,1.2,1,0.1,2025-05-30T12:50:00Z,2025-05-30T12:55:00Z,2025-05-30T22:45:00Z
MERL,68484,1764183600000,68485,1764183900000,0.44948400000000005,0.466316718,0.5129483898,0.3730533744,0.27979003080000003,,0.4778,68543,1764201600000,utc_day_end,-0.02604532262727063,-2.604532262727063,59,trigger_120_wait1_stop10,1.2,1,0.1,2025-11-26T19:00:00Z,2025-11-26T19:05:00Z,2025-11-27T00:00:00Z
MOODENG,10337,1746739500000,10338,1746739800000,0.083181,0.08973205,0.098705255,0.07178564,0.05383923,0.07178564,0.07584,10367,1746748800000,utc_day_end,0.17615034601863658,17.61503460186366,30,trigger_120_wait1_stop10,1.2,1,0.1,2025-05-08T21:25:00Z,2025-05-08T21:30:00Z,2025-05-09T00:00:00Z
NIGHT,413,1765403700000,414,1765404000000,0.0833532,0.0853259314,0.09385852454,0.06826074512000001,0.05119555884000001,,0.075,437,1765411200000,utc_day_end,0.11971421434914453,11.971421434914454,24,trigger_120_wait1_stop10,1.2,1,0.1,2025-12-10T21:55:00Z,2025-12-10T22:00:00Z,2025-12-11T00:00:00Z
ONE,153491,1789685700000,153492,1789686000000,0.00197316,0.0019866026000000003,0.0021852628600000003,0.0015892820800000004,0.0011919615600000004,,0.001754,153503,1789689600000,utc_day_end,0.11577918399986006,11.577918399986006,12,trigger_120_wait1_stop10,1.2,1,0.1,2026-09-17T22:55:00Z,2026-09-17T23:00:00Z,2026-09-18T00:00:00Z
ONE,154028,1789846800000,154029,1789847100000,0.00394359,0.004109178,0.0045200958,0.0032873424,0.0024655068000000004,,0.0045200958,154051,1789854000000,stop,-0.10148013200000021,-10.14801320000002,23,trigger_120_wait1_stop10,1.2,1,0.1,2026-09-19T19:40:00Z,2026-09-19T19:45:00Z,2026-09-19T21:40:00Z
OPN,28876,1780510800000,28877,1780511100000,0.25263,0.2619476,0.28814236000000004,0.20955808,0.15716856,,0.2286,28943,1780531200000,utc_day_end,0.12600811768460565,12.600811768460565,67,trigger_120_wait1_stop10,1.2,1,0.1,2026-06-03T18:20:00Z,2026-06-03T18:25:00Z,2026-06-04T00:00:00Z
ORDI,109052,1776354000000,109053,1776354300000,7.2072,7.903419,8.693760900000001,6.3227352,4.742051400000001,,8.693760900000001,109055,1776355200000,stop,-0.101480132,-10.1480132,3,trigger_120_wait1_stop10,1.2,1,0.1,2026-04-16T15:40:00Z,2026-04-16T15:45:00Z,2026-04-16T16:00:00Z
PIEVERSE,44539,1776625500000,44540,1776625800000,1.29213,1.3672265,1.50394915,1.0937812,0.8203359,,1.1838,44597,1776643200000,utc_day_end,0.1328667796038184,13.28667796038184,58,trigger_120_wait1_stop10,1.2,1,0.1,2026-04-19T19:05:00Z,2026-04-19T19:10:00Z,2026-04-20T00:00:00Z
RAVE,33275,1775768100000,33276,1775768400000,0.663075,0.678234326,0.7460577586,0.5425874608,0.40694059560000007,,0.7460577586,33291,1775773200000,stop,-0.10148013199999999,-10.1480132,16,trigger_120_wait1_stop10,1.2,1,0.1,2026-04-09T20:55:00Z,2026-04-09T21:00:00Z,2026-04-09T22:20:00Z
RAVE,34105,1776017100000,34106,1776017400000,4.559667,4.775284752,5.252813227200001,3.8202278016,2.8651708512000007,3.8202278016,4.775284752,34129,1776024600000,breakeven_stop,0.09867989199999999,9.867989199999998,24,trigger_120_wait1_stop10,1.2,1,0.1,2026-04-12T18:05:00Z,2026-04-12T18:10:00Z,2026-04-12T20:10:00Z
RAVE,36527,1776743700000,36528,1776744000000,2.31861,2.318146278,2.5499609058000003,1.8545170224,1.3908877668000001,1.8545170224,1.3908877668000001,36531,1776745200000,target_2,0.298839916,29.883991599999998,4,trigger_120_wait1_stop10,1.2,1,0.1,2026-04-21T03:55:00Z,2026-04-21T04:00:00Z,2026-04-21T04:20:00Z
RLS,42424,1777415700000,42425,1777416000000,0.0074403,0.0077344528,0.00850789808,0.00618756224,0.004640671680000001,,0.00850789808,42428,1777417200000,stop,-0.10148013199999989,-10.148013199999989,4,trigger_120_wait1_stop10,1.2,1,0.1,2026-04-28T22:35:00Z,2026-04-28T22:40:00Z,2026-04-28T23:00:00Z
SOON,47927,1762377900000,47928,1762378200000,1.518048,1.952889344,2.1481782784,1.5623114752,1.1717336064000001,,2.1481782784,47928,1762378500000,stop,-0.10148013200000014,-10.148013200000014,1,trigger_120_wait1_stop10,1.2,1,0.1,2025-11-05T21:25:00Z,2025-11-05T21:30:00Z,2025-11-05T21:35:00Z
SOON,50503,1763150700000,50504,1763151000000,4.378710000000001,4.919575888,5.4115334768,3.9356607104,2.9517455328000004,,5.4115334768,50504,1763151300000,stop,-0.10148013200000003,-10.148013200000003,1,trigger_120_wait1_stop10,1.2,1,0.1,2025-11-14T20:05:00Z,2025-11-14T20:10:00Z,2025-11-14T20:15:00Z
TRUST,4660,1763740200000,4661,1763740500000,0.22176,0.22775444,0.25052988400000004,0.18220355200000002,0.13665266400000003,0.18220355200000002,0.22775444,4678,1763745900000,breakeven_stop,0.09867989200000002,9.867989200000002,18,trigger_120_wait1_stop10,1.2,1,0.1,2025-11-21T15:50:00Z,2025-11-21T15:55:00Z,2025-11-21T17:25:00Z
TRUTH,3515,1765383900000,3516,1765384200000,0.020000399999999998,0.020762846600000003,0.022839131260000006,0.016610277280000002,0.012457707960000003,,0.022839131260000006,3523,1765386600000,stop,-0.10148013200000006,-10.148013200000005,8,trigger_120_wait1_stop10,1.2,1,0.1,2025-12-10T16:25:00Z,2025-12-10T16:30:00Z,2025-12-10T17:10:00Z
UB,910,1777656000000,911,1777656300000,0.14391299999999999,0.14542091,0.159963001,0.116336728,0.087252546,0.116336728,0.087252546,930,1777662300000,target_2,0.2988399159999999,29.883991599999995,20,trigger_120_wait1_stop10,1.2,1,0.1,2026-05-01T17:20:00Z,2026-05-01T17:25:00Z,2026-05-01T19:05:00Z
AKE,768,1789772400000,769,1789772700000,0.044625000000000005,0.047420514000000004,0.0545335911,0.037936411200000006,0.028452308400000008,,0.04614,779,1789776000000,utc_day_end,0.025624862581624552,2.5624862581624552,11,trigger_120_wait1_stop15,1.2,1,0.15,2026-09-18T23:00:00Z,2026-09-18T23:05:00Z,2026-09-19T00:00:00Z
APE,111408,1777060800000,111409,1777061100000,0.21424200000000002,0.24346129800000002,0.2799804927,0.19476903840000004,0.14607677880000003,0.19476903840000004,0.18035,111455,1777075200000,utc_day_end,0.22839618598721878,22.839618598721877,47,trigger_120_wait1_stop15,1.2,1,0.15,2026-04-24T20:00:00Z,2026-04-24T20:05:00Z,2026-04-25T00:00:00Z
APR,84277,1786568700000,84278,1786569000000,0.43533000000000005,0.4689062,0.53924213,0.37512496,0.28134372,,0.53924213,84278,1786569300000,stop,-0.15152013799999994,-15.152013799999994,1,trigger_120_wait1_stop15,1.2,1,0.15,2026-08-12T21:05:00Z,2026-08-12T21:10:00Z,2026-08-12T21:15:00Z
BASED,4922,1776343200000,4923,1776343500000,0.179466,0.18805238200000002,0.2162602393,0.15044190560000004,0.11283142920000003,,0.2162602393,4947,1776351000000,stop,-0.15152013799999978,-15.152013799999978,25,trigger_120_wait1_stop15,1.2,1,0.15,2026-04-16T12:40:00Z,2026-04-16T12:45:00Z,2026-04-16T14:50:00Z
BEAT,2269,1763644800000,2270,1763645100000,1.0319610000000001,1.032533452,1.1874134697999998,0.8260267616000001,0.6195200712000001,,1.1874134697999998,2270,1763645400000,stop,-0.15152013799999978,-15.152013799999978,1,trigger_120_wait1_stop15,1.2,1,0.15,2025-11-20T13:20:00Z,2025-11-20T13:25:00Z,2025-11-20T13:30:00Z
BERA,90697,1770847500000,90698,1770847800000,1.03635,1.09868022,1.263482253,0.8789441760000001,0.6592081320000002,,1.263482253,90698,1770848100000,stop,-0.15152013799999994,-15.152013799999994,1,trigger_120_wait1_stop15,1.2,1,0.15,2026-02-11T22:05:00Z,2026-02-11T22:10:00Z,2026-02-11T22:15:00Z
BSB,13933,1779303900000,13934,1779304200000,1.7665199999999999,1.78974198,2.058203277,1.4317935840000002,1.0738451880000002,,2.058203277,13934,1779304500000,stop,-0.151520138,-15.1520138,1,trigger_120_wait1_stop15,1.2,1,0.15,2026-05-20T19:05:00Z,2026-05-20T19:10:00Z,2026-05-20T19:15:00Z
CFX,31305,1753029900000,31306,1753030200000,0.22285200000000002,0.22817435600000002,0.2624005094,0.18253948480000004,0.13690461360000003,,0.22017,31391,1753056000000,utc_day_end,0.03370794641795776,3.370794641795776,86,trigger_120_wait1_stop15,1.2,1,0.15,2025-07-20T16:45:00Z,2025-07-20T16:50:00Z,2025-07-21T00:00:00Z
DOOD,42540,1759813200000,42541,1759813500000,0.014168700000000001,0.015816836,0.0181893614,0.012653468800000001,0.009490101600000002,0.012653468800000001,0.010874,42767,1759881600000,utc_day_end,0.25505727562907476,25.505727562907477,227,trigger_120_wait1_stop15,1.2,1,0.15,2025-10-07T05:00:00Z,2025-10-07T05:05:00Z,2025-10-08T00:00:00Z
ENSO,25215,1769296500000,25216,1769296800000,1.6006200000000002,1.65076978,1.898385247,1.320615824,0.9904618680000002,,1.769,25223,1769299200000,utc_day_end,-0.07307869068695932,-7.307869068695933,8,trigger_120_wait1_stop15,1.2,1,0.15,2026-01-24T23:15:00Z,2026-01-24T23:20:00Z,2026-01-25T00:00:00Z
GIGGLE,3315,1762370100000,3316,1762370400000,223.482,231.34372199999999,266.04528029999994,185.0749776,138.8062332,,266.04528029999994,3327,1762374000000,stop,-0.15152013799999975,-15.152013799999974,12,trigger_120_wait1_stop15,1.2,1,0.15,2025-11-05T19:15:00Z,2025-11-05T19:20:00Z,2025-11-05T20:20:00Z
H,29565,1760391900000,29566,1760392200000,0.15399300000000002,0.15855828200000002,0.18234202430000002,0.1268466256,0.09513496920000003,,0.18234202430000002,29579,1760396400000,stop,-0.1515201379999999,-15.152013799999988,14,trigger_120_wait1_stop15,1.2,1,0.15,2025-10-13T21:45:00Z,2025-10-13T21:50:00Z,2025-10-13T23:00:00Z
H,32737,1761343500000,32738,1761343800000,0.314097,0.337812424,0.3884842876,0.2702499392,0.20268745440000002,,0.3884842876,32754,1761348900000,stop,-0.15152013799999997,-15.152013799999997,17,trigger_120_wait1_stop15,1.2,1,0.15,2025-10-24T22:05:00Z,2025-10-24T22:10:00Z,2025-10-24T23:35:00Z
H,36731,1762541700000,36732,1762542000000,0.230307,0.23319335200000002,0.2681723548,0.18655468160000002,0.13991601120000002,0.18655468160000002,0.23319335200000002,36755,1762549200000,breakeven_stop,0.09867989199999996,9.867989199999997,24,trigger_120_wait1_stop15,1.2,1,0.15,2025-11-07T18:55:00Z,2025-11-07T19:00:00Z,2025-11-07T21:00:00Z
H,98253,1780998300000,98254,1780998600000,0.153531,0.157898414,0.18158317609999997,0.1263187312,0.09473904840000001,,0.18158317609999997,98266,1781002500000,stop,-0.15152013799999986,-15.152013799999986,13,trigger_120_wait1_stop15,1.2,1,0.15,2026-06-09T09:45:00Z,2026-06-09T09:50:00Z,2026-06-09T10:55:00Z
IOST,151113,1788972300000,151114,1788972600000,0.0017929800000000002,0.00181703652,0.002089591998,0.0014536292160000001,0.0010902219120000002,,0.002089591998,151134,1788978900000,stop,-0.15152013799999983,-15.152013799999983,21,trigger_120_wait1_stop15,1.2,1,0.15,2026-09-09T16:45:00Z,2026-09-09T16:50:00Z,2026-09-09T18:35:00Z
JELLYJELLY,52933,1759518300000,52934,1759518600000,0.10712100000000001,0.10862827,0.12492251049999999,0.086902616,0.065176962,,0.09969,52991,1759536000000,utc_day_end,0.08094880895369135,8.094880895369135,58,trigger_120_wait1_stop15,1.2,1,0.15,2025-10-03T19:05:00Z,2025-10-03T19:10:00Z,2025-10-04T00:00:00Z
JELLYJELLY,61819,1762184100000,61820,1762184400000,0.129885,0.143051384,0.1645090916,0.1144411072,0.08583083040000002,,0.1645090916,61851,1762194000000,stop,-0.1515201379999999,-15.152013799999988,32,trigger_120_wait1_stop15,1.2,1,0.15,2025-11-03T15:35:00Z,2025-11-03T15:40:00Z,2025-11-03T18:20:00Z
JELLYJELLY,62176,1762291200000,62177,1762291500000,0.433944,0.480483884,0.5525564666,0.3843871072,0.28829033040000007,0.3843871072,0.28829033040000007,62190,1762295700000,target_2,0.298839916,29.883991599999998,14,trigger_120_wait1_stop15,1.2,1,0.15,2025-11-04T21:20:00Z,2025-11-04T21:25:00Z,2025-11-04T22:35:00Z
LAB,52443,1777731300000,52444,1777731600000,2.5512900000000003,2.66166756,3.060917694,2.129334048,1.5970005360000004,,3.060917694,52466,1777738500000,stop,-0.15152013799999994,-15.152013799999994,23,trigger_120_wait1_stop15,1.2,1,0.15,2026-05-02T14:15:00Z,2026-05-02T14:20:00Z,2026-05-02T16:15:00Z
LAB,70560,1783166400000,70561,1783166700000,12.5454,12.9504094,14.89297081,10.36032752,7.770245640000001,,14.89297081,70604,1783179900000,stop,-0.151520138,-15.1520138,44,trigger_120_wait1_stop15,1.2,1,0.15,2026-07-04T12:00:00Z,2026-07-04T12:05:00Z,2026-07-04T15:45:00Z
LIGHT,4345,1767175500000,4346,1767175800000,0.9704100000000001,1.0262947,1.180238905,0.82103576,0.6157768200000001,,1.180238905,4357,1767179400000,stop,-0.15152013799999992,-15.152013799999992,12,trigger_120_wait1_stop15,1.2,1,0.15,2025-12-31T10:05:00Z,2025-12-31T10:10:00Z,2025-12-31T11:10:00Z
LPT,16570,1748609400000,16571,1748609700000,11.4891,12.0585878,13.86737597,9.64687024,7.235152680000001,,11.672,16703,1748649600000,utc_day_end,0.030684658337852683,3.068465833785268,133,trigger_120_wait1_stop15,1.2,1,0.15,2025-05-30T12:50:00Z,2025-05-30T12:55:00Z,2025-05-31T00:00:00Z
MERL,68484,1764183600000,68485,1764183900000,0.44948400000000005,0.466316718,0.5362642257,0.3730533744,0.27979003080000003,,0.4778,68543,1764201600000,utc_day_end,-0.02604532262727063,-2.604532262727063,59,trigger_120_wait1_stop15,1.2,1,0.15,2025-11-26T19:00:00Z,2025-11-26T19:05:00Z,2025-11-27T00:00:00Z
MOODENG,10337,1746739500000,10338,1746739800000,0.083181,0.08973205,0.10319185749999998,0.07178564,0.05383923,0.07178564,0.07584,10367,1746748800000,utc_day_end,0.17615034601863658,17.61503460186366,30,trigger_120_wait1_stop15,1.2,1,0.15,2025-05-08T21:25:00Z,2025-05-08T21:30:00Z,2025-05-09T00:00:00Z
NIGHT,413,1765403700000,414,1765404000000,0.0833532,0.0853259314,0.09812482111,0.06826074512000001,0.05119555884000001,,0.075,437,1765411200000,utc_day_end,0.11971421434914453,11.971421434914454,24,trigger_120_wait1_stop15,1.2,1,0.15,2025-12-10T21:55:00Z,2025-12-10T22:00:00Z,2025-12-11T00:00:00Z
ONE,153491,1789685700000,153492,1789686000000,0.00197316,0.0019866026000000003,0.00228459299,0.0015892820800000004,0.0011919615600000004,,0.001754,153503,1789689600000,utc_day_end,0.11577918399986006,11.577918399986006,12,trigger_120_wait1_stop15,1.2,1,0.15,2026-09-17T22:55:00Z,2026-09-17T23:00:00Z,2026-09-18T00:00:00Z
ONE,154028,1789846800000,154029,1789847100000,0.00394359,0.004109178,0.0047255547,0.0032873424,0.0024655068000000004,,0.0036461,154079,1789862400000,utc_day_end,0.11138363333688624,11.138363333688623,51,trigger_120_wait1_stop15,1.2,1,0.15,2026-09-19T19:40:00Z,2026-09-19T19:45:00Z,2026-09-20T00:00:00Z
OPN,28876,1780510800000,28877,1780511100000,0.25263,0.2619476,0.30123974,0.20955808,0.15716856,,0.2286,28943,1780531200000,utc_day_end,0.12600811768460565,12.600811768460565,67,trigger_120_wait1_stop15,1.2,1,0.15,2026-06-03T18:20:00Z,2026-06-03T18:25:00Z,2026-06-04T00:00:00Z
ORDI,109052,1776354000000,109053,1776354300000,7.2072,7.903419,9.08893185,6.3227352,4.742051400000001,,9.08893185,109057,1776355800000,stop,-0.1515201379999998,-15.152013799999981,5,trigger_120_wait1_stop15,1.2,1,0.15,2026-04-16T15:40:00Z,2026-04-16T15:45:00Z,2026-04-16T16:10:00Z
PIEVERSE,44539,1776625500000,44540,1776625800000,1.29213,1.3672265,1.5723104749999999,1.0937812,0.8203359,,1.1838,44597,1776643200000,utc_day_end,0.1328667796038184,13.28667796038184,58,trigger_120_wait1_stop15,1.2,1,0.15,2026-04-19T19:05:00Z,2026-04-19T19:10:00Z,2026-04-20T00:00:00Z
RAVE,33275,1775768100000,33276,1775768400000,0.663075,0.678234326,0.7799694748999999,0.5425874608,0.40694059560000007,,0.7799694748999999,33292,1775773500000,stop,-0.15152013799999986,-15.152013799999986,17,trigger_120_wait1_stop15,1.2,1,0.15,2026-04-09T20:55:00Z,2026-04-09T21:00:00Z,2026-04-09T22:25:00Z
RAVE,34105,1776017100000,34106,1776017400000,4.559667,4.775284752,5.4915774648,3.8202278016,2.8651708512000007,3.8202278016,4.775284752,34129,1776024600000,breakeven_stop,0.09867989199999999,9.867989199999998,24,trigger_120_wait1_stop15,1.2,1,0.15,2026-04-12T18:05:00Z,2026-04-12T18:10:00Z,2026-04-12T20:10:00Z
RAVE,36527,1776743700000,36528,1776744000000,2.31861,2.318146278,2.6658682196999997,1.8545170224,1.3908877668000001,1.8545170224,1.3908877668000001,36531,1776745200000,target_2,0.298839916,29.883991599999998,4,trigger_120_wait1_stop15,1.2,1,0.15,2026-04-21T03:55:00Z,2026-04-21T04:00:00Z,2026-04-21T04:20:00Z
RLS,42424,1777415700000,42425,1777416000000,0.0074403,0.0077344528,0.00889462072,0.00618756224,0.004640671680000001,,0.00889462072,42429,1777417500000,stop,-0.15152013800000003,-15.152013800000002,5,trigger_120_wait1_stop15,1.2,1,0.15,2026-04-28T22:35:00Z,2026-04-28T22:40:00Z,2026-04-28T23:05:00Z
SOON,47927,1762377900000,47928,1762378200000,1.518048,1.952889344,2.2458227456,1.5623114752,1.1717336064000001,,2.2458227456,47929,1762378800000,stop,-0.15152013799999992,-15.152013799999992,2,trigger_120_wait1_stop15,1.2,1,0.15,2025-11-05T21:25:00Z,2025-11-05T21:30:00Z,2025-11-05T21:40:00Z
SOON,50503,1763150700000,50504,1763151000000,4.378710000000001,4.919575888,5.657512271199999,3.9356607104,2.9517455328000004,3.9356607104,2.9517455328000004,50507,1763152200000,target_2,0.298839916,29.883991599999998,4,trigger_120_wait1_stop15,1.2,1,0.15,2025-11-14T20:05:00Z,2025-11-14T20:10:00Z,2025-11-14T20:30:00Z
TRUST,4660,1763740200000,4661,1763740500000,0.22176,0.22775444,0.26191760599999997,0.18220355200000002,0.13665266400000003,0.18220355200000002,0.22775444,4678,1763745900000,breakeven_stop,0.09867989200000002,9.867989200000002,18,trigger_120_wait1_stop15,1.2,1,0.15,2025-11-21T15:50:00Z,2025-11-21T15:55:00Z,2025-11-21T17:25:00Z
TRUTH,3515,1765383900000,3516,1765384200000,0.020000399999999998,0.020762846600000003,0.02387727359,0.016610277280000002,0.012457707960000003,,0.02387727359,3542,1765392300000,stop,-0.15152013799999983,-15.152013799999983,27,trigger_120_wait1_stop15,1.2,1,0.15,2025-12-10T16:25:00Z,2025-12-10T16:30:00Z,2025-12-10T18:45:00Z
UB,910,1777656000000,911,1777656300000,0.14391299999999999,0.14542091,0.16723404649999998,0.116336728,0.087252546,0.116336728,0.087252546,930,1777662300000,target_2,0.2988399159999999,29.883991599999995,20,trigger_120_wait1_stop15,1.2,1,0.15,2026-05-01T17:20:00Z,2026-05-01T17:25:00Z,2026-05-01T19:05:00Z
AKE,768,1789772400000,769,1789772700000,0.044625000000000005,0.047420514000000004,0.0569046168,0.037936411200000006,0.028452308400000008,,0.04614,779,1789776000000,utc_day_end,0.025624862581624552,2.5624862581624552,11,trigger_120_wait1_stop20,1.2,1,0.2,2026-09-18T23:00:00Z,2026-09-18T23:05:00Z,2026-09-19T00:00:00Z
APE,111408,1777060800000,111409,1777061100000,0.21424200000000002,0.24346129800000002,0.2921535576,0.19476903840000004,0.14607677880000003,0.19476903840000004,0.18035,111455,1777075200000,utc_day_end,0.22839618598721878,22.839618598721877,47,trigger_120_wait1_stop20,1.2,1,0.2,2026-04-24T20:00:00Z,2026-04-24T20:05:00Z,2026-04-25T00:00:00Z
APR,84277,1786568700000,84278,1786569000000,0.43533000000000005,0.4689062,0.5626874399999999,0.37512496,0.28134372,,0.5626874399999999,84299,1786575600000,stop,-0.20156014399999986,-20.156014399999986,22,trigger_120_wait1_stop20,1.2,1,0.2,2026-08-12T21:05:00Z,2026-08-12T21:10:00Z,2026-08-12T23:00:00Z
BASED,4922,1776343200000,4923,1776343500000,0.179466,0.18805238200000002,0.2256628584,0.15044190560000004,0.11283142920000003,,0.2256628584,4948,1776351300000,stop,-0.2015601439999998,-20.15601439999998,26,trigger_120_wait1_stop20,1.2,1,0.2,2026-04-16T12:40:00Z,2026-04-16T12:45:00Z,2026-04-16T14:55:00Z
BEAT,2269,1763644800000,2270,1763645100000,1.0319610000000001,1.032533452,1.2390401424,0.8260267616000001,0.6195200712000001,,1.2390401424,2270,1763645400000,stop,-0.2015601439999999,-20.156014399999993,1,trigger_120_wait1_stop20,1.2,1,0.2,2025-11-20T13:20:00Z,2025-11-20T13:25:00Z,2025-11-20T13:30:00Z
BERA,90697,1770847500000,90698,1770847800000,1.03635,1.09868022,1.3184162640000001,0.8789441760000001,0.6592081320000002,,1.3184162640000001,90699,1770848400000,stop,-0.20156014400000002,-20.156014400000004,2,trigger_120_wait1_stop20,1.2,1,0.2,2026-02-11T22:05:00Z,2026-02-11T22:10:00Z,2026-02-11T22:20:00Z
BSB,13933,1779303900000,13934,1779304200000,1.7665199999999999,1.78974198,2.147690376,1.4317935840000002,1.0738451880000002,1.4317935840000002,1.0738451880000002,13939,1779306000000,target_2,0.2988399159999999,29.883991599999995,6,trigger_120_wait1_stop20,1.2,1,0.2,2026-05-20T19:05:00Z,2026-05-20T19:10:00Z,2026-05-20T19:40:00Z
CFX,31305,1753029900000,31306,1753030200000,0.22285200000000002,0.22817435600000002,0.2738092272,0.18253948480000004,0.13690461360000003,,0.22017,31391,1753056000000,utc_day_end,0.03370794641795776,3.370794641795776,86,trigger_120_wait1_stop20,1.2,1,0.2,2025-07-20T16:45:00Z,2025-07-20T16:50:00Z,2025-07-21T00:00:00Z
DOOD,42540,1759813200000,42541,1759813500000,0.014168700000000001,0.015816836,0.0189802032,0.012653468800000001,0.009490101600000002,0.012653468800000001,0.010874,42767,1759881600000,utc_day_end,0.25505727562907476,25.505727562907477,227,trigger_120_wait1_stop20,1.2,1,0.2,2025-10-07T05:00:00Z,2025-10-07T05:05:00Z,2025-10-08T00:00:00Z
ENSO,25215,1769296500000,25216,1769296800000,1.6006200000000002,1.65076978,1.980923736,1.320615824,0.9904618680000002,,1.769,25223,1769299200000,utc_day_end,-0.07307869068695932,-7.307869068695933,8,trigger_120_wait1_stop20,1.2,1,0.2,2026-01-24T23:15:00Z,2026-01-24T23:20:00Z,2026-01-25T00:00:00Z
GIGGLE,3315,1762370100000,3316,1762370400000,223.482,231.34372199999999,277.61246639999996,185.0749776,138.8062332,,260.58,3371,1762387200000,utc_day_end,-0.12787716583378914,-12.787716583378913,56,trigger_120_wait1_stop20,1.2,1,0.2,2025-11-05T19:15:00Z,2025-11-05T19:20:00Z,2025-11-06T00:00:00Z
H,29565,1760391900000,29566,1760392200000,0.15399300000000002,0.15855828200000002,0.19026993840000003,0.1268466256,0.09513496920000003,,0.18172,29591,1760400000000,utc_day_end,-0.14759399812114488,-14.759399812114488,26,trigger_120_wait1_stop20,1.2,1,0.2,2025-10-13T21:45:00Z,2025-10-13T21:50:00Z,2025-10-14T00:00:00Z
H,32737,1761343500000,32738,1761343800000,0.314097,0.337812424,0.4053749088,0.2702499392,0.20268745440000002,,0.38072,32759,1761350400000,utc_day_end,-0.12851772775769787,-12.851772775769788,22,trigger_120_wait1_stop20,1.2,1,0.2,2025-10-24T22:05:00Z,2025-10-24T22:10:00Z,2025-10-25T00:00:00Z
H,36731,1762541700000,36732,1762542000000,0.230307,0.23319335200000002,0.2798320224,0.18655468160000002,0.13991601120000002,0.18655468160000002,0.23319335200000002,36755,1762549200000,breakeven_stop,0.09867989199999996,9.867989199999997,24,trigger_120_wait1_stop20,1.2,1,0.2,2025-11-07T18:55:00Z,2025-11-07T19:00:00Z,2025-11-07T21:00:00Z
H,98253,1780998300000,98254,1780998600000,0.153531,0.157898414,0.18947809679999997,0.1263187312,0.09473904840000001,,0.18947809679999997,98267,1781002800000,stop,-0.20156014399999983,-20.156014399999982,14,trigger_120_wait1_stop20,1.2,1,0.2,2026-06-09T09:45:00Z,2026-06-09T09:50:00Z,2026-06-09T11:00:00Z
IOST,151113,1788972300000,151114,1788972600000,0.0017929800000000002,0.00181703652,0.002180443824,0.0014536292160000001,0.0010902219120000002,,0.002180443824,151135,1788979200000,stop,-0.20156014400000002,-20.156014400000004,22,trigger_120_wait1_stop20,1.2,1,0.2,2026-09-09T16:45:00Z,2026-09-09T16:50:00Z,2026-09-09T18:40:00Z
JELLYJELLY,52933,1759518300000,52934,1759518600000,0.10712100000000001,0.10862827,0.13035392399999998,0.086902616,0.065176962,,0.09969,52991,1759536000000,utc_day_end,0.08094880895369135,8.094880895369135,58,trigger_120_wait1_stop20,1.2,1,0.2,2025-10-03T19:05:00Z,2025-10-03T19:10:00Z,2025-10-04T00:00:00Z
JELLYJELLY,61819,1762184100000,61820,1762184400000,0.129885,0.143051384,0.1716616608,0.1144411072,0.08583083040000002,,0.1716616608,61870,1762199700000,stop,-0.20156014399999994,-20.156014399999993,51,trigger_120_wait1_stop20,1.2,1,0.2,2025-11-03T15:35:00Z,2025-11-03T15:40:00Z,2025-11-03T19:55:00Z
JELLYJELLY,62176,1762291200000,62177,1762291500000,0.433944,0.480483884,0.5765806608,0.3843871072,0.28829033040000007,0.3843871072,0.28829033040000007,62190,1762295700000,target_2,0.298839916,29.883991599999998,14,trigger_120_wait1_stop20,1.2,1,0.2,2025-11-04T21:20:00Z,2025-11-04T21:25:00Z,2025-11-04T22:35:00Z
LAB,52443,1777731300000,52444,1777731600000,2.5512900000000003,2.66166756,3.1940010720000003,2.129334048,1.5970005360000004,,3.1940010720000003,52466,1777738500000,stop,-0.20156014400000002,-20.156014400000004,23,trigger_120_wait1_stop20,1.2,1,0.2,2026-05-02T14:15:00Z,2026-05-02T14:20:00Z,2026-05-02T16:15:00Z
LAB,70560,1783166400000,70561,1783166700000,12.5454,12.9504094,15.54049128,10.36032752,7.770245640000001,,15.54049128,70610,1783181700000,stop,-0.20156014399999997,-20.156014399999997,50,trigger_120_wait1_stop20,1.2,1,0.2,2026-07-04T12:00:00Z,2026-07-04T12:05:00Z,2026-07-04T16:15:00Z
LIGHT,4345,1767175500000,4346,1767175800000,0.9704100000000001,1.0262947,1.23155364,0.82103576,0.6157768200000001,,1.23155364,4357,1767179400000,stop,-0.20156014399999994,-20.156014399999993,12,trigger_120_wait1_stop20,1.2,1,0.2,2025-12-31T10:05:00Z,2025-12-31T10:10:00Z,2025-12-31T11:10:00Z
LPT,16570,1748609400000,16571,1748609700000,11.4891,12.0585878,14.47030536,9.64687024,7.235152680000001,,11.672,16703,1748649600000,utc_day_end,0.030684658337852683,3.068465833785268,133,trigger_120_wait1_stop20,1.2,1,0.2,2025-05-30T12:50:00Z,2025-05-30T12:55:00Z,2025-05-31T00:00:00Z
MERL,68484,1764183600000,68485,1764183900000,0.44948400000000005,0.466316718,0.5595800616,0.3730533744,0.27979003080000003,,0.4778,68543,1764201600000,utc_day_end,-0.02604532262727063,-2.604532262727063,59,trigger_120_wait1_stop20,1.2,1,0.2,2025-11-26T19:00:00Z,2025-11-26T19:05:00Z,2025-11-27T00:00:00Z
MOODENG,10337,1746739500000,10338,1746739800000,0.083181,0.08973205,0.10767845999999999,0.07178564,0.05383923,0.07178564,0.07584,10367,1746748800000,utc_day_end,0.17615034601863658,17.61503460186366,30,trigger_120_wait1_stop20,1.2,1,0.2,2025-05-08T21:25:00Z,2025-05-08T21:30:00Z,2025-05-09T00:00:00Z
NIGHT,413,1765403700000,414,1765404000000,0.0833532,0.0853259314,0.10239111767999999,0.06826074512000001,0.05119555884000001,,0.075,437,1765411200000,utc_day_end,0.11971421434914453,11.971421434914454,24,trigger_120_wait1_stop20,1.2,1,0.2,2025-12-10T21:55:00Z,2025-12-10T22:00:00Z,2025-12-11T00:00:00Z
ONE,153491,1789685700000,153492,1789686000000,0.00197316,0.0019866026000000003,0.0023839231200000004,0.0015892820800000004,0.0011919615600000004,,0.001754,153503,1789689600000,utc_day_end,0.11577918399986006,11.577918399986006,12,trigger_120_wait1_stop20,1.2,1,0.2,2026-09-17T22:55:00Z,2026-09-17T23:00:00Z,2026-09-18T00:00:00Z
ONE,154028,1789846800000,154029,1789847100000,0.00394359,0.004109178,0.0049310136,0.0032873424,0.0024655068000000004,,0.0036461,154079,1789862400000,utc_day_end,0.11138363333688624,11.138363333688623,51,trigger_120_wait1_stop20,1.2,1,0.2,2026-09-19T19:40:00Z,2026-09-19T19:45:00Z,2026-09-20T00:00:00Z
OPN,28876,1780510800000,28877,1780511100000,0.25263,0.2619476,0.31433711999999997,0.20955808,0.15716856,,0.2286,28943,1780531200000,utc_day_end,0.12600811768460565,12.600811768460565,67,trigger_120_wait1_stop20,1.2,1,0.2,2026-06-03T18:20:00Z,2026-06-03T18:25:00Z,2026-06-04T00:00:00Z
ORDI,109052,1776354000000,109053,1776354300000,7.2072,7.903419,9.4841028,6.3227352,4.742051400000001,,9.4841028,109057,1776355800000,stop,-0.20156014399999986,-20.156014399999986,5,trigger_120_wait1_stop20,1.2,1,0.2,2026-04-16T15:40:00Z,2026-04-16T15:45:00Z,2026-04-16T16:10:00Z
PIEVERSE,44539,1776625500000,44540,1776625800000,1.29213,1.3672265,1.6406717999999998,1.0937812,0.8203359,,1.1838,44597,1776643200000,utc_day_end,0.1328667796038184,13.28667796038184,58,trigger_120_wait1_stop20,1.2,1,0.2,2026-04-19T19:05:00Z,2026-04-19T19:10:00Z,2026-04-20T00:00:00Z
RAVE,33275,1775768100000,33276,1775768400000,0.663075,0.678234326,0.8138811912,0.5425874608,0.40694059560000007,,0.8138811912,33294,1775774100000,stop,-0.20156014400000005,-20.156014400000004,19,trigger_120_wait1_stop20,1.2,1,0.2,2026-04-09T20:55:00Z,2026-04-09T21:00:00Z,2026-04-09T22:35:00Z
RAVE,34105,1776017100000,34106,1776017400000,4.559667,4.775284752,5.7303417024,3.8202278016,2.8651708512000007,3.8202278016,4.775284752,34129,1776024600000,breakeven_stop,0.09867989199999999,9.867989199999998,24,trigger_120_wait1_stop20,1.2,1,0.2,2026-04-12T18:05:00Z,2026-04-12T18:10:00Z,2026-04-12T20:10:00Z
RAVE,36527,1776743700000,36528,1776744000000,2.31861,2.318146278,2.7817755336,1.8545170224,1.3908877668000001,1.8545170224,1.3908877668000001,36531,1776745200000,target_2,0.298839916,29.883991599999998,4,trigger_120_wait1_stop20,1.2,1,0.2,2026-04-21T03:55:00Z,2026-04-21T04:00:00Z,2026-04-21T04:20:00Z
RLS,42424,1777415700000,42425,1777416000000,0.0074403,0.0077344528,0.00928134336,0.00618756224,0.004640671680000001,,0.00928134336,42429,1777417500000,stop,-0.2015601439999999,-20.156014399999993,5,trigger_120_wait1_stop20,1.2,1,0.2,2026-04-28T22:35:00Z,2026-04-28T22:40:00Z,2026-04-28T23:05:00Z
SOON,47927,1762377900000,47928,1762378200000,1.518048,1.952889344,2.3434672128,1.5623114752,1.1717336064000001,,2.3434672128,47929,1762378800000,stop,-0.2015601439999999,-20.156014399999993,2,trigger_120_wait1_stop20,1.2,1,0.2,2025-11-05T21:25:00Z,2025-11-05T21:30:00Z,2025-11-05T21:40:00Z
SOON,50503,1763150700000,50504,1763151000000,4.378710000000001,4.919575888,5.9034910656,3.9356607104,2.9517455328000004,3.9356607104,2.9517455328000004,50507,1763152200000,target_2,0.298839916,29.883991599999998,4,trigger_120_wait1_stop20,1.2,1,0.2,2025-11-14T20:05:00Z,2025-11-14T20:10:00Z,2025-11-14T20:30:00Z
TRUST,4660,1763740200000,4661,1763740500000,0.22176,0.22775444,0.273305328,0.18220355200000002,0.13665266400000003,0.18220355200000002,0.22775444,4678,1763745900000,breakeven_stop,0.09867989200000002,9.867989200000002,18,trigger_120_wait1_stop20,1.2,1,0.2,2025-11-21T15:50:00Z,2025-11-21T15:55:00Z,2025-11-21T17:25:00Z
TRUTH,3515,1765383900000,3516,1765384200000,0.020000399999999998,0.020762846600000003,0.024915415920000003,0.016610277280000002,0.012457707960000003,,0.024915415920000003,3560,1765397700000,stop,-0.20156014399999989,-20.15601439999999,45,trigger_120_wait1_stop20,1.2,1,0.2,2025-12-10T16:25:00Z,2025-12-10T16:30:00Z,2025-12-10T20:15:00Z
UB,910,1777656000000,911,1777656300000,0.14391299999999999,0.14542091,0.17450509199999997,0.116336728,0.087252546,0.116336728,0.087252546,930,1777662300000,target_2,0.2988399159999999,29.883991599999995,20,trigger_120_wait1_stop20,1.2,1,0.2,2026-05-01T17:20:00Z,2026-05-01T17:25:00Z,2026-05-01T19:05:00Z
AKE,768,1789772400000,770,1789773000000,0.044625000000000005,0.045130972,0.0496440692,0.0361047776,0.027078583200000002,,0.04614,779,1789776000000,utc_day_end,-0.02377578129715447,-2.377578129715447,10,trigger_120_wait2_stop10,1.2,2,0.1,2026-09-18T23:00:00Z,2026-09-18T23:10:00Z,2026-09-19T00:00:00Z
APE,111408,1777060800000,111410,1777061400000,0.21424200000000002,0.26404718,0.29045189800000004,0.211237744,0.15842830800000002,0.211237744,0.18035,111455,1777075200000,utc_day_end,0.25729576471574267,25.729576471574266,46,trigger_120_wait2_stop10,1.2,2,0.1,2026-04-24T20:00:00Z,2026-04-24T20:10:00Z,2026-04-25T00:00:00Z
APR,84277,1786568700000,84279,1786569300000,0.43533000000000005,0.49570084000000003,0.5452709240000001,0.39656067200000006,0.2974205040000001,,0.5452709240000001,84295,1786574400000,stop,-0.10148013200000014,-10.148013200000014,17,trigger_120_wait2_stop10,1.2,2,0.1,2026-08-12T21:05:00Z,2026-08-12T21:15:00Z,2026-08-12T22:40:00Z
BASED,4922,1776343200000,4924,1776343800000,0.179466,0.184183156,0.2026014716,0.1473465248,0.1105098936,,0.2026014716,4944,1776350100000,stop,-0.10148013200000008,-10.148013200000008,21,trigger_120_wait2_stop10,1.2,2,0.1,2026-04-16T12:40:00Z,2026-04-16T12:50:00Z,2026-04-16T14:35:00Z
BEAT,2269,1763644800000,2271,1763645400000,1.0319610000000001,1.19336128,1.312697408,0.954689024,0.7160167680000001,,1.312697408,2271,1763645700000,stop,-0.10148013200000007,-10.148013200000007,1,trigger_120_wait2_stop10,1.2,2,0.1,2025-11-20T13:20:00Z,2025-11-20T13:30:00Z,2025-11-20T13:35:00Z
BERA,90697,1770847500000,90699,1770848100000,1.03635,1.2101579199999999,1.331173712,0.968126336,0.7260947520000001,,1.331173712,90699,1770848400000,stop,-0.10148013200000015,-10.148013200000015,1,trigger_120_wait2_stop10,1.2,2,0.1,2026-02-11T22:05:00Z,2026-02-11T22:15:00Z,2026-02-11T22:20:00Z
BSB,13933,1779303900000,13935,1779304500000,1.7665199999999999,1.766166696,1.9427833656000002,1.4129333568,1.0597000176000002,1.4129333568,1.0597000176000002,13939,1779306000000,target_2,0.298839916,29.883991599999998,5,trigger_120_wait2_stop10,1.2,2,0.1,2026-05-20T19:05:00Z,2026-05-20T19:15:00Z,2026-05-20T19:40:00Z
CFX,31305,1753029900000,31307,1753030500000,0.22285200000000002,0.229134164,0.2520475804,0.1833073312,0.1374804984,,0.22017,31391,1753056000000,utc_day_end,0.03775308286720612,3.775308286720612,85,trigger_120_wait2_stop10,1.2,2,0.1,2025-07-20T16:45:00Z,2025-07-20T16:55:00Z,2025-07-21T00:00:00Z
DOOD,42540,1759813200000,42542,1759813800000,0.014168700000000001,0.0163047384,0.01793521224,0.013043790720000002,0.009782843040000003,0.013043790720000002,0.010874,42767,1759881600000,utc_day_end,0.2653517977083617,26.53517977083617,226,trigger_120_wait2_stop10,1.2,2,0.1,2025-10-07T05:00:00Z,2025-10-07T05:10:00Z,2025-10-08T00:00:00Z
ENSO,25215,1769296500000,25217,1769297100000,1.6006200000000002,1.66946604,1.8364126440000001,1.3355728320000002,1.001679624,,1.769,25223,1769299200000,utc_day_end,-0.06106805976358757,-6.106805976358757,7,trigger_120_wait2_stop10,1.2,2,0.1,2026-01-24T23:15:00Z,2026-01-24T23:25:00Z,2026-01-25T00:00:00Z
GIGGLE,3315,1762370100000,3317,1762370700000,223.482,240.84182199999998,264.9260042,192.6734576,144.5050932,,264.9260042,3327,1762374000000,stop,-0.10148013200000018,-10.148013200000019,11,trigger_120_wait2_stop10,1.2,2,0.1,2025-11-05T19:15:00Z,2025-11-05T19:25:00Z,2025-11-05T20:20:00Z
H,29565,1760391900000,29567,1760392500000,0.15399300000000002,0.15791841,0.17371025100000004,0.126334728,0.09475104600000002,,0.17371025100000004,29578,1760396100000,stop,-0.10148013200000011,-10.148013200000012,12,trigger_120_wait2_stop10,1.2,2,0.1,2025-10-13T21:45:00Z,2025-10-13T21:55:00Z,2025-10-13T22:55:00Z
H,32737,1761343500000,32739,1761344100000,0.314097,0.33879222800000003,0.3726714508000001,0.27103378240000003,0.20327533680000004,,0.3726714508000001,32749,1761347400000,stop,-0.10148013200000004,-10.148013200000005,11,trigger_120_wait2_stop10,1.2,2,0.1,2025-10-24T22:05:00Z,2025-10-24T22:15:00Z,2025-10-24T23:10:00Z
H,36731,1762541700000,36733,1762542300000,0.230307,0.240211948,0.26423314280000004,0.19216955840000002,0.14412716880000004,0.19216955840000002,0.240211948,36756,1762549500000,breakeven_stop,0.09867989200000002,9.867989200000002,24,trigger_120_wait2_stop10,1.2,2,0.1,2025-11-07T18:55:00Z,2025-11-07T19:05:00Z,2025-11-07T21:05:00Z
H,98253,1780998300000,98255,1780998900000,0.153531,0.15992800799999998,0.1759208088,0.12794240639999999,0.0959568048,,0.1759208088,98255,1780999200000,stop,-0.10148013200000001,-10.148013200000001,1,trigger_120_wait2_stop10,1.2,2,0.1,2026-06-09T09:45:00Z,2026-06-09T09:55:00Z,2026-06-09T10:00:00Z
IOST,151113,1788972300000,151115,1788972900000,0.0017929800000000002,0.00184593074,0.002030523814,0.0014767445920000001,0.0011075584440000002,,0.002030523814,151134,1788978900000,stop,-0.10148013200000003,-10.148013200000003,20,trigger_120_wait2_stop10,1.2,2,0.1,2026-09-09T16:45:00Z,2026-09-09T16:55:00Z,2026-09-09T18:35:00Z
JELLYJELLY,52933,1759518300000,52935,1759518900000,0.10712100000000001,0.10709957580000001,0.11780953338000003,0.08567966064000002,0.06425974548000002,,0.11780953338000003,52944,1759521900000,stop,-0.10148013200000013,-10.148013200000012,10,trigger_120_wait2_stop10,1.2,2,0.1,2025-10-03T19:05:00Z,2025-10-03T19:15:00Z,2025-10-03T20:05:00Z
JELLYJELLY,61819,1762184100000,61821,1762184700000,0.129885,0.144151164,0.1585662804,0.1153209312,0.08649069840000001,,0.1585662804,61839,1762190400000,stop,-0.10148013200000013,-10.148013200000012,19,trigger_120_wait2_stop10,1.2,2,0.1,2025-11-03T15:35:00Z,2025-11-03T15:45:00Z,2025-11-03T17:20:00Z
JELLYJELLY,62176,1762291200000,62178,1762291800000,0.433944,0.516586662,0.5682453282000001,0.41326932960000007,0.30995199720000005,0.41326932960000007,0.30995199720000005,62190,1762295700000,target_2,0.2988399159999999,29.883991599999995,13,trigger_120_wait2_stop10,1.2,2,0.1,2025-11-04T21:20:00Z,2025-11-04T21:30:00Z,2025-11-04T22:35:00Z
LAB,52443,1777731300000,52445,1777731900000,2.5512900000000003,2.68956198,2.9585181780000003,2.1516495840000003,1.6137371880000002,,2.9585181780000003,52464,1777737900000,stop,-0.10148013200000006,-10.148013200000005,20,trigger_120_wait2_stop10,1.2,2,0.1,2026-05-02T14:15:00Z,2026-05-02T14:25:00Z,2026-05-02T16:05:00Z
LAB,70560,1783166400000,70562,1783167000000,12.5454,12.542890920000001,13.797180012000002,10.034312736000002,7.525734552000002,,13.797180012000002,70580,1783172700000,stop,-0.101480132,-10.1480132,19,trigger_120_wait2_stop10,1.2,2,0.1,2026-07-04T12:00:00Z,2026-07-04T12:10:00Z,2026-07-04T13:45:00Z
LIGHT,4345,1767175500000,4347,1767176100000,0.9704100000000001,1.06288738,1.1691761180000002,0.8503099040000001,0.6377324280000001,,1.1691761180000002,4357,1767179400000,stop,-0.10148013200000013,-10.148013200000012,11,trigger_120_wait2_stop10,1.2,2,0.1,2025-12-31T10:05:00Z,2025-12-31T10:15:00Z,2025-12-31T11:10:00Z
LPT,16570,1748609400000,16572,1748610000000,11.4891,12.0455904,13.250149440000001,9.636472320000001,7.227354240000001,,13.250149440000001,16688,1748645100000,stop,-0.10148013200000015,-10.148013200000015,117,trigger_120_wait2_stop10,1.2,2,0.1,2025-05-30T12:50:00Z,2025-05-30T13:00:00Z,2025-05-30T22:45:00Z
MERL,68484,1764183600000,68486,1764184200000,0.44948400000000005,0.472535474,0.5197890214,0.37802837920000004,0.2835212844000001,0.37802837920000004,0.472535474,68542,1764201300000,breakeven_stop,0.09867989200000002,9.867989200000002,57,trigger_120_wait2_stop10,1.2,2,0.1,2025-11-26T19:00:00Z,2025-11-26T19:10:00Z,2025-11-26T23:55:00Z
MOODENG,10337,1746739500000,10339,1746740100000,0.083181,0.08624274800000001,0.09486702280000002,0.06899419840000001,0.051745648800000016,0.06899419840000001,0.07584,10367,1746748800000,utc_day_end,0.15903900443650168,15.903900443650167,29,trigger_120_wait2_stop10,1.2,2,0.1,2025-05-08T21:25:00Z,2025-05-08T21:35:00Z,2025-05-09T00:00:00Z
NIGHT,413,1765403700000,415,1765404300000,0.0833532,0.08333652936000001,0.09167018229600002,0.06666922348800002,0.050001917616000015,,0.075,437,1765411200000,utc_day_end,0.09871443538099375,9.871443538099376,23,trigger_120_wait2_stop10,1.2,2,0.1,2025-12-10T21:55:00Z,2025-12-10T22:05:00Z,2025-12-11T00:00:00Z
ONE,153491,1789685700000,153493,1789686300000,0.00197316,0.00203489294,0.0022383822340000005,0.0016279143520000002,0.0012209357640000002,,0.001754,153503,1789689600000,utc_day_end,0.13674851796183451,13.674851796183452,11,trigger_120_wait2_stop10,1.2,2,0.1,2026-09-17T22:55:00Z,2026-09-17T23:05:00Z,2026-09-18T00:00:00Z
ONE,154028,1789846800000,154030,1789847400000,0.00394359,0.003942801282000001,0.004337081410200001,0.0031542410256000008,0.0023656807692000008,,0.004337081410200001,154050,1789853700000,stop,-0.10148013200000007,-10.148013200000007,21,trigger_120_wait2_stop10,1.2,2,0.1,2026-09-19T19:40:00Z,2026-09-19T19:50:00Z,2026-09-19T21:35:00Z
OPN,28876,1780510800000,28879,1780511700000,0.25263,0.252579474,0.27783742140000006,0.20206357920000004,0.15154768440000005,,0.2286,28943,1780531200000,utc_day_end,0.09361417422066541,9.361417422066541,65,trigger_120_wait2_stop10,1.2,2,0.1,2026-06-03T18:20:00Z,2026-06-03T18:35:00Z,2026-06-04T00:00:00Z
ORDI,109052,1776354000000,109054,1776354600000,7.2072,8.3343328,9.167766080000002,6.66746624,5.0005996800000005,,9.167766080000002,109057,1776355800000,stop,-0.10148013200000021,-10.14801320000002,4,trigger_120_wait2_stop10,1.2,2,0.1,2026-04-16T15:40:00Z,2026-04-16T15:50:00Z,2026-04-16T16:10:00Z
PIEVERSE,44539,1776625500000,44541,1776626100000,1.29213,1.37452504,1.511977544,1.099620032,0.8247150240000001,,1.1838,44597,1776643200000,utc_day_end,0.13746795250816243,13.746795250816243,57,trigger_120_wait2_stop10,1.2,2,0.1,2026-04-19T19:05:00Z,2026-04-19T19:15:00Z,2026-04-20T00:00:00Z
RAVE,33275,1775768100000,33277,1775768700000,0.663075,0.682543464,0.7507978104,0.5460347712,0.40952607840000005,,0.7507978104,33291,1775773200000,stop,-0.10148013200000004,-10.148013200000005,15,trigger_120_wait2_stop10,1.2,2,0.1,2026-04-09T20:55:00Z,2026-04-09T21:05:00Z,2026-04-09T22:20:00Z
RAVE,34105,1776017100000,34108,1776018000000,4.559667,4.5587550666,5.01463057326,3.64700405328,2.7352530399600004,,5.01463057326,34130,1776024900000,stop,-0.10148013200000006,-10.148013200000005,23,trigger_120_wait2_stop10,1.2,2,0.1,2026-04-12T18:05:00Z,2026-04-12T18:20:00Z,2026-04-12T20:15:00Z
RLS,42424,1777415700000,42426,1777416300000,0.0074403,0.0077144568,0.00848590248,0.00617156544,0.004628674080000001,,0.00848590248,42428,1777417200000,stop,-0.10148013200000001,-10.148013200000001,3,trigger_120_wait2_stop10,1.2,2,0.1,2026-04-28T22:35:00Z,2026-04-28T22:45:00Z,2026-04-28T23:00:00Z
SOON,47927,1762377900000,47929,1762378500000,1.518048,1.915646794,2.1072114734,1.5325174352,1.1493880764000002,,2.1072114734,47929,1762378800000,stop,-0.10148013199999995,-10.148013199999994,1,trigger_120_wait2_stop10,1.2,2,0.1,2025-11-05T21:25:00Z,2025-11-05T21:35:00Z,2025-11-05T21:40:00Z
SOON,50503,1763150700000,50505,1763151300000,4.378710000000001,4.629253964,5.0921793604,3.7034031712,2.7775523784000007,3.7034031712,2.7775523784000007,50507,1763152200000,target_2,0.2988399159999999,29.883991599999995,3,trigger_120_wait2_stop10,1.2,2,0.1,2025-11-14T20:05:00Z,2025-11-14T20:15:00Z,2025-11-14T20:30:00Z
TRUST,4660,1763740200000,4668,1763742600000,0.22176,0.22171564800000002,0.24388721280000003,0.1773725184,0.13302938880000004,,0.24388721280000003,4671,1763743800000,stop,-0.101480132,-10.1480132,4,trigger_120_wait2_stop10,1.2,2,0.1,2025-11-21T15:50:00Z,2025-11-21T16:30:00Z,2025-11-21T16:50:00Z
TRUTH,3515,1765383900000,3517,1765384500000,0.020000399999999998,0.020655868,0.022721454800000002,0.0165246944,0.012393520800000002,,0.022721454800000002,3523,1765386600000,stop,-0.10148013199999997,-10.148013199999998,7,trigger_120_wait2_stop10,1.2,2,0.1,2025-12-10T16:25:00Z,2025-12-10T16:35:00Z,2025-12-10T17:10:00Z
UB,910,1777656000000,912,1777656600000,0.14391299999999999,0.14489101599999998,0.15938011759999998,0.11591281279999999,0.0869346096,0.11591281279999999,0.0869346096,931,1777662600000,target_2,0.29883991600000004,29.883991600000005,20,trigger_120_wait2_stop10,1.2,2,0.1,2026-05-01T17:20:00Z,2026-05-01T17:30:00Z,2026-05-01T19:10:00Z
AKE,768,1789772400000,770,1789773000000,0.044625000000000005,0.045130972,0.05190061779999999,0.0361047776,0.027078583200000002,,0.04614,779,1789776000000,utc_day_end,-0.02377578129715447,-2.377578129715447,10,trigger_120_wait2_stop15,1.2,2,0.15,2026-09-18T23:00:00Z,2026-09-18T23:10:00Z,2026-09-19T00:00:00Z
APE,111408,1777060800000,111410,1777061400000,0.21424200000000002,0.26404718,0.303654257,0.211237744,0.15842830800000002,0.211237744,0.18035,111455,1777075200000,utc_day_end,0.25729576471574267,25.729576471574266,46,trigger_120_wait2_stop15,1.2,2,0.15,2026-04-24T20:00:00Z,2026-04-24T20:10:00Z,2026-04-25T00:00:00Z
APR,84277,1786568700000,84279,1786569300000,0.43533000000000005,0.49570084000000003,0.570055966,0.39656067200000006,0.2974205040000001,,0.570055966,84299,1786575600000,stop,-0.15152013799999983,-15.152013799999983,21,trigger_120_wait2_stop15,1.2,2,0.15,2026-08-12T21:05:00Z,2026-08-12T21:15:00Z,2026-08-12T23:00:00Z
BASED,4922,1776343200000,4924,1776343800000,0.179466,0.184183156,0.21181062939999998,0.1473465248,0.1105098936,,0.21181062939999998,4947,1776351000000,stop,-0.15152013799999992,-15.152013799999992,24,trigger_120_wait2_stop15,1.2,2,0.15,2026-04-16T12:40:00Z,2026-04-16T12:50:00Z,2026-04-16T14:50:00Z
BEAT,2269,1763644800000,2271,1763645400000,1.0319610000000001,1.19336128,1.3723654719999998,0.954689024,0.7160167680000001,,1.3723654719999998,2271,1763645700000,stop,-0.15152013799999986,-15.152013799999986,1,trigger_120_wait2_stop15,1.2,2,0.15,2025-11-20T13:20:00Z,2025-11-20T13:30:00Z,2025-11-20T13:35:00Z
BERA,90697,1770847500000,90699,1770848100000,1.03635,1.2101579199999999,1.3916816079999998,0.968126336,0.7260947520000001,0.968126336,0.9396,90719,1770854400000,utc_day_end,0.21055553828050783,21.055553828050783,21,trigger_120_wait2_stop15,1.2,2,0.15,2026-02-11T22:05:00Z,2026-02-11T22:15:00Z,2026-02-12T00:00:00Z
BSB,13933,1779303900000,13935,1779304500000,1.7665199999999999,1.766166696,2.0310917003999998,1.4129333568,1.0597000176000002,1.4129333568,1.0597000176000002,13939,1779306000000,target_2,0.298839916,29.883991599999998,5,trigger_120_wait2_stop15,1.2,2,0.15,2026-05-20T19:05:00Z,2026-05-20T19:15:00Z,2026-05-20T19:40:00Z
CFX,31305,1753029900000,31307,1753030500000,0.22285200000000002,0.229134164,0.26350428859999997,0.1833073312,0.1374804984,,0.22017,31391,1753056000000,utc_day_end,0.03775308286720612,3.775308286720612,85,trigger_120_wait2_stop15,1.2,2,0.15,2025-07-20T16:45:00Z,2025-07-20T16:55:00Z,2025-07-21T00:00:00Z
DOOD,42540,1759813200000,42542,1759813800000,0.014168700000000001,0.0163047384,0.018750449159999998,0.013043790720000002,0.009782843040000003,0.013043790720000002,0.010874,42767,1759881600000,utc_day_end,0.2653517977083617,26.53517977083617,226,trigger_120_wait2_stop15,1.2,2,0.15,2025-10-07T05:00:00Z,2025-10-07T05:10:00Z,2025-10-08T00:00:00Z
ENSO,25215,1769296500000,25217,1769297100000,1.6006200000000002,1.66946604,1.919885946,1.3355728320000002,1.001679624,,1.769,25223,1769299200000,utc_day_end,-0.06106805976358757,-6.106805976358757,7,trigger_120_wait2_stop15,1.2,2,0.15,2026-01-24T23:15:00Z,2026-01-24T23:25:00Z,2026-01-25T00:00:00Z
GIGGLE,3315,1762370100000,3317,1762370700000,223.482,240.84182199999998,276.96809529999996,192.6734576,144.5050932,,260.58,3371,1762387200000,utc_day_end,-0.08342063764490214,-8.342063764490213,55,trigger_120_wait2_stop15,1.2,2,0.15,2025-11-05T19:15:00Z,2025-11-05T19:25:00Z,2025-11-06T00:00:00Z
H,29565,1760391900000,29567,1760392500000,0.15399300000000002,0.15791841,0.1816061715,0.126334728,0.09475104600000002,,0.1816061715,29578,1760396100000,stop,-0.15152013799999992,-15.152013799999992,12,trigger_120_wait2_stop15,1.2,2,0.15,2025-10-13T21:45:00Z,2025-10-13T21:55:00Z,2025-10-13T22:55:00Z
H,32737,1761343500000,32739,1761344100000,0.314097,0.33879222800000003,0.3896110622,0.27103378240000003,0.20327533680000004,,0.3896110622,32754,1761348900000,stop,-0.15152013800000003,-15.152013800000002,16,trigger_120_wait2_stop15,1.2,2,0.15,2025-10-24T22:05:00Z,2025-10-24T22:15:00Z,2025-10-24T23:35:00Z
H,36731,1762541700000,36733,1762542300000,0.230307,0.240211948,0.2762437402,0.19216955840000002,0.14412716880000004,0.19216955840000002,0.240211948,36756,1762549500000,breakeven_stop,0.09867989200000002,9.867989200000002,24,trigger_120_wait2_stop15,1.2,2,0.15,2025-11-07T18:55:00Z,2025-11-07T19:05:00Z,2025-11-07T21:05:00Z
H,98253,1780998300000,98255,1780998900000,0.153531,0.15992800799999998,0.18391720919999996,0.12794240639999999,0.0959568048,,0.18391720919999996,98266,1781002500000,stop,-0.15152013799999983,-15.152013799999983,12,trigger_120_wait2_stop15,1.2,2,0.15,2026-06-09T09:45:00Z,2026-06-09T09:55:00Z,2026-06-09T10:55:00Z
IOST,151113,1788972300000,151115,1788972900000,0.0017929800000000002,0.00184593074,0.002122820351,0.0014767445920000001,0.0011075584440000002,,0.002122820351,151134,1788978900000,stop,-0.15152013799999997,-15.152013799999997,20,trigger_120_wait2_stop15,1.2,2,0.15,2026-09-09T16:45:00Z,2026-09-09T16:55:00Z,2026-09-09T18:35:00Z
JELLYJELLY,52933,1759518300000,52935,1759518900000,0.10712100000000001,0.10709957580000001,0.12316451217,0.08567966064000002,0.06425974548000002,,0.09969,52991,1759536000000,utc_day_end,0.06783922380129552,6.783922380129552,57,trigger_120_wait2_stop15,1.2,2,0.15,2025-10-03T19:05:00Z,2025-10-03T19:15:00Z,2025-10-04T00:00:00Z
JELLYJELLY,61819,1762184100000,61821,1762184700000,0.129885,0.144151164,0.16577383859999997,0.1153209312,0.08649069840000001,,0.16577383859999997,61852,1762194300000,stop,-0.1515201379999999,-15.152013799999988,32,trigger_120_wait2_stop15,1.2,2,0.15,2025-11-03T15:35:00Z,2025-11-03T15:45:00Z,2025-11-03T18:25:00Z
JELLYJELLY,62176,1762291200000,62178,1762291800000,0.433944,0.516586662,0.5940746613,0.41326932960000007,0.30995199720000005,0.41326932960000007,0.30995199720000005,62190,1762295700000,target_2,0.2988399159999999,29.883991599999995,13,trigger_120_wait2_stop15,1.2,2,0.15,2025-11-04T21:20:00Z,2025-11-04T21:30:00Z,2025-11-04T22:35:00Z
LAB,52443,1777731300000,52445,1777731900000,2.5512900000000003,2.68956198,3.092996277,2.1516495840000003,1.6137371880000002,,3.092996277,52466,1777738500000,stop,-0.15152013799999992,-15.152013799999992,22,trigger_120_wait2_stop15,1.2,2,0.15,2026-05-02T14:15:00Z,2026-05-02T14:25:00Z,2026-05-02T16:15:00Z
LAB,70560,1783166400000,70562,1783167000000,12.5454,12.542890920000001,14.424324558,10.034312736000002,7.525734552000002,,14.424324558,70593,1783176600000,stop,-0.15152013799999992,-15.152013799999992,32,trigger_120_wait2_stop15,1.2,2,0.15,2026-07-04T12:00:00Z,2026-07-04T12:10:00Z,2026-07-04T14:50:00Z
LIGHT,4345,1767175500000,4347,1767176100000,0.9704100000000001,1.06288738,1.222320487,0.8503099040000001,0.6377324280000001,,1.222320487,4357,1767179400000,stop,-0.1515201379999999,-15.152013799999988,11,trigger_120_wait2_stop15,1.2,2,0.15,2025-12-31T10:05:00Z,2025-12-31T10:15:00Z,2025-12-31T11:10:00Z
LPT,16570,1748609400000,16572,1748610000000,11.4891,12.0455904,13.85242896,9.636472320000001,7.227354240000001,,11.672,16703,1748649600000,utc_day_end,0.029639397760030002,2.9639397760030004,132,trigger_120_wait2_stop15,1.2,2,0.15,2025-05-30T12:50:00Z,2025-05-30T13:00:00Z,2025-05-31T00:00:00Z
MERL,68484,1764183600000,68486,1764184200000,0.44948400000000005,0.472535474,0.5434157950999999,0.37802837920000004,0.2835212844000001,0.37802837920000004,0.472535474,68542,1764201300000,breakeven_stop,0.09867989200000002,9.867989200000002,57,trigger_120_wait2_stop15,1.2,2,0.15,2025-11-26T19:00:00Z,2025-11-26T19:10:00Z,2025-11-26T23:55:00Z
MOODENG,10337,1746739500000,10339,1746740100000,0.083181,0.08624274800000001,0.0991791602,0.06899419840000001,0.051745648800000016,0.06899419840000001,0.07584,10367,1746748800000,utc_day_end,0.15903900443650168,15.903900443650167,29,trigger_120_wait2_stop15,1.2,2,0.15,2025-05-08T21:25:00Z,2025-05-08T21:35:00Z,2025-05-09T00:00:00Z
NIGHT,413,1765403700000,415,1765404300000,0.0833532,0.08333652936000001,0.095837008764,0.06666922348800002,0.050001917616000015,,0.075,437,1765411200000,utc_day_end,0.09871443538099375,9.871443538099376,23,trigger_120_wait2_stop15,1.2,2,0.15,2025-12-10T21:55:00Z,2025-12-10T22:05:00Z,2025-12-11T00:00:00Z
ONE,153491,1789685700000,153493,1789686300000,0.00197316,0.00203489294,0.002340126881,0.0016279143520000002,0.0012209357640000002,,0.001754,153503,1789689600000,utc_day_end,0.13674851796183451,13.674851796183452,11,trigger_120_wait2_stop15,1.2,2,0.15,2026-09-17T22:55:00Z,2026-09-17T23:05:00Z,2026-09-18T00:00:00Z
ONE,154028,1789846800000,154030,1789847400000,0.00394359,0.003942801282000001,0.0045342214743,0.0031542410256000008,0.0023656807692000008,,0.0045342214743,154051,1789854000000,stop,-0.15152013799999978,-15.152013799999978,22,trigger_120_wait2_stop15,1.2,2,0.15,2026-09-19T19:40:00Z,2026-09-19T19:50:00Z,2026-09-19T21:40:00Z
OPN,28876,1780510800000,28879,1780511700000,0.25263,0.252579474,0.2904663951,0.20206357920000004,0.15154768440000005,,0.2286,28943,1780531200000,utc_day_end,0.09361417422066541,9.361417422066541,65,trigger_120_wait2_stop15,1.2,2,0.15,2026-06-03T18:20:00Z,2026-06-03T18:35:00Z,2026-06-04T00:00:00Z
ORDI,109052,1776354000000,109054,1776354600000,7.2072,8.3343328,9.58448272,6.66746624,5.0005996800000005,,9.58448272,109057,1776355800000,stop,-0.15152013799999994,-15.152013799999994,4,trigger_120_wait2_stop15,1.2,2,0.15,2026-04-16T15:40:00Z,2026-04-16T15:50:00Z,2026-04-16T16:10:00Z
PIEVERSE,44539,1776625500000,44541,1776626100000,1.29213,1.37452504,1.5807037959999999,1.099620032,0.8247150240000001,,1.1838,44597,1776643200000,utc_day_end,0.13746795250816243,13.746795250816243,57,trigger_120_wait2_stop15,1.2,2,0.15,2026-04-19T19:05:00Z,2026-04-19T19:15:00Z,2026-04-20T00:00:00Z
RAVE,33275,1775768100000,33277,1775768700000,0.663075,0.682543464,0.7849249836,0.5460347712,0.40952607840000005,,0.7849249836,33292,1775773500000,stop,-0.15152013799999997,-15.152013799999997,16,trigger_120_wait2_stop15,1.2,2,0.15,2026-04-09T20:55:00Z,2026-04-09T21:05:00Z,2026-04-09T22:25:00Z
RAVE,34105,1776017100000,34108,1776018000000,4.559667,4.5587550666,5.24256832659,3.64700405328,2.7352530399600004,,5.24256832659,34131,1776025200000,stop,-0.15152013800000005,-15.152013800000006,24,trigger_120_wait2_stop15,1.2,2,0.15,2026-04-12T18:05:00Z,2026-04-12T18:20:00Z,2026-04-12T20:20:00Z
RLS,42424,1777415700000,42426,1777416300000,0.0074403,0.0077144568,0.00887162532,0.00617156544,0.004628674080000001,,0.00887162532,42429,1777417500000,stop,-0.1515201379999999,-15.152013799999988,4,trigger_120_wait2_stop15,1.2,2,0.15,2026-04-28T22:35:00Z,2026-04-28T22:45:00Z,2026-04-28T23:05:00Z
SOON,47927,1762377900000,47929,1762378500000,1.518048,1.915646794,2.2029938130999995,1.5325174352,1.1493880764000002,,2.2029938130999995,47929,1762378800000,stop,-0.15152013799999986,-15.152013799999986,1,trigger_120_wait2_stop15,1.2,2,0.15,2025-11-05T21:25:00Z,2025-11-05T21:35:00Z,2025-11-05T21:40:00Z
SOON,50503,1763150700000,50505,1763151300000,4.378710000000001,4.629253964,5.3236420586,3.7034031712,2.7775523784000007,3.7034031712,2.7775523784000007,50507,1763152200000,target_2,0.2988399159999999,29.883991599999995,3,trigger_120_wait2_stop15,1.2,2,0.15,2025-11-14T20:05:00Z,2025-11-14T20:15:00Z,2025-11-14T20:30:00Z
TRUST,4660,1763740200000,4668,1763742600000,0.22176,0.22171564800000002,0.2549729952,0.1773725184,0.13302938880000004,0.1773725184,0.22171564800000002,4677,1763745600000,breakeven_stop,0.098679892,9.8679892,10,trigger_120_wait2_stop15,1.2,2,0.15,2025-11-21T15:50:00Z,2025-11-21T16:30:00Z,2025-11-21T17:20:00Z
TRUTH,3515,1765383900000,3517,1765384500000,0.020000399999999998,0.020655868,0.023754248199999998,0.0165246944,0.012393520800000002,,0.023754248199999998,3527,1765387800000,stop,-0.15152013799999978,-15.152013799999978,11,trigger_120_wait2_stop15,1.2,2,0.15,2025-12-10T16:25:00Z,2025-12-10T16:35:00Z,2025-12-10T17:30:00Z
UB,910,1777656000000,912,1777656600000,0.14391299999999999,0.14489101599999998,0.16662466839999998,0.11591281279999999,0.0869346096,0.11591281279999999,0.0869346096,931,1777662600000,target_2,0.29883991600000004,29.883991600000005,20,trigger_120_wait2_stop15,1.2,2,0.15,2026-05-01T17:20:00Z,2026-05-01T17:30:00Z,2026-05-01T19:10:00Z
AKE,768,1789772400000,770,1789773000000,0.044625000000000005,0.045130972,0.0541571664,0.0361047776,0.027078583200000002,,0.04614,779,1789776000000,utc_day_end,-0.02377578129715447,-2.377578129715447,10,trigger_120_wait2_stop20,1.2,2,0.2,2026-09-18T23:00:00Z,2026-09-18T23:10:00Z,2026-09-19T00:00:00Z
APE,111408,1777060800000,111410,1777061400000,0.21424200000000002,0.26404718,0.316856616,0.211237744,0.15842830800000002,0.211237744,0.18035,111455,1777075200000,utc_day_end,0.25729576471574267,25.729576471574266,46,trigger_120_wait2_stop20,1.2,2,0.2,2026-04-24T20:00:00Z,2026-04-24T20:10:00Z,2026-04-25T00:00:00Z
APR,84277,1786568700000,84279,1786569300000,0.43533000000000005,0.49570084000000003,0.5948410080000001,0.39656067200000006,0.2974205040000001,,0.5948410080000001,84300,1786575900000,stop,-0.20156014399999997,-20.156014399999997,22,trigger_120_wait2_stop20,1.2,2,0.2,2026-08-12T21:05:00Z,2026-08-12T21:15:00Z,2026-08-12T23:05:00Z
BASED,4922,1776343200000,4924,1776343800000,0.179466,0.184183156,0.22101978719999998,0.1473465248,0.1105098936,,0.22101978719999998,4947,1776351000000,stop,-0.20156014400000005,-20.156014400000004,24,trigger_120_wait2_stop20,1.2,2,0.2,2026-04-16T12:40:00Z,2026-04-16T12:50:00Z,2026-04-16T14:50:00Z
BEAT,2269,1763644800000,2271,1763645400000,1.0319610000000001,1.19336128,1.4320335359999998,0.954689024,0.7160167680000001,,1.4320335359999998,2271,1763645700000,stop,-0.20156014399999983,-20.156014399999982,1,trigger_120_wait2_stop20,1.2,2,0.2,2025-11-20T13:20:00Z,2025-11-20T13:30:00Z,2025-11-20T13:35:00Z
BERA,90697,1770847500000,90699,1770848100000,1.03635,1.2101579199999999,1.452189504,0.968126336,0.7260947520000001,0.968126336,0.9396,90719,1770854400000,utc_day_end,0.21055553828050783,21.055553828050783,21,trigger_120_wait2_stop20,1.2,2,0.2,2026-02-11T22:05:00Z,2026-02-11T22:15:00Z,2026-02-12T00:00:00Z
BSB,13933,1779303900000,13935,1779304500000,1.7665199999999999,1.766166696,2.1194000352,1.4129333568,1.0597000176000002,1.4129333568,1.0597000176000002,13939,1779306000000,target_2,0.298839916,29.883991599999998,5,trigger_120_wait2_stop20,1.2,2,0.2,2026-05-20T19:05:00Z,2026-05-20T19:15:00Z,2026-05-20T19:40:00Z
CFX,31305,1753029900000,31307,1753030500000,0.22285200000000002,0.229134164,0.27496099679999997,0.1833073312,0.1374804984,,0.22017,31391,1753056000000,utc_day_end,0.03775308286720612,3.775308286720612,85,trigger_120_wait2_stop20,1.2,2,0.2,2025-07-20T16:45:00Z,2025-07-20T16:55:00Z,2025-07-21T00:00:00Z
DOOD,42540,1759813200000,42542,1759813800000,0.014168700000000001,0.0163047384,0.019565686080000002,0.013043790720000002,0.009782843040000003,0.013043790720000002,0.010874,42767,1759881600000,utc_day_end,0.2653517977083617,26.53517977083617,226,trigger_120_wait2_stop20,1.2,2,0.2,2025-10-07T05:00:00Z,2025-10-07T05:10:00Z,2025-10-08T00:00:00Z
ENSO,25215,1769296500000,25217,1769297100000,1.6006200000000002,1.66946604,2.003359248,1.3355728320000002,1.001679624,,1.769,25223,1769299200000,utc_day_end,-0.06106805976358757,-6.106805976358757,7,trigger_120_wait2_stop20,1.2,2,0.2,2026-01-24T23:15:00Z,2026-01-24T23:25:00Z,2026-01-25T00:00:00Z
GIGGLE,3315,1762370100000,3317,1762370700000,223.482,240.84182199999998,289.01018639999995,192.6734576,144.5050932,,260.58,3371,1762387200000,utc_day_end,-0.08342063764490214,-8.342063764490213,55,trigger_120_wait2_stop20,1.2,2,0.2,2025-11-05T19:15:00Z,2025-11-05T19:25:00Z,2025-11-06T00:00:00Z
H,29565,1760391900000,29567,1760392500000,0.15399300000000002,0.15791841,0.189502092,0.126334728,0.09475104600000002,,0.18172,29591,1760400000000,utc_day_end,-0.15224152049403217,-15.224152049403216,25,trigger_120_wait2_stop20,1.2,2,0.2,2025-10-13T21:45:00Z,2025-10-13T21:55:00Z,2025-10-14T00:00:00Z
H,32737,1761343500000,32739,1761344100000,0.314097,0.33879222800000003,0.4065506736,0.27103378240000003,0.20327533680000004,,0.38072,32759,1761350400000,utc_day_end,-0.12525573350283575,-12.525573350283576,21,trigger_120_wait2_stop20,1.2,2,0.2,2025-10-24T22:05:00Z,2025-10-24T22:15:00Z,2025-10-25T00:00:00Z
H,36731,1762541700000,36733,1762542300000,0.230307,0.240211948,0.2882543376,0.19216955840000002,0.14412716880000004,0.19216955840000002,0.240211948,36756,1762549500000,breakeven_stop,0.09867989200000002,9.867989200000002,24,trigger_120_wait2_stop20,1.2,2,0.2,2025-11-07T18:55:00Z,2025-11-07T19:05:00Z,2025-11-07T21:05:00Z
H,98253,1780998300000,98255,1780998900000,0.153531,0.15992800799999998,0.19191360959999998,0.12794240639999999,0.0959568048,,0.19191360959999998,98270,1781003700000,stop,-0.20156014399999997,-20.156014399999997,16,trigger_120_wait2_stop20,1.2,2,0.2,2026-06-09T09:45:00Z,2026-06-09T09:55:00Z,2026-06-09T11:15:00Z
IOST,151113,1788972300000,151115,1788972900000,0.0017929800000000002,0.00184593074,0.002215116888,0.0014767445920000001,0.0011075584440000002,,0.0017884,151199,1788998400000,utc_day_end,0.029791067322493345,2.9791067322493348,85,trigger_120_wait2_stop20,1.2,2,0.2,2026-09-09T16:45:00Z,2026-09-09T16:55:00Z,2026-09-10T00:00:00Z
JELLYJELLY,52933,1759518300000,52935,1759518900000,0.10712100000000001,0.10709957580000001,0.12851949096,0.08567966064000002,0.06425974548000002,,0.09969,52991,1759536000000,utc_day_end,0.06783922380129552,6.783922380129552,57,trigger_120_wait2_stop20,1.2,2,0.2,2025-10-03T19:05:00Z,2025-10-03T19:15:00Z,2025-10-04T00:00:00Z
JELLYJELLY,61819,1762184100000,61821,1762184700000,0.129885,0.144151164,0.1729813968,0.1153209312,0.08649069840000001,,0.1729813968,61870,1762199700000,stop,-0.201560144,-20.1560144,50,trigger_120_wait2_stop20,1.2,2,0.2,2025-11-03T15:35:00Z,2025-11-03T15:45:00Z,2025-11-03T19:55:00Z
JELLYJELLY,62176,1762291200000,62178,1762291800000,0.433944,0.516586662,0.6199039944,0.41326932960000007,0.30995199720000005,0.41326932960000007,0.30995199720000005,62190,1762295700000,target_2,0.2988399159999999,29.883991599999995,13,trigger_120_wait2_stop20,1.2,2,0.2,2025-11-04T21:20:00Z,2025-11-04T21:30:00Z,2025-11-04T22:35:00Z
LAB,52443,1777731300000,52445,1777731900000,2.5512900000000003,2.68956198,3.227474376,2.1516495840000003,1.6137371880000002,,3.227474376,52466,1777738500000,stop,-0.20156014399999989,-20.15601439999999,22,trigger_120_wait2_stop20,1.2,2,0.2,2026-05-02T14:15:00Z,2026-05-02T14:25:00Z,2026-05-02T16:15:00Z
LAB,70560,1783166400000,70562,1783167000000,12.5454,12.542890920000001,15.051469104,10.034312736000002,7.525734552000002,,15.051469104,70604,1783179900000,stop,-0.20156014399999994,-20.156014399999993,43,trigger_120_wait2_stop20,1.2,2,0.2,2026-07-04T12:00:00Z,2026-07-04T12:10:00Z,2026-07-04T15:45:00Z
LIGHT,4345,1767175500000,4347,1767176100000,0.9704100000000001,1.06288738,1.275464856,0.8503099040000001,0.6377324280000001,,1.275464856,4357,1767179400000,stop,-0.20156014399999986,-20.156014399999986,11,trigger_120_wait2_stop20,1.2,2,0.2,2025-12-31T10:05:00Z,2025-12-31T10:15:00Z,2025-12-31T11:10:00Z
LPT,16570,1748609400000,16572,1748610000000,11.4891,12.0455904,14.454708479999999,9.636472320000001,7.227354240000001,,11.672,16703,1748649600000,utc_day_end,0.029639397760030002,2.9639397760030004,132,trigger_120_wait2_stop20,1.2,2,0.2,2025-05-30T12:50:00Z,2025-05-30T13:00:00Z,2025-05-31T00:00:00Z
MERL,68484,1764183600000,68486,1764184200000,0.44948400000000005,0.472535474,0.5670425688,0.37802837920000004,0.2835212844000001,0.37802837920000004,0.472535474,68542,1764201300000,breakeven_stop,0.09867989200000002,9.867989200000002,57,trigger_120_wait2_stop20,1.2,2,0.2,2025-11-26T19:00:00Z,2025-11-26T19:10:00Z,2025-11-26T23:55:00Z
MOODENG,10337,1746739500000,10339,1746740100000,0.083181,0.08624274800000001,0.1034912976,0.06899419840000001,0.051745648800000016,0.06899419840000001,0.07584,10367,1746748800000,utc_day_end,0.15903900443650168,15.903900443650167,29,trigger_120_wait2_stop20,1.2,2,0.2,2025-05-08T21:25:00Z,2025-05-08T21:35:00Z,2025-05-09T00:00:00Z
NIGHT,413,1765403700000,415,1765404300000,0.0833532,0.08333652936000001,0.100003835232,0.06666922348800002,0.050001917616000015,,0.075,437,1765411200000,utc_day_end,0.09871443538099375,9.871443538099376,23,trigger_120_wait2_stop20,1.2,2,0.2,2025-12-10T21:55:00Z,2025-12-10T22:05:00Z,2025-12-11T00:00:00Z
ONE,153491,1789685700000,153493,1789686300000,0.00197316,0.00203489294,0.002441871528,0.0016279143520000002,0.0012209357640000002,,0.001754,153503,1789689600000,utc_day_end,0.13674851796183451,13.674851796183452,11,trigger_120_wait2_stop20,1.2,2,0.2,2026-09-17T22:55:00Z,2026-09-17T23:05:00Z,2026-09-18T00:00:00Z
ONE,154028,1789846800000,154030,1789847400000,0.00394359,0.003942801282000001,0.004731361538400001,0.0031542410256000008,0.0023656807692000008,,0.0036461,154079,1789862400000,utc_day_end,0.07391148142038176,7.391148142038176,50,trigger_120_wait2_stop20,1.2,2,0.2,2026-09-19T19:40:00Z,2026-09-19T19:50:00Z,2026-09-20T00:00:00Z
OPN,28876,1780510800000,28879,1780511700000,0.25263,0.252579474,0.30309536880000004,0.20206357920000004,0.15154768440000005,,0.2286,28943,1780531200000,utc_day_end,0.09361417422066541,9.361417422066541,65,trigger_120_wait2_stop20,1.2,2,0.2,2026-06-03T18:20:00Z,2026-06-03T18:35:00Z,2026-06-04T00:00:00Z
ORDI,109052,1776354000000,109054,1776354600000,7.2072,8.3343328,10.00119936,6.66746624,5.0005996800000005,6.66746624,8.3343328,109144,1776381900000,breakeven_stop,0.09867989200000006,9.867989200000006,91,trigger_120_wait2_stop20,1.2,2,0.2,2026-04-16T15:40:00Z,2026-04-16T15:50:00Z,2026-04-16T23:25:00Z
PIEVERSE,44539,1776625500000,44541,1776626100000,1.29213,1.37452504,1.649430048,1.099620032,0.8247150240000001,,1.1838,44597,1776643200000,utc_day_end,0.13746795250816243,13.746795250816243,57,trigger_120_wait2_stop20,1.2,2,0.2,2026-04-19T19:05:00Z,2026-04-19T19:15:00Z,2026-04-20T00:00:00Z
RAVE,33275,1775768100000,33277,1775768700000,0.663075,0.682543464,0.8190521568,0.5460347712,0.40952607840000005,,0.8190521568,33294,1775774100000,stop,-0.2015601439999999,-20.156014399999993,18,trigger_120_wait2_stop20,1.2,2,0.2,2026-04-09T20:55:00Z,2026-04-09T21:05:00Z,2026-04-09T22:35:00Z
RAVE,34105,1776017100000,34108,1776018000000,4.559667,4.5587550666,5.47050607992,3.64700405328,2.7352530399600004,,5.47050607992,34141,1776028200000,stop,-0.20156014400000005,-20.156014400000004,34,trigger_120_wait2_stop20,1.2,2,0.2,2026-04-12T18:05:00Z,2026-04-12T18:20:00Z,2026-04-12T21:10:00Z
RLS,42424,1777415700000,42426,1777416300000,0.0074403,0.0077144568,0.00925734816,0.00617156544,0.004628674080000001,,0.00925734816,42429,1777417500000,stop,-0.20156014400000002,-20.156014400000004,4,trigger_120_wait2_stop20,1.2,2,0.2,2026-04-28T22:35:00Z,2026-04-28T22:45:00Z,2026-04-28T23:05:00Z
SOON,47927,1762377900000,47929,1762378500000,1.518048,1.915646794,2.2987761528,1.5325174352,1.1493880764000002,,2.2987761528,47929,1762378800000,stop,-0.20156014400000002,-20.156014400000004,1,trigger_120_wait2_stop20,1.2,2,0.2,2025-11-05T21:25:00Z,2025-11-05T21:35:00Z,2025-11-05T21:40:00Z
SOON,50503,1763150700000,50505,1763151300000,4.378710000000001,4.629253964,5.5551047568,3.7034031712,2.7775523784000007,3.7034031712,2.7775523784000007,50507,1763152200000,target_2,0.2988399159999999,29.883991599999995,3,trigger_120_wait2_stop20,1.2,2,0.2,2025-11-14T20:05:00Z,2025-11-14T20:15:00Z,2025-11-14T20:30:00Z
TRUST,4660,1763740200000,4668,1763742600000,0.22176,0.22171564800000002,0.2660587776,0.1773725184,0.13302938880000004,0.1773725184,0.22171564800000002,4677,1763745600000,breakeven_stop,0.098679892,9.8679892,10,trigger_120_wait2_stop20,1.2,2,0.2,2025-11-21T15:50:00Z,2025-11-21T16:30:00Z,2025-11-21T17:20:00Z
TRUTH,3515,1765383900000,3517,1765384500000,0.020000399999999998,0.020655868,0.0247870416,0.0165246944,0.012393520800000002,,0.0247870416,3558,1765397100000,stop,-0.20156014399999994,-20.156014399999993,42,trigger_120_wait2_stop20,1.2,2,0.2,2025-12-10T16:25:00Z,2025-12-10T16:35:00Z,2025-12-10T20:05:00Z
UB,910,1777656000000,912,1777656600000,0.14391299999999999,0.14489101599999998,0.17386921919999998,0.11591281279999999,0.0869346096,0.11591281279999999,0.0869346096,931,1777662600000,target_2,0.29883991600000004,29.883991600000005,20,trigger_120_wait2_stop20,1.2,2,0.2,2026-05-01T17:20:00Z,2026-05-01T17:30:00Z,2026-05-01T19:10:00Z
AKE,768,1789772400000,771,1789773300000,0.044625000000000005,0.045810836,0.0503919196,0.0366486688,0.027486501600000005,,0.04614,779,1789776000000,utc_day_end,-0.00859115599636732,-0.859115599636732,9,trigger_120_wait3_stop10,1.2,3,0.1,2026-09-18T23:00:00Z,2026-09-18T23:15:00Z,2026-09-19T00:00:00Z
APE,111408,1777060800000,111411,1777061700000,0.21424200000000002,0.25021994599999997,0.2752419406,0.2001759568,0.1501319676,,0.2752419406,111411,1777062000000,stop,-0.1014801320000001,-10.14801320000001,1,trigger_120_wait3_stop10,1.2,3,0.1,2026-04-24T20:00:00Z,2026-04-24T20:15:00Z,2026-04-24T20:20:00Z
APR,84277,1786568700000,84280,1786569600000,0.43533000000000005,0.48210356000000004,0.5303139160000001,0.3856828480000001,0.28926213600000006,,0.5303139160000001,84293,1786573800000,stop,-0.10148013200000017,-10.148013200000017,14,trigger_120_wait3_stop10,1.2,3,0.1,2026-08-12T21:05:00Z,2026-08-12T21:20:00Z,2026-08-12T22:30:00Z
BASED,4922,1776343200000,4925,1776344100000,0.179466,0.18572284800000002,0.20429513280000003,0.1485782784,0.11143370880000003,,0.20429513280000003,4946,1776350700000,stop,-0.10148013200000007,-10.148013200000007,22,trigger_120_wait3_stop10,1.2,3,0.1,2026-04-16T12:40:00Z,2026-04-16T12:55:00Z,2026-04-16T14:45:00Z
BEAT,2269,1763644800000,2272,1763645700000,1.0319610000000001,1.261177714,1.3872954854000001,1.0089421712,0.7567066284000001,,1.3872954854000001,2272,1763646000000,stop,-0.1014801320000001,-10.14801320000001,1,trigger_120_wait3_stop10,1.2,3,0.1,2025-11-20T13:20:00Z,2025-11-20T13:35:00Z,2025-11-20T13:40:00Z
BERA,90697,1770847500000,90700,1770848400000,1.03635,1.27644466,1.404089126,1.0211557279999999,0.7658667960000001,1.0211557279999999,0.9396,90719,1770854400000,utc_day_end,0.23073190597033505,23.073190597033506,20,trigger_120_wait3_stop10,1.2,3,0.1,2026-02-11T22:05:00Z,2026-02-11T22:20:00Z,2026-02-12T00:00:00Z
CFX,31305,1753029900000,31308,1753030800000,0.22285200000000002,0.241291732,0.26542090520000006,0.19303338560000002,0.14477503920000004,,0.22017,31391,1753056000000,utc_day_end,0.08620599789304013,8.620599789304013,84,trigger_120_wait3_stop10,1.2,3,0.1,2025-07-20T16:45:00Z,2025-07-20T17:00:00Z,2025-07-21T00:00:00Z
DOOD,42540,1759813200000,42543,1759814100000,0.014168700000000001,0.014288141800000001,0.015716955980000002,0.011430513440000001,0.008572885080000002,,0.015716955980000002,42562,1759820100000,stop,-0.10148013200000008,-10.148013200000008,20,trigger_120_wait3_stop10,1.2,3,0.1,2025-10-07T05:00:00Z,2025-10-07T05:15:00Z,2025-10-07T06:55:00Z
ENSO,25215,1769296500000,25218,1769297400000,1.6006200000000002,1.78094374,1.9590381140000004,1.4247549920000002,1.0685662440000003,,1.769,25223,1769299200000,utc_day_end,0.0053116565467700464,0.5311656546770046,6,trigger_120_wait3_stop10,1.2,3,0.1,2026-01-24T23:15:00Z,2026-01-24T23:30:00Z,2026-01-25T00:00:00Z
GIGGLE,3315,1762370100000,3318,1762371000000,223.482,241.411708,265.55287880000003,193.1293664,144.8470248,,265.55287880000003,3327,1762374000000,stop,-0.10148013200000011,-10.148013200000012,10,trigger_120_wait3_stop10,1.2,3,0.1,2025-11-05T19:15:00Z,2025-11-05T19:30:00Z,2025-11-05T20:20:00Z
H,29565,1760391900000,29568,1760392800000,0.15399300000000002,0.158698254,0.17456807940000002,0.12695860320000002,0.09521895240000001,,0.17456807940000002,29578,1760396100000,stop,-0.10148013199999995,-10.148013199999994,11,trigger_120_wait3_stop10,1.2,3,0.1,2025-10-13T21:45:00Z,2025-10-13T22:00:00Z,2025-10-13T22:55:00Z
H,32737,1761343500000,32740,1761344400000,0.314097,0.333943198,0.3673375178,0.2671545584,0.20036591880000001,,0.3673375178,32749,1761347400000,stop,-0.10148013199999993,-10.148013199999992,10,trigger_120_wait3_stop10,1.2,3,0.1,2025-10-24T22:05:00Z,2025-10-24T22:20:00Z,2025-10-24T23:10:00Z
H,36731,1762541700000,36734,1762542600000,0.230307,0.249420106,0.27436211660000004,0.1995360848,0.14965206360000002,0.1995360848,0.249420106,36757,1762549800000,breakeven_stop,0.09867989200000003,9.867989200000004,24,trigger_120_wait3_stop10,1.2,3,0.1,2025-11-07T18:55:00Z,2025-11-07T19:10:00Z,2025-11-07T21:10:00Z
H,98253,1780998300000,98256,1780999200000,0.153531,0.168226348,0.1850489828,0.1345810784,0.10093580880000001,,0.1850489828,98266,1781002500000,stop,-0.10148013200000001,-10.148013200000001,11,trigger_120_wait3_stop10,1.2,3,0.1,2026-06-09T09:45:00Z,2026-06-09T10:00:00Z,2026-06-09T10:55:00Z
IOST,151113,1788972300000,151116,1788973200000,0.0017929800000000002,0.00184193154,0.002026124694,0.001473545232,0.0011051589240000002,,0.002026124694,151134,1788978900000,stop,-0.10148013200000003,-10.148013200000003,19,trigger_120_wait3_stop10,1.2,3,0.1,2026-09-09T16:45:00Z,2026-09-09T17:00:00Z,2026-09-09T18:35:00Z
JELLYJELLY,52933,1759518300000,52936,1759519200000,0.10712100000000001,0.11037792,0.12141571200000001,0.08830233600000001,0.06622675200000001,,0.09969,52991,1759536000000,utc_day_end,0.09550759142045806,9.550759142045806,56,trigger_120_wait3_stop10,1.2,3,0.1,2025-10-03T19:05:00Z,2025-10-03T19:20:00Z,2025-10-04T00:00:00Z
JELLYJELLY,61819,1762184100000,61822,1762185000000,0.129885,0.144211152,0.1586322672,0.11536892160000001,0.08652669120000002,,0.1586322672,61839,1762190400000,stop,-0.10148013199999993,-10.148013199999992,18,trigger_120_wait3_stop10,1.2,3,0.1,2025-11-03T15:35:00Z,2025-11-03T15:50:00Z,2025-11-03T17:20:00Z
JELLYJELLY,62176,1762291200000,62179,1762292100000,0.433944,0.492031574,0.5412347314000001,0.3936252592,0.29521894440000007,0.3936252592,0.29521894440000007,62190,1762295700000,target_2,0.298839916,29.883991599999998,12,trigger_120_wait3_stop10,1.2,3,0.1,2025-11-04T21:20:00Z,2025-11-04T21:35:00Z,2025-11-04T22:35:00Z
LAB,52443,1777731300000,52446,1777732200000,2.5512900000000003,2.62167556,2.883843116,2.097340448,1.5730053360000003,,2.883843116,52457,1777735800000,stop,-0.10148013199999999,-10.1480132,12,trigger_120_wait3_stop10,1.2,3,0.1,2026-05-02T14:15:00Z,2026-05-02T14:30:00Z,2026-05-02T15:30:00Z
LAB,70560,1783166400000,70563,1783167300000,12.5454,12.542890920000001,13.797180012000002,10.034312736000002,7.525734552000002,,13.797180012000002,70580,1783172700000,stop,-0.101480132,-10.1480132,18,trigger_120_wait3_stop10,1.2,3,0.1,2026-07-04T12:00:00Z,2026-07-04T12:15:00Z,2026-07-04T13:45:00Z
LIGHT,4345,1767175500000,4348,1767176400000,0.9704100000000001,1.14497096,1.259468056,0.915976768,0.6869825760000001,,1.259468056,4357,1767179400000,stop,-0.10148013199999996,-10.148013199999996,10,trigger_120_wait3_stop10,1.2,3,0.1,2025-12-31T10:05:00Z,2025-12-31T10:20:00Z,2025-12-31T11:10:00Z
LPT,16570,1748609400000,16573,1748610300000,11.4891,11.9096176,13.100579360000001,9.527694080000002,7.145770560000002,,13.100579360000001,16684,1748643900000,stop,-0.10148013200000006,-10.148013200000005,112,trigger_120_wait3_stop10,1.2,3,0.1,2025-05-30T12:50:00Z,2025-05-30T13:05:00Z,2025-05-30T22:25:00Z
MERL,68484,1764183600000,68487,1764184500000,0.44948400000000005,0.470765828,0.5178424108,0.3766126624,0.28245949680000004,0.3766126624,0.470765828,68541,1764201000000,breakeven_stop,0.09867989200000002,9.867989200000002,55,trigger_120_wait3_stop10,1.2,3,0.1,2025-11-26T19:00:00Z,2025-11-26T19:15:00Z,2025-11-26T23:50:00Z
NIGHT,413,1765403700000,416,1765404600000,0.0833532,0.0856298706,0.09419285766000002,0.06850389648,0.05137792236000001,,0.075,437,1765411200000,utc_day_end,0.12283661768887463,12.283661768887463,22,trigger_120_wait3_stop10,1.2,3,0.1,2025-12-10T21:55:00Z,2025-12-10T22:10:00Z,2025-12-11T00:00:00Z
ONE,154028,1789846800000,154031,1789847700000,0.00394359,0.0040747848800000005,0.004482263368000001,0.0032598279040000006,0.0024448709280000007,,0.004482263368000001,154051,1789854000000,stop,-0.10148013200000025,-10.148013200000024,21,trigger_120_wait3_stop10,1.2,3,0.1,2026-09-19T19:40:00Z,2026-09-19T19:55:00Z,2026-09-19T21:40:00Z
OPN,28876,1780510800000,28879,1780511700000,0.25263,0.252579474,0.27783742140000006,0.20206357920000004,0.15154768440000005,,0.2286,28943,1780531200000,utc_day_end,0.09361417422066541,9.361417422066541,65,trigger_120_wait3_stop10,1.2,3,0.1,2026-06-03T18:20:00Z,2026-06-03T18:35:00Z,2026-06-04T00:00:00Z
ORDI,109052,1776354000000,109055,1776354900000,7.2072,8.178364,8.996200400000001,6.5426912,4.907018400000001,,8.996200400000001,109056,1776355500000,stop,-0.10148013200000015,-10.148013200000015,2,trigger_120_wait3_stop10,1.2,3,0.1,2026-04-16T15:40:00Z,2026-04-16T15:55:00Z,2026-04-16T16:05:00Z
PIEVERSE,44539,1776625500000,44542,1776626400000,1.29213,1.3192361,1.45115971,1.05538888,0.79154166,,1.45115971,44557,1776631200000,stop,-0.10148013200000003,-10.148013200000003,16,trigger_120_wait3_stop10,1.2,3,0.1,2026-04-19T19:05:00Z,2026-04-19T19:20:00Z,2026-04-19T20:40:00Z
RAVE,33275,1775768100000,33278,1775769000000,0.663075,0.674335106,0.7417686166,0.5394680848000001,0.4046010636000001,,0.7417686166,33291,1775773200000,stop,-0.10148013200000004,-10.148013200000005,14,trigger_120_wait3_stop10,1.2,3,0.1,2026-04-09T20:55:00Z,2026-04-09T21:10:00Z,2026-04-09T22:20:00Z
RAVE,34105,1776017100000,34108,1776018000000,4.559667,4.5587550666,5.01463057326,3.64700405328,2.7352530399600004,,5.01463057326,34130,1776024900000,stop,-0.10148013200000006,-10.148013200000005,23,trigger_120_wait3_stop10,1.2,3,0.1,2026-04-12T18:05:00Z,2026-04-12T18:20:00Z,2026-04-12T20:15:00Z
RLS,42424,1777415700000,42427,1777416600000,0.0074403,0.0080463904,0.008851029440000002,0.0064371123200000005,0.004827834240000001,,0.008851029440000002,42429,1777417500000,stop,-0.10148013200000001,-10.148013200000001,3,trigger_120_wait3_stop10,1.2,3,0.1,2026-04-28T22:35:00Z,2026-04-28T22:50:00Z,2026-04-28T23:05:00Z
SOON,47927,1762377900000,47930,1762378800000,1.518048,2.492141472,2.7413556192,1.9937131776,1.4952848832000003,,2.7413556192,47930,1762379100000,stop,-0.10148013200000003,-10.148013200000003,1,trigger_120_wait3_stop10,1.2,3,0.1,2025-11-05T21:25:00Z,2025-11-05T21:40:00Z,2025-11-05T21:45:00Z
TRUST,4660,1763740200000,4668,1763742600000,0.22176,0.22171564800000002,0.24388721280000003,0.1773725184,0.13302938880000004,,0.24388721280000003,4671,1763743800000,stop,-0.101480132,-10.1480132,4,trigger_120_wait3_stop10,1.2,3,0.1,2025-11-21T15:50:00Z,2025-11-21T16:30:00Z,2025-11-21T16:50:00Z
TRUTH,3515,1765383900000,3518,1765384800000,0.020000399999999998,0.0209838024,0.023082182640000004,0.016787041920000002,0.012590281440000002,,0.023082182640000004,3523,1765386600000,stop,-0.10148013200000014,-10.148013200000014,6,trigger_120_wait3_stop10,1.2,3,0.1,2025-12-10T16:25:00Z,2025-12-10T16:40:00Z,2025-12-10T17:10:00Z
AKE,768,1789772400000,771,1789773300000,0.044625000000000005,0.045810836,0.0526824614,0.0366486688,0.027486501600000005,,0.04614,779,1789776000000,utc_day_end,-0.00859115599636732,-0.859115599636732,9,trigger_120_wait3_stop15,1.2,3,0.15,2026-09-18T23:00:00Z,2026-09-18T23:15:00Z,2026-09-19T00:00:00Z
APE,111408,1777060800000,111411,1777061700000,0.21424200000000002,0.25021994599999997,0.28775293789999995,0.2001759568,0.1501319676,0.2001759568,0.18035,111455,1777075200000,utc_day_end,0.23840866154660015,23.840866154660016,45,trigger_120_wait3_stop15,1.2,3,0.15,2026-04-24T20:00:00Z,2026-04-24T20:15:00Z,2026-04-25T00:00:00Z
APR,84277,1786568700000,84280,1786569600000,0.43533000000000005,0.48210356000000004,0.554419094,0.3856828480000001,0.28926213600000006,,0.554419094,84299,1786575600000,stop,-0.15152013799999986,-15.152013799999986,20,trigger_120_wait3_stop15,1.2,3,0.15,2026-08-12T21:05:00Z,2026-08-12T21:20:00Z,2026-08-12T23:00:00Z
BASED,4922,1776343200000,4925,1776344100000,0.179466,0.18572284800000002,0.2135812752,0.1485782784,0.11143370880000003,,0.2135812752,4947,1776351000000,stop,-0.1515201379999998,-15.152013799999981,23,trigger_120_wait3_stop15,1.2,3,0.15,2026-04-16T12:40:00Z,2026-04-16T12:55:00Z,2026-04-16T14:50:00Z
BEAT,2269,1763644800000,2272,1763645700000,1.0319610000000001,1.261177714,1.4503543711,1.0089421712,0.7567066284000001,1.0089421712,0.7567066284000001,2280,1763648400000,target_2,0.2988399159999999,29.883991599999995,9,trigger_120_wait3_stop15,1.2,3,0.15,2025-11-20T13:20:00Z,2025-11-20T13:35:00Z,2025-11-20T14:20:00Z
BERA,90697,1770847500000,90700,1770848400000,1.03635,1.27644466,1.4679113589999997,1.0211557279999999,0.7658667960000001,1.0211557279999999,0.9396,90719,1770854400000,utc_day_end,0.23073190597033505,23.073190597033506,20,trigger_120_wait3_stop15,1.2,3,0.15,2026-02-11T22:05:00Z,2026-02-11T22:20:00Z,2026-02-12T00:00:00Z
CFX,31305,1753029900000,31308,1753030800000,0.22285200000000002,0.241291732,0.2774854918,0.19303338560000002,0.14477503920000004,,0.22017,31391,1753056000000,utc_day_end,0.08620599789304013,8.620599789304013,84,trigger_120_wait3_stop15,1.2,3,0.15,2025-07-20T16:45:00Z,2025-07-20T17:00:00Z,2025-07-21T00:00:00Z
DOOD,42540,1759813200000,42543,1759814100000,0.014168700000000001,0.014288141800000001,0.01643136307,0.011430513440000001,0.008572885080000002,0.011430513440000001,0.010874,42767,1759881600000,utc_day_end,0.218250147214608,21.8250147214608,225,trigger_120_wait3_stop15,1.2,3,0.15,2025-10-07T05:00:00Z,2025-10-07T05:15:00Z,2025-10-08T00:00:00Z
ENSO,25215,1769296500000,25218,1769297400000,1.6006200000000002,1.78094374,2.048085301,1.4247549920000002,1.0685662440000003,,1.769,25223,1769299200000,utc_day_end,0.0053116565467700464,0.5311656546770046,6,trigger_120_wait3_stop15,1.2,3,0.15,2026-01-24T23:15:00Z,2026-01-24T23:30:00Z,2026-01-25T00:00:00Z
GIGGLE,3315,1762370100000,3318,1762371000000,223.482,241.411708,277.6234642,193.1293664,144.8470248,,260.58,3371,1762387200000,utc_day_end,-0.080864488537565,-8.086448853756501,54,trigger_120_wait3_stop15,1.2,3,0.15,2025-11-05T19:15:00Z,2025-11-05T19:30:00Z,2025-11-06T00:00:00Z
H,29565,1760391900000,29568,1760392800000,0.15399300000000002,0.158698254,0.1825029921,0.12695860320000002,0.09521895240000001,,0.1825029921,29590,1760399700000,stop,-0.151520138,-15.1520138,23,trigger_120_wait3_stop15,1.2,3,0.15,2025-10-13T21:45:00Z,2025-10-13T22:00:00Z,2025-10-13T23:55:00Z
H,32737,1761343500000,32740,1761344400000,0.314097,0.333943198,0.3840346777,0.2671545584,0.20036591880000001,,0.3840346777,32749,1761347400000,stop,-0.15152013800000005,-15.152013800000006,10,trigger_120_wait3_stop15,1.2,3,0.15,2025-10-24T22:05:00Z,2025-10-24T22:20:00Z,2025-10-24T23:10:00Z
H,36731,1762541700000,36734,1762542600000,0.230307,0.249420106,0.2868331219,0.1995360848,0.14965206360000002,0.1995360848,0.249420106,36757,1762549800000,breakeven_stop,0.09867989200000003,9.867989200000004,24,trigger_120_wait3_stop15,1.2,3,0.15,2025-11-07T18:55:00Z,2025-11-07T19:10:00Z,2025-11-07T21:10:00Z
H,98253,1780998300000,98256,1780999200000,0.153531,0.168226348,0.1934603002,0.1345810784,0.10093580880000001,,0.1934603002,98270,1781003700000,stop,-0.151520138,-15.1520138,15,trigger_120_wait3_stop15,1.2,3,0.15,2026-06-09T09:45:00Z,2026-06-09T10:00:00Z,2026-06-09T11:15:00Z
IOST,151113,1788972300000,151116,1788973200000,0.0017929800000000002,0.00184193154,0.0021182212709999998,0.001473545232,0.0011051589240000002,,0.0021182212709999998,151134,1788978900000,stop,-0.15152013799999994,-15.152013799999994,19,trigger_120_wait3_stop15,1.2,3,0.15,2026-09-09T16:45:00Z,2026-09-09T17:00:00Z,2026-09-09T18:35:00Z
JELLYJELLY,52933,1759518300000,52936,1759519200000,0.10712100000000001,0.11037792,0.126934608,0.08830233600000001,0.06622675200000001,,0.09969,52991,1759536000000,utc_day_end,0.09550759142045806,9.550759142045806,56,trigger_120_wait3_stop15,1.2,3,0.15,2025-10-03T19:05:00Z,2025-10-03T19:20:00Z,2025-10-04T00:00:00Z
JELLYJELLY,61819,1762184100000,61822,1762185000000,0.129885,0.144211152,0.1658428248,0.11536892160000001,0.08652669120000002,,0.1658428248,61852,1762194300000,stop,-0.15152013799999997,-15.152013799999997,31,trigger_120_wait3_stop15,1.2,3,0.15,2025-11-03T15:35:00Z,2025-11-03T15:50:00Z,2025-11-03T18:25:00Z
JELLYJELLY,62176,1762291200000,62179,1762292100000,0.433944,0.492031574,0.5658363101,0.3936252592,0.29521894440000007,0.3936252592,0.29521894440000007,62190,1762295700000,target_2,0.298839916,29.883991599999998,12,trigger_120_wait3_stop15,1.2,3,0.15,2025-11-04T21:20:00Z,2025-11-04T21:35:00Z,2025-11-04T22:35:00Z
LAB,52443,1777731300000,52446,1777732200000,2.5512900000000003,2.62167556,3.014926894,2.097340448,1.5730053360000003,,3.014926894,52464,1777737900000,stop,-0.15152013800000003,-15.152013800000002,19,trigger_120_wait3_stop15,1.2,3,0.15,2026-05-02T14:15:00Z,2026-05-02T14:30:00Z,2026-05-02T16:05:00Z
LAB,70560,1783166400000,70563,1783167300000,12.5454,12.542890920000001,14.424324558,10.034312736000002,7.525734552000002,,14.424324558,70593,1783176600000,stop,-0.15152013799999992,-15.152013799999992,31,trigger_120_wait3_stop15,1.2,3,0.15,2026-07-04T12:00:00Z,2026-07-04T12:15:00Z,2026-07-04T14:50:00Z
LIGHT,4345,1767175500000,4348,1767176400000,0.9704100000000001,1.14497096,1.3167166039999998,0.915976768,0.6869825760000001,,1.3167166039999998,4357,1767179400000,stop,-0.15152013799999975,-15.152013799999974,10,trigger_120_wait3_stop15,1.2,3,0.15,2025-12-31T10:05:00Z,2025-12-31T10:20:00Z,2025-12-31T11:10:00Z
LPT,16570,1748609400000,16573,1748610300000,11.4891,11.9096176,13.69606024,9.527694080000002,7.145770560000002,,11.672,16703,1748649600000,utc_day_end,0.018567584302622744,1.8567584302622744,131,trigger_120_wait3_stop15,1.2,3,0.15,2025-05-30T12:50:00Z,2025-05-30T13:05:00Z,2025-05-31T00:00:00Z
MERL,68484,1764183600000,68487,1764184500000,0.44948400000000005,0.470765828,0.5413807022,0.3766126624,0.28245949680000004,0.3766126624,0.470765828,68541,1764201000000,breakeven_stop,0.09867989200000002,9.867989200000002,55,trigger_120_wait3_stop15,1.2,3,0.15,2025-11-26T19:00:00Z,2025-11-26T19:15:00Z,2025-11-26T23:50:00Z
NIGHT,413,1765403700000,416,1765404600000,0.0833532,0.0856298706,0.09847435119,0.06850389648,0.05137792236000001,,0.075,437,1765411200000,utc_day_end,0.12283661768887463,12.283661768887463,22,trigger_120_wait3_stop15,1.2,3,0.15,2025-12-10T21:55:00Z,2025-12-10T22:10:00Z,2025-12-11T00:00:00Z
ONE,154028,1789846800000,154031,1789847700000,0.00394359,0.0040747848800000005,0.004686002612,0.0032598279040000006,0.0024448709280000007,,0.0036461,154079,1789862400000,utc_day_end,0.10388835337486581,10.388835337486581,49,trigger_120_wait3_stop15,1.2,3,0.15,2026-09-19T19:40:00Z,2026-09-19T19:55:00Z,2026-09-20T00:00:00Z
OPN,28876,1780510800000,28879,1780511700000,0.25263,0.252579474,0.2904663951,0.20206357920000004,0.15154768440000005,,0.2286,28943,1780531200000,utc_day_end,0.09361417422066541,9.361417422066541,65,trigger_120_wait3_stop15,1.2,3,0.15,2026-06-03T18:20:00Z,2026-06-03T18:35:00Z,2026-06-04T00:00:00Z
ORDI,109052,1776354000000,109055,1776354900000,7.2072,8.178364,9.4051186,6.5426912,4.907018400000001,,9.4051186,109057,1776355800000,stop,-0.15152013799999986,-15.152013799999986,3,trigger_120_wait3_stop15,1.2,3,0.15,2026-04-16T15:40:00Z,2026-04-16T15:55:00Z,2026-04-16T16:10:00Z
PIEVERSE,44539,1776625500000,44542,1776626400000,1.29213,1.3192361,1.5171215149999997,1.05538888,0.79154166,,1.1838,44597,1776643200000,utc_day_end,0.1013445404382127,10.13445404382127,56,trigger_120_wait3_stop15,1.2,3,0.15,2026-04-19T19:05:00Z,2026-04-19T19:20:00Z,2026-04-20T00:00:00Z
RAVE,33275,1775768100000,33278,1775769000000,0.663075,0.674335106,0.7754853719,0.5394680848000001,0.4046010636000001,,0.7754853719,33291,1775773200000,stop,-0.15152013799999997,-15.152013799999997,14,trigger_120_wait3_stop15,1.2,3,0.15,2026-04-09T20:55:00Z,2026-04-09T21:10:00Z,2026-04-09T22:20:00Z
RAVE,34105,1776017100000,34108,1776018000000,4.559667,4.5587550666,5.24256832659,3.64700405328,2.7352530399600004,,5.24256832659,34131,1776025200000,stop,-0.15152013800000005,-15.152013800000006,24,trigger_120_wait3_stop15,1.2,3,0.15,2026-04-12T18:05:00Z,2026-04-12T18:20:00Z,2026-04-12T20:20:00Z
RLS,42424,1777415700000,42427,1777416600000,0.0074403,0.0080463904,0.00925334896,0.0064371123200000005,0.004827834240000001,,0.00925334896,42429,1777417500000,stop,-0.15152013799999972,-15.152013799999972,3,trigger_120_wait3_stop15,1.2,3,0.15,2026-04-28T22:35:00Z,2026-04-28T22:50:00Z,2026-04-28T23:05:00Z
SOON,47927,1762377900000,47930,1762378800000,1.518048,2.492141472,2.8659626928,1.9937131776,1.4952848832000003,,2.8659626928,47930,1762379100000,stop,-0.15152013799999997,-15.152013799999997,1,trigger_120_wait3_stop15,1.2,3,0.15,2025-11-05T21:25:00Z,2025-11-05T21:40:00Z,2025-11-05T21:45:00Z
TRUST,4660,1763740200000,4668,1763742600000,0.22176,0.22171564800000002,0.2549729952,0.1773725184,0.13302938880000004,0.1773725184,0.22171564800000002,4677,1763745600000,breakeven_stop,0.098679892,9.8679892,10,trigger_120_wait3_stop15,1.2,3,0.15,2025-11-21T15:50:00Z,2025-11-21T16:30:00Z,2025-11-21T17:20:00Z
TRUTH,3515,1765383900000,3518,1765384800000,0.020000399999999998,0.0209838024,0.02413137276,0.016787041920000002,0.012590281440000002,,0.02413137276,3543,1765392600000,stop,-0.1515201379999998,-15.152013799999981,26,trigger_120_wait3_stop15,1.2,3,0.15,2025-12-10T16:25:00Z,2025-12-10T16:40:00Z,2025-12-10T18:50:00Z
AKE,768,1789772400000,771,1789773300000,0.044625000000000005,0.045810836,0.0549730032,0.0366486688,0.027486501600000005,,0.04614,779,1789776000000,utc_day_end,-0.00859115599636732,-0.859115599636732,9,trigger_120_wait3_stop20,1.2,3,0.2,2026-09-18T23:00:00Z,2026-09-18T23:15:00Z,2026-09-19T00:00:00Z
APE,111408,1777060800000,111411,1777061700000,0.21424200000000002,0.25021994599999997,0.30026393519999994,0.2001759568,0.1501319676,0.2001759568,0.18035,111455,1777075200000,utc_day_end,0.23840866154660015,23.840866154660016,45,trigger_120_wait3_stop20,1.2,3,0.2,2026-04-24T20:00:00Z,2026-04-24T20:15:00Z,2026-04-25T00:00:00Z
APR,84277,1786568700000,84280,1786569600000,0.43533000000000005,0.48210356000000004,0.578524272,0.3856828480000001,0.28926213600000006,,0.578524272,84299,1786575600000,stop,-0.20156014399999977,-20.15601439999998,20,trigger_120_wait3_stop20,1.2,3,0.2,2026-08-12T21:05:00Z,2026-08-12T21:20:00Z,2026-08-12T23:00:00Z
BASED,4922,1776343200000,4925,1776344100000,0.179466,0.18572284800000002,0.22286741760000003,0.1485782784,0.11143370880000003,,0.22286741760000003,4947,1776351000000,stop,-0.201560144,-20.1560144,23,trigger_120_wait3_stop20,1.2,3,0.2,2026-04-16T12:40:00Z,2026-04-16T12:55:00Z,2026-04-16T14:50:00Z
BEAT,2269,1763644800000,2272,1763645700000,1.0319610000000001,1.261177714,1.5134132568,1.0089421712,0.7567066284000001,1.0089421712,0.7567066284000001,2280,1763648400000,target_2,0.2988399159999999,29.883991599999995,9,trigger_120_wait3_stop20,1.2,3,0.2,2025-11-20T13:20:00Z,2025-11-20T13:35:00Z,2025-11-20T14:20:00Z
BERA,90697,1770847500000,90700,1770848400000,1.03635,1.27644466,1.531733592,1.0211557279999999,0.7658667960000001,1.0211557279999999,0.9396,90719,1770854400000,utc_day_end,0.23073190597033505,23.073190597033506,20,trigger_120_wait3_stop20,1.2,3,0.2,2026-02-11T22:05:00Z,2026-02-11T22:20:00Z,2026-02-12T00:00:00Z
CFX,31305,1753029900000,31308,1753030800000,0.22285200000000002,0.241291732,0.2895500784,0.19303338560000002,0.14477503920000004,,0.22017,31391,1753056000000,utc_day_end,0.08620599789304013,8.620599789304013,84,trigger_120_wait3_stop20,1.2,3,0.2,2025-07-20T16:45:00Z,2025-07-20T17:00:00Z,2025-07-21T00:00:00Z
DOOD,42540,1759813200000,42543,1759814100000,0.014168700000000001,0.014288141800000001,0.01714577016,0.011430513440000001,0.008572885080000002,0.011430513440000001,0.010874,42767,1759881600000,utc_day_end,0.218250147214608,21.8250147214608,225,trigger_120_wait3_stop20,1.2,3,0.2,2025-10-07T05:00:00Z,2025-10-07T05:15:00Z,2025-10-08T00:00:00Z
ENSO,25215,1769296500000,25218,1769297400000,1.6006200000000002,1.78094374,2.137132488,1.4247549920000002,1.0685662440000003,,1.769,25223,1769299200000,utc_day_end,0.0053116565467700464,0.5311656546770046,6,trigger_120_wait3_stop20,1.2,3,0.2,2026-01-24T23:15:00Z,2026-01-24T23:30:00Z,2026-01-25T00:00:00Z
GIGGLE,3315,1762370100000,3318,1762371000000,223.482,241.411708,289.69404959999997,193.1293664,144.8470248,,260.58,3371,1762387200000,utc_day_end,-0.080864488537565,-8.086448853756501,54,trigger_120_wait3_stop20,1.2,3,0.2,2025-11-05T19:15:00Z,2025-11-05T19:30:00Z,2025-11-06T00:00:00Z
H,29565,1760391900000,29568,1760392800000,0.15399300000000002,0.158698254,0.1904379048,0.12695860320000002,0.09521895240000001,,0.18172,29591,1760400000000,utc_day_end,-0.1465823484031524,-14.65823484031524,24,trigger_120_wait3_stop20,1.2,3,0.2,2025-10-13T21:45:00Z,2025-10-13T22:00:00Z,2025-10-14T00:00:00Z
H,32737,1761343500000,32740,1761344400000,0.314097,0.333943198,0.4007318376,0.2671545584,0.20036591880000001,,0.4007318376,32755,1761349200000,stop,-0.201560144,-20.1560144,16,trigger_120_wait3_stop20,1.2,3,0.2,2025-10-24T22:05:00Z,2025-10-24T22:20:00Z,2025-10-24T23:40:00Z
H,36731,1762541700000,36734,1762542600000,0.230307,0.249420106,0.2993041272,0.1995360848,0.14965206360000002,0.1995360848,0.249420106,36757,1762549800000,breakeven_stop,0.09867989200000003,9.867989200000004,24,trigger_120_wait3_stop20,1.2,3,0.2,2025-11-07T18:55:00Z,2025-11-07T19:10:00Z,2025-11-07T21:10:00Z
H,98253,1780998300000,98256,1780999200000,0.153531,0.168226348,0.2018716176,0.1345810784,0.10093580880000001,,0.2018716176,98270,1781003700000,stop,-0.201560144,-20.1560144,15,trigger_120_wait3_stop20,1.2,3,0.2,2026-06-09T09:45:00Z,2026-06-09T10:00:00Z,2026-06-09T11:15:00Z
IOST,151113,1788972300000,151116,1788973200000,0.0017929800000000002,0.00184193154,0.002210317848,0.001473545232,0.0011051589240000002,,0.0017884,151199,1788998400000,utc_day_end,0.027685853334158076,2.7685853334158077,84,trigger_120_wait3_stop20,1.2,3,0.2,2026-09-09T16:45:00Z,2026-09-09T17:00:00Z,2026-09-10T00:00:00Z
JELLYJELLY,52933,1759518300000,52936,1759519200000,0.10712100000000001,0.11037792,0.132453504,0.08830233600000001,0.06622675200000001,,0.09969,52991,1759536000000,utc_day_end,0.09550759142045806,9.550759142045806,56,trigger_120_wait3_stop20,1.2,3,0.2,2025-10-03T19:05:00Z,2025-10-03T19:20:00Z,2025-10-04T00:00:00Z
JELLYJELLY,61819,1762184100000,61822,1762185000000,0.129885,0.144211152,0.1730533824,0.11536892160000001,0.08652669120000002,,0.1730533824,61870,1762199700000,stop,-0.201560144,-20.1560144,49,trigger_120_wait3_stop20,1.2,3,0.2,2025-11-03T15:35:00Z,2025-11-03T15:50:00Z,2025-11-03T19:55:00Z
JELLYJELLY,62176,1762291200000,62179,1762292100000,0.433944,0.492031574,0.5904378888,0.3936252592,0.29521894440000007,0.3936252592,0.29521894440000007,62190,1762295700000,target_2,0.298839916,29.883991599999998,12,trigger_120_wait3_stop20,1.2,3,0.2,2025-11-04T21:20:00Z,2025-11-04T21:35:00Z,2025-11-04T22:35:00Z
LAB,52443,1777731300000,52446,1777732200000,2.5512900000000003,2.62167556,3.1460106719999996,2.097340448,1.5730053360000003,,3.1460106719999996,52466,1777738500000,stop,-0.20156014399999986,-20.156014399999986,21,trigger_120_wait3_stop20,1.2,3,0.2,2026-05-02T14:15:00Z,2026-05-02T14:30:00Z,2026-05-02T16:15:00Z
LAB,70560,1783166400000,70563,1783167300000,12.5454,12.542890920000001,15.051469104,10.034312736000002,7.525734552000002,,15.051469104,70604,1783179900000,stop,-0.20156014399999994,-20.156014399999993,42,trigger_120_wait3_stop20,1.2,3,0.2,2026-07-04T12:00:00Z,2026-07-04T12:15:00Z,2026-07-04T15:45:00Z
LIGHT,4345,1767175500000,4348,1767176400000,0.9704100000000001,1.14497096,1.373965152,0.915976768,0.6869825760000001,,1.373965152,4357,1767179400000,stop,-0.20156014399999994,-20.156014399999993,10,trigger_120_wait3_stop20,1.2,3,0.2,2025-12-31T10:05:00Z,2025-12-31T10:20:00Z,2025-12-31T11:10:00Z
LPT,16570,1748609400000,16573,1748610300000,11.4891,11.9096176,14.29154112,9.527694080000002,7.145770560000002,,11.672,16703,1748649600000,utc_day_end,0.018567584302622744,1.8567584302622744,131,trigger_120_wait3_stop20,1.2,3,0.2,2025-05-30T12:50:00Z,2025-05-30T13:05:00Z,2025-05-31T00:00:00Z
MERL,68484,1764183600000,68487,1764184500000,0.44948400000000005,0.470765828,0.5649189936,0.3766126624,0.28245949680000004,0.3766126624,0.470765828,68541,1764201000000,breakeven_stop,0.09867989200000002,9.867989200000002,55,trigger_120_wait3_stop20,1.2,3,0.2,2025-11-26T19:00:00Z,2025-11-26T19:15:00Z,2025-11-26T23:50:00Z
NIGHT,413,1765403700000,416,1765404600000,0.0833532,0.0856298706,0.10275584472,0.06850389648,0.05137792236000001,,0.075,437,1765411200000,utc_day_end,0.12283661768887463,12.283661768887463,22,trigger_120_wait3_stop20,1.2,3,0.2,2025-12-10T21:55:00Z,2025-12-10T22:10:00Z,2025-12-11T00:00:00Z
ONE,154028,1789846800000,154031,1789847700000,0.00394359,0.0040747848800000005,0.0048897418560000004,0.0032598279040000006,0.0024448709280000007,,0.0036461,154079,1789862400000,utc_day_end,0.10388835337486581,10.388835337486581,49,trigger_120_wait3_stop20,1.2,3,0.2,2026-09-19T19:40:00Z,2026-09-19T19:55:00Z,2026-09-20T00:00:00Z
OPN,28876,1780510800000,28879,1780511700000,0.25263,0.252579474,0.30309536880000004,0.20206357920000004,0.15154768440000005,,0.2286,28943,1780531200000,utc_day_end,0.09361417422066541,9.361417422066541,65,trigger_120_wait3_stop20,1.2,3,0.2,2026-06-03T18:20:00Z,2026-06-03T18:35:00Z,2026-06-04T00:00:00Z
ORDI,109052,1776354000000,109055,1776354900000,7.2072,8.178364,9.8140368,6.5426912,4.907018400000001,,8.529,109151,1776384000000,utc_day_end,-0.044308035431047034,-4.4308035431047035,97,trigger_120_wait3_stop20,1.2,3,0.2,2026-04-16T15:40:00Z,2026-04-16T15:55:00Z,2026-04-17T00:00:00Z
PIEVERSE,44539,1776625500000,44542,1776626400000,1.29213,1.3192361,1.5830833199999998,1.05538888,0.79154166,,1.1838,44597,1776643200000,utc_day_end,0.1013445404382127,10.13445404382127,56,trigger_120_wait3_stop20,1.2,3,0.2,2026-04-19T19:05:00Z,2026-04-19T19:20:00Z,2026-04-20T00:00:00Z
RAVE,33275,1775768100000,33278,1775769000000,0.663075,0.674335106,0.8092021272,0.5394680848000001,0.4046010636000001,,0.8092021272,33294,1775774100000,stop,-0.20156014399999989,-20.15601439999999,17,trigger_120_wait3_stop20,1.2,3,0.2,2026-04-09T20:55:00Z,2026-04-09T21:10:00Z,2026-04-09T22:35:00Z
RAVE,34105,1776017100000,34108,1776018000000,4.559667,4.5587550666,5.47050607992,3.64700405328,2.7352530399600004,,5.47050607992,34141,1776028200000,stop,-0.20156014400000005,-20.156014400000004,34,trigger_120_wait3_stop20,1.2,3,0.2,2026-04-12T18:05:00Z,2026-04-12T18:20:00Z,2026-04-12T21:10:00Z
RLS,42424,1777415700000,42427,1777416600000,0.0074403,0.0080463904,0.00965566848,0.0064371123200000005,0.004827834240000001,,0.00965566848,42429,1777417500000,stop,-0.20156014400000008,-20.156014400000007,3,trigger_120_wait3_stop20,1.2,3,0.2,2026-04-28T22:35:00Z,2026-04-28T22:50:00Z,2026-04-28T23:05:00Z
SOON,47927,1762377900000,47930,1762378800000,1.518048,2.492141472,2.9905697664,1.9937131776,1.4952848832000003,,2.9905697664,47932,1762379700000,stop,-0.20156014399999989,-20.15601439999999,3,trigger_120_wait3_stop20,1.2,3,0.2,2025-11-05T21:25:00Z,2025-11-05T21:40:00Z,2025-11-05T21:55:00Z
TRUST,4660,1763740200000,4668,1763742600000,0.22176,0.22171564800000002,0.2660587776,0.1773725184,0.13302938880000004,0.1773725184,0.22171564800000002,4677,1763745600000,breakeven_stop,0.098679892,9.8679892,10,trigger_120_wait3_stop20,1.2,3,0.2,2025-11-21T15:50:00Z,2025-11-21T16:30:00Z,2025-11-21T17:20:00Z
TRUTH,3515,1765383900000,3518,1765384800000,0.020000399999999998,0.0209838024,0.02518056288,0.016787041920000002,0.012590281440000002,,0.02518056288,3567,1765399800000,stop,-0.20156014399999997,-20.156014399999997,50,trigger_120_wait3_stop20,1.2,3,0.2,2025-12-10T16:25:00Z,2025-12-10T16:40:00Z,2025-12-10T20:50:00Z
APE,111408,1777060800000,111409,1777061100000,0.21424200000000002,0.24346129800000002,0.26780742780000005,0.19476903840000004,0.14607677880000003,,0.26780742780000005,111409,1777061400000,stop,-0.10148013200000018,-10.148013200000019,1,trigger_130_wait1_stop10,1.3,1,0.1,2026-04-24T20:00:00Z,2026-04-24T20:05:00Z,2026-04-24T20:10:00Z
APR,84277,1786568700000,84278,1786569000000,0.43533000000000005,0.4689062,0.51579682,0.37512496,0.28134372,,0.51579682,84278,1786569300000,stop,-0.10148013200000003,-10.148013200000003,1,trigger_130_wait1_stop10,1.3,1,0.1,2026-08-12T21:05:00Z,2026-08-12T21:10:00Z,2026-08-12T21:15:00Z
BASED,4922,1776343200000,4923,1776343500000,0.179466,0.18805238200000002,0.20685762020000004,0.15044190560000004,0.11283142920000003,,0.20685762020000004,4946,1776350700000,stop,-0.10148013200000003,-10.148013200000003,24,trigger_130_wait1_stop10,1.3,1,0.1,2026-04-16T12:40:00Z,2026-04-16T12:45:00Z,2026-04-16T14:45:00Z
BEAT,2270,1763645100000,2271,1763645400000,1.0319610000000001,1.19336128,1.312697408,0.954689024,0.7160167680000001,,1.312697408,2271,1763645700000,stop,-0.10148013200000007,-10.148013200000007,1,trigger_130_wait1_stop10,1.3,1,0.1,2025-11-20T13:25:00Z,2025-11-20T13:30:00Z,2025-11-20T13:35:00Z
BERA,90697,1770847500000,90698,1770847800000,1.03635,1.09868022,1.2085482420000002,0.8789441760000001,0.6592081320000002,,1.2085482420000002,90698,1770848100000,stop,-0.10148013200000008,-10.148013200000008,1,trigger_130_wait1_stop10,1.3,1,0.1,2026-02-11T22:05:00Z,2026-02-11T22:10:00Z,2026-02-11T22:15:00Z
BSB,13933,1779303900000,13934,1779304200000,1.7665199999999999,1.78974198,1.9687161780000002,1.4317935840000002,1.0738451880000002,,1.9687161780000002,13934,1779304500000,stop,-0.1014801320000001,-10.14801320000001,1,trigger_130_wait1_stop10,1.3,1,0.1,2026-05-20T19:05:00Z,2026-05-20T19:10:00Z,2026-05-20T19:15:00Z
CFX,31307,1753030500000,31308,1753030800000,0.22285200000000002,0.241291732,0.26542090520000006,0.19303338560000002,0.14477503920000004,,0.22017,31391,1753056000000,utc_day_end,0.08620599789304013,8.620599789304013,84,trigger_130_wait1_stop10,1.3,1,0.1,2025-07-20T16:55:00Z,2025-07-20T17:00:00Z,2025-07-21T00:00:00Z
DOOD,42540,1759813200000,42541,1759813500000,0.014168700000000001,0.015816836,0.017398519600000002,0.012653468800000001,0.009490101600000002,,0.017398519600000002,42541,1759813800000,stop,-0.10148013200000004,-10.148013200000005,1,trigger_130_wait1_stop10,1.3,1,0.1,2025-10-07T05:00:00Z,2025-10-07T05:05:00Z,2025-10-07T05:10:00Z
ENSO,25217,1769297100000,25218,1769297400000,1.6006200000000002,1.78094374,1.9590381140000004,1.4247549920000002,1.0685662440000003,,1.769,25223,1769299200000,utc_day_end,0.0053116565467700464,0.5311656546770046,6,trigger_130_wait1_stop10,1.3,1,0.1,2026-01-24T23:25:00Z,2026-01-24T23:30:00Z,2026-01-25T00:00:00Z
GIGGLE,3316,1762370400000,3317,1762370700000,223.482,240.84182199999998,264.9260042,192.6734576,144.5050932,,264.9260042,3327,1762374000000,stop,-0.10148013200000018,-10.148013200000019,11,trigger_130_wait1_stop10,1.3,1,0.1,2025-11-05T19:20:00Z,2025-11-05T19:25:00Z,2025-11-05T20:20:00Z
H,29578,1760395800000,29579,1760396100000,0.15399300000000002,0.18116376,0.19928013600000002,0.144931008,0.10869825600000002,,0.18172,29591,1760400000000,utc_day_end,-0.004472947914086014,-0.4472947914086014,13,trigger_130_wait1_stop10,1.3,1,0.1,2025-10-13T22:50:00Z,2025-10-13T22:55:00Z,2025-10-14T00:00:00Z
H,32737,1761343500000,32738,1761343800000,0.314097,0.337812424,0.3715936664,0.2702499392,0.20268745440000002,,0.3715936664,32749,1761347400000,stop,-0.1014801320000001,-10.14801320000001,12,trigger_130_wait1_stop10,1.3,1,0.1,2025-10-24T22:05:00Z,2025-10-24T22:10:00Z,2025-10-24T23:10:00Z
H,36733,1762542300000,36734,1762542600000,0.230307,0.249420106,0.27436211660000004,0.1995360848,0.14965206360000002,0.1995360848,0.249420106,36757,1762549800000,breakeven_stop,0.09867989200000003,9.867989200000004,24,trigger_130_wait1_stop10,1.3,1,0.1,2025-11-07T19:05:00Z,2025-11-07T19:10:00Z,2025-11-07T21:10:00Z
H,98253,1780998300000,98254,1780998600000,0.153531,0.157898414,0.1736882554,0.1263187312,0.09473904840000001,,0.1736882554,98255,1780999200000,stop,-0.10148013200000006,-10.148013200000005,2,trigger_130_wait1_stop10,1.3,1,0.1,2026-06-09T09:45:00Z,2026-06-09T09:50:00Z,2026-06-09T10:00:00Z
IOST,151131,1788977700000,151132,1788978000000,0.0017929800000000002,0.00196880616,0.002165686776,0.001575044928,0.001181283696,,0.002165686776,151134,1788978900000,stop,-0.10148013200000003,-10.148013200000003,3,trigger_130_wait1_stop10,1.3,1,0.1,2026-09-09T18:15:00Z,2026-09-09T18:20:00Z,2026-09-09T18:35:00Z
JELLYJELLY,52944,1759521600000,52945,1759521900000,0.10712100000000001,0.115186958,0.1267056538,0.09214956640000001,0.06911217480000001,,0.09969,52991,1759536000000,utc_day_end,0.13324496218052748,13.324496218052747,47,trigger_130_wait1_stop10,1.3,1,0.1,2025-10-03T20:00:00Z,2025-10-03T20:05:00Z,2025-10-04T00:00:00Z
JELLYJELLY,61819,1762184100000,61820,1762184400000,0.129885,0.143051384,0.1573565224,0.1144411072,0.08583083040000002,,0.1573565224,61839,1762190400000,stop,-0.10148013200000001,-10.148013200000001,20,trigger_130_wait1_stop10,1.3,1,0.1,2025-11-03T15:35:00Z,2025-11-03T15:40:00Z,2025-11-03T17:20:00Z
JELLYJELLY,62176,1762291200000,62177,1762291500000,0.433944,0.480483884,0.5285322724000001,0.3843871072,0.28829033040000007,,0.5285322724000001,62178,1762292100000,stop,-0.10148013200000004,-10.148013200000005,2,trigger_130_wait1_stop10,1.3,1,0.1,2025-11-04T21:20:00Z,2025-11-04T21:25:00Z,2025-11-04T21:35:00Z
LAB,52444,1777731600000,52445,1777731900000,2.5512900000000003,2.68956198,2.9585181780000003,2.1516495840000003,1.6137371880000002,,2.9585181780000003,52464,1777737900000,stop,-0.10148013200000006,-10.148013200000005,20,trigger_130_wait1_stop10,1.3,1,0.1,2026-05-02T14:20:00Z,2026-05-02T14:25:00Z,2026-05-02T16:05:00Z
LAB,70560,1783166400000,70561,1783166700000,12.5454,12.9504094,14.245450340000001,10.36032752,7.770245640000001,,14.245450340000001,70593,1783176600000,stop,-0.10148013200000017,-10.148013200000017,33,trigger_130_wait1_stop10,1.3,1,0.1,2026-07-04T12:00:00Z,2026-07-04T12:05:00Z,2026-07-04T14:50:00Z
LIGHT,4346,1767175800000,4347,1767176100000,0.9704100000000001,1.06288738,1.1691761180000002,0.8503099040000001,0.6377324280000001,,1.1691761180000002,4357,1767179400000,stop,-0.10148013200000013,-10.148013200000012,11,trigger_130_wait1_stop10,1.3,1,0.1,2025-12-31T10:10:00Z,2025-12-31T10:15:00Z,2025-12-31T11:10:00Z
LPT,16580,1748612400000,16581,1748612700000,11.4891,12.482503,13.7307533,9.9860024,7.489501800000001,,11.672,16703,1748649600000,utc_day_end,0.0635829606898551,6.35829606898551,123,trigger_130_wait1_stop10,1.3,1,0.1,2025-05-30T13:40:00Z,2025-05-30T13:45:00Z,2025-05-31T00:00:00Z
MERL,68486,1764184200000,68487,1764184500000,0.44948400000000005,0.470765828,0.5178424108,0.3766126624,0.28245949680000004,0.3766126624,0.470765828,68541,1764201000000,breakeven_stop,0.09867989200000002,9.867989200000002,55,trigger_130_wait1_stop10,1.3,1,0.1,2025-11-26T19:10:00Z,2025-11-26T19:15:00Z,2025-11-26T23:50:00Z
MOODENG,10337,1746739500000,10338,1746739800000,0.083181,0.08973205,0.098705255,0.07178564,0.05383923,0.07178564,0.07584,10367,1746748800000,utc_day_end,0.17615034601863658,17.61503460186366,30,trigger_130_wait1_stop10,1.3,1,0.1,2025-05-08T21:25:00Z,2025-05-08T21:30:00Z,2025-05-09T00:00:00Z
ONE,154050,1789853400000,154051,1789853700000,0.00394359,0.00428384306,0.004712227366,0.003427074448,0.0025703058360000003,,0.0036461,154079,1789862400000,utc_day_end,0.14759070950465664,14.759070950465663,29,trigger_130_wait1_stop10,1.3,1,0.1,2026-09-19T21:30:00Z,2026-09-19T21:35:00Z,2026-09-20T00:00:00Z
ORDI,109052,1776354000000,109053,1776354300000,7.2072,7.903419,8.693760900000001,6.3227352,4.742051400000001,,8.693760900000001,109055,1776355200000,stop,-0.101480132,-10.1480132,3,trigger_130_wait1_stop10,1.3,1,0.1,2026-04-16T15:40:00Z,2026-04-16T15:45:00Z,2026-04-16T16:00:00Z
PIEVERSE,44557,1776630900000,44558,1776631200000,1.29213,1.45390916,1.5993000760000002,1.163127328,0.8723454960000001,1.163127328,1.1838,44597,1776643200000,utc_day_end,0.19164487467508656,19.164487467508657,40,trigger_130_wait1_stop10,1.3,1,0.1,2026-04-19T20:35:00Z,2026-04-19T20:40:00Z,2026-04-20T00:00:00Z
RAVE,33291,1775772900000,33292,1775773200000,0.663075,0.761287712,0.8374164832000001,0.6090301696,0.45677262720000006,,0.8374164832000001,33294,1775774100000,stop,-0.10148013200000003,-10.148013200000003,3,trigger_130_wait1_stop10,1.3,1,0.1,2026-04-09T22:15:00Z,2026-04-09T22:20:00Z,2026-04-09T22:35:00Z
RAVE,34105,1776017100000,34106,1776017400000,4.559667,4.775284752,5.252813227200001,3.8202278016,2.8651708512000007,3.8202278016,4.775284752,34129,1776024600000,breakeven_stop,0.09867989199999999,9.867989199999998,24,trigger_130_wait1_stop10,1.3,1,0.1,2026-04-12T18:05:00Z,2026-04-12T18:10:00Z,2026-04-12T20:10:00Z
RAVE,36527,1776743700000,36528,1776744000000,2.31861,2.318146278,2.5499609058000003,1.8545170224,1.3908877668000001,1.8545170224,1.3908877668000001,36531,1776745200000,target_2,0.298839916,29.883991599999998,4,trigger_130_wait1_stop10,1.3,1,0.1,2026-04-21T03:55:00Z,2026-04-21T04:00:00Z,2026-04-21T04:20:00Z
RLS,42426,1777416300000,42427,1777416600000,0.0074403,0.0080463904,0.008851029440000002,0.0064371123200000005,0.004827834240000001,,0.008851029440000002,42429,1777417500000,stop,-0.10148013200000001,-10.148013200000001,3,trigger_130_wait1_stop10,1.3,1,0.1,2026-04-28T22:45:00Z,2026-04-28T22:50:00Z,2026-04-28T23:05:00Z
SOON,47927,1762377900000,47928,1762378200000,1.518048,1.952889344,2.1481782784,1.5623114752,1.1717336064000001,,2.1481782784,47928,1762378500000,stop,-0.10148013200000014,-10.148013200000014,1,trigger_130_wait1_stop10,1.3,1,0.1,2025-11-05T21:25:00Z,2025-11-05T21:30:00Z,2025-11-05T21:35:00Z
SOON,50503,1763150700000,50504,1763151000000,4.378710000000001,4.919575888,5.4115334768,3.9356607104,2.9517455328000004,,5.4115334768,50504,1763151300000,stop,-0.10148013200000003,-10.148013200000003,1,trigger_130_wait1_stop10,1.3,1,0.1,2025-11-14T20:05:00Z,2025-11-14T20:10:00Z,2025-11-14T20:15:00Z
TRUST,4660,1763740200000,4661,1763740500000,0.22176,0.22775444,0.25052988400000004,0.18220355200000002,0.13665266400000003,0.18220355200000002,0.22775444,4678,1763745900000,breakeven_stop,0.09867989200000002,9.867989200000002,18,trigger_130_wait1_stop10,1.3,1,0.1,2025-11-21T15:50:00Z,2025-11-21T15:55:00Z,2025-11-21T17:25:00Z
TRUTH,3521,1765385700000,3522,1765386000000,0.020000399999999998,0.022094580200000002,0.024304038220000004,0.017675664160000003,0.013256748120000003,,0.024304038220000004,3546,1765393500000,stop,-0.10148013200000007,-10.148013200000007,25,trigger_130_wait1_stop10,1.3,1,0.1,2025-12-10T16:55:00Z,2025-12-10T17:00:00Z,2025-12-10T19:05:00Z
APE,111408,1777060800000,111409,1777061100000,0.21424200000000002,0.24346129800000002,0.2799804927,0.19476903840000004,0.14607677880000003,0.19476903840000004,0.18035,111455,1777075200000,utc_day_end,0.22839618598721878,22.839618598721877,47,trigger_130_wait1_stop15,1.3,1,0.15,2026-04-24T20:00:00Z,2026-04-24T20:05:00Z,2026-04-25T00:00:00Z
APR,84277,1786568700000,84278,1786569000000,0.43533000000000005,0.4689062,0.53924213,0.37512496,0.28134372,,0.53924213,84278,1786569300000,stop,-0.15152013799999994,-15.152013799999994,1,trigger_130_wait1_stop15,1.3,1,0.15,2026-08-12T21:05:00Z,2026-08-12T21:10:00Z,2026-08-12T21:15:00Z
BASED,4922,1776343200000,4923,1776343500000,0.179466,0.18805238200000002,0.2162602393,0.15044190560000004,0.11283142920000003,,0.2162602393,4947,1776351000000,stop,-0.15152013799999978,-15.152013799999978,25,trigger_130_wait1_stop15,1.3,1,0.15,2026-04-16T12:40:00Z,2026-04-16T12:45:00Z,2026-04-16T14:50:00Z
BEAT,2270,1763645100000,2271,1763645400000,1.0319610000000001,1.19336128,1.3723654719999998,0.954689024,0.7160167680000001,,1.3723654719999998,2271,1763645700000,stop,-0.15152013799999986,-15.152013799999986,1,trigger_130_wait1_stop15,1.3,1,0.15,2025-11-20T13:25:00Z,2025-11-20T13:30:00Z,2025-11-20T13:35:00Z
BERA,90697,1770847500000,90698,1770847800000,1.03635,1.09868022,1.263482253,0.8789441760000001,0.6592081320000002,,1.263482253,90698,1770848100000,stop,-0.15152013799999994,-15.152013799999994,1,trigger_130_wait1_stop15,1.3,1,0.15,2026-02-11T22:05:00Z,2026-02-11T22:10:00Z,2026-02-11T22:15:00Z
BSB,13933,1779303900000,13934,1779304200000,1.7665199999999999,1.78974198,2.058203277,1.4317935840000002,1.0738451880000002,,2.058203277,13934,1779304500000,stop,-0.151520138,-15.1520138,1,trigger_130_wait1_stop15,1.3,1,0.15,2026-05-20T19:05:00Z,2026-05-20T19:10:00Z,2026-05-20T19:15:00Z
CFX,31307,1753030500000,31308,1753030800000,0.22285200000000002,0.241291732,0.2774854918,0.19303338560000002,0.14477503920000004,,0.22017,31391,1753056000000,utc_day_end,0.08620599789304013,8.620599789304013,84,trigger_130_wait1_stop15,1.3,1,0.15,2025-07-20T16:55:00Z,2025-07-20T17:00:00Z,2025-07-21T00:00:00Z
DOOD,42540,1759813200000,42541,1759813500000,0.014168700000000001,0.015816836,0.0181893614,0.012653468800000001,0.009490101600000002,0.012653468800000001,0.010874,42767,1759881600000,utc_day_end,0.25505727562907476,25.505727562907477,227,trigger_130_wait1_stop15,1.3,1,0.15,2025-10-07T05:00:00Z,2025-10-07T05:05:00Z,2025-10-08T00:00:00Z
ENSO,25217,1769297100000,25218,1769297400000,1.6006200000000002,1.78094374,2.048085301,1.4247549920000002,1.0685662440000003,,1.769,25223,1769299200000,utc_day_end,0.0053116565467700464,0.5311656546770046,6,trigger_130_wait1_stop15,1.3,1,0.15,2026-01-24T23:25:00Z,2026-01-24T23:30:00Z,2026-01-25T00:00:00Z
GIGGLE,3316,1762370400000,3317,1762370700000,223.482,240.84182199999998,276.96809529999996,192.6734576,144.5050932,,260.58,3371,1762387200000,utc_day_end,-0.08342063764490214,-8.342063764490213,55,trigger_130_wait1_stop15,1.3,1,0.15,2025-11-05T19:20:00Z,2025-11-05T19:25:00Z,2025-11-06T00:00:00Z
H,29578,1760395800000,29579,1760396100000,0.15399300000000002,0.18116376,0.208338324,0.144931008,0.10869825600000002,,0.18172,29591,1760400000000,utc_day_end,-0.004472947914086014,-0.4472947914086014,13,trigger_130_wait1_stop15,1.3,1,0.15,2025-10-13T22:50:00Z,2025-10-13T22:55:00Z,2025-10-14T00:00:00Z
H,32737,1761343500000,32738,1761343800000,0.314097,0.337812424,0.3884842876,0.2702499392,0.20268745440000002,,0.3884842876,32754,1761348900000,stop,-0.15152013799999997,-15.152013799999997,17,trigger_130_wait1_stop15,1.3,1,0.15,2025-10-24T22:05:00Z,2025-10-24T22:10:00Z,2025-10-24T23:35:00Z
H,36733,1762542300000,36734,1762542600000,0.230307,0.249420106,0.2868331219,0.1995360848,0.14965206360000002,0.1995360848,0.249420106,36757,1762549800000,breakeven_stop,0.09867989200000003,9.867989200000004,24,trigger_130_wait1_stop15,1.3,1,0.15,2025-11-07T19:05:00Z,2025-11-07T19:10:00Z,2025-11-07T21:10:00Z
H,98253,1780998300000,98254,1780998600000,0.153531,0.157898414,0.18158317609999997,0.1263187312,0.09473904840000001,,0.18158317609999997,98266,1781002500000,stop,-0.15152013799999986,-15.152013799999986,13,trigger_130_wait1_stop15,1.3,1,0.15,2026-06-09T09:45:00Z,2026-06-09T09:50:00Z,2026-06-09T10:55:00Z
IOST,151131,1788977700000,151132,1788978000000,0.0017929800000000002,0.00196880616,0.0022641270839999996,0.001575044928,0.001181283696,,0.0017884,151199,1788998400000,utc_day_end,0.09030545784964415,9.030545784964415,68,trigger_130_wait1_stop15,1.3,1,0.15,2026-09-09T18:15:00Z,2026-09-09T18:20:00Z,2026-09-10T00:00:00Z
JELLYJELLY,52944,1759521600000,52945,1759521900000,0.10712100000000001,0.115186958,0.1324650017,0.09214956640000001,0.06911217480000001,,0.09969,52991,1759536000000,utc_day_end,0.13324496218052748,13.324496218052747,47,trigger_130_wait1_stop15,1.3,1,0.15,2025-10-03T20:00:00Z,2025-10-03T20:05:00Z,2025-10-04T00:00:00Z
JELLYJELLY,61819,1762184100000,61820,1762184400000,0.129885,0.143051384,0.1645090916,0.1144411072,0.08583083040000002,,0.1645090916,61851,1762194000000,stop,-0.1515201379999999,-15.152013799999988,32,trigger_130_wait1_stop15,1.3,1,0.15,2025-11-03T15:35:00Z,2025-11-03T15:40:00Z,2025-11-03T18:20:00Z
JELLYJELLY,62176,1762291200000,62177,1762291500000,0.433944,0.480483884,0.5525564666,0.3843871072,0.28829033040000007,0.3843871072,0.28829033040000007,62190,1762295700000,target_2,0.298839916,29.883991599999998,14,trigger_130_wait1_stop15,1.3,1,0.15,2025-11-04T21:20:00Z,2025-11-04T21:25:00Z,2025-11-04T22:35:00Z
LAB,52444,1777731600000,52445,1777731900000,2.5512900000000003,2.68956198,3.092996277,2.1516495840000003,1.6137371880000002,,3.092996277,52466,1777738500000,stop,-0.15152013799999992,-15.152013799999992,22,trigger_130_wait1_stop15,1.3,1,0.15,2026-05-02T14:20:00Z,2026-05-02T14:25:00Z,2026-05-02T16:15:00Z
LAB,70560,1783166400000,70561,1783166700000,12.5454,12.9504094,14.89297081,10.36032752,7.770245640000001,,14.89297081,70604,1783179900000,stop,-0.151520138,-15.1520138,44,trigger_130_wait1_stop15,1.3,1,0.15,2026-07-04T12:00:00Z,2026-07-04T12:05:00Z,2026-07-04T15:45:00Z
LIGHT,4346,1767175800000,4347,1767176100000,0.9704100000000001,1.06288738,1.222320487,0.8503099040000001,0.6377324280000001,,1.222320487,4357,1767179400000,stop,-0.1515201379999999,-15.152013799999988,11,trigger_130_wait1_stop15,1.3,1,0.15,2025-12-31T10:10:00Z,2025-12-31T10:15:00Z,2025-12-31T11:10:00Z
LPT,16580,1748612400000,16581,1748612700000,11.4891,12.482503,14.354878449999998,9.9860024,7.489501800000001,,11.672,16703,1748649600000,utc_day_end,0.0635829606898551,6.35829606898551,123,trigger_130_wait1_stop15,1.3,1,0.15,2025-05-30T13:40:00Z,2025-05-30T13:45:00Z,2025-05-31T00:00:00Z
MERL,68486,1764184200000,68487,1764184500000,0.44948400000000005,0.470765828,0.5413807022,0.3766126624,0.28245949680000004,0.3766126624,0.470765828,68541,1764201000000,breakeven_stop,0.09867989200000002,9.867989200000002,55,trigger_130_wait1_stop15,1.3,1,0.15,2025-11-26T19:10:00Z,2025-11-26T19:15:00Z,2025-11-26T23:50:00Z
MOODENG,10337,1746739500000,10338,1746739800000,0.083181,0.08973205,0.10319185749999998,0.07178564,0.05383923,0.07178564,0.07584,10367,1746748800000,utc_day_end,0.17615034601863658,17.61503460186366,30,trigger_130_wait1_stop15,1.3,1,0.15,2025-05-08T21:25:00Z,2025-05-08T21:30:00Z,2025-05-09T00:00:00Z
ONE,154050,1789853400000,154051,1789853700000,0.00394359,0.00428384306,0.004926419518999999,0.003427074448,0.0025703058360000003,,0.0036461,154079,1789862400000,utc_day_end,0.14759070950465664,14.759070950465663,29,trigger_130_wait1_stop15,1.3,1,0.15,2026-09-19T21:30:00Z,2026-09-19T21:35:00Z,2026-09-20T00:00:00Z
ORDI,109052,1776354000000,109053,1776354300000,7.2072,7.903419,9.08893185,6.3227352,4.742051400000001,,9.08893185,109057,1776355800000,stop,-0.1515201379999998,-15.152013799999981,5,trigger_130_wait1_stop15,1.3,1,0.15,2026-04-16T15:40:00Z,2026-04-16T15:45:00Z,2026-04-16T16:10:00Z
PIEVERSE,44557,1776630900000,44558,1776631200000,1.29213,1.45390916,1.671995534,1.163127328,0.8723454960000001,1.163127328,1.1838,44597,1776643200000,utc_day_end,0.19164487467508656,19.164487467508657,40,trigger_130_wait1_stop15,1.3,1,0.15,2026-04-19T20:35:00Z,2026-04-19T20:40:00Z,2026-04-20T00:00:00Z
RAVE,33291,1775772900000,33292,1775773200000,0.663075,0.761287712,0.8754808688,0.6090301696,0.45677262720000006,,0.8754808688,33295,1775774400000,stop,-0.15152013799999994,-15.152013799999994,4,trigger_130_wait1_stop15,1.3,1,0.15,2026-04-09T22:15:00Z,2026-04-09T22:20:00Z,2026-04-09T22:40:00Z
RAVE,34105,1776017100000,34106,1776017400000,4.559667,4.775284752,5.4915774648,3.8202278016,2.8651708512000007,3.8202278016,4.775284752,34129,1776024600000,breakeven_stop,0.09867989199999999,9.867989199999998,24,trigger_130_wait1_stop15,1.3,1,0.15,2026-04-12T18:05:00Z,2026-04-12T18:10:00Z,2026-04-12T20:10:00Z
RAVE,36527,1776743700000,36528,1776744000000,2.31861,2.318146278,2.6658682196999997,1.8545170224,1.3908877668000001,1.8545170224,1.3908877668000001,36531,1776745200000,target_2,0.298839916,29.883991599999998,4,trigger_130_wait1_stop15,1.3,1,0.15,2026-04-21T03:55:00Z,2026-04-21T04:00:00Z,2026-04-21T04:20:00Z
RLS,42426,1777416300000,42427,1777416600000,0.0074403,0.0080463904,0.00925334896,0.0064371123200000005,0.004827834240000001,,0.00925334896,42429,1777417500000,stop,-0.15152013799999972,-15.152013799999972,3,trigger_130_wait1_stop15,1.3,1,0.15,2026-04-28T22:45:00Z,2026-04-28T22:50:00Z,2026-04-28T23:05:00Z
SOON,47927,1762377900000,47928,1762378200000,1.518048,1.952889344,2.2458227456,1.5623114752,1.1717336064000001,,2.2458227456,47929,1762378800000,stop,-0.15152013799999992,-15.152013799999992,2,trigger_130_wait1_stop15,1.3,1,0.15,2025-11-05T21:25:00Z,2025-11-05T21:30:00Z,2025-11-05T21:40:00Z
SOON,50503,1763150700000,50504,1763151000000,4.378710000000001,4.919575888,5.657512271199999,3.9356607104,2.9517455328000004,3.9356607104,2.9517455328000004,50507,1763152200000,target_2,0.298839916,29.883991599999998,4,trigger_130_wait1_stop15,1.3,1,0.15,2025-11-14T20:05:00Z,2025-11-14T20:10:00Z,2025-11-14T20:30:00Z
TRUST,4660,1763740200000,4661,1763740500000,0.22176,0.22775444,0.26191760599999997,0.18220355200000002,0.13665266400000003,0.18220355200000002,0.22775444,4678,1763745900000,breakeven_stop,0.09867989200000002,9.867989200000002,18,trigger_130_wait1_stop15,1.3,1,0.15,2025-11-21T15:50:00Z,2025-11-21T15:55:00Z,2025-11-21T17:25:00Z
TRUTH,3521,1765385700000,3522,1765386000000,0.020000399999999998,0.022094580200000002,0.02540876723,0.017675664160000003,0.013256748120000003,,0.02540876723,3567,1765399800000,stop,-0.15152013799999997,-15.152013799999997,46,trigger_130_wait1_stop15,1.3,1,0.15,2025-12-10T16:55:00Z,2025-12-10T17:00:00Z,2025-12-10T20:50:00Z
APE,111408,1777060800000,111409,1777061100000,0.21424200000000002,0.24346129800000002,0.2921535576,0.19476903840000004,0.14607677880000003,0.19476903840000004,0.18035,111455,1777075200000,utc_day_end,0.22839618598721878,22.839618598721877,47,trigger_130_wait1_stop20,1.3,1,0.2,2026-04-24T20:00:00Z,2026-04-24T20:05:00Z,2026-04-25T00:00:00Z
APR,84277,1786568700000,84278,1786569000000,0.43533000000000005,0.4689062,0.5626874399999999,0.37512496,0.28134372,,0.5626874399999999,84299,1786575600000,stop,-0.20156014399999986,-20.156014399999986,22,trigger_130_wait1_stop20,1.3,1,0.2,2026-08-12T21:05:00Z,2026-08-12T21:10:00Z,2026-08-12T23:00:00Z
BASED,4922,1776343200000,4923,1776343500000,0.179466,0.18805238200000002,0.2256628584,0.15044190560000004,0.11283142920000003,,0.2256628584,4948,1776351300000,stop,-0.2015601439999998,-20.15601439999998,26,trigger_130_wait1_stop20,1.3,1,0.2,2026-04-16T12:40:00Z,2026-04-16T12:45:00Z,2026-04-16T14:55:00Z
BEAT,2270,1763645100000,2271,1763645400000,1.0319610000000001,1.19336128,1.4320335359999998,0.954689024,0.7160167680000001,,1.4320335359999998,2271,1763645700000,stop,-0.20156014399999983,-20.156014399999982,1,trigger_130_wait1_stop20,1.3,1,0.2,2025-11-20T13:25:00Z,2025-11-20T13:30:00Z,2025-11-20T13:35:00Z
BERA,90697,1770847500000,90698,1770847800000,1.03635,1.09868022,1.3184162640000001,0.8789441760000001,0.6592081320000002,,1.3184162640000001,90699,1770848400000,stop,-0.20156014400000002,-20.156014400000004,2,trigger_130_wait1_stop20,1.3,1,0.2,2026-02-11T22:05:00Z,2026-02-11T22:10:00Z,2026-02-11T22:20:00Z
BSB,13933,1779303900000,13934,1779304200000,1.7665199999999999,1.78974198,2.147690376,1.4317935840000002,1.0738451880000002,1.4317935840000002,1.0738451880000002,13939,1779306000000,target_2,0.2988399159999999,29.883991599999995,6,trigger_130_wait1_stop20,1.3,1,0.2,2026-05-20T19:05:00Z,2026-05-20T19:10:00Z,2026-05-20T19:40:00Z
CFX,31307,1753030500000,31308,1753030800000,0.22285200000000002,0.241291732,0.2895500784,0.19303338560000002,0.14477503920000004,,0.22017,31391,1753056000000,utc_day_end,0.08620599789304013,8.620599789304013,84,trigger_130_wait1_stop20,1.3,1,0.2,2025-07-20T16:55:00Z,2025-07-20T17:00:00Z,2025-07-21T00:00:00Z
DOOD,42540,1759813200000,42541,1759813500000,0.014168700000000001,0.015816836,0.0189802032,0.012653468800000001,0.009490101600000002,0.012653468800000001,0.010874,42767,1759881600000,utc_day_end,0.25505727562907476,25.505727562907477,227,trigger_130_wait1_stop20,1.3,1,0.2,2025-10-07T05:00:00Z,2025-10-07T05:05:00Z,2025-10-08T00:00:00Z
ENSO,25217,1769297100000,25218,1769297400000,1.6006200000000002,1.78094374,2.137132488,1.4247549920000002,1.0685662440000003,,1.769,25223,1769299200000,utc_day_end,0.0053116565467700464,0.5311656546770046,6,trigger_130_wait1_stop20,1.3,1,0.2,2026-01-24T23:25:00Z,2026-01-24T23:30:00Z,2026-01-25T00:00:00Z
GIGGLE,3316,1762370400000,3317,1762370700000,223.482,240.84182199999998,289.01018639999995,192.6734576,144.5050932,,260.58,3371,1762387200000,utc_day_end,-0.08342063764490214,-8.342063764490213,55,trigger_130_wait1_stop20,1.3,1,0.2,2025-11-05T19:20:00Z,2025-11-05T19:25:00Z,2025-11-06T00:00:00Z
H,29578,1760395800000,29579,1760396100000,0.15399300000000002,0.18116376,0.21739651200000001,0.144931008,0.10869825600000002,,0.18172,29591,1760400000000,utc_day_end,-0.004472947914086014,-0.4472947914086014,13,trigger_130_wait1_stop20,1.3,1,0.2,2025-10-13T22:50:00Z,2025-10-13T22:55:00Z,2025-10-14T00:00:00Z
H,32737,1761343500000,32738,1761343800000,0.314097,0.337812424,0.4053749088,0.2702499392,0.20268745440000002,,0.38072,32759,1761350400000,utc_day_end,-0.12851772775769787,-12.851772775769788,22,trigger_130_wait1_stop20,1.3,1,0.2,2025-10-24T22:05:00Z,2025-10-24T22:10:00Z,2025-10-25T00:00:00Z
H,36733,1762542300000,36734,1762542600000,0.230307,0.249420106,0.2993041272,0.1995360848,0.14965206360000002,0.1995360848,0.249420106,36757,1762549800000,breakeven_stop,0.09867989200000003,9.867989200000004,24,trigger_130_wait1_stop20,1.3,1,0.2,2025-11-07T19:05:00Z,2025-11-07T19:10:00Z,2025-11-07T21:10:00Z
H,98253,1780998300000,98254,1780998600000,0.153531,0.157898414,0.18947809679999997,0.1263187312,0.09473904840000001,,0.18947809679999997,98267,1781002800000,stop,-0.20156014399999983,-20.156014399999982,14,trigger_130_wait1_stop20,1.3,1,0.2,2026-06-09T09:45:00Z,2026-06-09T09:50:00Z,2026-06-09T11:00:00Z
IOST,151131,1788977700000,151132,1788978000000,0.0017929800000000002,0.00196880616,0.0023625673919999996,0.001575044928,0.001181283696,,0.0017884,151199,1788998400000,utc_day_end,0.09030545784964415,9.030545784964415,68,trigger_130_wait1_stop20,1.3,1,0.2,2026-09-09T18:15:00Z,2026-09-09T18:20:00Z,2026-09-10T00:00:00Z
JELLYJELLY,52944,1759521600000,52945,1759521900000,0.10712100000000001,0.115186958,0.1382243496,0.09214956640000001,0.06911217480000001,,0.09969,52991,1759536000000,utc_day_end,0.13324496218052748,13.324496218052747,47,trigger_130_wait1_stop20,1.3,1,0.2,2025-10-03T20:00:00Z,2025-10-03T20:05:00Z,2025-10-04T00:00:00Z
JELLYJELLY,61819,1762184100000,61820,1762184400000,0.129885,0.143051384,0.1716616608,0.1144411072,0.08583083040000002,,0.1716616608,61870,1762199700000,stop,-0.20156014399999994,-20.156014399999993,51,trigger_130_wait1_stop20,1.3,1,0.2,2025-11-03T15:35:00Z,2025-11-03T15:40:00Z,2025-11-03T19:55:00Z
JELLYJELLY,62176,1762291200000,62177,1762291500000,0.433944,0.480483884,0.5765806608,0.3843871072,0.28829033040000007,0.3843871072,0.28829033040000007,62190,1762295700000,target_2,0.298839916,29.883991599999998,14,trigger_130_wait1_stop20,1.3,1,0.2,2025-11-04T21:20:00Z,2025-11-04T21:25:00Z,2025-11-04T22:35:00Z
LAB,52444,1777731600000,52445,1777731900000,2.5512900000000003,2.68956198,3.227474376,2.1516495840000003,1.6137371880000002,,3.227474376,52466,1777738500000,stop,-0.20156014399999989,-20.15601439999999,22,trigger_130_wait1_stop20,1.3,1,0.2,2026-05-02T14:20:00Z,2026-05-02T14:25:00Z,2026-05-02T16:15:00Z
LAB,70560,1783166400000,70561,1783166700000,12.5454,12.9504094,15.54049128,10.36032752,7.770245640000001,,15.54049128,70610,1783181700000,stop,-0.20156014399999997,-20.156014399999997,50,trigger_130_wait1_stop20,1.3,1,0.2,2026-07-04T12:00:00Z,2026-07-04T12:05:00Z,2026-07-04T16:15:00Z
LIGHT,4346,1767175800000,4347,1767176100000,0.9704100000000001,1.06288738,1.275464856,0.8503099040000001,0.6377324280000001,,1.275464856,4357,1767179400000,stop,-0.20156014399999986,-20.156014399999986,11,trigger_130_wait1_stop20,1.3,1,0.2,2025-12-31T10:10:00Z,2025-12-31T10:15:00Z,2025-12-31T11:10:00Z
LPT,16580,1748612400000,16581,1748612700000,11.4891,12.482503,14.979003599999999,9.9860024,7.489501800000001,,11.672,16703,1748649600000,utc_day_end,0.0635829606898551,6.35829606898551,123,trigger_130_wait1_stop20,1.3,1,0.2,2025-05-30T13:40:00Z,2025-05-30T13:45:00Z,2025-05-31T00:00:00Z
MERL,68486,1764184200000,68487,1764184500000,0.44948400000000005,0.470765828,0.5649189936,0.3766126624,0.28245949680000004,0.3766126624,0.470765828,68541,1764201000000,breakeven_stop,0.09867989200000002,9.867989200000002,55,trigger_130_wait1_stop20,1.3,1,0.2,2025-11-26T19:10:00Z,2025-11-26T19:15:00Z,2025-11-26T23:50:00Z
MOODENG,10337,1746739500000,10338,1746739800000,0.083181,0.08973205,0.10767845999999999,0.07178564,0.05383923,0.07178564,0.07584,10367,1746748800000,utc_day_end,0.17615034601863658,17.61503460186366,30,trigger_130_wait1_stop20,1.3,1,0.2,2025-05-08T21:25:00Z,2025-05-08T21:30:00Z,2025-05-09T00:00:00Z
ONE,154050,1789853400000,154051,1789853700000,0.00394359,0.00428384306,0.005140611672,0.003427074448,0.0025703058360000003,,0.0036461,154079,1789862400000,utc_day_end,0.14759070950465664,14.759070950465663,29,trigger_130_wait1_stop20,1.3,1,0.2,2026-09-19T21:30:00Z,2026-09-19T21:35:00Z,2026-09-20T00:00:00Z
ORDI,109052,1776354000000,109053,1776354300000,7.2072,7.903419,9.4841028,6.3227352,4.742051400000001,,9.4841028,109057,1776355800000,stop,-0.20156014399999986,-20.156014399999986,5,trigger_130_wait1_stop20,1.3,1,0.2,2026-04-16T15:40:00Z,2026-04-16T15:45:00Z,2026-04-16T16:10:00Z
PIEVERSE,44557,1776630900000,44558,1776631200000,1.29213,1.45390916,1.744690992,1.163127328,0.8723454960000001,1.163127328,1.1838,44597,1776643200000,utc_day_end,0.19164487467508656,19.164487467508657,40,trigger_130_wait1_stop20,1.3,1,0.2,2026-04-19T20:35:00Z,2026-04-19T20:40:00Z,2026-04-20T00:00:00Z
RAVE,33291,1775772900000,33292,1775773200000,0.663075,0.761287712,0.9135452544,0.6090301696,0.45677262720000006,,0.9135452544,33295,1775774400000,stop,-0.20156014400000005,-20.156014400000004,4,trigger_130_wait1_stop20,1.3,1,0.2,2026-04-09T22:15:00Z,2026-04-09T22:20:00Z,2026-04-09T22:40:00Z
RAVE,34105,1776017100000,34106,1776017400000,4.559667,4.775284752,5.7303417024,3.8202278016,2.8651708512000007,3.8202278016,4.775284752,34129,1776024600000,breakeven_stop,0.09867989199999999,9.867989199999998,24,trigger_130_wait1_stop20,1.3,1,0.2,2026-04-12T18:05:00Z,2026-04-12T18:10:00Z,2026-04-12T20:10:00Z
RAVE,36527,1776743700000,36528,1776744000000,2.31861,2.318146278,2.7817755336,1.8545170224,1.3908877668000001,1.8545170224,1.3908877668000001,36531,1776745200000,target_2,0.298839916,29.883991599999998,4,trigger_130_wait1_stop20,1.3,1,0.2,2026-04-21T03:55:00Z,2026-04-21T04:00:00Z,2026-04-21T04:20:00Z
RLS,42426,1777416300000,42427,1777416600000,0.0074403,0.0080463904,0.00965566848,0.0064371123200000005,0.004827834240000001,,0.00965566848,42429,1777417500000,stop,-0.20156014400000008,-20.156014400000007,3,trigger_130_wait1_stop20,1.3,1,0.2,2026-04-28T22:45:00Z,2026-04-28T22:50:00Z,2026-04-28T23:05:00Z
SOON,47927,1762377900000,47928,1762378200000,1.518048,1.952889344,2.3434672128,1.5623114752,1.1717336064000001,,2.3434672128,47929,1762378800000,stop,-0.2015601439999999,-20.156014399999993,2,trigger_130_wait1_stop20,1.3,1,0.2,2025-11-05T21:25:00Z,2025-11-05T21:30:00Z,2025-11-05T21:40:00Z
SOON,50503,1763150700000,50504,1763151000000,4.378710000000001,4.919575888,5.9034910656,3.9356607104,2.9517455328000004,3.9356607104,2.9517455328000004,50507,1763152200000,target_2,0.298839916,29.883991599999998,4,trigger_130_wait1_stop20,1.3,1,0.2,2025-11-14T20:05:00Z,2025-11-14T20:10:00Z,2025-11-14T20:30:00Z
TRUST,4660,1763740200000,4661,1763740500000,0.22176,0.22775444,0.273305328,0.18220355200000002,0.13665266400000003,0.18220355200000002,0.22775444,4678,1763745900000,breakeven_stop,0.09867989200000002,9.867989200000002,18,trigger_130_wait1_stop20,1.3,1,0.2,2025-11-21T15:50:00Z,2025-11-21T15:55:00Z,2025-11-21T17:25:00Z
TRUTH,3521,1765385700000,3522,1765386000000,0.020000399999999998,0.022094580200000002,0.02651349624,0.017675664160000003,0.013256748120000003,,0.022935,3605,1765411200000,utc_day_end,-0.039467927990774816,-3.946792799077482,84,trigger_130_wait1_stop20,1.3,1,0.2,2025-12-10T16:55:00Z,2025-12-10T17:00:00Z,2025-12-11T00:00:00Z
APE,111408,1777060800000,111410,1777061400000,0.21424200000000002,0.26404718,0.29045189800000004,0.211237744,0.15842830800000002,0.211237744,0.18035,111455,1777075200000,utc_day_end,0.25729576471574267,25.729576471574266,46,trigger_130_wait2_stop10,1.3,2,0.1,2026-04-24T20:00:00Z,2026-04-24T20:10:00Z,2026-04-25T00:00:00Z
APR,84277,1786568700000,84279,1786569300000,0.43533000000000005,0.49570084000000003,0.5452709240000001,0.39656067200000006,0.2974205040000001,,0.5452709240000001,84295,1786574400000,stop,-0.10148013200000014,-10.148013200000014,17,trigger_130_wait2_stop10,1.3,2,0.1,2026-08-12T21:05:00Z,2026-08-12T21:15:00Z,2026-08-12T22:40:00Z
BASED,4922,1776343200000,4924,1776343800000,0.179466,0.184183156,0.2026014716,0.1473465248,0.1105098936,,0.2026014716,4944,1776350100000,stop,-0.10148013200000008,-10.148013200000008,21,trigger_130_wait2_stop10,1.3,2,0.1,2026-04-16T12:40:00Z,2026-04-16T12:50:00Z,2026-04-16T14:35:00Z
BEAT,2270,1763645100000,2272,1763645700000,1.0319610000000001,1.261177714,1.3872954854000001,1.0089421712,0.7567066284000001,,1.3872954854000001,2272,1763646000000,stop,-0.1014801320000001,-10.14801320000001,1,trigger_130_wait2_stop10,1.3,2,0.1,2025-11-20T13:25:00Z,2025-11-20T13:35:00Z,2025-11-20T13:40:00Z
BERA,90697,1770847500000,90699,1770848100000,1.03635,1.2101579199999999,1.331173712,0.968126336,0.7260947520000001,,1.331173712,90699,1770848400000,stop,-0.10148013200000015,-10.148013200000015,1,trigger_130_wait2_stop10,1.3,2,0.1,2026-02-11T22:05:00Z,2026-02-11T22:15:00Z,2026-02-11T22:20:00Z
BSB,13933,1779303900000,13935,1779304500000,1.7665199999999999,1.766166696,1.9427833656000002,1.4129333568,1.0597000176000002,1.4129333568,1.0597000176000002,13939,1779306000000,target_2,0.298839916,29.883991599999998,5,trigger_130_wait2_stop10,1.3,2,0.1,2026-05-20T19:05:00Z,2026-05-20T19:15:00Z,2026-05-20T19:40:00Z
CFX,31307,1753030500000,31309,1753031100000,0.22285200000000002,0.22910417,0.252014587,0.18328333600000002,0.13746250200000001,,0.22017,31391,1753056000000,utc_day_end,0.037627185387328364,3.7627185387328366,83,trigger_130_wait2_stop10,1.3,2,0.1,2025-07-20T16:55:00Z,2025-07-20T17:05:00Z,2025-07-21T00:00:00Z
DOOD,42540,1759813200000,42542,1759813800000,0.014168700000000001,0.0163047384,0.01793521224,0.013043790720000002,0.009782843040000003,0.013043790720000002,0.010874,42767,1759881600000,utc_day_end,0.2653517977083617,26.53517977083617,226,trigger_130_wait2_stop10,1.3,2,0.1,2025-10-07T05:00:00Z,2025-10-07T05:10:00Z,2025-10-08T00:00:00Z
ENSO,25217,1769297100000,25219,1769297700000,1.6006200000000002,1.7471505,1.9218655500000001,1.3977204,1.0482903000000001,,1.769,25223,1769299200000,utc_day_end,-0.013915917707146537,-1.3915917707146537,5,trigger_130_wait2_stop10,1.3,2,0.1,2026-01-24T23:25:00Z,2026-01-24T23:35:00Z,2026-01-25T00:00:00Z
GIGGLE,3316,1762370400000,3318,1762371000000,223.482,241.411708,265.55287880000003,193.1293664,144.8470248,,265.55287880000003,3327,1762374000000,stop,-0.10148013200000011,-10.148013200000012,10,trigger_130_wait2_stop10,1.3,2,0.1,2025-11-05T19:20:00Z,2025-11-05T19:30:00Z,2025-11-05T20:20:00Z
H,29578,1760395800000,29580,1760396400000,0.15399300000000002,0.17431513,0.19174664300000002,0.13945210400000002,0.10458907800000003,,0.18172,29591,1760400000000,utc_day_end,-0.04391389826230215,-4.391389826230215,12,trigger_130_wait2_stop10,1.3,2,0.1,2025-10-13T22:50:00Z,2025-10-13T23:00:00Z,2025-10-14T00:00:00Z
H,32737,1761343500000,32739,1761344100000,0.314097,0.33879222800000003,0.3726714508000001,0.27103378240000003,0.20327533680000004,,0.3726714508000001,32749,1761347400000,stop,-0.10148013200000004,-10.148013200000005,11,trigger_130_wait2_stop10,1.3,2,0.1,2025-10-24T22:05:00Z,2025-10-24T22:15:00Z,2025-10-24T23:10:00Z
H,36733,1762542300000,36735,1762542900000,0.230307,0.23026093860000002,0.25328703246000006,0.18420875088000002,0.13815656316000002,0.18420875088000002,0.23026093860000002,36755,1762549200000,breakeven_stop,0.09867989200000003,9.867989200000004,21,trigger_130_wait2_stop10,1.3,2,0.1,2025-11-07T19:05:00Z,2025-11-07T19:15:00Z,2025-11-07T21:00:00Z
H,98253,1780998300000,98255,1780998900000,0.153531,0.15992800799999998,0.1759208088,0.12794240639999999,0.0959568048,,0.1759208088,98255,1780999200000,stop,-0.10148013200000001,-10.148013200000001,1,trigger_130_wait2_stop10,1.3,2,0.1,2026-06-09T09:45:00Z,2026-06-09T09:55:00Z,2026-06-09T10:00:00Z
IOST,151131,1788977700000,151133,1788978300000,0.0017929800000000002,0.00198630266,0.0021849329260000003,0.001589042128,0.0011917815960000003,,0.0021849329260000003,151135,1788979200000,stop,-0.10148013199999997,-10.148013199999998,3,trigger_130_wait2_stop10,1.3,2,0.1,2026-09-09T18:15:00Z,2026-09-09T18:25:00Z,2026-09-09T18:40:00Z
JELLYJELLY,52944,1759521600000,52947,1759522500000,0.10712100000000001,0.10709957580000001,0.11780953338000003,0.08567966064000002,0.06425974548000002,,0.09969,52991,1759536000000,utc_day_end,0.06783922380129552,6.783922380129552,45,trigger_130_wait2_stop10,1.3,2,0.1,2025-10-03T20:00:00Z,2025-10-03T20:15:00Z,2025-10-04T00:00:00Z
JELLYJELLY,61819,1762184100000,61821,1762184700000,0.129885,0.144151164,0.1585662804,0.1153209312,0.08649069840000001,,0.1585662804,61839,1762190400000,stop,-0.10148013200000013,-10.148013200000012,19,trigger_130_wait2_stop10,1.3,2,0.1,2025-11-03T15:35:00Z,2025-11-03T15:45:00Z,2025-11-03T17:20:00Z
JELLYJELLY,62176,1762291200000,62178,1762291800000,0.433944,0.516586662,0.5682453282000001,0.41326932960000007,0.30995199720000005,0.41326932960000007,0.30995199720000005,62190,1762295700000,target_2,0.2988399159999999,29.883991599999995,13,trigger_130_wait2_stop10,1.3,2,0.1,2025-11-04T21:20:00Z,2025-11-04T21:30:00Z,2025-11-04T22:35:00Z
LAB,52444,1777731600000,52446,1777732200000,2.5512900000000003,2.62167556,2.883843116,2.097340448,1.5730053360000003,,2.883843116,52457,1777735800000,stop,-0.10148013199999999,-10.1480132,12,trigger_130_wait2_stop10,1.3,2,0.1,2026-05-02T14:20:00Z,2026-05-02T14:30:00Z,2026-05-02T15:30:00Z
LAB,70560,1783166400000,70562,1783167000000,12.5454,12.542890920000001,13.797180012000002,10.034312736000002,7.525734552000002,,13.797180012000002,70580,1783172700000,stop,-0.101480132,-10.1480132,19,trigger_130_wait2_stop10,1.3,2,0.1,2026-07-04T12:00:00Z,2026-07-04T12:10:00Z,2026-07-04T13:45:00Z
LIGHT,4346,1767175800000,4348,1767176400000,0.9704100000000001,1.14497096,1.259468056,0.915976768,0.6869825760000001,,1.259468056,4357,1767179400000,stop,-0.10148013199999996,-10.148013199999996,10,trigger_130_wait2_stop10,1.3,2,0.1,2025-12-31T10:10:00Z,2025-12-31T10:20:00Z,2025-12-31T11:10:00Z
LPT,16580,1748612400000,16582,1748613000000,11.4891,12.4695056,13.716456160000002,9.975604480000001,7.481703360000001,,11.672,16703,1748649600000,utc_day_end,0.06260752599525668,6.260752599525668,122,trigger_130_wait2_stop10,1.3,2,0.1,2025-05-30T13:40:00Z,2025-05-30T13:50:00Z,2025-05-31T00:00:00Z
MERL,68486,1764184200000,68488,1764184800000,0.44948400000000005,0.4804039,0.52844429,0.38432312,0.28824234000000004,0.38432312,0.4804039,68542,1764201300000,breakeven_stop,0.09867989199999999,9.867989199999998,55,trigger_130_wait2_stop10,1.3,2,0.1,2025-11-26T19:10:00Z,2025-11-26T19:20:00Z,2025-11-26T23:55:00Z
MOODENG,10337,1746739500000,10339,1746740100000,0.083181,0.08624274800000001,0.09486702280000002,0.06899419840000001,0.051745648800000016,0.06899419840000001,0.07584,10367,1746748800000,utc_day_end,0.15903900443650168,15.903900443650167,29,trigger_130_wait2_stop10,1.3,2,0.1,2025-05-08T21:25:00Z,2025-05-08T21:35:00Z,2025-05-09T00:00:00Z
ONE,154050,1789853400000,154052,1789854000000,0.00394359,0.0044431112000000005,0.004887422320000001,0.0035544889600000007,0.002665866720000001,0.0035544889600000007,0.0036461,154079,1789862400000,utc_day_end,0.18844232070101297,18.844232070101295,28,trigger_130_wait2_stop10,1.3,2,0.1,2026-09-19T21:30:00Z,2026-09-19T21:40:00Z,2026-09-20T00:00:00Z
ORDI,109052,1776354000000,109054,1776354600000,7.2072,8.3343328,9.167766080000002,6.66746624,5.0005996800000005,,9.167766080000002,109057,1776355800000,stop,-0.10148013200000021,-10.14801320000002,4,trigger_130_wait2_stop10,1.3,2,0.1,2026-04-16T15:40:00Z,2026-04-16T15:50:00Z,2026-04-16T16:10:00Z
PIEVERSE,44557,1776630900000,44559,1776631500000,1.29213,1.4192161,1.5611377100000001,1.13537288,0.8515296600000002,1.13537288,1.1838,44597,1776643200000,utc_day_end,0.1816850316436146,18.16850316436146,39,trigger_130_wait2_stop10,1.3,2,0.1,2026-04-19T20:35:00Z,2026-04-19T20:45:00Z,2026-04-20T00:00:00Z
RAVE,33291,1775772900000,33293,1775773500000,0.663075,0.747460478,0.8222065258000001,0.5979683824,0.44847628680000007,,0.8222065258000001,33294,1775774100000,stop,-0.1014801320000001,-10.14801320000001,2,trigger_130_wait2_stop10,1.3,2,0.1,2026-04-09T22:15:00Z,2026-04-09T22:25:00Z,2026-04-09T22:35:00Z
RAVE,34105,1776017100000,34108,1776018000000,4.559667,4.5587550666,5.01463057326,3.64700405328,2.7352530399600004,,5.01463057326,34130,1776024900000,stop,-0.10148013200000006,-10.148013200000005,23,trigger_130_wait2_stop10,1.3,2,0.1,2026-04-12T18:05:00Z,2026-04-12T18:20:00Z,2026-04-12T20:15:00Z
RLS,42426,1777416300000,42428,1777416900000,0.0074403,0.008163367000000001,0.008979703700000003,0.006530693600000002,0.004898020200000001,,0.008979703700000003,42429,1777417500000,stop,-0.10148013200000021,-10.14801320000002,2,trigger_130_wait2_stop10,1.3,2,0.1,2026-04-28T22:45:00Z,2026-04-28T22:55:00Z,2026-04-28T23:05:00Z
SOON,47927,1762377900000,47929,1762378500000,1.518048,1.915646794,2.1072114734,1.5325174352,1.1493880764000002,,2.1072114734,47929,1762378800000,stop,-0.10148013199999995,-10.148013199999994,1,trigger_130_wait2_stop10,1.3,2,0.1,2025-11-05T21:25:00Z,2025-11-05T21:35:00Z,2025-11-05T21:40:00Z
SOON,50503,1763150700000,50505,1763151300000,4.378710000000001,4.629253964,5.0921793604,3.7034031712,2.7775523784000007,3.7034031712,2.7775523784000007,50507,1763152200000,target_2,0.2988399159999999,29.883991599999995,3,trigger_130_wait2_stop10,1.3,2,0.1,2025-11-14T20:05:00Z,2025-11-14T20:15:00Z,2025-11-14T20:30:00Z
TRUST,4660,1763740200000,4668,1763742600000,0.22176,0.22171564800000002,0.24388721280000003,0.1773725184,0.13302938880000004,,0.24388721280000003,4671,1763743800000,stop,-0.101480132,-10.1480132,4,trigger_130_wait2_stop10,1.3,2,0.1,2025-11-21T15:50:00Z,2025-11-21T16:30:00Z,2025-11-21T16:50:00Z
TRUTH,3521,1765385700000,3523,1765386300000,0.020000399999999998,0.0221175756,0.024329333160000004,0.017694060480000003,0.013270545360000004,,0.024329333160000004,3546,1765393500000,stop,-0.10148013200000007,-10.148013200000007,24,trigger_130_wait2_stop10,1.3,2,0.1,2025-12-10T16:55:00Z,2025-12-10T17:05:00Z,2025-12-10T19:05:00Z
APE,111408,1777060800000,111410,1777061400000,0.21424200000000002,0.26404718,0.303654257,0.211237744,0.15842830800000002,0.211237744,0.18035,111455,1777075200000,utc_day_end,0.25729576471574267,25.729576471574266,46,trigger_130_wait2_stop15,1.3,2,0.15,2026-04-24T20:00:00Z,2026-04-24T20:10:00Z,2026-04-25T00:00:00Z
APR,84277,1786568700000,84279,1786569300000,0.43533000000000005,0.49570084000000003,0.570055966,0.39656067200000006,0.2974205040000001,,0.570055966,84299,1786575600000,stop,-0.15152013799999983,-15.152013799999983,21,trigger_130_wait2_stop15,1.3,2,0.15,2026-08-12T21:05:00Z,2026-08-12T21:15:00Z,2026-08-12T23:00:00Z
BASED,4922,1776343200000,4924,1776343800000,0.179466,0.184183156,0.21181062939999998,0.1473465248,0.1105098936,,0.21181062939999998,4947,1776351000000,stop,-0.15152013799999992,-15.152013799999992,24,trigger_130_wait2_stop15,1.3,2,0.15,2026-04-16T12:40:00Z,2026-04-16T12:50:00Z,2026-04-16T14:50:00Z
BEAT,2270,1763645100000,2272,1763645700000,1.0319610000000001,1.261177714,1.4503543711,1.0089421712,0.7567066284000001,1.0089421712,0.7567066284000001,2280,1763648400000,target_2,0.2988399159999999,29.883991599999995,9,trigger_130_wait2_stop15,1.3,2,0.15,2025-11-20T13:25:00Z,2025-11-20T13:35:00Z,2025-11-20T14:20:00Z
BERA,90697,1770847500000,90699,1770848100000,1.03635,1.2101579199999999,1.3916816079999998,0.968126336,0.7260947520000001,0.968126336,0.9396,90719,1770854400000,utc_day_end,0.21055553828050783,21.055553828050783,21,trigger_130_wait2_stop15,1.3,2,0.15,2026-02-11T22:05:00Z,2026-02-11T22:15:00Z,2026-02-12T00:00:00Z
BSB,13933,1779303900000,13935,1779304500000,1.7665199999999999,1.766166696,2.0310917003999998,1.4129333568,1.0597000176000002,1.4129333568,1.0597000176000002,13939,1779306000000,target_2,0.298839916,29.883991599999998,5,trigger_130_wait2_stop15,1.3,2,0.15,2026-05-20T19:05:00Z,2026-05-20T19:15:00Z,2026-05-20T19:40:00Z
CFX,31307,1753030500000,31309,1753031100000,0.22285200000000002,0.22910417,0.2634697955,0.18328333600000002,0.13746250200000001,,0.22017,31391,1753056000000,utc_day_end,0.037627185387328364,3.7627185387328366,83,trigger_130_wait2_stop15,1.3,2,0.15,2025-07-20T16:55:00Z,2025-07-20T17:05:00Z,2025-07-21T00:00:00Z
DOOD,42540,1759813200000,42542,1759813800000,0.014168700000000001,0.0163047384,0.018750449159999998,0.013043790720000002,0.009782843040000003,0.013043790720000002,0.010874,42767,1759881600000,utc_day_end,0.2653517977083617,26.53517977083617,226,trigger_130_wait2_stop15,1.3,2,0.15,2025-10-07T05:00:00Z,2025-10-07T05:10:00Z,2025-10-08T00:00:00Z
ENSO,25217,1769297100000,25219,1769297700000,1.6006200000000002,1.7471505,2.009223075,1.3977204,1.0482903000000001,,1.769,25223,1769299200000,utc_day_end,-0.013915917707146537,-1.3915917707146537,5,trigger_130_wait2_stop15,1.3,2,0.15,2026-01-24T23:25:00Z,2026-01-24T23:35:00Z,2026-01-25T00:00:00Z
GIGGLE,3316,1762370400000,3318,1762371000000,223.482,241.411708,277.6234642,193.1293664,144.8470248,,260.58,3371,1762387200000,utc_day_end,-0.080864488537565,-8.086448853756501,54,trigger_130_wait2_stop15,1.3,2,0.15,2025-11-05T19:20:00Z,2025-11-05T19:30:00Z,2025-11-06T00:00:00Z
H,29578,1760395800000,29580,1760396400000,0.15399300000000002,0.17431513,0.2004623995,0.13945210400000002,0.10458907800000003,,0.18172,29591,1760400000000,utc_day_end,-0.04391389826230215,-4.391389826230215,12,trigger_130_wait2_stop15,1.3,2,0.15,2025-10-13T22:50:00Z,2025-10-13T23:00:00Z,2025-10-14T00:00:00Z
H,32737,1761343500000,32739,1761344100000,0.314097,0.33879222800000003,0.3896110622,0.27103378240000003,0.20327533680000004,,0.3896110622,32754,1761348900000,stop,-0.15152013800000003,-15.152013800000002,16,trigger_130_wait2_stop15,1.3,2,0.15,2025-10-24T22:05:00Z,2025-10-24T22:15:00Z,2025-10-24T23:35:00Z
H,36733,1762542300000,36735,1762542900000,0.230307,0.23026093860000002,0.26480007939,0.18420875088000002,0.13815656316000002,0.18420875088000002,0.23026093860000002,36755,1762549200000,breakeven_stop,0.09867989200000003,9.867989200000004,21,trigger_130_wait2_stop15,1.3,2,0.15,2025-11-07T19:05:00Z,2025-11-07T19:15:00Z,2025-11-07T21:00:00Z
H,98253,1780998300000,98255,1780998900000,0.153531,0.15992800799999998,0.18391720919999996,0.12794240639999999,0.0959568048,,0.18391720919999996,98266,1781002500000,stop,-0.15152013799999983,-15.152013799999983,12,trigger_130_wait2_stop15,1.3,2,0.15,2026-06-09T09:45:00Z,2026-06-09T09:55:00Z,2026-06-09T10:55:00Z
IOST,151131,1788977700000,151133,1788978300000,0.0017929800000000002,0.00198630266,0.0022842480589999998,0.001589042128,0.0011917815960000003,,0.0017884,151199,1788998400000,utc_day_end,0.09831328715836286,9.831328715836287,67,trigger_130_wait2_stop15,1.3,2,0.15,2026-09-09T18:15:00Z,2026-09-09T18:25:00Z,2026-09-10T00:00:00Z
JELLYJELLY,52944,1759521600000,52947,1759522500000,0.10712100000000001,0.10709957580000001,0.12316451217,0.08567966064000002,0.06425974548000002,,0.09969,52991,1759536000000,utc_day_end,0.06783922380129552,6.783922380129552,45,trigger_130_wait2_stop15,1.3,2,0.15,2025-10-03T20:00:00Z,2025-10-03T20:15:00Z,2025-10-04T00:00:00Z
JELLYJELLY,61819,1762184100000,61821,1762184700000,0.129885,0.144151164,0.16577383859999997,0.1153209312,0.08649069840000001,,0.16577383859999997,61852,1762194300000,stop,-0.1515201379999999,-15.152013799999988,32,trigger_130_wait2_stop15,1.3,2,0.15,2025-11-03T15:35:00Z,2025-11-03T15:45:00Z,2025-11-03T18:25:00Z
JELLYJELLY,62176,1762291200000,62178,1762291800000,0.433944,0.516586662,0.5940746613,0.41326932960000007,0.30995199720000005,0.41326932960000007,0.30995199720000005,62190,1762295700000,target_2,0.2988399159999999,29.883991599999995,13,trigger_130_wait2_stop15,1.3,2,0.15,2025-11-04T21:20:00Z,2025-11-04T21:30:00Z,2025-11-04T22:35:00Z
LAB,52444,1777731600000,52446,1777732200000,2.5512900000000003,2.62167556,3.014926894,2.097340448,1.5730053360000003,,3.014926894,52464,1777737900000,stop,-0.15152013800000003,-15.152013800000002,19,trigger_130_wait2_stop15,1.3,2,0.15,2026-05-02T14:20:00Z,2026-05-02T14:30:00Z,2026-05-02T16:05:00Z
LAB,70560,1783166400000,70562,1783167000000,12.5454,12.542890920000001,14.424324558,10.034312736000002,7.525734552000002,,14.424324558,70593,1783176600000,stop,-0.15152013799999992,-15.152013799999992,32,trigger_130_wait2_stop15,1.3,2,0.15,2026-07-04T12:00:00Z,2026-07-04T12:10:00Z,2026-07-04T14:50:00Z
LIGHT,4346,1767175800000,4348,1767176400000,0.9704100000000001,1.14497096,1.3167166039999998,0.915976768,0.6869825760000001,,1.3167166039999998,4357,1767179400000,stop,-0.15152013799999975,-15.152013799999974,10,trigger_130_wait2_stop15,1.3,2,0.15,2025-12-31T10:10:00Z,2025-12-31T10:20:00Z,2025-12-31T11:10:00Z
LPT,16580,1748612400000,16582,1748613000000,11.4891,12.4695056,14.339931439999999,9.975604480000001,7.481703360000001,,11.672,16703,1748649600000,utc_day_end,0.06260752599525668,6.260752599525668,122,trigger_130_wait2_stop15,1.3,2,0.15,2025-05-30T13:40:00Z,2025-05-30T13:50:00Z,2025-05-31T00:00:00Z
MERL,68486,1764184200000,68488,1764184800000,0.44948400000000005,0.4804039,0.552464485,0.38432312,0.28824234000000004,0.38432312,0.4804039,68542,1764201300000,breakeven_stop,0.09867989199999999,9.867989199999998,55,trigger_130_wait2_stop15,1.3,2,0.15,2025-11-26T19:10:00Z,2025-11-26T19:20:00Z,2025-11-26T23:55:00Z
MOODENG,10337,1746739500000,10339,1746740100000,0.083181,0.08624274800000001,0.0991791602,0.06899419840000001,0.051745648800000016,0.06899419840000001,0.07584,10367,1746748800000,utc_day_end,0.15903900443650168,15.903900443650167,29,trigger_130_wait2_stop15,1.3,2,0.15,2025-05-08T21:25:00Z,2025-05-08T21:35:00Z,2025-05-09T00:00:00Z
ONE,154050,1789853400000,154052,1789854000000,0.00394359,0.0044431112000000005,0.0051095778800000005,0.0035544889600000007,0.002665866720000001,0.0035544889600000007,0.0036461,154079,1789862400000,utc_day_end,0.18844232070101297,18.844232070101295,28,trigger_130_wait2_stop15,1.3,2,0.15,2026-09-19T21:30:00Z,2026-09-19T21:40:00Z,2026-09-20T00:00:00Z
ORDI,109052,1776354000000,109054,1776354600000,7.2072,8.3343328,9.58448272,6.66746624,5.0005996800000005,,9.58448272,109057,1776355800000,stop,-0.15152013799999994,-15.152013799999994,4,trigger_130_wait2_stop15,1.3,2,0.15,2026-04-16T15:40:00Z,2026-04-16T15:50:00Z,2026-04-16T16:10:00Z
PIEVERSE,44557,1776630900000,44559,1776631500000,1.29213,1.4192161,1.632098515,1.13537288,0.8515296600000002,1.13537288,1.1838,44597,1776643200000,utc_day_end,0.1816850316436146,18.16850316436146,39,trigger_130_wait2_stop15,1.3,2,0.15,2026-04-19T20:35:00Z,2026-04-19T20:45:00Z,2026-04-20T00:00:00Z
RAVE,33291,1775772900000,33293,1775773500000,0.663075,0.747460478,0.8595795497,0.5979683824,0.44847628680000007,,0.8595795497,33294,1775774100000,stop,-0.15152013799999992,-15.152013799999992,2,trigger_130_wait2_stop15,1.3,2,0.15,2026-04-09T22:15:00Z,2026-04-09T22:25:00Z,2026-04-09T22:35:00Z
RAVE,34105,1776017100000,34108,1776018000000,4.559667,4.5587550666,5.24256832659,3.64700405328,2.7352530399600004,,5.24256832659,34131,1776025200000,stop,-0.15152013800000005,-15.152013800000006,24,trigger_130_wait2_stop15,1.3,2,0.15,2026-04-12T18:05:00Z,2026-04-12T18:20:00Z,2026-04-12T20:20:00Z
RLS,42426,1777416300000,42428,1777416900000,0.0074403,0.008163367000000001,0.009387872050000001,0.006530693600000002,0.004898020200000001,,0.009387872050000001,42429,1777417500000,stop,-0.1515201379999999,-15.152013799999988,2,trigger_130_wait2_stop15,1.3,2,0.15,2026-04-28T22:45:00Z,2026-04-28T22:55:00Z,2026-04-28T23:05:00Z
SOON,47927,1762377900000,47929,1762378500000,1.518048,1.915646794,2.2029938130999995,1.5325174352,1.1493880764000002,,2.2029938130999995,47929,1762378800000,stop,-0.15152013799999986,-15.152013799999986,1,trigger_130_wait2_stop15,1.3,2,0.15,2025-11-05T21:25:00Z,2025-11-05T21:35:00Z,2025-11-05T21:40:00Z
SOON,50503,1763150700000,50505,1763151300000,4.378710000000001,4.629253964,5.3236420586,3.7034031712,2.7775523784000007,3.7034031712,2.7775523784000007,50507,1763152200000,target_2,0.2988399159999999,29.883991599999995,3,trigger_130_wait2_stop15,1.3,2,0.15,2025-11-14T20:05:00Z,2025-11-14T20:15:00Z,2025-11-14T20:30:00Z
TRUST,4660,1763740200000,4668,1763742600000,0.22176,0.22171564800000002,0.2549729952,0.1773725184,0.13302938880000004,0.1773725184,0.22171564800000002,4677,1763745600000,breakeven_stop,0.098679892,9.8679892,10,trigger_130_wait2_stop15,1.3,2,0.15,2025-11-21T15:50:00Z,2025-11-21T16:30:00Z,2025-11-21T17:20:00Z
TRUTH,3521,1765385700000,3523,1765386300000,0.020000399999999998,0.0221175756,0.02543521194,0.017694060480000003,0.013270545360000004,,0.02543521194,3567,1765399800000,stop,-0.15152013799999997,-15.152013799999997,45,trigger_130_wait2_stop15,1.3,2,0.15,2025-12-10T16:55:00Z,2025-12-10T17:05:00Z,2025-12-10T20:50:00Z
APE,111408,1777060800000,111410,1777061400000,0.21424200000000002,0.26404718,0.316856616,0.211237744,0.15842830800000002,0.211237744,0.18035,111455,1777075200000,utc_day_end,0.25729576471574267,25.729576471574266,46,trigger_130_wait2_stop20,1.3,2,0.2,2026-04-24T20:00:00Z,2026-04-24T20:10:00Z,2026-04-25T00:00:00Z
APR,84277,1786568700000,84279,1786569300000,0.43533000000000005,0.49570084000000003,0.5948410080000001,0.39656067200000006,0.2974205040000001,,0.5948410080000001,84300,1786575900000,stop,-0.20156014399999997,-20.156014399999997,22,trigger_130_wait2_stop20,1.3,2,0.2,2026-08-12T21:05:00Z,2026-08-12T21:15:00Z,2026-08-12T23:05:00Z
BASED,4922,1776343200000,4924,1776343800000,0.179466,0.184183156,0.22101978719999998,0.1473465248,0.1105098936,,0.22101978719999998,4947,1776351000000,stop,-0.20156014400000005,-20.156014400000004,24,trigger_130_wait2_stop20,1.3,2,0.2,2026-04-16T12:40:00Z,2026-04-16T12:50:00Z,2026-04-16T14:50:00Z
BEAT,2270,1763645100000,2272,1763645700000,1.0319610000000001,1.261177714,1.5134132568,1.0089421712,0.7567066284000001,1.0089421712,0.7567066284000001,2280,1763648400000,target_2,0.2988399159999999,29.883991599999995,9,trigger_130_wait2_stop20,1.3,2,0.2,2025-11-20T13:25:00Z,2025-11-20T13:35:00Z,2025-11-20T14:20:00Z
BERA,90697,1770847500000,90699,1770848100000,1.03635,1.2101579199999999,1.452189504,0.968126336,0.7260947520000001,0.968126336,0.9396,90719,1770854400000,utc_day_end,0.21055553828050783,21.055553828050783,21,trigger_130_wait2_stop20,1.3,2,0.2,2026-02-11T22:05:00Z,2026-02-11T22:15:00Z,2026-02-12T00:00:00Z
BSB,13933,1779303900000,13935,1779304500000,1.7665199999999999,1.766166696,2.1194000352,1.4129333568,1.0597000176000002,1.4129333568,1.0597000176000002,13939,1779306000000,target_2,0.298839916,29.883991599999998,5,trigger_130_wait2_stop20,1.3,2,0.2,2026-05-20T19:05:00Z,2026-05-20T19:15:00Z,2026-05-20T19:40:00Z
CFX,31307,1753030500000,31309,1753031100000,0.22285200000000002,0.22910417,0.274925004,0.18328333600000002,0.13746250200000001,,0.22017,31391,1753056000000,utc_day_end,0.037627185387328364,3.7627185387328366,83,trigger_130_wait2_stop20,1.3,2,0.2,2025-07-20T16:55:00Z,2025-07-20T17:05:00Z,2025-07-21T00:00:00Z
DOOD,42540,1759813200000,42542,1759813800000,0.014168700000000001,0.0163047384,0.019565686080000002,0.013043790720000002,0.009782843040000003,0.013043790720000002,0.010874,42767,1759881600000,utc_day_end,0.2653517977083617,26.53517977083617,226,trigger_130_wait2_stop20,1.3,2,0.2,2025-10-07T05:00:00Z,2025-10-07T05:10:00Z,2025-10-08T00:00:00Z
ENSO,25217,1769297100000,25219,1769297700000,1.6006200000000002,1.7471505,2.0965806,1.3977204,1.0482903000000001,,1.769,25223,1769299200000,utc_day_end,-0.013915917707146537,-1.3915917707146537,5,trigger_130_wait2_stop20,1.3,2,0.2,2026-01-24T23:25:00Z,2026-01-24T23:35:00Z,2026-01-25T00:00:00Z
GIGGLE,3316,1762370400000,3318,1762371000000,223.482,241.411708,289.69404959999997,193.1293664,144.8470248,,260.58,3371,1762387200000,utc_day_end,-0.080864488537565,-8.086448853756501,54,trigger_130_wait2_stop20,1.3,2,0.2,2025-11-05T19:20:00Z,2025-11-05T19:30:00Z,2025-11-06T00:00:00Z
H,29578,1760395800000,29580,1760396400000,0.15399300000000002,0.17431513,0.209178156,0.13945210400000002,0.10458907800000003,,0.18172,29591,1760400000000,utc_day_end,-0.04391389826230215,-4.391389826230215,12,trigger_130_wait2_stop20,1.3,2,0.2,2025-10-13T22:50:00Z,2025-10-13T23:00:00Z,2025-10-14T00:00:00Z
H,32737,1761343500000,32739,1761344100000,0.314097,0.33879222800000003,0.4065506736,0.27103378240000003,0.20327533680000004,,0.38072,32759,1761350400000,utc_day_end,-0.12525573350283575,-12.525573350283576,21,trigger_130_wait2_stop20,1.3,2,0.2,2025-10-24T22:05:00Z,2025-10-24T22:15:00Z,2025-10-25T00:00:00Z
H,36733,1762542300000,36735,1762542900000,0.230307,0.23026093860000002,0.27631312632,0.18420875088000002,0.13815656316000002,0.18420875088000002,0.23026093860000002,36755,1762549200000,breakeven_stop,0.09867989200000003,9.867989200000004,21,trigger_130_wait2_stop20,1.3,2,0.2,2025-11-07T19:05:00Z,2025-11-07T19:15:00Z,2025-11-07T21:00:00Z
H,98253,1780998300000,98255,1780998900000,0.153531,0.15992800799999998,0.19191360959999998,0.12794240639999999,0.0959568048,,0.19191360959999998,98270,1781003700000,stop,-0.20156014399999997,-20.156014399999997,16,trigger_130_wait2_stop20,1.3,2,0.2,2026-06-09T09:45:00Z,2026-06-09T09:55:00Z,2026-06-09T11:15:00Z
IOST,151131,1788977700000,151133,1788978300000,0.0017929800000000002,0.00198630266,0.002383563192,0.001589042128,0.0011917815960000003,,0.0017884,151199,1788998400000,utc_day_end,0.09831328715836286,9.831328715836287,67,trigger_130_wait2_stop20,1.3,2,0.2,2026-09-09T18:15:00Z,2026-09-09T18:25:00Z,2026-09-10T00:00:00Z
JELLYJELLY,52944,1759521600000,52947,1759522500000,0.10712100000000001,0.10709957580000001,0.12851949096,0.08567966064000002,0.06425974548000002,,0.09969,52991,1759536000000,utc_day_end,0.06783922380129552,6.783922380129552,45,trigger_130_wait2_stop20,1.3,2,0.2,2025-10-03T20:00:00Z,2025-10-03T20:15:00Z,2025-10-04T00:00:00Z
JELLYJELLY,61819,1762184100000,61821,1762184700000,0.129885,0.144151164,0.1729813968,0.1153209312,0.08649069840000001,,0.1729813968,61870,1762199700000,stop,-0.201560144,-20.1560144,50,trigger_130_wait2_stop20,1.3,2,0.2,2025-11-03T15:35:00Z,2025-11-03T15:45:00Z,2025-11-03T19:55:00Z
JELLYJELLY,62176,1762291200000,62178,1762291800000,0.433944,0.516586662,0.6199039944,0.41326932960000007,0.30995199720000005,0.41326932960000007,0.30995199720000005,62190,1762295700000,target_2,0.2988399159999999,29.883991599999995,13,trigger_130_wait2_stop20,1.3,2,0.2,2025-11-04T21:20:00Z,2025-11-04T21:30:00Z,2025-11-04T22:35:00Z
LAB,52444,1777731600000,52446,1777732200000,2.5512900000000003,2.62167556,3.1460106719999996,2.097340448,1.5730053360000003,,3.1460106719999996,52466,1777738500000,stop,-0.20156014399999986,-20.156014399999986,21,trigger_130_wait2_stop20,1.3,2,0.2,2026-05-02T14:20:00Z,2026-05-02T14:30:00Z,2026-05-02T16:15:00Z
LAB,70560,1783166400000,70562,1783167000000,12.5454,12.542890920000001,15.051469104,10.034312736000002,7.525734552000002,,15.051469104,70604,1783179900000,stop,-0.20156014399999994,-20.156014399999993,43,trigger_130_wait2_stop20,1.3,2,0.2,2026-07-04T12:00:00Z,2026-07-04T12:10:00Z,2026-07-04T15:45:00Z
LIGHT,4346,1767175800000,4348,1767176400000,0.9704100000000001,1.14497096,1.373965152,0.915976768,0.6869825760000001,,1.373965152,4357,1767179400000,stop,-0.20156014399999994,-20.156014399999993,10,trigger_130_wait2_stop20,1.3,2,0.2,2025-12-31T10:10:00Z,2025-12-31T10:20:00Z,2025-12-31T11:10:00Z
LPT,16580,1748612400000,16582,1748613000000,11.4891,12.4695056,14.963406719999998,9.975604480000001,7.481703360000001,,11.672,16703,1748649600000,utc_day_end,0.06260752599525668,6.260752599525668,122,trigger_130_wait2_stop20,1.3,2,0.2,2025-05-30T13:40:00Z,2025-05-30T13:50:00Z,2025-05-31T00:00:00Z
MERL,68486,1764184200000,68488,1764184800000,0.44948400000000005,0.4804039,0.57648468,0.38432312,0.28824234000000004,0.38432312,0.4804039,68542,1764201300000,breakeven_stop,0.09867989199999999,9.867989199999998,55,trigger_130_wait2_stop20,1.3,2,0.2,2025-11-26T19:10:00Z,2025-11-26T19:20:00Z,2025-11-26T23:55:00Z
MOODENG,10337,1746739500000,10339,1746740100000,0.083181,0.08624274800000001,0.1034912976,0.06899419840000001,0.051745648800000016,0.06899419840000001,0.07584,10367,1746748800000,utc_day_end,0.15903900443650168,15.903900443650167,29,trigger_130_wait2_stop20,1.3,2,0.2,2025-05-08T21:25:00Z,2025-05-08T21:35:00Z,2025-05-09T00:00:00Z
ONE,154050,1789853400000,154052,1789854000000,0.00394359,0.0044431112000000005,0.005331733440000001,0.0035544889600000007,0.002665866720000001,0.0035544889600000007,0.0036461,154079,1789862400000,utc_day_end,0.18844232070101297,18.844232070101295,28,trigger_130_wait2_stop20,1.3,2,0.2,2026-09-19T21:30:00Z,2026-09-19T21:40:00Z,2026-09-20T00:00:00Z
ORDI,109052,1776354000000,109054,1776354600000,7.2072,8.3343328,10.00119936,6.66746624,5.0005996800000005,6.66746624,8.3343328,109144,1776381900000,breakeven_stop,0.09867989200000006,9.867989200000006,91,trigger_130_wait2_stop20,1.3,2,0.2,2026-04-16T15:40:00Z,2026-04-16T15:50:00Z,2026-04-16T23:25:00Z
PIEVERSE,44557,1776630900000,44559,1776631500000,1.29213,1.4192161,1.7030593200000002,1.13537288,0.8515296600000002,1.13537288,1.1838,44597,1776643200000,utc_day_end,0.1816850316436146,18.16850316436146,39,trigger_130_wait2_stop20,1.3,2,0.2,2026-04-19T20:35:00Z,2026-04-19T20:45:00Z,2026-04-20T00:00:00Z
RAVE,33291,1775772900000,33293,1775773500000,0.663075,0.747460478,0.8969525736,0.5979683824,0.44847628680000007,,0.8969525736,33295,1775774400000,stop,-0.20156014399999989,-20.15601439999999,3,trigger_130_wait2_stop20,1.3,2,0.2,2026-04-09T22:15:00Z,2026-04-09T22:25:00Z,2026-04-09T22:40:00Z
RAVE,34105,1776017100000,34108,1776018000000,4.559667,4.5587550666,5.47050607992,3.64700405328,2.7352530399600004,,5.47050607992,34141,1776028200000,stop,-0.20156014400000005,-20.156014400000004,34,trigger_130_wait2_stop20,1.3,2,0.2,2026-04-12T18:05:00Z,2026-04-12T18:20:00Z,2026-04-12T21:10:00Z
RLS,42426,1777416300000,42428,1777416900000,0.0074403,0.008163367000000001,0.0097960404,0.006530693600000002,0.004898020200000001,,0.0097960404,42431,1777418100000,stop,-0.20156014399999997,-20.156014399999997,4,trigger_130_wait2_stop20,1.3,2,0.2,2026-04-28T22:45:00Z,2026-04-28T22:55:00Z,2026-04-28T23:15:00Z
SOON,47927,1762377900000,47929,1762378500000,1.518048,1.915646794,2.2987761528,1.5325174352,1.1493880764000002,,2.2987761528,47929,1762378800000,stop,-0.20156014400000002,-20.156014400000004,1,trigger_130_wait2_stop20,1.3,2,0.2,2025-11-05T21:25:00Z,2025-11-05T21:35:00Z,2025-11-05T21:40:00Z
SOON,50503,1763150700000,50505,1763151300000,4.378710000000001,4.629253964,5.5551047568,3.7034031712,2.7775523784000007,3.7034031712,2.7775523784000007,50507,1763152200000,target_2,0.2988399159999999,29.883991599999995,3,trigger_130_wait2_stop20,1.3,2,0.2,2025-11-14T20:05:00Z,2025-11-14T20:15:00Z,2025-11-14T20:30:00Z
TRUST,4660,1763740200000,4668,1763742600000,0.22176,0.22171564800000002,0.2660587776,0.1773725184,0.13302938880000004,0.1773725184,0.22171564800000002,4677,1763745600000,breakeven_stop,0.098679892,9.8679892,10,trigger_130_wait2_stop20,1.3,2,0.2,2025-11-21T15:50:00Z,2025-11-21T16:30:00Z,2025-11-21T17:20:00Z
TRUTH,3521,1765385700000,3523,1765386300000,0.020000399999999998,0.0221175756,0.02654109072,0.017694060480000003,0.013270545360000004,,0.022935,3605,1765411200000,utc_day_end,-0.038387828436313755,-3.8387828436313756,83,trigger_130_wait2_stop20,1.3,2,0.2,2025-12-10T16:55:00Z,2025-12-10T17:05:00Z,2025-12-11T00:00:00Z
APE,111408,1777060800000,111411,1777061700000,0.21424200000000002,0.25021994599999997,0.2752419406,0.2001759568,0.1501319676,,0.2752419406,111411,1777062000000,stop,-0.1014801320000001,-10.14801320000001,1,trigger_130_wait3_stop10,1.3,3,0.1,2026-04-24T20:00:00Z,2026-04-24T20:15:00Z,2026-04-24T20:20:00Z
APR,84277,1786568700000,84280,1786569600000,0.43533000000000005,0.48210356000000004,0.5303139160000001,0.3856828480000001,0.28926213600000006,,0.5303139160000001,84293,1786573800000,stop,-0.10148013200000017,-10.148013200000017,14,trigger_130_wait3_stop10,1.3,3,0.1,2026-08-12T21:05:00Z,2026-08-12T21:20:00Z,2026-08-12T22:30:00Z
BASED,4922,1776343200000,4925,1776344100000,0.179466,0.18572284800000002,0.20429513280000003,0.1485782784,0.11143370880000003,,0.20429513280000003,4946,1776350700000,stop,-0.10148013200000007,-10.148013200000007,22,trigger_130_wait3_stop10,1.3,3,0.1,2026-04-16T12:40:00Z,2026-04-16T12:55:00Z,2026-04-16T14:45:00Z
BEAT,2270,1763645100000,2273,1763646000000,1.0319610000000001,1.254289092,1.3797180012,1.0034312736000002,0.7525734552000002,1.0034312736000002,0.7525734552000002,2280,1763648400000,target_2,0.2988399159999999,29.883991599999995,8,trigger_130_wait3_stop10,1.3,3,0.1,2025-11-20T13:25:00Z,2025-11-20T13:40:00Z,2025-11-20T14:20:00Z
BERA,90697,1770847500000,90700,1770848400000,1.03635,1.27644466,1.404089126,1.0211557279999999,0.7658667960000001,1.0211557279999999,0.9396,90719,1770854400000,utc_day_end,0.23073190597033505,23.073190597033506,20,trigger_130_wait3_stop10,1.3,3,0.1,2026-02-11T22:05:00Z,2026-02-11T22:20:00Z,2026-02-12T00:00:00Z
CFX,31307,1753030500000,31310,1753031400000,0.22285200000000002,0.23547289600000001,0.25902018560000006,0.18837831680000003,0.14128373760000004,,0.22017,31391,1753056000000,utc_day_end,0.06363980779342014,6.363980779342014,82,trigger_130_wait3_stop10,1.3,3,0.1,2025-07-20T16:55:00Z,2025-07-20T17:10:00Z,2025-07-21T00:00:00Z
DOOD,42540,1759813200000,42543,1759814100000,0.014168700000000001,0.014288141800000001,0.015716955980000002,0.011430513440000001,0.008572885080000002,,0.015716955980000002,42562,1759820100000,stop,-0.10148013200000008,-10.148013200000008,20,trigger_130_wait3_stop10,1.3,3,0.1,2025-10-07T05:00:00Z,2025-10-07T05:15:00Z,2025-10-07T06:55:00Z
ENSO,25217,1769297100000,25220,1769298000000,1.6006200000000002,1.71795634,1.8897519740000002,1.374365072,1.030773804,,1.769,25223,1769299200000,utc_day_end,-0.031135742415898653,-3.1135742415898653,4,trigger_130_wait3_stop10,1.3,3,0.1,2026-01-24T23:25:00Z,2026-01-24T23:40:00Z,2026-01-25T00:00:00Z
GIGGLE,3316,1762370400000,3319,1762371300000,223.482,227.164558,249.88101380000003,181.73164640000002,136.29873480000003,,249.88101380000003,3320,1762371900000,stop,-0.10148013200000018,-10.148013200000019,2,trigger_130_wait3_stop10,1.3,3,0.1,2025-11-05T19:20:00Z,2025-11-05T19:35:00Z,2025-11-05T19:45:00Z
H,29578,1760395800000,29581,1760396700000,0.15399300000000002,0.172145564,0.18936012040000003,0.1377164512,0.10328733840000001,,0.18172,29591,1760400000000,utc_day_end,-0.05706287700100123,-5.706287700100123,11,trigger_130_wait3_stop10,1.3,3,0.1,2025-10-13T22:50:00Z,2025-10-13T23:05:00Z,2025-10-14T00:00:00Z
H,32737,1761343500000,32740,1761344400000,0.314097,0.333943198,0.3673375178,0.2671545584,0.20036591880000001,,0.3673375178,32749,1761347400000,stop,-0.10148013199999993,-10.148013199999992,10,trigger_130_wait3_stop10,1.3,3,0.1,2025-10-24T22:05:00Z,2025-10-24T22:20:00Z,2025-10-24T23:10:00Z
H,36733,1762542300000,36755,1762548900000,0.230307,0.23026093860000002,0.25328703246000006,0.18420875088000002,0.13815656316000002,,0.25328703246000006,36758,1762550100000,stop,-0.10148013200000024,-10.148013200000024,4,trigger_130_wait3_stop10,1.3,3,0.1,2025-11-07T19:05:00Z,2025-11-07T20:55:00Z,2025-11-07T21:15:00Z
H,98253,1780998300000,98256,1780999200000,0.153531,0.168226348,0.1850489828,0.1345810784,0.10093580880000001,,0.1850489828,98266,1781002500000,stop,-0.10148013200000001,-10.148013200000001,11,trigger_130_wait3_stop10,1.3,3,0.1,2026-06-09T09:45:00Z,2026-06-09T10:00:00Z,2026-06-09T10:55:00Z
IOST,151131,1788977700000,151134,1788978600000,0.0017929800000000002,0.00196070778,0.002156778558,0.001568566224,0.001176424668,,0.002156778558,151134,1788978900000,stop,-0.10148013200000014,-10.148013200000014,1,trigger_130_wait3_stop10,1.3,3,0.1,2026-09-09T18:15:00Z,2026-09-09T18:30:00Z,2026-09-09T18:35:00Z
JELLYJELLY,52944,1759521600000,52947,1759522500000,0.10712100000000001,0.10709957580000001,0.11780953338000003,0.08567966064000002,0.06425974548000002,,0.09969,52991,1759536000000,utc_day_end,0.06783922380129552,6.783922380129552,45,trigger_130_wait3_stop10,1.3,3,0.1,2025-10-03T20:00:00Z,2025-10-03T20:15:00Z,2025-10-04T00:00:00Z
JELLYJELLY,61819,1762184100000,61822,1762185000000,0.129885,0.144211152,0.1586322672,0.11536892160000001,0.08652669120000002,,0.1586322672,61839,1762190400000,stop,-0.10148013199999993,-10.148013199999992,18,trigger_130_wait3_stop10,1.3,3,0.1,2025-11-03T15:35:00Z,2025-11-03T15:50:00Z,2025-11-03T17:20:00Z
JELLYJELLY,62176,1762291200000,62179,1762292100000,0.433944,0.492031574,0.5412347314000001,0.3936252592,0.29521894440000007,0.3936252592,0.29521894440000007,62190,1762295700000,target_2,0.298839916,29.883991599999998,12,trigger_130_wait3_stop10,1.3,3,0.1,2025-11-04T21:20:00Z,2025-11-04T21:35:00Z,2025-11-04T22:35:00Z
LAB,52444,1777731600000,52447,1777732500000,2.5512900000000003,2.69026184,2.959288024,2.152209472,1.614157104,,2.959288024,52464,1777737900000,stop,-0.10148013200000017,-10.148013200000017,18,trigger_130_wait3_stop10,1.3,3,0.1,2026-05-02T14:20:00Z,2026-05-02T14:35:00Z,2026-05-02T16:05:00Z
LAB,70560,1783166400000,70563,1783167300000,12.5454,12.542890920000001,13.797180012000002,10.034312736000002,7.525734552000002,,13.797180012000002,70580,1783172700000,stop,-0.101480132,-10.1480132,18,trigger_130_wait3_stop10,1.3,3,0.1,2026-07-04T12:00:00Z,2026-07-04T12:15:00Z,2026-07-04T13:45:00Z
LIGHT,4346,1767175800000,4349,1767176700000,0.9704100000000001,1.0917816,1.2009597600000002,0.8734252800000001,0.6550689600000001,,1.2009597600000002,4357,1767179400000,stop,-0.101480132,-10.1480132,9,trigger_130_wait3_stop10,1.3,3,0.1,2025-12-31T10:10:00Z,2025-12-31T10:25:00Z,2025-12-31T11:10:00Z
LPT,16580,1748612400000,16583,1748613300000,11.4891,12.5044986,13.754948460000001,10.00359888,7.502699160000001,,11.672,16703,1748649600000,utc_day_end,0.06522907685398907,6.522907685398907,121,trigger_130_wait3_stop10,1.3,3,0.1,2025-05-30T13:40:00Z,2025-05-30T13:55:00Z,2025-05-31T00:00:00Z
MERL,68486,1764184200000,68489,1764185100000,0.44948400000000005,0.48865225,0.537517475,0.39092180000000004,0.2931913500000001,0.39092180000000004,0.4778,68543,1764201600000,utc_day_end,0.10979304363520681,10.979304363520681,55,trigger_130_wait3_stop10,1.3,3,0.1,2025-11-26T19:10:00Z,2025-11-26T19:25:00Z,2025-11-27T00:00:00Z
ONE,154050,1789853400000,154053,1789854300000,0.00394359,0.00438952192,0.0048284741120000006,0.0035116175360000003,0.0026337131520000005,0.0035116175360000003,0.0036461,154079,1789862400000,utc_day_end,0.18342906973581027,18.342906973581027,27,trigger_130_wait3_stop10,1.3,3,0.1,2026-09-19T21:30:00Z,2026-09-19T21:45:00Z,2026-09-20T00:00:00Z
ORDI,109052,1776354000000,109055,1776354900000,7.2072,8.178364,8.996200400000001,6.5426912,4.907018400000001,,8.996200400000001,109056,1776355500000,stop,-0.10148013200000015,-10.148013200000015,2,trigger_130_wait3_stop10,1.3,3,0.1,2026-04-16T15:40:00Z,2026-04-16T15:55:00Z,2026-04-16T16:05:00Z
PIEVERSE,44557,1776630900000,44560,1776631800000,1.29213,1.4112177,1.55233947,1.12897416,0.8467306200000001,,1.1838,44597,1776643200000,utc_day_end,0.1598787963926473,15.98787963926473,38,trigger_130_wait3_stop10,1.3,3,0.1,2026-04-19T20:35:00Z,2026-04-19T20:50:00Z,2026-04-20T00:00:00Z
RAVE,33291,1775772900000,33294,1775773800000,0.663075,0.752269516,0.8274964676000001,0.6018156128000001,0.4513617096000001,,0.8274964676000001,33294,1775774100000,stop,-0.10148013199999997,-10.148013199999998,1,trigger_130_wait3_stop10,1.3,3,0.1,2026-04-09T22:15:00Z,2026-04-09T22:30:00Z,2026-04-09T22:35:00Z
RAVE,34105,1776017100000,34108,1776018000000,4.559667,4.5587550666,5.01463057326,3.64700405328,2.7352530399600004,,5.01463057326,34130,1776024900000,stop,-0.10148013200000006,-10.148013200000005,23,trigger_130_wait3_stop10,1.3,3,0.1,2026-04-12T18:05:00Z,2026-04-12T18:20:00Z,2026-04-12T20:15:00Z
RLS,42426,1777416300000,42429,1777417200000,0.0074403,0.0086302736,0.009493300960000001,0.00690421888,0.005178164160000001,,0.009493300960000001,42429,1777417500000,stop,-0.10148013200000013,-10.148013200000012,1,trigger_130_wait3_stop10,1.3,3,0.1,2026-04-28T22:45:00Z,2026-04-28T23:00:00Z,2026-04-28T23:05:00Z
SOON,47927,1762377900000,47930,1762378800000,1.518048,2.492141472,2.7413556192,1.9937131776,1.4952848832000003,,2.7413556192,47930,1762379100000,stop,-0.10148013200000003,-10.148013200000003,1,trigger_130_wait3_stop10,1.3,3,0.1,2025-11-05T21:25:00Z,2025-11-05T21:40:00Z,2025-11-05T21:45:00Z
TRUST,4660,1763740200000,4668,1763742600000,0.22176,0.22171564800000002,0.24388721280000003,0.1773725184,0.13302938880000004,,0.24388721280000003,4671,1763743800000,stop,-0.101480132,-10.1480132,4,trigger_130_wait3_stop10,1.3,3,0.1,2025-11-21T15:50:00Z,2025-11-21T16:30:00Z,2025-11-21T16:50:00Z
TRUTH,3521,1765385700000,3524,1765386600000,0.020000399999999998,0.022635472,0.0248990192,0.0181083776,0.013581283200000002,,0.0248990192,3560,1765397700000,stop,-0.10148013200000003,-10.148013200000003,37,trigger_130_wait3_stop10,1.3,3,0.1,2025-12-10T16:55:00Z,2025-12-10T17:10:00Z,2025-12-10T20:15:00Z
APE,111408,1777060800000,111411,1777061700000,0.21424200000000002,0.25021994599999997,0.28775293789999995,0.2001759568,0.1501319676,0.2001759568,0.18035,111455,1777075200000,utc_day_end,0.23840866154660015,23.840866154660016,45,trigger_130_wait3_stop15,1.3,3,0.15,2026-04-24T20:00:00Z,2026-04-24T20:15:00Z,2026-04-25T00:00:00Z
APR,84277,1786568700000,84280,1786569600000,0.43533000000000005,0.48210356000000004,0.554419094,0.3856828480000001,0.28926213600000006,,0.554419094,84299,1786575600000,stop,-0.15152013799999986,-15.152013799999986,20,trigger_130_wait3_stop15,1.3,3,0.15,2026-08-12T21:05:00Z,2026-08-12T21:20:00Z,2026-08-12T23:00:00Z
BASED,4922,1776343200000,4925,1776344100000,0.179466,0.18572284800000002,0.2135812752,0.1485782784,0.11143370880000003,,0.2135812752,4947,1776351000000,stop,-0.1515201379999998,-15.152013799999981,23,trigger_130_wait3_stop15,1.3,3,0.15,2026-04-16T12:40:00Z,2026-04-16T12:55:00Z,2026-04-16T14:50:00Z
BEAT,2270,1763645100000,2273,1763646000000,1.0319610000000001,1.254289092,1.4424324558,1.0034312736000002,0.7525734552000002,1.0034312736000002,0.7525734552000002,2280,1763648400000,target_2,0.2988399159999999,29.883991599999995,8,trigger_130_wait3_stop15,1.3,3,0.15,2025-11-20T13:25:00Z,2025-11-20T13:40:00Z,2025-11-20T14:20:00Z
BERA,90697,1770847500000,90700,1770848400000,1.03635,1.27644466,1.4679113589999997,1.0211557279999999,0.7658667960000001,1.0211557279999999,0.9396,90719,1770854400000,utc_day_end,0.23073190597033505,23.073190597033506,20,trigger_130_wait3_stop15,1.3,3,0.15,2026-02-11T22:05:00Z,2026-02-11T22:20:00Z,2026-02-12T00:00:00Z
CFX,31307,1753030500000,31310,1753031400000,0.22285200000000002,0.23547289600000001,0.2707938304,0.18837831680000003,0.14128373760000004,,0.22017,31391,1753056000000,utc_day_end,0.06363980779342014,6.363980779342014,82,trigger_130_wait3_stop15,1.3,3,0.15,2025-07-20T16:55:00Z,2025-07-20T17:10:00Z,2025-07-21T00:00:00Z
DOOD,42540,1759813200000,42543,1759814100000,0.014168700000000001,0.014288141800000001,0.01643136307,0.011430513440000001,0.008572885080000002,0.011430513440000001,0.010874,42767,1759881600000,utc_day_end,0.218250147214608,21.8250147214608,225,trigger_130_wait3_stop15,1.3,3,0.15,2025-10-07T05:00:00Z,2025-10-07T05:15:00Z,2025-10-08T00:00:00Z
ENSO,25217,1769297100000,25220,1769298000000,1.6006200000000002,1.71795634,1.9756497909999997,1.374365072,1.030773804,,1.769,25223,1769299200000,utc_day_end,-0.031135742415898653,-3.1135742415898653,4,trigger_130_wait3_stop15,1.3,3,0.15,2026-01-24T23:25:00Z,2026-01-24T23:40:00Z,2026-01-25T00:00:00Z
GIGGLE,3316,1762370400000,3319,1762371300000,223.482,227.164558,261.2392417,181.73164640000002,136.29873480000003,,261.2392417,3327,1762374000000,stop,-0.15152013799999997,-15.152013799999997,9,trigger_130_wait3_stop15,1.3,3,0.15,2025-11-05T19:20:00Z,2025-11-05T19:35:00Z,2025-11-05T20:20:00Z
H,29578,1760395800000,29581,1760396700000,0.15399300000000002,0.172145564,0.19796739859999998,0.1377164512,0.10328733840000001,,0.18172,29591,1760400000000,utc_day_end,-0.05706287700100123,-5.706287700100123,11,trigger_130_wait3_stop15,1.3,3,0.15,2025-10-13T22:50:00Z,2025-10-13T23:05:00Z,2025-10-14T00:00:00Z
H,32737,1761343500000,32740,1761344400000,0.314097,0.333943198,0.3840346777,0.2671545584,0.20036591880000001,,0.3840346777,32749,1761347400000,stop,-0.15152013800000005,-15.152013800000006,10,trigger_130_wait3_stop15,1.3,3,0.15,2025-10-24T22:05:00Z,2025-10-24T22:20:00Z,2025-10-24T23:10:00Z
H,36733,1762542300000,36755,1762548900000,0.230307,0.23026093860000002,0.26480007939,0.18420875088000002,0.13815656316000002,,0.23234,36791,1762560000000,utc_day_end,-0.010436498081572418,-1.0436498081572418,37,trigger_130_wait3_stop15,1.3,3,0.15,2025-11-07T19:05:00Z,2025-11-07T20:55:00Z,2025-11-08T00:00:00Z
H,98253,1780998300000,98256,1780999200000,0.153531,0.168226348,0.1934603002,0.1345810784,0.10093580880000001,,0.1934603002,98270,1781003700000,stop,-0.151520138,-15.1520138,15,trigger_130_wait3_stop15,1.3,3,0.15,2026-06-09T09:45:00Z,2026-06-09T10:00:00Z,2026-06-09T11:15:00Z
IOST,151131,1788977700000,151134,1788978600000,0.0017929800000000002,0.00196070778,0.0022548139469999997,0.001568566224,0.001176424668,,0.0017884,151199,1788998400000,utc_day_end,0.08655059282928931,8.655059282928931,66,trigger_130_wait3_stop15,1.3,3,0.15,2026-09-09T18:15:00Z,2026-09-09T18:30:00Z,2026-09-10T00:00:00Z
JELLYJELLY,52944,1759521600000,52947,1759522500000,0.10712100000000001,0.10709957580000001,0.12316451217,0.08567966064000002,0.06425974548000002,,0.09969,52991,1759536000000,utc_day_end,0.06783922380129552,6.783922380129552,45,trigger_130_wait3_stop15,1.3,3,0.15,2025-10-03T20:00:00Z,2025-10-03T20:15:00Z,2025-10-04T00:00:00Z
JELLYJELLY,61819,1762184100000,61822,1762185000000,0.129885,0.144211152,0.1658428248,0.11536892160000001,0.08652669120000002,,0.1658428248,61852,1762194300000,stop,-0.15152013799999997,-15.152013799999997,31,trigger_130_wait3_stop15,1.3,3,0.15,2025-11-03T15:35:00Z,2025-11-03T15:50:00Z,2025-11-03T18:25:00Z
JELLYJELLY,62176,1762291200000,62179,1762292100000,0.433944,0.492031574,0.5658363101,0.3936252592,0.29521894440000007,0.3936252592,0.29521894440000007,62190,1762295700000,target_2,0.298839916,29.883991599999998,12,trigger_130_wait3_stop15,1.3,3,0.15,2025-11-04T21:20:00Z,2025-11-04T21:35:00Z,2025-11-04T22:35:00Z
LAB,52444,1777731600000,52447,1777732500000,2.5512900000000003,2.69026184,3.0938011159999994,2.152209472,1.614157104,,3.0938011159999994,52466,1777738500000,stop,-0.15152013799999975,-15.152013799999974,20,trigger_130_wait3_stop15,1.3,3,0.15,2026-05-02T14:20:00Z,2026-05-02T14:35:00Z,2026-05-02T16:15:00Z
LAB,70560,1783166400000,70563,1783167300000,12.5454,12.542890920000001,14.424324558,10.034312736000002,7.525734552000002,,14.424324558,70593,1783176600000,stop,-0.15152013799999992,-15.152013799999992,31,trigger_130_wait3_stop15,1.3,3,0.15,2026-07-04T12:00:00Z,2026-07-04T12:15:00Z,2026-07-04T14:50:00Z
LIGHT,4346,1767175800000,4349,1767176700000,0.9704100000000001,1.0917816,1.2555488399999999,0.8734252800000001,0.6550689600000001,,1.2555488399999999,4357,1767179400000,stop,-0.15152013799999992,-15.152013799999992,9,trigger_130_wait3_stop15,1.3,3,0.15,2025-12-31T10:10:00Z,2025-12-31T10:25:00Z,2025-12-31T11:10:00Z
LPT,16580,1748612400000,16583,1748613300000,11.4891,12.5044986,14.38017339,10.00359888,7.502699160000001,,11.672,16703,1748649600000,utc_day_end,0.06522907685398907,6.522907685398907,121,trigger_130_wait3_stop15,1.3,3,0.15,2025-05-30T13:40:00Z,2025-05-30T13:55:00Z,2025-05-31T00:00:00Z
MERL,68486,1764184200000,68489,1764185100000,0.44948400000000005,0.48865225,0.5619500875,0.39092180000000004,0.2931913500000001,0.39092180000000004,0.4778,68543,1764201600000,utc_day_end,0.10979304363520681,10.979304363520681,55,trigger_130_wait3_stop15,1.3,3,0.15,2025-11-26T19:10:00Z,2025-11-26T19:25:00Z,2025-11-27T00:00:00Z
ONE,154050,1789853400000,154053,1789854300000,0.00394359,0.00438952192,0.005047950208,0.0035116175360000003,0.0026337131520000005,0.0035116175360000003,0.0036461,154079,1789862400000,utc_day_end,0.18342906973581027,18.342906973581027,27,trigger_130_wait3_stop15,1.3,3,0.15,2026-09-19T21:30:00Z,2026-09-19T21:45:00Z,2026-09-20T00:00:00Z
ORDI,109052,1776354000000,109055,1776354900000,7.2072,8.178364,9.4051186,6.5426912,4.907018400000001,,9.4051186,109057,1776355800000,stop,-0.15152013799999986,-15.152013799999986,3,trigger_130_wait3_stop15,1.3,3,0.15,2026-04-16T15:40:00Z,2026-04-16T15:55:00Z,2026-04-16T16:10:00Z
PIEVERSE,44557,1776630900000,44560,1776631800000,1.29213,1.4112177,1.6229003549999999,1.12897416,0.8467306200000001,,1.1838,44597,1776643200000,utc_day_end,0.1598787963926473,15.98787963926473,38,trigger_130_wait3_stop15,1.3,3,0.15,2026-04-19T20:35:00Z,2026-04-19T20:50:00Z,2026-04-20T00:00:00Z
RAVE,33291,1775772900000,33294,1775773800000,0.663075,0.752269516,0.8651099433999999,0.6018156128000001,0.4513617096000001,,0.8651099433999999,33295,1775774400000,stop,-0.1515201379999998,-15.152013799999981,2,trigger_130_wait3_stop15,1.3,3,0.15,2026-04-09T22:15:00Z,2026-04-09T22:30:00Z,2026-04-09T22:40:00Z
RAVE,34105,1776017100000,34108,1776018000000,4.559667,4.5587550666,5.24256832659,3.64700405328,2.7352530399600004,,5.24256832659,34131,1776025200000,stop,-0.15152013800000005,-15.152013800000006,24,trigger_130_wait3_stop15,1.3,3,0.15,2026-04-12T18:05:00Z,2026-04-12T18:20:00Z,2026-04-12T20:20:00Z
RLS,42426,1777416300000,42429,1777417200000,0.0074403,0.0086302736,0.00992481464,0.00690421888,0.005178164160000001,,0.00992481464,42431,1777418100000,stop,-0.1515201379999999,-15.152013799999988,3,trigger_130_wait3_stop15,1.3,3,0.15,2026-04-28T22:45:00Z,2026-04-28T23:00:00Z,2026-04-28T23:15:00Z
SOON,47927,1762377900000,47930,1762378800000,1.518048,2.492141472,2.8659626928,1.9937131776,1.4952848832000003,,2.8659626928,47930,1762379100000,stop,-0.15152013799999997,-15.152013799999997,1,trigger_130_wait3_stop15,1.3,3,0.15,2025-11-05T21:25:00Z,2025-11-05T21:40:00Z,2025-11-05T21:45:00Z
TRUST,4660,1763740200000,4668,1763742600000,0.22176,0.22171564800000002,0.2549729952,0.1773725184,0.13302938880000004,0.1773725184,0.22171564800000002,4677,1763745600000,breakeven_stop,0.098679892,9.8679892,10,trigger_130_wait3_stop15,1.3,3,0.15,2025-11-21T15:50:00Z,2025-11-21T16:30:00Z,2025-11-21T17:20:00Z
TRUTH,3521,1765385700000,3524,1765386600000,0.020000399999999998,0.022635472,0.026030792799999997,0.0181083776,0.013581283200000002,,0.026030792799999997,3567,1765399800000,stop,-0.15152013799999983,-15.152013799999983,44,trigger_130_wait3_stop15,1.3,3,0.15,2025-12-10T16:55:00Z,2025-12-10T17:10:00Z,2025-12-10T20:50:00Z
APE,111408,1777060800000,111411,1777061700000,0.21424200000000002,0.25021994599999997,0.30026393519999994,0.2001759568,0.1501319676,0.2001759568,0.18035,111455,1777075200000,utc_day_end,0.23840866154660015,23.840866154660016,45,trigger_130_wait3_stop20,1.3,3,0.2,2026-04-24T20:00:00Z,2026-04-24T20:15:00Z,2026-04-25T00:00:00Z
APR,84277,1786568700000,84280,1786569600000,0.43533000000000005,0.48210356000000004,0.578524272,0.3856828480000001,0.28926213600000006,,0.578524272,84299,1786575600000,stop,-0.20156014399999977,-20.15601439999998,20,trigger_130_wait3_stop20,1.3,3,0.2,2026-08-12T21:05:00Z,2026-08-12T21:20:00Z,2026-08-12T23:00:00Z
BASED,4922,1776343200000,4925,1776344100000,0.179466,0.18572284800000002,0.22286741760000003,0.1485782784,0.11143370880000003,,0.22286741760000003,4947,1776351000000,stop,-0.201560144,-20.1560144,23,trigger_130_wait3_stop20,1.3,3,0.2,2026-04-16T12:40:00Z,2026-04-16T12:55:00Z,2026-04-16T14:50:00Z
BEAT,2270,1763645100000,2273,1763646000000,1.0319610000000001,1.254289092,1.5051469104,1.0034312736000002,0.7525734552000002,1.0034312736000002,0.7525734552000002,2280,1763648400000,target_2,0.2988399159999999,29.883991599999995,8,trigger_130_wait3_stop20,1.3,3,0.2,2025-11-20T13:25:00Z,2025-11-20T13:40:00Z,2025-11-20T14:20:00Z
BERA,90697,1770847500000,90700,1770848400000,1.03635,1.27644466,1.531733592,1.0211557279999999,0.7658667960000001,1.0211557279999999,0.9396,90719,1770854400000,utc_day_end,0.23073190597033505,23.073190597033506,20,trigger_130_wait3_stop20,1.3,3,0.2,2026-02-11T22:05:00Z,2026-02-11T22:20:00Z,2026-02-12T00:00:00Z
CFX,31307,1753030500000,31310,1753031400000,0.22285200000000002,0.23547289600000001,0.28256747520000003,0.18837831680000003,0.14128373760000004,,0.22017,31391,1753056000000,utc_day_end,0.06363980779342014,6.363980779342014,82,trigger_130_wait3_stop20,1.3,3,0.2,2025-07-20T16:55:00Z,2025-07-20T17:10:00Z,2025-07-21T00:00:00Z
DOOD,42540,1759813200000,42543,1759814100000,0.014168700000000001,0.014288141800000001,0.01714577016,0.011430513440000001,0.008572885080000002,0.011430513440000001,0.010874,42767,1759881600000,utc_day_end,0.218250147214608,21.8250147214608,225,trigger_130_wait3_stop20,1.3,3,0.2,2025-10-07T05:00:00Z,2025-10-07T05:15:00Z,2025-10-08T00:00:00Z
ENSO,25217,1769297100000,25220,1769298000000,1.6006200000000002,1.71795634,2.0615476079999997,1.374365072,1.030773804,,1.769,25223,1769299200000,utc_day_end,-0.031135742415898653,-3.1135742415898653,4,trigger_130_wait3_stop20,1.3,3,0.2,2026-01-24T23:25:00Z,2026-01-24T23:40:00Z,2026-01-25T00:00:00Z
GIGGLE,3316,1762370400000,3319,1762371300000,223.482,227.164558,272.5974696,181.73164640000002,136.29873480000003,,272.5974696,3351,1762381200000,stop,-0.20156014400000002,-20.156014400000004,33,trigger_130_wait3_stop20,1.3,3,0.2,2025-11-05T19:20:00Z,2025-11-05T19:35:00Z,2025-11-05T22:20:00Z
H,29578,1760395800000,29581,1760396700000,0.15399300000000002,0.172145564,0.2065746768,0.1377164512,0.10328733840000001,,0.18172,29591,1760400000000,utc_day_end,-0.05706287700100123,-5.706287700100123,11,trigger_130_wait3_stop20,1.3,3,0.2,2025-10-13T22:50:00Z,2025-10-13T23:05:00Z,2025-10-14T00:00:00Z
H,32737,1761343500000,32740,1761344400000,0.314097,0.333943198,0.4007318376,0.2671545584,0.20036591880000001,,0.4007318376,32755,1761349200000,stop,-0.201560144,-20.1560144,16,trigger_130_wait3_stop20,1.3,3,0.2,2025-10-24T22:05:00Z,2025-10-24T22:20:00Z,2025-10-24T23:40:00Z
H,36733,1762542300000,36755,1762548900000,0.230307,0.23026093860000002,0.27631312632,0.18420875088000002,0.13815656316000002,,0.23234,36791,1762560000000,utc_day_end,-0.010436498081572418,-1.0436498081572418,37,trigger_130_wait3_stop20,1.3,3,0.2,2025-11-07T19:05:00Z,2025-11-07T20:55:00Z,2025-11-08T00:00:00Z
H,98253,1780998300000,98256,1780999200000,0.153531,0.168226348,0.2018716176,0.1345810784,0.10093580880000001,,0.2018716176,98270,1781003700000,stop,-0.201560144,-20.1560144,15,trigger_130_wait3_stop20,1.3,3,0.2,2026-06-09T09:45:00Z,2026-06-09T10:00:00Z,2026-06-09T11:15:00Z
IOST,151131,1788977700000,151134,1788978600000,0.0017929800000000002,0.00196070778,0.0023528493359999997,0.001568566224,0.001176424668,,0.0017884,151199,1788998400000,utc_day_end,0.08655059282928931,8.655059282928931,66,trigger_130_wait3_stop20,1.3,3,0.2,2026-09-09T18:15:00Z,2026-09-09T18:30:00Z,2026-09-10T00:00:00Z
JELLYJELLY,52944,1759521600000,52947,1759522500000,0.10712100000000001,0.10709957580000001,0.12851949096,0.08567966064000002,0.06425974548000002,,0.09969,52991,1759536000000,utc_day_end,0.06783922380129552,6.783922380129552,45,trigger_130_wait3_stop20,1.3,3,0.2,2025-10-03T20:00:00Z,2025-10-03T20:15:00Z,2025-10-04T00:00:00Z
JELLYJELLY,61819,1762184100000,61822,1762185000000,0.129885,0.144211152,0.1730533824,0.11536892160000001,0.08652669120000002,,0.1730533824,61870,1762199700000,stop,-0.201560144,-20.1560144,49,trigger_130_wait3_stop20,1.3,3,0.2,2025-11-03T15:35:00Z,2025-11-03T15:50:00Z,2025-11-03T19:55:00Z
JELLYJELLY,62176,1762291200000,62179,1762292100000,0.433944,0.492031574,0.5904378888,0.3936252592,0.29521894440000007,0.3936252592,0.29521894440000007,62190,1762295700000,target_2,0.298839916,29.883991599999998,12,trigger_130_wait3_stop20,1.3,3,0.2,2025-11-04T21:20:00Z,2025-11-04T21:35:00Z,2025-11-04T22:35:00Z
LAB,52444,1777731600000,52447,1777732500000,2.5512900000000003,2.69026184,3.2283142079999996,2.152209472,1.614157104,,3.2283142079999996,52466,1777738500000,stop,-0.20156014399999986,-20.156014399999986,20,trigger_130_wait3_stop20,1.3,3,0.2,2026-05-02T14:20:00Z,2026-05-02T14:35:00Z,2026-05-02T16:15:00Z
LAB,70560,1783166400000,70563,1783167300000,12.5454,12.542890920000001,15.051469104,10.034312736000002,7.525734552000002,,15.051469104,70604,1783179900000,stop,-0.20156014399999994,-20.156014399999993,42,trigger_130_wait3_stop20,1.3,3,0.2,2026-07-04T12:00:00Z,2026-07-04T12:15:00Z,2026-07-04T15:45:00Z
LIGHT,4346,1767175800000,4349,1767176700000,0.9704100000000001,1.0917816,1.31013792,0.8734252800000001,0.6550689600000001,,1.31013792,4357,1767179400000,stop,-0.201560144,-20.1560144,9,trigger_130_wait3_stop20,1.3,3,0.2,2025-12-31T10:10:00Z,2025-12-31T10:25:00Z,2025-12-31T11:10:00Z
LPT,16580,1748612400000,16583,1748613300000,11.4891,12.5044986,15.00539832,10.00359888,7.502699160000001,,11.672,16703,1748649600000,utc_day_end,0.06522907685398907,6.522907685398907,121,trigger_130_wait3_stop20,1.3,3,0.2,2025-05-30T13:40:00Z,2025-05-30T13:55:00Z,2025-05-31T00:00:00Z
MERL,68486,1764184200000,68489,1764185100000,0.44948400000000005,0.48865225,0.5863827,0.39092180000000004,0.2931913500000001,0.39092180000000004,0.4778,68543,1764201600000,utc_day_end,0.10979304363520681,10.979304363520681,55,trigger_130_wait3_stop20,1.3,3,0.2,2025-11-26T19:10:00Z,2025-11-26T19:25:00Z,2025-11-27T00:00:00Z
ONE,154050,1789853400000,154053,1789854300000,0.00394359,0.00438952192,0.005267426304,0.0035116175360000003,0.0026337131520000005,0.0035116175360000003,0.0036461,154079,1789862400000,utc_day_end,0.18342906973581027,18.342906973581027,27,trigger_130_wait3_stop20,1.3,3,0.2,2026-09-19T21:30:00Z,2026-09-19T21:45:00Z,2026-09-20T00:00:00Z
ORDI,109052,1776354000000,109055,1776354900000,7.2072,8.178364,9.8140368,6.5426912,4.907018400000001,,8.529,109151,1776384000000,utc_day_end,-0.044308035431047034,-4.4308035431047035,97,trigger_130_wait3_stop20,1.3,3,0.2,2026-04-16T15:40:00Z,2026-04-16T15:55:00Z,2026-04-17T00:00:00Z
PIEVERSE,44557,1776630900000,44560,1776631800000,1.29213,1.4112177,1.6934612399999998,1.12897416,0.8467306200000001,,1.1838,44597,1776643200000,utc_day_end,0.1598787963926473,15.98787963926473,38,trigger_130_wait3_stop20,1.3,3,0.2,2026-04-19T20:35:00Z,2026-04-19T20:50:00Z,2026-04-20T00:00:00Z
RAVE,33291,1775772900000,33294,1775773800000,0.663075,0.752269516,0.9027234192,0.6018156128000001,0.4513617096000001,,0.9027234192,33295,1775774400000,stop,-0.2015601439999999,-20.156014399999993,2,trigger_130_wait3_stop20,1.3,3,0.2,2026-04-09T22:15:00Z,2026-04-09T22:30:00Z,2026-04-09T22:40:00Z
RAVE,34105,1776017100000,34108,1776018000000,4.559667,4.5587550666,5.47050607992,3.64700405328,2.7352530399600004,,5.47050607992,34141,1776028200000,stop,-0.20156014400000005,-20.156014400000004,34,trigger_130_wait3_stop20,1.3,3,0.2,2026-04-12T18:05:00Z,2026-04-12T18:20:00Z,2026-04-12T21:10:00Z
RLS,42426,1777416300000,42429,1777417200000,0.0074403,0.0086302736,0.01035632832,0.00690421888,0.005178164160000001,,0.008848,42440,1777420800000,utc_day_end,-0.026648520844113167,-2.664852084411317,12,trigger_130_wait3_stop20,1.3,3,0.2,2026-04-28T22:45:00Z,2026-04-28T23:00:00Z,2026-04-29T00:00:00Z
SOON,47927,1762377900000,47930,1762378800000,1.518048,2.492141472,2.9905697664,1.9937131776,1.4952848832000003,,2.9905697664,47932,1762379700000,stop,-0.20156014399999989,-20.15601439999999,3,trigger_130_wait3_stop20,1.3,3,0.2,2025-11-05T21:25:00Z,2025-11-05T21:40:00Z,2025-11-05T21:55:00Z
TRUST,4660,1763740200000,4668,1763742600000,0.22176,0.22171564800000002,0.2660587776,0.1773725184,0.13302938880000004,0.1773725184,0.22171564800000002,4677,1763745600000,breakeven_stop,0.098679892,9.8679892,10,trigger_130_wait3_stop20,1.3,3,0.2,2025-11-21T15:50:00Z,2025-11-21T16:30:00Z,2025-11-21T17:20:00Z
TRUTH,3521,1765385700000,3524,1765386600000,0.020000399999999998,0.022635472,0.0271625664,0.0181083776,0.013581283200000002,,0.022935,3605,1765411200000,utc_day_end,-0.014643389605482962,-1.4643389605482962,82,trigger_130_wait3_stop20,1.3,3,0.2,2025-12-10T16:55:00Z,2025-12-10T17:10:00Z,2025-12-11T00:00:00Z
