name,atr_period,rsi_period,volume_period,breakout_lookback_bars,upper_wick_min,close_position_max,volume_multiple,rsi_min,rsi_must_fall,breakout_min_pct,stop_atr,target_r,signals,trades,wins,win_rate,total_r,avg_net_r,profit_factor,max_drawdown_r,symbols,pump_episodes_24h,avg_margin_return_2x_pct,account_return_pct,account_drawdown_pct,train_trades,train_wins,train_win_rate,train_total_r,train_avg_net_r,train_profit_factor,train_max_drawdown_r,train_symbols,train_pump_episodes_24h,train_avg_margin_return_2x_pct,train_account_return_pct,validation_trades,validation_wins,validation_win_rate,validation_total_r,validation_avg_net_r,validation_profit_factor,validation_max_drawdown_r,validation_symbols,validation_pump_episodes_24h,validation_avg_margin_return_2x_pct,validation_account_return_pct
grid_0000,14,14,20,20,0.0,0.4,0.5,50.0,True,,0.3,1.0,269,72,38,0.5277777777777778,2.1838691318331485,0.03033151571990485,1.063502625223118,8.179997917066768,29,39,-0.4631977947801029,1.0088095525895069,4.0175582405015735,60,34,0.5666666666666667,6.459373042674973,0.10765621737791622,1.2464448217412831,7.360064120668648,24,33,0.832607083755756,3.207101990843819,12,4,0.3333333333333333,-4.275503910841824,-0.356291992570152,0.4773221271949957,8.179997917066768,5,6,-6.9422221874593975,-2.1299817511098773
grid_0001,14,14,20,20,0.0,0.4,0.5,50.0,True,,0.3,1.5,269,65,25,0.38461538461538464,-6.86829119279033,-0.10566601835062045,0.8296186042256424,9.338027128232739,27,37,-1.7622049383298592,-3.4826506160648973,4.581990474120179,53,23,0.4339622641509434,0.40961307805149105,0.007728548642480957,1.0136212325777898,8.266228664165794,22,31,-0.09138694966722756,0.11288339495876265,12,2,0.16666666666666666,-7.2779042708418205,-0.6064920225701517,0.28924037824045284,9.199280067682293,5,6,-9.141651054923148,-3.5914798266661108
grid_0002,14,14,20,20,0.0,0.4,0.5,50.0,True,,0.3,2.0,269,63,21,0.3333333333333333,-12.232927201327609,-0.19417344764012084,0.7112815324038873,13.206255395769066,27,37,-3.326078837250647,-6.045585928125696,6.495920010919532,51,19,0.37254901960784315,-4.960689296099818,-0.09726841757058466,0.8456063044535429,10.275482010123671,22,31,-1.7869377284203003,-2.5476984156067917,12,2,0.16666666666666666,-7.272237905227795,-0.6060198254356495,0.2897937551097684,9.243537585746674,5,6,-9.867428549779621,-3.589332889680097
grid_0003,14,14,20,20,0.0,0.4,0.5,50.0,True,,0.3,2.5,269,62,18,0.2903225806451613,-15.261618181570139,-0.2461551319608087,0.6567263465957051,16.05206405844855,26,36,-3.3773674345629168,-7.46879878081208,7.828858486130407,50,17,0.34,-4.986979916342347,-0.09973959832684692,0.8497369358083364,9.775081950123674,21,30,-1.264816374444333,-2.5756370069004664,12,1,0.08333333333333333,-10.274638265227791,-0.8562198554356494,0.08837740704984556,10.274638265227791,5,6,-12.179663518390349,-5.022523754410635
grid_0004,14,14,20,20,0.0,0.4,0.5,50.0,True,,0.45,1.0,269,70,37,0.5285714285714286,3.141859607695419,0.04488370868136312,1.0945102694437703,9.279264480731504,28,38,-0.21861498026299242,1.495251335873271,4.549713967457203,58,34,0.5862068965517241,9.384421422609574,0.16180036935533745,1.3901985720016292,4.255035345818948,23,32,1.5801449166624697,4.729284219529517,12,3,0.25,-6.242561814914154,-0.5202134845761796,0.3209591727489412,8.201680294328153,5,6,-8.91262114873606,-3.087992921709626
grid_0005,14,14,20,20,0.0,0.4,0.5,50.0,True,,0.45,1.5,269,62,24,0.3870967741935484,-5.583880766965699,-0.09006259301557577,0.8529738692799038,9.295949951256356,26,36,-1.9622756595913002,-2.8555198142398153,4.561843202630156,50,22,0.44,1.6594811679484591,0.03318962335896921,1.0597620542510522,8.278620452505159,21,30,-0.03314878977101961,0.7459204501630401,12,2,0.16666666666666666,-7.243361934914157,-0.6036134945761799,0.29061001591805524,9.17535944284977,5,6,-10.00030428384247,-3.574775284508347
grid_0006,14,14,20,20,0.0,0.4,0.5,50.0,True,,0.45,2.0,269,62,20,0.3225806451612903,-14.023556401123194,-0.22618639356650316,0.6668966385027145,14.687387882549695,26,36,-3.569237010255456,-6.87686485432314,7.180999855637705,50,19,0.38,-3.6754567033279315,-0.07350913406655865,0.8809083711995807,10.457140355146501,21,30,-1.1186379172459922,-1.916711348844513,12,1,0.08333333333333333,-10.348099697795263,-0.8623416414829387,0.07912832442987583,10.348099697795263,5,6,-13.780066564461556,-5.057083192958567
grid_0007,14,14,20,20,0.0,0.4,0.5,50.0,True,,0.45,2.5,269,62,20,0.3225806451612903,-11.581638394446449,-0.1868006192652653,0.7248998349286673,12.40068771413746,26,36,-2.9711781761039866,-5.747939870883312,6.055761878662869,50,19,0.38,-1.2335386966511857,-0.0246707739330237,0.9600310534362921,9.738107875838534,21,30,-0.3770449628981696,-0.7276547858001692,12,1,0.08333333333333333,-10.348099697795263,-0.8623416414829387,0.07912832442987583,10.348099697795263,5,6,-13.780066564461556,-5.057083192958567
grid_0008,14,14,20,20,0.0,0.4,0.5,50.0,True,,0.6,1.0,269,66,31,0.4696969696969697,-4.725564786557182,-0.07159946646298761,0.8621395285558765,9.248558582271986,27,37,-2.028469544481545,-2.4123639907804306,4.535002984550829,54,28,0.5185185185185185,1.4905535947436837,0.027602844347105252,1.0593718246762076,7.279690380307716,22,31,-0.32333959641013316,0.6838043468632815,12,3,0.25,-6.216118381300866,-0.5180098651084055,0.3223075895518745,8.180053520881808,5,6,-9.701554310802896,-3.075140393957676
grid_0009,14,14,20,20,0.0,0.4,0.5,50.0,True,,0.6,1.5,269,62,21,0.3387096774193548,-14.588693673638838,-0.2353015108651426,0.6449761811690793,15.06558437971761,26,36,-5.319706375901429,-7.1257200016591415,7.343161720814361,50,19,0.38,-7.371775172337971,-0.14743550344675949,0.7614595542732828,13.869218764469917,21,30,-3.990286103054944,-3.6953630590484288,12,2,0.16666666666666666,-7.216918501300865,-0.6014098751084055,0.2916592990201898,9.157031981976598,5,6,-10.858957512761783,-3.561985228929321
grid_0010,14,14,20,20,0.0,0.4,0.5,50.0,True,,0.6,2.0,269,62,19,0.3064516129032258,-16.283745237025286,-0.26264105221008527,0.6226845460060142,16.837675890675666,26,36,-5.290137747100032,-7.922962523748578,8.173647693788954,50,18,0.36,-5.875018583173031,-0.11750037166346061,0.8160901716838985,11.367218464469918,21,30,-2.868458099876177,-2.9893658359733344,12,1,0.08333333333333333,-10.408726653852256,-0.8673938878210213,0.07162277894910049,10.408726653852256,5,6,-15.380469610532764,-5.085624612486772
grid_0011,14,14,20,20,0.0,0.4,0.5,50.0,True,,0.6,2.5,269,62,18,0.2903225806451613,-17.29930297829949,-0.27902101577902405,0.6057089970752917,17.85323363194987,26,36,-5.836930586802123,-8.39687960128458,8.646274504104989,50,17,0.34,-6.890576324447235,-0.13781152648894468,0.789038453747605,10.44390325954282,21,30,-3.5464812211067698,-3.48867595164456,12,1,0.08333333333333333,-10.408726653852256,-0.8673938878210213,0.07162277894910049,10.408726653852256,5,6,-15.380469610532764,-5.085624612486772
grid_0012,14,14,20,20,0.0,0.4,0.5,50.0,True,0.01,0.3,1.0,33,25,17,0.68,8.61585468282507,0.34463418731300266,2.0593974932474395,2.0470203491447303,17,18,8.578963994723749,4.3697790848596485,1.0208913875289105,19,14,0.7368421052631579,8.701013231157395,0.45794806479775757,2.7099467097182175,2.0470203491447303,14,14,11.115571110264924,4.422071775697867,6,3,0.5,-0.0851585483323265,-0.014193091388721102,0.9720270438471783,2.0282258634285806,3,4,0.5463747955100322,-0.05007819702194105
grid_0013,14,14,20,20,0.0,0.4,0.5,50.0,True,0.01,0.3,1.5,33,24,13,0.5416666666666666,7.519608283821503,0.31331701182589594,1.7037018382562499,2.6035447023281133,17,18,9.781988019791063,3.783149847646805,1.3011880859600145,19,10,0.5263157894736842,5.090390673507732,0.26791529860567004,1.588168535291547,2.6035447023281133,14,14,9.250839427481989,2.5413258426332686,5,3,0.6,2.4292176103137715,0.4858435220627543,2.1959866317439767,1.016091221511916,3,4,11.800352670565543,1.2110473458469828
grid_0014,14,14,20,20,0.0,0.4,0.5,50.0,True,0.01,0.3,2.0,33,24,12,0.5,7.633839051388312,0.31807662714117957,1.6518472352687785,2.171138257393688,17,18,11.219070733167916,3.828427157883585,1.0827584630401899,19,9,0.47368421052631576,3.7034212610745385,0.19491690847760723,1.3825870177806419,2.171138257393688,14,14,9.339851565437854,1.8255131089714771,5,3,0.6,3.9304177903137716,0.7860835580627544,2.9350786501900905,1.016091221511916,3,4,18.360103570542158,1.9670060947972967
grid_0015,14,14,20,20,0.0,0.4,0.5,50.0,True,0.01,0.3,2.5,33,24,11,0.4583333333333333,5.725470034221781,0.23856125142590748,1.4496433732437068,2.1743746027440727,17,18,9.642226954066784,2.8373825397551844,1.0861071547721979,19,9,0.47368421052631576,5.410270293871656,0.2847510680985082,1.5589154004367785,2.1711382573936886,14,14,10.571211874313386,2.6883198724750645,5,2,0.4,0.3151997403501243,0.06303994807002485,1.103228660780349,2.1743746027440736,3,4,6.112084257129692,0.14516029424302967
grid_0016,14,14,20,20,0.0,0.4,0.5,50.0,True,0.01,0.45,1.0,33,25,17,0.68,8.65520557447961,0.34620822297918447,2.065967298088009,2.041444006151528,17,18,9.230384566790825,4.39028491374287,1.0181174294850326,19,14,0.7368421052631579,8.733180129769968,0.45964105946157735,2.7196210580354743,2.041444006151528,14,14,11.95623224020713,4.438837588086608,6,3,0.5,-0.07797455529035813,-0.012995759215059669,0.9743591602600542,2.0260305005403305,3,4,0.5985336009725263,-0.04648909875389906
grid_0017,14,14,20,20,0.0,0.4,0.5,50.0,True,0.01,0.45,1.5,33,24,14,0.5833333333333334,9.538793916034445,0.3974497465014353,1.9920661871908785,2.59154208797297,17,18,12.808897912975304,4.836440829411304,1.2952511721239346,19,11,0.5789473684210527,7.103530184094174,0.3738700096891671,1.9363892882085263,2.59154208797297,14,14,12.790005363396876,3.5788914952928907,5,3,0.6,2.435263731940272,0.4870527463880544,2.200233522677938,1.014999203681156,3,4,12.880689601373328,1.2140980811477187
grid_0018,14,14,20,20,0.0,0.4,0.5,50.0,True,0.01,0.45,2.0,33,24,12,0.5,5.085446413293537,0.2118936005538973,1.4362450062861822,2.2273244420622094,17,18,10.541121125295662,2.5235068563230323,1.1121596035418957,19,10,0.5263157894736842,5.322620582916025,0.28013792541663285,1.618308028306518,2.09114202797297,14,14,12.337792219902372,2.655060641824658,5,2,0.4,-0.2371741696224885,-0.047434833924497696,0.9222112784932942,2.2273244420622094,3,4,3.7137709657901707,-0.12815129101196865
grid_0019,14,14,20,20,0.0,0.4,0.5,50.0,True,0.01,0.45,2.5,33,23,12,0.5217391304347826,8.387309063240439,0.3646656114452363,1.7886601968531834,2.2273244420622085,17,18,13.098082658750085,4.21817994260516,1.1121596035419068,18,10,0.5555555555555556,8.124083172862926,0.45133795404794025,2.070940961621141,2.041444006151528,14,14,15.02495030079343,4.0940310355025655,5,2,0.4,0.26322589037751065,0.052645178075502175,1.086333201935618,2.22732444206221,3,4,6.161359147394049,0.11926611532631082
grid_0020,14,14,20,20,0.0,0.4,0.5,50.0,True,0.01,0.6,1.0,33,23,13,0.5652173913043478,3.177706232504615,0.13816114054367895,1.3321953416021055,3.0824934593884645,16,17,6.453777668869596,1.5736629322992357,1.535727620482552,18,10,0.5555555555555556,2.2385541144327394,0.12436411746848555,1.2969439379632595,3.0824934593884645,13,13,6.501239512152402,1.1041152498070694,5,3,0.6,0.9391521180718756,0.18783042361437513,1.463290646517206,1.0140527628821874,3,4,6.282915033051493,0.4644199509901137
grid_0021,14,14,20,20,0.0,0.4,0.5,50.0,True,0.01,0.6,1.5,33,23,12,0.5217391304347826,4.774436356303225,0.207584189404488,1.4510271681168143,2.582093399388464,16,17,9.802164484406266,2.3751760312973325,1.2905770031546027,18,9,0.5,2.3340840582313493,0.1296713365684083,1.272719187858754,2.582093399388464,13,13,8.646925026691036,1.1445842475473977,5,3,0.6,2.440352298071875,0.4880704596143749,2.20384373537338,1.0140527628821874,3,4,13.96102653218109,1.2166660161834653
grid_0022,14,14,20,20,0.0,0.4,0.5,50.0,True,0.01,0.6,2.0,33,22,11,0.5,5.650502545889832,0.2568410248131742,1.5339010817933207,2.2739757621355245,16,17,12.239356574351033,2.815899616370876,1.1351150011338684,17,9,0.5294117647058824,5.9334941980119105,0.3490290704712888,1.787124309101381,2.037087770702915,13,13,14.7889315939409,2.9713069254953206,5,2,0.4,-0.2829916521220779,-0.056598330424415554,0.9070706345701807,2.2739757621355245,3,4,3.570801507745478,-0.1509229257786293
grid_0023,14,14,20,20,0.0,0.4,0.5,50.0,True,0.01,0.6,2.5,33,22,11,0.5,7.831480851450763,0.355976402338671,1.7399759693365089,2.2739757621355245,16,17,13.674668891892606,3.930361381435188,1.1351150011338906,17,9,0.5294117647058824,7.614072443572841,0.4478866143278141,2.0100661282525967,2.037087770702915,13,13,15.869973260785022,3.830230574060911,5,2,0.4,0.2174084078779226,0.0434816815755845,1.071393008350957,2.2739757621355245,3,4,6.2106340376584,0.0964370461480124
grid_0024,14,14,20,20,0.0,0.4,1.0,50.0,True,,0.3,1.0,139,58,36,0.6206896551724138,12.640058656095524,0.21793204579475037,1.57268334295502,5.221020220739511,27,37,3.5643189604396883,6.449307656246006,2.5903030362931623,47,32,0.6808510638297872,15.834341972206067,0.336900893025661,2.059787982130483,4.083391810393955,22,31,6.135972543633031,8.178179879080272,11,4,0.36363636363636365,-3.1942833161105453,-0.29038939237368594,0.552030975897489,5.162663967583686,5,6,-7.423655440477318,-1.5981709294487834
grid_0025,14,14,20,20,0.0,0.4,1.0,50.0,True,,0.3,1.5,139,55,27,0.4909090909090909,8.45195836620477,0.15367197029463214,1.3018788748619636,6.6970289822529665,26,35,3.9894226770042387,4.211900721576667,3.305743606247258,44,24,0.5454545454545454,12.136981638277494,0.2758404917790339,1.6111997660755968,6.6970289822529665,21,29,6.839280506353346,6.169581162828597,11,3,0.2727272727272727,-3.6850232720727254,-0.33500211564297505,0.5473062151457181,4.623622674842625,5,6,-7.410008640392189,-1.8439183990464514
grid_0026,14,14,20,20,0.0,0.4,1.0,50.0,True,,0.3,2.0,139,54,23,0.42592592592592593,4.0700268827372055,0.07537086819883715,1.1310651825042926,7.209715350238523,26,35,0.8824873313946525,1.9349379238309705,3.5565863883604054,43,20,0.46511627906976744,6.253849974809929,0.14543837150720768,1.2729360321069,7.209715350238523,21,29,2.3638939757881268,3.079920101145528,11,3,0.2727272727272727,-2.183823092072724,-0.19852937200661128,0.7317240440529105,4.123222614842624,5,6,-4.908465914870746,-1.11077130850612
grid_0027,14,14,20,20,0.0,0.4,1.0,50.0,True,,0.3,2.5,139,52,21,0.40384615384615385,4.365194867782241,0.08394605514965849,1.14349198964303,6.709315290238525,25,34,0.5999528876017965,2.074329710771061,3.3176309763901735,42,19,0.4523809523809524,9.11177484683349,0.21694702016270218,1.397664108055578,6.709315290238525,20,28,3.185137709754084,4.54363616501563,10,2,0.2,-4.746579979051248,-0.47465799790512486,0.3677911507654822,6.218799030348006,5,6,-10.257823365437812,-2.3619863865715574
grid_0028,14,14,20,20,0.0,0.4,1.0,50.0,True,,0.45,1.0,139,56,35,0.625,13.49319071886548,0.24094983426545497,1.6428274455881449,4.073439633186804,26,36,4.8674795754067475,6.905806568875761,2.0212168625637683,45,30,0.6666666666666666,14.666639769161995,0.3259253282035998,1.9855258024214288,4.073439633186804,21,30,6.59411645618285,7.549807716717494,11,5,0.45454545454545453,-1.1734490502965138,-0.10667718639059212,0.8078937020414142,3.1451197760074736,5,6,-2.1960349368591277,-0.5987933976953519
grid_0029,14,14,20,20,0.0,0.4,1.0,50.0,True,,0.45,1.5,139,53,26,0.49056603773584906,8.280088118230449,0.15622807770246125,1.309698765136428,6.721156164983509,25,34,3.426493414304454,4.127864149305327,3.3264477522938485,42,22,0.5238095238095238,9.828876476334228,0.2340208684841483,1.500984332988215,6.721156164983509,20,28,4.829843460166528,4.957139108031416,11,4,0.36363636363636365,-1.5487883581037807,-0.14079894164579826,0.7823761103600756,2.594406821576615,5,6,-1.9317522153507385,-0.7901081963300194
grid_0030,14,14,20,20,0.0,0.4,1.0,50.0,True,,0.45,2.0,139,52,23,0.4423076923076923,4.392940214127122,0.08447961950244473,1.1563131312646369,7.40413698291451,25,34,1.6191772828531545,2.1134714630310247,3.659527772021287,42,20,0.47619047619047616,7.501767325028839,0.17861350773878196,1.346449203728958,7.40413698291451,20,28,3.3358898248988544,3.7281186608778993,10,3,0.3,-3.1088271109017156,-0.31088271109017157,0.5180237020498842,4.18437508866359,5,6,-5.591015393738787,-1.5566147527708352
grid_0031,14,14,20,20,0.0,0.4,1.0,50.0,True,,0.45,2.5,139,52,23,0.4423076923076923,7.054831887826133,0.1356698439966564,1.2510307013478967,6.68510450360654,25,34,2.375822587682648,3.4637957411619125,3.3059079886413545,42,20,0.47619047619047616,10.593989020735362,0.2522378338270324,1.4892552516660433,6.68510450360654,20,28,4.53131375520308,5.324182213517492,10,3,0.3,-3.539157132909229,-0.35391571329092286,0.45130758580892216,4.18437508866359,5,6,-6.67724031590317,-1.766343144809912
grid_0032,14,14,20,20,0.0,0.4,1.0,50.0,True,,0.6,1.0,139,55,31,0.5636363636363636,7.4060460222931335,0.1346553822235115,1.320979508333609,6.201751680350504,26,35,3.745008286471209,3.7038296794438708,3.07048552954724,44,26,0.5909090909090909,8.555449456768782,0.19444203310838146,1.5037697163139623,6.201751680350504,21,29,5.2002493647225245,4.315967015938327,11,5,0.45454545454545453,-1.149403434475651,-0.10449122131596827,0.8112764966205182,3.123771052152211,5,6,-2.07595602653405,-0.5868107769167574
grid_0033,14,14,20,20,0.0,0.4,1.0,50.0,True,,0.6,1.5,139,54,24,0.4444444444444444,1.086309635773693,0.02011684510692023,1.0363657167000564,8.443952666896532,25,34,1.7177098046595032,0.4532929620576054,4.1548650717751485,43,20,0.46511627906976744,2.700154588374188,0.06279429275288809,1.1186078822262944,8.443952666896532,20,28,2.7373006932365547,1.2860192038244511,11,4,0.36363636363636365,-1.6138449526004948,-0.1467131775091359,0.7729031430883306,2.585265345659785,5,6,-2.2679636688689726,-0.8221531938096049
grid_0034,14,14,20,20,0.0,0.4,1.0,50.0,True,,0.6,2.0,139,53,23,0.4339622641509434,3.6433193712774776,0.06874187492976376,1.1248712107276146,7.443152546896533,25,34,2.835568398545526,1.7298564192147259,3.678193165567334,43,20,0.46511627906976744,6.814916522562868,0.15848643075727603,1.2993542739257975,7.443152546896533,20,28,4.930308793723643,3.370600717612371,10,3,0.3,-3.1715971512853898,-0.31715971512853897,0.5053057438412374,4.1702501666681195,5,6,-6.171815300720378,-1.587244619850714
grid_0035,14,14,20,20,0.0,0.4,1.0,50.0,True,,0.6,2.5,139,53,22,0.41509433962264153,3.3241973875809108,0.06272070542605498,1.111198649135185,6.669176273243496,25,34,2.241280980970716,1.5564498755775924,3.2981993326688053,43,19,0.4418604651162791,7.057021881922495,0.164116787951686,1.3005162289263363,6.669176273243496,20,28,4.5572037030672305,3.481918912389892,10,3,0.3,-3.7328244943415836,-0.37328244943415834,0.4177675320930581,4.1702501666681195,5,6,-7.717186724044299,-1.8606816118693081
grid_0036,14,14,20,20,0.0,0.4,1.0,50.0,True,0.01,0.3,1.0,32,25,17,0.68,8.618065018524426,0.3447226007409769,2.0599573501568105,2.0470203491447303,17,18,8.483165722382783,4.37093844740688,1.0208913875289105,19,14,0.7368421052631579,8.703223566856751,0.4580643982556184,2.711124371078636,2.0470203491447303,14,14,10.989520751921546,4.4232317191238435,6,3,0.5,-0.0851585483323265,-0.014193091388721102,0.9720270438471783,2.0282258634285806,3,4,0.5463747955100322,-0.05007819702194105
grid_0037,14,14,20,20,0.0,0.4,1.0,50.0,True,0.01,0.3,1.5,32,24,13,0.5416666666666666,7.521818619520859,0.31340910914670245,1.7040543187922947,2.6035447023281133,17,18,9.682198152769223,3.7843026937870006,1.3011880859600145,19,10,0.5263157894736842,5.092601009207088,0.2680316320635309,1.5885742459607686,2.6035447023281133,14,14,9.124789069138611,2.5424648943182637,5,3,0.6,2.4292176103137715,0.4858435220627543,2.1959866317439767,1.016091221511916,3,4,11.800352670565543,1.2110473458469828
grid_0038,14,14,20,20,0.0,0.4,1.0,50.0,True,0.01,0.3,2.0,32,24,12,0.5,7.6360493870876684,0.3181687244619861,1.6521590616993402,2.171138257393688,17,18,11.119280866146076,3.8295805069741284,1.082758463040201,19,9,0.47368421052631576,3.7056315967738946,0.19503324193546812,1.382902792243634,2.171138257393688,14,14,9.213801207094477,1.826644209250583,5,3,0.6,3.9304177903137716,0.7860835580627544,2.9350786501900905,1.016091221511916,3,4,18.360103570542158,1.9670060947972967
grid_0039,14,14,20,20,0.0,0.4,1.0,50.0,True,0.01,0.3,2.5,32,24,11,0.4583333333333333,5.727680369921137,0.23865334874671404,1.4498950550707572,2.1743746027440727,17,18,9.542437087044943,2.838524880103277,1.0861071547721979,19,9,0.47368421052631576,5.412480629571012,0.284867401556369,1.5592714472295608,2.1711382573936886,14,14,10.44516151597001,2.6894605570021435,5,2,0.4,0.3151997403501243,0.06303994807002485,1.103228660780349,2.1743746027440736,3,4,6.112084257129692,0.14516029424302967
grid_0040,14,14,20,20,0.0,0.4,1.0,50.0,True,0.01,0.45,1.0,32,25,17,0.68,8.65664080595155,0.346265632238062,2.0663325467716662,2.041444006151528,17,18,9.152147725516558,4.3910378593508215,1.0181174294850326,19,14,0.7368421052631579,8.734615361241907,0.4597165979601004,2.7203898581386134,2.041444006151528,14,14,11.853289028004147,4.439590883894984,6,3,0.5,-0.07797455529035813,-0.012995759215059669,0.9743591602600542,2.0260305005403305,3,4,0.5985336009725263,-0.04648909875389906
grid_0041,14,14,20,20,0.0,0.4,1.0,50.0,True,0.01,0.45,1.5,32,24,14,0.5833333333333334,9.540229147506384,0.397509547812766,1.9923635849735302,2.59154208797297,17,18,12.727401203314608,4.837196993049919,1.2952511721239346,19,11,0.5789473684210527,7.104965415566113,0.37394554818769016,1.9367557080651474,2.59154208797297,14,14,12.687062151193894,3.579638588487377,5,3,0.6,2.435263731940272,0.4870527463880544,2.200233522677938,1.014999203681156,3,4,12.880689601373328,1.2140980811477187
grid_0042,14,14,20,20,0.0,0.4,1.0,50.0,True,0.01,0.45,2.0,32,24,12,0.5,5.086881644765476,0.21195340186522812,1.4364218563984927,2.2273244420622094,17,18,10.459624415634968,2.524246337245639,1.1121596035418846,19,10,0.5263157894736842,5.324055814387964,0.28021346391515595,1.6185778860770568,2.09114202797297,14,14,12.234849007699388,2.6558010716175806,5,2,0.4,-0.2371741696224885,-0.047434833924497696,0.9222112784932942,2.2273244420622094,3,4,3.7137709657901707,-0.12815129101196865
grid_0043,14,14,20,20,0.0,0.4,1.0,50.0,True,0.01,0.45,2.5,32,23,12,0.5217391304347826,8.388744294712376,0.3647280128135815,1.7889016182076913,2.2273244420622085,17,18,13.013042613886752,4.218931646855406,1.112159603541918,18,10,0.5555555555555556,8.125518404334864,0.4514176891297146,2.071332850564827,2.041444006151528,14,14,14.916288021245837,4.094781844292328,5,2,0.4,0.26322589037751065,0.052645178075502175,1.086333201935618,2.22732444206221,3,4,6.161359147394049,0.11926611532631082
grid_0044,14,14,20,20,0.0,0.4,1.0,50.0,True,0.01,0.6,1.0,32,23,13,0.5652173913043478,3.178612811859406,0.1382005570373655,1.3323216100055373,3.0824934593884645,16,17,6.3878261360352795,1.5741257019405985,1.535727620482552,18,10,0.5555555555555556,2.2394606937875308,0.12441448298819616,1.2970999241441232,3.0824934593884645,13,13,6.416968109086332,1.1045758801890404,5,3,0.6,0.9391521180718756,0.18783042361437513,1.463290646517206,1.0140527628821874,3,4,6.282915033051493,0.4644199509901137
grid_0045,14,14,20,20,0.0,0.4,1.0,50.0,True,0.01,0.6,1.5,32,23,12,0.5217391304347826,4.775342935658015,0.20762360589817458,1.4511514475198575,2.582093399388464,16,17,9.73621295157195,2.3756424526326647,1.2905770031546027,18,9,0.5,2.33499063758614,0.1297217020881189,1.2728540169554114,2.582093399388464,13,13,8.562653623624966,1.1450450623061492,5,3,0.6,2.440352298071875,0.4880704596143749,2.20384373537338,1.0140527628821874,3,4,13.96102653218109,1.2166660161834653
grid_0046,14,14,20,20,0.0,0.4,1.0,50.0,True,0.01,0.6,2.0,32,22,11,0.5,5.651409125244625,0.25688223296566465,1.5340324874641962,2.2739757621355237,16,17,12.170407244569702,2.8163680456429807,1.1351150011338684,17,9,0.5294117647058824,5.934400777366702,0.34908239866862945,1.7873392631471645,2.037087770702915,13,13,14.699703049518002,2.9717760628031664,5,2,0.4,-0.2829916521220779,-0.056598330424415554,0.9070706345701807,2.2739757621355245,3,4,3.570801507745478,-0.1509229257786293
grid_0047,14,14,20,20,0.0,0.4,1.0,50.0,True,0.01,0.6,2.5,32,22,11,0.5,7.832387430805554,0.3560176104911615,1.7401250289546757,2.2739757621355245,16,17,13.605719562111277,3.930834888195478,1.1351150011338795,17,9,0.5294117647058824,7.614979022927631,0.44793994252515473,2.010307897582441,2.037087770702915,13,13,15.780744716362124,3.830703624625209,5,2,0.4,0.2174084078779226,0.0434816815755845,1.071393008350957,2.2739757621355245,3,4,6.2106340376584,0.0964370461480124
grid_0048,14,14,20,20,0.0,0.4,0.5,55.0,True,,0.3,1.0,227,67,35,0.5223880597014925,1.2319902920339398,0.018387914806476696,1.0380510231550377,8.325795885086498,29,39,-0.5718388648711042,0.5354350033476063,4.092329417374541,56,32,0.5714285714285714,6.4979043883237,0.11603400693435177,1.2685381210769506,7.369336835448706,24,33,1.2801155680290144,3.232116847615041,11,3,0.2727272727272727,-5.265914096289762,-0.4787194632990692,0.3562450565784442,8.17999791706677,5,6,-9.999970523271708,-2.6122508446165704
grid_0049,14,14,20,20,0.0,0.4,0.5,55.0,True,,0.3,1.5,227,60,22,0.36666666666666664,-8.463924434642358,-0.14106540724403932,0.7790004576427468,10.846278215702021,27,37,-2.286029194878873,-4.241426938454628,5.296279941822735,49,21,0.42857142857142855,0.30479008164739985,0.00622020574790609,1.0108625619543283,8.275501378945851,22,31,0.25954259645019184,0.06622049290336829,11,1,0.09090909090909091,-8.768714516289757,-0.7971558651172508,0.14364795400164496,10.239614136808637,5,6,-13.625394447162892,-4.304796773715913
grid_0050,14,14,20,20,0.0,0.4,0.5,55.0,True,,0.3,2.0,227,59,19,0.3220338983050847,-11.845316721008768,-0.2007680800170978,0.7064855849974452,12.818644915450225,27,37,-3.152233415883802,-5.859300555844871,6.310527525397602,48,18,0.375,-3.5770022647190114,-0.0745208805149794,0.8812307184325825,10.284754724903731,22,31,-0.8484771365744573,-1.8681656336008157,11,1,0.09090909090909091,-8.268314456289758,-0.7516649505717962,0.19251698884165874,10.239614136808637,5,6,-13.204988089233668,-4.067115373938868
grid_0051,14,14,20,20,0.0,0.4,0.5,55.0,True,,0.3,2.5,227,58,16,0.27586206896551724,-14.874007701251298,-0.25644840864226376,0.649579334158177,16.194984560294756,26,36,-3.2040618229871445,-7.285335242276069,7.833045039305375,47,16,0.3404255319148936,-3.6032928849615384,-0.07666580606301149,0.8844188377730315,9.78435466490373,21,30,-0.273061641028836,-1.8962990400846702,11,0,0.0,-11.270714816289757,-1.0246104378445235,0.0,11.270714816289757,5,6,-15.72742623680901,-5.4932037726011185
grid_0052,14,14,20,20,0.0,0.4,0.5,55.0,True,,0.45,1.0,227,65,33,0.5076923076923077,0.18358727659445762,0.0028244196399147188,1.0056920296874303,10.284568457021484,28,38,-0.7394921298523219,0.011132012866199581,5.027163073696617,54,31,0.5740740740740741,7.417674219284068,0.13736433739414938,1.3216658081589387,4.263528239625417,23,32,1.6448127806956054,3.7094915224609615,11,2,0.18181818181818182,-7.2340869426896095,-0.6576442675172374,0.21310504763698715,9.193205422103608,5,6,-12.444261690723964,-3.566076214725089
grid_0053,14,14,20,20,0.0,0.4,0.5,55.0,True,,0.45,1.5,227,58,21,0.3620689655172414,-8.138790759974137,-0.1403239786202437,0.7799651696224434,10.801653987546336,26,36,-2.466170881289287,-4.0817628938238375,5.275064285170005,47,20,0.425531914893617,0.5964963627154771,0.012691411972669769,1.0222756491847365,8.287113346311628,21,30,0.46827424491547526,0.21625727171323827,11,1,0.09090909090909091,-8.735287122689613,-0.7941170111536013,0.14449598838257677,10.210691012628455,5,6,-15.004254602345998,-4.288745441654262
grid_0054,14,14,20,20,0.0,0.4,0.5,55.0,True,,0.45,2.0,227,58,17,0.29310344827586204,-16.476128991250523,-0.2840711895043194,0.5992138762400775,17.139960472677025,26,36,-3.985884378870531,-8.004952547952449,8.305403277344169,47,17,0.3617021276595745,-5.238841568560913,-0.1114647142247003,0.8246250967985473,10.46563324895297,21,30,-0.8292504003561109,-2.6740962945414837,11,0,0.0,-11.23728742268961,-1.0215715838808739,0.0,11.23728742268961,5,6,-17.47332046888669,-5.477325203723737
grid_0055,14,14,20,20,0.0,0.4,0.5,55.0,True,,0.45,2.5,227,58,17,0.29310344827586204,-14.53461104457378,-0.25059674214782374,0.6464418053532883,15.19844252600028,26,36,-3.4622560036399235,-7.119810665490444,7.423152219242446,47,17,0.3617021276595745,-3.297323621884167,-0.07015582174221632,0.8896191451022164,9.746600769645003,21,30,-0.18307070326302086,-1.7376629103088126,11,0,0.0,-11.23728742268961,-1.0215715838808739,0.0,11.23728742268961,5,6,-17.47332046888669,-5.477325203723737
grid_0056,14,14,20,20,0.0,0.4,0.5,55.0,True,,0.6,1.0,227,62,28,0.45161290322580644,-6.69911411862454,-0.10805022771975063,0.7987395886713256,10.252188291862788,27,37,-2.4012773102012748,-3.3658767203131768,5.01172210418106,51,26,0.5098039215686274,0.5094282337446565,0.009988788896954062,1.0211264208847963,7.287512400422115,22,31,0.014064678763558852,0.1947630115137544,11,2,0.18181818181818182,-7.208542352369197,-0.6553220320335633,0.21411174258040008,9.17247749195014,5,6,-13.59968107722005,-3.5537184028447855
grid_0057,14,14,20,20,0.0,0.4,0.5,55.0,True,,0.6,1.5,227,59,19,0.3220338983050847,-16.57249048989026,-0.2808896693201739,0.5867217145844329,17.049381195969033,26,36,-5.800067982584746,-8.036185360867842,8.251495454852552,48,18,0.375,-7.86274795752106,-0.16380724911502212,0.7371337411325317,12.865933961744052,21,30,-3.3747864299933323,-3.9276743497054123,11,1,0.09090909090909091,-8.709742532369196,-0.791794775669927,0.14513858932728638,10.188484851030138,5,6,-16.3831147575291,-4.276477105506416
grid_0058,14,14,20,20,0.0,0.4,0.5,55.0,True,,0.6,2.0,227,59,17,0.288135593220339,-18.078134260725317,-0.3064090552665308,0.5712502347665669,18.632064914375697,26,36,-5.508995803126414,-8.739060059314163,8.987523355637917,48,17,0.3541666666666667,-6.866391428356122,-0.14304982142408582,0.778167353482809,10.495692677105865,21,30,-2.3670706390385488,-3.46313756710942,11,0,0.0,-11.211742832369197,-1.0192493483971996,0.0,11.211742832369197,5,6,-19.219214700964372,-5.46518952371422
grid_0059,14,14,20,20,0.0,0.4,0.5,55.0,True,,0.6,2.5,227,59,16,0.2711864406779661,-19.594092061999522,-0.3321032552881275,0.543073547050675,20.1480227156499,26,36,-6.214456790493166,-9.433149833096943,9.679723429037912,48,16,0.3333333333333333,-8.382349229630327,-0.1746322756172984,0.7353273890667842,10.613994372616153,21,30,-3.234199769343515,-4.197353640834867,11,0,0.0,-11.211742832369197,-1.0192493483971996,0.0,11.211742832369197,5,6,-19.219214700964372,-5.46518952371422
grid_0060,14,14,20,20,0.0,0.4,0.5,55.0,True,0.01,0.3,1.0,31,25,17,0.68,8.61585468282507,0.34463418731300266,2.0593974932474395,2.0470203491447303,17,18,8.578963994723749,4.3697790848596485,1.0208913875289105,19,14,0.7368421052631579,8.701013231157395,0.45794806479775757,2.7099467097182175,2.0470203491447303,14,14,11.115571110264924,4.422071775697867,6,3,0.5,-0.0851585483323265,-0.014193091388721102,0.9720270438471783,2.0282258634285806,3,4,0.5463747955100322,-0.05007819702194105
grid_0061,14,14,20,20,0.0,0.4,0.5,55.0,True,0.01,0.3,1.5,31,24,13,0.5416666666666666,7.519608283821503,0.31331701182589594,1.7037018382562499,2.6035447023281133,17,18,9.781988019791063,3.783149847646805,1.3011880859600145,19,10,0.5263157894736842,5.090390673507732,0.26791529860567004,1.588168535291547,2.6035447023281133,14,14,9.250839427481989,2.5413258426332686,5,3,0.6,2.4292176103137715,0.4858435220627543,2.1959866317439767,1.016091221511916,3,4,11.800352670565543,1.2110473458469828
grid_0062,14,14,20,20,0.0,0.4,0.5,55.0,True,0.01,0.3,2.0,31,24,12,0.5,7.633839051388312,0.31807662714117957,1.6518472352687785,2.171138257393688,17,18,11.219070733167916,3.828427157883585,1.0827584630401899,19,9,0.47368421052631576,3.7034212610745385,0.19491690847760723,1.3825870177806419,2.171138257393688,14,14,9.339851565437854,1.8255131089714771,5,3,0.6,3.9304177903137716,0.7860835580627544,2.9350786501900905,1.016091221511916,3,4,18.360103570542158,1.9670060947972967
grid_0063,14,14,20,20,0.0,0.4,0.5,55.0,True,0.01,0.3,2.5,31,24,11,0.4583333333333333,5.725470034221781,0.23856125142590748,1.4496433732437068,2.1743746027440727,17,18,9.642226954066784,2.8373825397551844,1.0861071547721979,19,9,0.47368421052631576,5.410270293871656,0.2847510680985082,1.5589154004367785,2.1711382573936886,14,14,10.571211874313386,2.6883198724750645,5,2,0.4,0.3151997403501243,0.06303994807002485,1.103228660780349,2.1743746027440736,3,4,6.112084257129692,0.14516029424302967
grid_0064,14,14,20,20,0.0,0.4,0.5,55.0,True,0.01,0.45,1.0,31,25,17,0.68,8.65520557447961,0.34620822297918447,2.065967298088009,2.041444006151528,17,18,9.230384566790825,4.39028491374287,1.0181174294850326,19,14,0.7368421052631579,8.733180129769968,0.45964105946157735,2.7196210580354743,2.041444006151528,14,14,11.95623224020713,4.438837588086608,6,3,0.5,-0.07797455529035813,-0.012995759215059669,0.9743591602600542,2.0260305005403305,3,4,0.5985336009725263,-0.04648909875389906
grid_0065,14,14,20,20,0.0,0.4,0.5,55.0,True,0.01,0.45,1.5,31,24,14,0.5833333333333334,9.538793916034445,0.3974497465014353,1.9920661871908785,2.59154208797297,17,18,12.808897912975304,4.836440829411304,1.2952511721239346,19,11,0.5789473684210527,7.103530184094174,0.3738700096891671,1.9363892882085263,2.59154208797297,14,14,12.790005363396876,3.5788914952928907,5,3,0.6,2.435263731940272,0.4870527463880544,2.200233522677938,1.014999203681156,3,4,12.880689601373328,1.2140980811477187
grid_0066,14,14,20,20,0.0,0.4,0.5,55.0,True,0.01,0.45,2.0,31,24,12,0.5,5.085446413293537,0.2118936005538973,1.4362450062861822,2.2273244420622094,17,18,10.541121125295662,2.5235068563230323,1.1121596035418957,19,10,0.5263157894736842,5.322620582916025,0.28013792541663285,1.618308028306518,2.09114202797297,14,14,12.337792219902372,2.655060641824658,5,2,0.4,-0.2371741696224885,-0.047434833924497696,0.9222112784932942,2.2273244420622094,3,4,3.7137709657901707,-0.12815129101196865
grid_0067,14,14,20,20,0.0,0.4,0.5,55.0,True,0.01,0.45,2.5,31,23,12,0.5217391304347826,8.387309063240439,0.3646656114452363,1.7886601968531834,2.2273244420622085,17,18,13.098082658750085,4.21817994260516,1.1121596035419068,18,10,0.5555555555555556,8.124083172862926,0.45133795404794025,2.070940961621141,2.041444006151528,14,14,15.02495030079343,4.0940310355025655,5,2,0.4,0.26322589037751065,0.052645178075502175,1.086333201935618,2.22732444206221,3,4,6.161359147394049,0.11926611532631082
grid_0068,14,14,20,20,0.0,0.4,0.5,55.0,True,0.01,0.6,1.0,31,23,13,0.5652173913043478,3.177706232504615,0.13816114054367895,1.3321953416021055,3.0824934593884645,16,17,6.453777668869596,1.5736629322992357,1.535727620482552,18,10,0.5555555555555556,2.2385541144327394,0.12436411746848555,1.2969439379632595,3.0824934593884645,13,13,6.501239512152402,1.1041152498070694,5,3,0.6,0.9391521180718756,0.18783042361437513,1.463290646517206,1.0140527628821874,3,4,6.282915033051493,0.4644199509901137
grid_0069,14,14,20,20,0.0,0.4,0.5,55.0,True,0.01,0.6,1.5,31,23,12,0.5217391304347826,4.774436356303225,0.207584189404488,1.4510271681168143,2.582093399388464,16,17,9.802164484406266,2.3751760312973325,1.2905770031546027,18,9,0.5,2.3340840582313493,0.1296713365684083,1.272719187858754,2.582093399388464,13,13,8.646925026691036,1.1445842475473977,5,3,0.6,2.440352298071875,0.4880704596143749,2.20384373537338,1.0140527628821874,3,4,13.96102653218109,1.2166660161834653
grid_0070,14,14,20,20,0.0,0.4,0.5,55.0,True,0.01,0.6,2.0,31,22,11,0.5,5.650502545889832,0.2568410248131742,1.5339010817933207,2.2739757621355245,16,17,12.239356574351033,2.815899616370876,1.1351150011338684,17,9,0.5294117647058824,5.9334941980119105,0.3490290704712888,1.787124309101381,2.037087770702915,13,13,14.7889315939409,2.9713069254953206,5,2,0.4,-0.2829916521220779,-0.056598330424415554,0.9070706345701807,2.2739757621355245,3,4,3.570801507745478,-0.1509229257786293
grid_0071,14,14,20,20,0.0,0.4,0.5,55.0,True,0.01,0.6,2.5,31,22,11,0.5,7.831480851450763,0.355976402338671,1.7399759693365089,2.2739757621355245,16,17,13.674668891892606,3.930361381435188,1.1351150011338906,17,9,0.5294117647058824,7.614072443572841,0.4478866143278141,2.0100661282525967,2.037087770702915,13,13,15.869973260785022,3.830230574060911,5,2,0.4,0.2174084078779226,0.0434816815755845,1.071393008350957,2.2739757621355245,3,4,6.2106340376584,0.0964370461480124
grid_0072,14,14,20,20,0.0,0.4,1.0,55.0,True,,0.3,1.0,118,53,33,0.6226415094339622,11.746407576154908,0.22163033162556428,1.5871776344481245,5.136129423706567,27,37,3.2993143642716256,5.98142285630574,2.5465348226206164,43,30,0.6976744186046512,15.900218910477001,0.36977253280179073,2.2324980181443,4.083391810393955,22,31,6.698956808699923,8.219271106079674,10,3,0.3,-4.153811334322095,-0.41538113343220945,0.4152901076926915,5.136129423706569,5,6,-11.31914814677005,-2.067883314035901
grid_0073,14,14,20,20,0.0,0.4,1.0,55.0,True,,0.3,1.5,118,51,25,0.49019607843137253,8.374480962422883,0.1642055090671153,1.3226214641032303,6.6970289822529665,26,35,4.213994690837654,4.177643358402139,3.305743606247258,40,22,0.55,12.059504234495607,0.3014876058623902,1.6768388150633395,6.6970289822529665,21,29,7.410595606925862,6.134680255400582,11,3,0.2727272727272727,-3.6850232720727254,-0.33500211564297505,0.5473062151457181,4.623622674842625,5,6,-7.410008640392189,-1.8439183990464514
grid_0074,14,14,20,20,0.0,0.4,1.0,55.0,True,,0.3,2.0,118,50,21,0.42,3.4921494189553206,0.06984298837910641,1.1203640927043672,7.209715350238523,26,35,0.6421569576197104,1.6489821271334248,3.5565863883604054,39,18,0.46153846153846156,5.675972511028045,0.1455377566930268,1.2719288727824172,7.209715350238523,21,29,2.2077172549888133,2.7907523116083466,11,3,0.2727272727272727,-2.183823092072724,-0.19852937200661128,0.7317240440529105,4.123222614842624,5,6,-4.908465914870746,-1.11077130850612
grid_0075,14,14,20,20,0.0,0.4,1.0,55.0,True,,0.3,2.5,118,48,19,0.3958333333333333,3.7813993469594207,0.0787791530616546,1.1303686367292343,6.843302015122856,25,34,0.4862630941094747,1.7812216857084229,3.372628518510956,38,17,0.4473684210526316,9.152482310785519,0.2408547976522505,1.4384841880571644,6.709315290238525,20,28,3.47050426264773,4.570606565346824,10,2,0.2,-5.371082963826098,-0.5371082963826098,0.33954786081681076,6.843302015122856,5,6,-10.853853346335896,-2.6674655252145962
grid_0076,14,14,20,20,0.0,0.4,1.0,55.0,True,,0.45,1.0,118,51,32,0.6274509803921569,12.588140839488192,0.24682629097035677,1.6649536730975298,4.073439633186804,26,36,4.635038456540912,6.42983999566713,2.0212168625637683,41,28,0.6829268292682927,14.726377571985513,0.35917994078013443,2.1464417889101743,4.073439633186804,21,30,7.19204379023235,7.587355094431181,10,4,0.4,-2.1382367324973175,-0.21382367324973175,0.6486378476468312,3.1223513819724698,5,6,-5.848683411593984,-1.0758839621515803
grid_0077,14,14,20,20,0.0,0.4,1.0,55.0,True,,0.45,1.5,118,49,24,0.4897959183673469,8.254126955403201,0.1684515705184327,1.334186186701049,6.721156164983509,25,34,3.594956354323553,4.120358377266431,3.3264477522938485,38,20,0.5263157894736842,9.802915313506983,0.25797145561860485,1.557542181310243,6.721156164983509,20,28,5.194793045545058,4.949573559977227,11,4,0.36363636363636365,-1.5487883581037807,-0.14079894164579826,0.7823761103600756,2.594406821576615,5,6,-1.9317522153507385,-0.7901081963300194
grid_0078,14,14,20,20,0.0,0.4,1.0,55.0,True,,0.45,2.0,118,48,21,0.4375,3.205772266085605,0.06678692221011683,1.1199427774633852,7.40413698291451,25,34,1.2248957523762571,1.5160310870019789,3.659527772021287,38,18,0.47368421052631576,6.975406102201596,0.1835633184789894,1.3555879695555382,7.40413698291451,20,28,3.218371357178727,3.463689635757028,10,3,0.3,-3.7696338361159896,-0.376963383611599,0.4698849225530848,4.845181813877865,5,6,-6.3503115458731285,-1.8824561115225347
grid_0079,14,14,20,20,0.0,0.4,1.0,55.0,True,,0.45,2.5,118,48,21,0.4375,6.633528527502724,0.13819851098964014,1.2481910035807986,6.68510450360654,25,34,2.4386350835400665,3.249936552319266,3.3059079886413545,38,18,0.47368421052631576,10.83349238562623,0.28509190488490077,1.5522631233447974,6.68510450360654,20,28,5.0373644392183765,5.4555287231359495,10,3,0.3,-4.199963858123503,-0.4199963858123503,0.40936858519462876,4.845181813877865,5,6,-7.436536468037511,-2.09149031589162
grid_0080,14,14,20,20,0.0,0.4,1.0,55.0,True,,0.6,1.0,118,51,29,0.5686274509803921,7.460712675248975,0.14628848382841123,1.3546066641262025,6.201751680350504,26,35,3.9723163191209516,3.7374018434961798,3.07048552954724,40,24,0.6,8.610116109724624,0.2152529027431156,1.5759662613389838,6.201751680350504,21,29,5.635591214176077,4.349737347938198,11,5,0.45454545454545453,-1.149403434475651,-0.10449122131596827,0.8112764966205182,3.123771052152211,5,6,-2.07595602653405,-0.5868107769167574
grid_0081,14,14,20,20,0.0,0.4,1.0,55.0,True,,0.6,1.5,118,50,22,0.44,1.1034542390139996,0.022069084780280007,1.039638498949606,8.443952666896532,25,34,1.7271653652312386,0.4676352114179272,4.1548650717751485,39,18,0.46153846153846156,2.7172991916144946,0.06967433824652552,1.1310708773478297,8.443952666896532,20,28,2.8539966312595033,1.300480345926469,11,4,0.36363636363636365,-1.6138449526004948,-0.1467131775091359,0.7729031430883306,2.585265345659785,5,6,-2.2679636688689726,-0.8221531938096049
grid_0082,14,14,20,20,0.0,0.4,1.0,55.0,True,,0.6,2.0,118,49,21,0.42857142857142855,3.354137064026416,0.06845177681686568,1.1205073092423807,7.443152546896533,25,34,2.9625605237102555,1.5862245706837586,3.678193165567334,39,18,0.46153846153846156,7.216456140779442,0.18503733694306265,1.3480909428866041,7.443152546896533,20,28,5.541262612890061,3.5829702320709034,10,3,0.3,-3.8623190767530247,-0.38623190767530247,0.4561606764745524,4.860972092135754,5,6,-7.094377624090984,-1.9276775486487763
grid_0083,14,14,20,20,0.0,0.4,1.0,55.0,True,,0.6,2.5,118,49,20,0.40816326530612246,3.0350150803298526,0.06193908327203781,1.1063012260587788,6.669176273243496,25,34,2.31975984755791,1.4130628588323368,3.2981993326688053,39,17,0.4358974358974359,7.458561500139071,0.19124516667023259,1.3477325292663445,6.669176273243496,20,28,5.129890333448375,3.694517124280905,10,3,0.3,-4.4235464198092185,-0.44235464198092184,0.3771362632848852,4.860972092135754,5,6,-8.639749047414906,-2.2001686576293977
grid_0084,14,14,20,20,0.0,0.4,1.0,55.0,True,0.01,0.3,1.0,30,25,17,0.68,8.618065018524426,0.3447226007409769,2.0599573501568105,2.0470203491447303,17,18,8.483165722382783,4.37093844740688,1.0208913875289105,19,14,0.7368421052631579,8.703223566856751,0.4580643982556184,2.711124371078636,2.0470203491447303,14,14,10.989520751921546,4.4232317191238435,6,3,0.5,-0.0851585483323265,-0.014193091388721102,0.9720270438471783,2.0282258634285806,3,4,0.5463747955100322,-0.05007819702194105
grid_0085,14,14,20,20,0.0,0.4,1.0,55.0,True,0.01,0.3,1.5,30,24,13,0.5416666666666666,7.521818619520859,0.31340910914670245,1.7040543187922947,2.6035447023281133,17,18,9.682198152769223,3.7843026937870006,1.3011880859600145,19,10,0.5263157894736842,5.092601009207088,0.2680316320635309,1.5885742459607686,2.6035447023281133,14,14,9.124789069138611,2.5424648943182637,5,3,0.6,2.4292176103137715,0.4858435220627543,2.1959866317439767,1.016091221511916,3,4,11.800352670565543,1.2110473458469828
grid_0086,14,14,20,20,0.0,0.4,1.0,55.0,True,0.01,0.3,2.0,30,24,12,0.5,7.6360493870876684,0.3181687244619861,1.6521590616993402,2.171138257393688,17,18,11.119280866146076,3.8295805069741284,1.082758463040201,19,9,0.47368421052631576,3.7056315967738946,0.19503324193546812,1.382902792243634,2.171138257393688,14,14,9.213801207094477,1.826644209250583,5,3,0.6,3.9304177903137716,0.7860835580627544,2.9350786501900905,1.016091221511916,3,4,18.360103570542158,1.9670060947972967
grid_0087,14,14,20,20,0.0,0.4,1.0,55.0,True,0.01,0.3,2.5,30,24,11,0.4583333333333333,5.727680369921137,0.23865334874671404,1.4498950550707572,2.1743746027440727,17,18,9.542437087044943,2.838524880103277,1.0861071547721979,19,9,0.47368421052631576,5.412480629571012,0.284867401556369,1.5592714472295608,2.1711382573936886,14,14,10.44516151597001,2.6894605570021435,5,2,0.4,0.3151997403501243,0.06303994807002485,1.103228660780349,2.1743746027440736,3,4,6.112084257129692,0.14516029424302967
grid_0088,14,14,20,20,0.0,0.4,1.0,55.0,True,0.01,0.45,1.0,30,25,17,0.68,8.65664080595155,0.346265632238062,2.0663325467716662,2.041444006151528,17,18,9.152147725516558,4.3910378593508215,1.0181174294850326,19,14,0.7368421052631579,8.734615361241907,0.4597165979601004,2.7203898581386134,2.041444006151528,14,14,11.853289028004147,4.439590883894984,6,3,0.5,-0.07797455529035813,-0.012995759215059669,0.9743591602600542,2.0260305005403305,3,4,0.5985336009725263,-0.04648909875389906
grid_0089,14,14,20,20,0.0,0.4,1.0,55.0,True,0.01,0.45,1.5,30,24,14,0.5833333333333334,9.540229147506384,0.397509547812766,1.9923635849735302,2.59154208797297,17,18,12.727401203314608,4.837196993049919,1.2952511721239346,19,11,0.5789473684210527,7.104965415566113,0.37394554818769016,1.9367557080651474,2.59154208797297,14,14,12.687062151193894,3.579638588487377,5,3,0.6,2.435263731940272,0.4870527463880544,2.200233522677938,1.014999203681156,3,4,12.880689601373328,1.2140980811477187
grid_0090,14,14,20,20,0.0,0.4,1.0,55.0,True,0.01,0.45,2.0,30,24,12,0.5,5.086881644765476,0.21195340186522812,1.4364218563984927,2.2273244420622094,17,18,10.459624415634968,2.524246337245639,1.1121596035418846,19,10,0.5263157894736842,5.324055814387964,0.28021346391515595,1.6185778860770568,2.09114202797297,14,14,12.234849007699388,2.6558010716175806,5,2,0.4,-0.2371741696224885,-0.047434833924497696,0.9222112784932942,2.2273244420622094,3,4,3.7137709657901707,-0.12815129101196865
grid_0091,14,14,20,20,0.0,0.4,1.0,55.0,True,0.01,0.45,2.5,30,23,12,0.5217391304347826,8.388744294712376,0.3647280128135815,1.7889016182076913,2.2273244420622085,17,18,13.013042613886752,4.218931646855406,1.112159603541918,18,10,0.5555555555555556,8.125518404334864,0.4514176891297146,2.071332850564827,2.041444006151528,14,14,14.916288021245837,4.094781844292328,5,2,0.4,0.26322589037751065,0.052645178075502175,1.086333201935618,2.22732444206221,3,4,6.161359147394049,0.11926611532631082
grid_0092,14,14,20,20,0.0,0.4,1.0,55.0,True,0.01,0.6,1.0,30,23,13,0.5652173913043478,3.178612811859406,0.1382005570373655,1.3323216100055373,3.0824934593884645,16,17,6.3878261360352795,1.5741257019405985,1.535727620482552,18,10,0.5555555555555556,2.2394606937875308,0.12441448298819616,1.2970999241441232,3.0824934593884645,13,13,6.416968109086332,1.1045758801890404,5,3,0.6,0.9391521180718756,0.18783042361437513,1.463290646517206,1.0140527628821874,3,4,6.282915033051493,0.4644199509901137
grid_0093,14,14,20,20,0.0,0.4,1.0,55.0,True,0.01,0.6,1.5,30,23,12,0.5217391304347826,4.775342935658015,0.20762360589817458,1.4511514475198575,2.582093399388464,16,17,9.73621295157195,2.3756424526326647,1.2905770031546027,18,9,0.5,2.33499063758614,0.1297217020881189,1.2728540169554114,2.582093399388464,13,13,8.562653623624966,1.1450450623061492,5,3,0.6,2.440352298071875,0.4880704596143749,2.20384373537338,1.0140527628821874,3,4,13.96102653218109,1.2166660161834653
grid_0094,14,14,20,20,0.0,0.4,1.0,55.0,True,0.01,0.6,2.0,30,22,11,0.5,5.651409125244625,0.25688223296566465,1.5340324874641962,2.2739757621355237,16,17,12.170407244569702,2.8163680456429807,1.1351150011338684,17,9,0.5294117647058824,5.934400777366702,0.34908239866862945,1.7873392631471645,2.037087770702915,13,13,14.699703049518002,2.9717760628031664,5,2,0.4,-0.2829916521220779,-0.056598330424415554,0.9070706345701807,2.2739757621355245,3,4,3.570801507745478,-0.1509229257786293
grid_0095,14,14,20,20,0.0,0.4,1.0,55.0,True,0.01,0.6,2.5,30,22,11,0.5,7.832387430805554,0.3560176104911615,1.7401250289546757,2.2739757621355245,16,17,13.605719562111277,3.930834888195478,1.1351150011338795,17,9,0.5294117647058824,7.614979022927631,0.44793994252515473,2.010307897582441,2.037087770702915,13,13,15.780744716362124,3.830703624625209,5,2,0.4,0.2174084078779226,0.0434816815755845,1.071393008350957,2.2739757621355245,3,4,6.2106340376584,0.0964370461480124
grid_0096,14,14,20,20,0.0,0.4,0.5,60.0,True,,0.3,1.0,163,58,34,0.5862068965517241,8.490993304780144,0.14639643628931281,1.351470481249307,7.12144323798757,29,38,2.005990392886071,4.263638036958217,3.506842788319764,49,32,0.6530612244897959,13.680670811375183,0.27919736349745267,1.8029958128087982,2.334253730991564,24,32,4.981224247752936,7.016730579471475,9,2,0.2222222222222222,-5.189677506595038,-0.5766308340661153,0.2712604266910404,7.12144323798757,5,6,-14.19250503916686,-2.5725814343289355
grid_0097,14,14,20,20,0.0,0.4,0.5,60.0,True,,0.3,1.5,163,54,23,0.42592592592592593,-0.989304883899057,-0.018320460812945506,0.9682250798925842,8.300273836196,27,36,1.2824982269707714,-0.5859687481936438,4.0842021218411295,45,22,0.4888888888888889,5.701572802695978,0.1267016178376884,1.2481858786339954,8.300273836196,22,30,4.589790428049328,2.809628751723525,9,1,0.1111111111111111,-6.6908776865950355,-0.7434308540661151,0.18021805363849175,8.161777307113915,5,6,-15.253962778422013,-3.3028010519493556
grid_0098,14,14,20,20,0.0,0.4,0.5,60.0,True,,0.3,2.0,163,53,20,0.37735849056603776,-2.8712087162565534,-0.054173749363331254,0.9134625696318195,10.309527182153879,27,36,-0.9684438596515454,-1.5345315732452902,5.043659502468456,44,19,0.4318181818181818,3.319268910338482,0.07543792978042,1.1326803752032006,10.309527182153879,22,30,1.8484925115237447,1.5763780300202868,9,1,0.1111111111111111,-6.190477626595037,-0.6878308473994486,0.24152823660119566,8.161777307113915,5,6,-14.740132785397407,-3.062630961645596
grid_0099,14,14,20,20,0.0,0.4,0.5,60.0,True,,0.3,2.5,163,52,18,0.34615384615384615,-1.8966992164990828,-0.03647498493267465,0.9445570206108074,9.809127122153882,26,35,-0.48749561553906173,-1.0741773163126522,4.808388574023937,43,18,0.4186046511627907,7.296178770095953,0.16967857604874312,1.291648481311881,9.809127122153882,21,29,3.1408893647412603,3.591209759480951,9,0,0.0,-9.192877986595036,-1.0214308873994484,0.0,9.192877986595036,5,6,-17.823112743545046,-4.503651503468065
grid_0100,14,14,20,20,0.0,0.4,0.5,60.0,True,,0.45,1.0,163,57,32,0.5614035087719298,5.626699533612516,0.09871402690548274,1.2241196320512167,8.144522232527775,28,37,2.0952472309061743,2.782131281433342,4.000443690128696,48,31,0.6458333333333334,12.796217936201446,0.2665878736708634,1.7544377628980894,2.2902366281899598,23,31,5.708490873453198,6.545802090347519,9,1,0.1111111111111111,-7.169518402588928,-0.7966131558432142,0.11971283300631849,8.144522232527773,5,6,-17.175385529344624,-3.532444014755942
grid_0101,14,14,20,20,0.0,0.4,0.5,60.0,True,,0.45,1.5,163,52,22,0.4230769230769231,-0.7369151288149252,-0.014171444784902386,0.975300229280549,8.26059810691593,26,35,-0.36660515831908835,-0.456342206371696,4.065119232248016,43,21,0.4883720930232558,5.932203213774006,0.1379582142738141,1.2734947241874375,8.26059810691593,21,29,3.0251873633748727,2.9324547210413554,9,1,0.1111111111111111,-6.669118342588931,-0.7410131491765479,0.18115290839852358,8.144522232527773,5,6,-16.571836095301347,-3.2922530960687757
grid_0102,14,14,20,20,0.0,0.4,0.5,60.0,True,,0.45,2.0,163,52,19,0.36538461538461536,-4.524853329964084,-0.08701641019161703,0.8624973764786525,10.26762670688694,26,35,-1.1131965034999936,-2.339068457832505,5.023696385375942,43,19,0.4418604651162791,4.646265312624844,0.10805268168894984,1.1957453216513552,10.26762670688694,21,29,2.753954214131629,2.255482756314242,9,0,0.0,-9.171118642588928,-1.019013182509881,0.0,9.171118642588928,5,6,-19.589583265517746,-4.493207689504574
grid_0103,14,14,20,20,0.0,0.4,0.5,60.0,True,,0.45,2.5,163,52,19,0.36538461538461536,-1.5825352632873373,-0.030433370447833428,0.9519094355885384,9.76722664688694,26,35,-0.2777948084777392,-0.9102292080876984,4.788381781628104,43,19,0.4418604651162791,7.588583379301591,0.17647868323957186,1.3197040191448617,9.76722664688694,21,29,3.764207426716681,3.751543104671029,9,0,0.0,-9.171118642588928,-1.019013182509881,0.0,9.171118642588928,5,6,-19.589583265517746,-4.493207689504574
grid_0104,14,14,20,20,0.0,0.4,0.5,60.0,True,,0.6,1.0,163,54,25,0.46296296296296297,-4.42977800458576,-0.08203292601084744,0.8429152892404429,8.130879054471903,27,36,-0.3198460340695867,-2.2533718547332326,3.9938611406139746,45,24,0.5333333333333333,2.7227587912252,0.06050575091611552,1.1356695273202548,7.256895934089143,22,30,3.332780416565021,1.3172788674270297,9,1,0.1111111111111111,-7.15253679581096,-0.7947263106456623,0.12032429115064305,8.130879054471903,5,6,-18.58297828724263,-3.524226826928911
grid_0105,14,14,20,20,0.0,0.4,0.5,60.0,True,,0.6,1.5,163,51,20,0.39215686274509803,-5.576968317816576,-0.10935231995718776,0.8184287745251556,10.74012099012119,26,34,-1.9425201253498496,-2.829565432568637,5.245745438717364,42,19,0.4523809523809524,1.075168417994385,0.025599248047485357,1.0476071789391468,10.74012099012119,21,28,1.4747347218281839,0.46988512497605495,9,1,0.1111111111111111,-6.652136735810961,-0.7391263039789957,0.18186745968723375,8.130879054471903,5,6,-17.88970941218067,-3.284019438700869
grid_0106,14,14,20,20,0.0,0.4,0.5,60.0,True,,0.6,2.0,163,51,19,0.37254901960784315,-1.9971279502449633,-0.039159371573430655,0.9370751496561769,10.239720930121191,26,34,-0.12769899175064223,-1.0990620218303437,5.0104023475806,42,19,0.4523809523809524,7.157009085565998,0.17040497822776185,1.3169038510647744,10.239720930121191,21,28,4.421234178765031,3.544989118640962,9,0,0.0,-9.15413703581096,-1.0171263373123292,0.0,9.15413703581096,5,6,-21.35605378749045,-4.485056379841024
grid_0107,14,14,20,20,0.0,0.4,0.5,60.0,True,,0.6,2.5,163,51,18,0.35294117647058826,-2.0118855715191684,-0.03944873669645428,0.9380117367159261,9.73932087012119,26,34,-0.2774628294676427,-1.1199758778504876,4.7750592564438925,42,18,0.42857142857142855,7.142251464291793,0.17005360629266175,1.3065110578912513,9.73932087012119,21,28,4.239378090108674,3.523093219185358,9,0,0.0,-9.15413703581096,-1.0171263373123292,0.0,9.15413703581096,5,6,-21.35605378749045,-4.485056379841024
grid_0108,14,14,20,20,0.0,0.4,0.5,60.0,True,0.01,0.3,1.0,30,24,16,0.6666666666666666,7.625831045067969,0.31774296021116527,1.9376651058400323,2.0470203491447303,16,17,7.864525051729008,3.8556811884002284,1.0208913875289105,18,13,0.7222222222222222,7.710989593400293,0.4283883107444607,2.5153845803487362,2.0470203491447303,13,13,10.303908470468668,3.9077162992895653,6,3,0.5,-0.0851585483323265,-0.014193091388721102,0.9720270438471783,2.0282258634285806,3,4,0.5463747955100322,-0.05007819702194105
grid_0109,14,14,20,20,0.0,0.4,0.5,60.0,True,0.01,0.3,1.5,30,23,13,0.5652173913043478,8.531184886064402,0.37092108200280016,1.8818481429886476,2.6035447023281133,16,17,11.350141700068827,4.310741374331251,1.3011880859600145,18,10,0.5555555555555556,6.101967275750631,0.33899818198614623,1.7983660320391288,2.6035447023281133,13,13,11.225083097153071,3.0626044387153994,5,3,0.6,2.4292176103137715,0.4858435220627543,2.1959866317439767,1.016091221511916,3,4,11.800352670565543,1.2110473458469828
grid_0110,14,14,20,20,0.0,0.4,0.5,60.0,True,0.01,0.3,2.0,30,23,12,0.5217391304347826,8.645415653631211,0.3758876371144005,1.808019817272007,2.1711382573936886,16,17,12.84970627054902,4.356248856086875,1.082758463040201,18,9,0.5,4.714997863317438,0.2619443257398577,1.5439314168304763,2.1711382573936886,13,13,11.319040353884262,2.343152802847137,5,3,0.6,3.9304177903137716,0.7860835580627544,2.9350786501900905,1.016091221511916,3,4,18.360103570542158,1.9670060947972967
grid_0111,14,14,20,20,0.0,0.4,0.5,60.0,True,0.01,0.3,2.5,30,23,11,0.4782608695652174,6.7370466364646795,0.2929150711506383,1.5747459724891057,2.1743746027440736,16,17,11.204304066269579,3.3601661682539197,1.0861071547721979,18,9,0.5,6.421846896114556,0.3567692720063642,1.7408368746140443,2.1711382573936886,13,13,12.618809568808437,3.210345726707775,5,2,0.4,0.3151997403501243,0.06303994807002485,1.103228660780349,2.1743746027440736,3,4,6.112084257129692,0.14516029424302967
grid_0112,14,14,20,20,0.0,0.4,0.5,60.0,True,0.01,0.45,1.0,30,24,17,0.7083333333333334,9.665761338378843,0.40274005576578503,2.3596469110410627,2.041444006151528,16,17,10.823599974412824,4.920424612959784,1.0181174294850326,18,14,0.7777777777777778,9.7437358936692,0.5413186607594,3.395219184331229,2.041444006151528,13,13,14.231955432226256,4.969223859100813,6,3,0.5,-0.07797455529035813,-0.012995759215059669,0.9743591602600542,2.0260305005403305,3,4,0.5985336009725263,-0.04648909875389906
grid_0113,14,14,20,20,0.0,0.4,0.5,60.0,True,0.01,0.45,1.5,30,23,14,0.6086956521739131,10.549349679933677,0.4586673773884207,2.2260238524852807,2.59154208797297,16,17,14.626971092501934,5.368846304252184,1.2952511721239346,18,11,0.6111111111111112,8.114085947993406,0.4507825526663003,2.2339818963560045,2.59154208797297,13,13,15.112049284482103,4.1049105824896515,5,3,0.6,2.435263731940272,0.4870527463880544,2.200233522677938,1.014999203681156,3,4,12.880689601373328,1.2140980811477187
grid_0114,14,14,20,20,0.0,0.4,0.5,60.0,True,0.01,0.45,2.0,30,23,12,0.5217391304347826,6.096002177192766,0.2650435729214246,1.5725686835639023,2.2273244420622103,16,17,12.260595314053614,3.044166236957735,1.1121596035419068,18,10,0.5555555555555556,6.3331763468152555,0.35184313037862525,1.8335530635949908,2.09114202797297,13,13,14.634713188571235,3.1763881103406666,5,2,0.4,-0.2371741696224885,-0.047434833924497696,0.9222112784932942,2.2273244420622094,3,4,3.7137709657901707,-0.12815129101196865
grid_0115,14,14,20,20,0.0,0.4,0.5,60.0,True,0.01,0.45,2.5,30,22,12,0.5454545454545454,9.397864827139669,0.4271756739608939,1.9764697749362439,2.2273244420622085,16,17,15.011940289426777,4.747445617216228,1.1121596035418846,17,10,0.5882352941176471,9.134638936762157,0.5373317021624797,2.3892196251868345,2.041444006151528,13,13,17.61505239002464,4.622666227455885,5,2,0.4,0.26322589037751065,0.052645178075502175,1.086333201935618,2.22732444206221,3,4,6.161359147394049,0.11926611532631082
grid_0116,14,14,20,20,0.0,0.4,0.5,60.0,True,0.01,0.6,1.0,30,22,13,0.5909090909090909,4.187417827146392,0.19033717396119965,1.4894093381245048,3.0824934593884645,15,16,8.189314099530797,2.0890654978960477,1.535727620482552,17,10,0.5882352941176471,3.2482657090745164,0.19107445347497154,1.4975187950661786,3.0824934593884645,12,12,8.75001970731883,1.6171352481789025,5,3,0.6,0.9391521180718756,0.18783042361437513,1.463290646517206,1.0140527628821874,3,4,6.282915033051493,0.4644199509901137
grid_0117,14,14,20,20,0.0,0.4,0.5,60.0,True,0.01,0.6,1.5,30,22,12,0.5454545454545454,5.784147950945002,0.2629158159520455,1.6040264775273694,2.582093399388464,15,16,11.689900315773682,2.894645614816538,1.2905770031546027,17,9,0.5294117647058824,3.3437956528731263,0.1966938619337133,1.442954291743724,2.582093399388464,12,12,11.021922016830324,1.6578095927055614,5,3,0.6,2.440352298071875,0.4880704596143749,2.20384373537338,1.0140527628821874,3,4,13.96102653218109,1.2166660161834653
grid_0118,14,14,20,20,0.0,0.4,0.5,60.0,True,0.01,0.6,2.0,30,21,11,0.5238095238095238,6.660214140531609,0.31715305431102897,1.6956771339350554,2.2739757621355245,15,16,14.33304135435236,3.3376055085936107,1.1351150011338684,16,9,0.5625,6.943205792653687,0.4339503620408554,2.063525556258981,2.037087770702915,12,12,17.69624130641701,3.4938013816383062,5,2,0.4,-0.2829916521220779,-0.056598330424415554,0.9070706345701807,2.2739757621355245,3,4,3.570801507745478,-0.1509229257786293
grid_0119,14,14,20,20,0.0,0.4,0.5,60.0,True,0.01,0.6,2.5,30,21,11,0.5238095238095238,8.841192446092538,0.4210091640996447,1.923486135984058,2.2739757621355245,15,16,15.836701877491153,4.457722247953355,1.1351150011338684,16,9,0.5625,8.623784038214616,0.5389865023884135,2.320948131193752,2.037087770702915,12,12,18.84484807743889,4.357083359315417,5,2,0.4,0.2174084078779226,0.0434816815755845,1.071393008350957,2.2739757621355245,3,4,6.2106340376584,0.0964370461480124
grid_0120,14,14,20,20,0.0,0.4,1.0,60.0,True,,0.3,1.0,95,48,29,0.6041666666666666,8.822079998343519,0.1837933332988232,1.464563704013274,5.136129423706565,26,35,2.4868295221455328,4.449472235000007,2.5465348226206053,39,27,0.6923076923076923,13.958209422050084,0.35790280569359184,2.17434255760992,4.083391810393955,21,29,6.344680673985626,7.178818161967748,9,2,0.2222222222222222,-5.136129423706569,-0.5706810470785076,0.2770144235012584,5.136129423706569,5,6,-14.230525469161538,-2.546534822620594
grid_0121,14,14,20,20,0.0,0.4,1.0,60.0,True,,0.3,1.5,95,46,22,0.4782608695652174,5.962505496819299,0.12961968471346297,1.249315485650774,6.6970289822529665,25,33,3.624561583126845,2.9399782974756095,3.305743606247258,37,20,0.5405405405405406,10.103465661925947,0.27306663951151205,1.6011885690886623,6.6970289822529665,20,27,7.289576650843211,5.10882792375138,9,2,0.2222222222222222,-4.14096016510665,-0.46010668501185,0.41756075501852086,4.612379096403408,5,6,-11.442722584151545,-2.06343241487682
grid_0122,14,14,20,20,0.0,0.4,1.0,60.0,True,,0.3,2.0,95,45,19,0.4222222222222222,4.086044434720325,0.09080098743822942,1.1574798780905862,7.209715350238523,25,33,0.44695773558922247,1.9605975264857411,3.5565863883604054,36,17,0.4722222222222222,7.226204479826972,0.20072790221741588,1.3836223092565376,7.209715350238523,20,27,2.9191273786043035,3.593610041728157,9,2,0.2222222222222222,-3.1401600451066485,-0.34890667167851647,0.5583264815719812,4.111979036403407,5,6,-9.4417208364711,-1.5763641353792268
grid_0123,14,14,20,20,0.0,0.4,1.0,60.0,True,,0.3,2.5,95,44,18,0.4090909090909091,6.350913466373875,0.14433894241758802,1.2447373113580809,6.709315290238525,24,32,1.254729620507391,3.10164768476775,3.3176309763901735,35,16,0.45714285714285713,10.702714279584448,0.3057918365595556,1.5681820904333748,6.709315290238525,19,26,4.237238314598024,5.387371131715546,9,2,0.2222222222222222,-4.351800813210573,-0.4835334236900638,0.38820352227798954,5.824019864507331,5,6,-10.343915300956182,-2.1688779427765037
grid_0124,14,14,20,20,0.0,0.4,1.0,60.0,True,,0.45,1.0,95,47,29,0.6170212765957447,10.644401395408797,0.22647662543422978,1.5939857312173642,4.073439633186804,25,34,4.479903969232179,5.405661343305979,2.0212168625637683,38,26,0.6842105263157895,13.76675277738127,0.36228296782582287,2.163249818090723,4.073439633186804,20,28,7.514690266762322,7.076334733288991,9,3,0.3333333333333333,-3.1223513819724698,-0.34692793133027444,0.4869248641653318,3.1223513819724698,5,6,-8.333638175895087,-1.5602638941129454
grid_0125,14,14,20,20,0.0,0.4,1.0,60.0,True,,0.45,1.5,95,44,22,0.5,8.334674049525457,0.18942441021648768,1.3851454512740928,6.6740150483458764,24,32,3.5955169922446433,4.172121266279927,3.2945890496769104,35,19,0.5428571428571428,10.34449069890274,0.29555687711150685,1.665221564183223,6.6740150483458764,19,26,5.791383176331351,5.239781531807042,9,3,0.3333333333333333,-2.0098166493772833,-0.22331296104192036,0.6699745801128592,2.584964567139158,5,6,-4.943962612536999,-1.014502548358509
grid_0126,14,14,20,20,0.0,0.4,1.0,60.0,True,,0.45,2.0,95,44,20,0.45454545454545453,5.811432852133445,0.13207801936666924,1.245434950537758,7.185504563606543,24,32,2.280790248608642,2.851527983596802,3.5448865121889717,35,17,0.4857142857142857,8.563581097724587,0.24467374564927397,1.4869929203136907,7.185504563606543,19,26,4.1937693980113036,4.291520343672173,9,3,0.3333333333333333,-2.7521482455911417,-0.30579424951012685,0.5483459302516899,3.8276962233530165,5,6,-5.158573110179486,-1.380737719931735
grid_0127,14,14,20,20,0.0,0.4,1.0,60.0,True,,0.45,2.5,95,44,20,0.45454545454545453,9.239189113550562,0.20998157076251286,1.3901997976731002,6.68510450360654,24,32,3.551720821728232,4.608247433713353,3.3059079886413545,35,17,0.4857142857142857,12.42166738114922,0.3549047823185492,1.7063942063581923,6.68510450360654,19,26,6.101860667694327,6.299300078649583,9,3,0.3333333333333333,-3.182478267598655,-0.35360869639985054,0.47772462339224553,3.8276962233530165,5,6,-6.365489690362133,-1.5908408086271808
grid_0128,14,14,20,20,0.0,0.4,1.0,60.0,True,,0.6,1.0,95,46,25,0.5434782608695652,4.531175249397666,0.09850380976951448,1.2263141110064637,5.157871009899129,25,33,3.0998171643291634,2.235253291079209,2.5571223126015785,37,22,0.5945945945945946,7.646874960981005,0.20667229624272987,1.5485845548045698,5.157871009899129,20,27,5.828386809827517,3.8522220491225445,9,3,0.3333333333333333,-3.1156997115833387,-0.34618885684259315,0.4877463921270975,3.1156997115833387,5,6,-8.117635822719622,-1.5569900442558349
grid_0129,14,14,20,20,0.0,0.4,1.0,60.0,True,,0.6,1.5,95,44,20,0.45454545454545453,2.4093192343028895,0.054757255325065674,1.1023123021687584,7.669976393243495,24,32,0.8438536450973896,1.1371170799940877,3.776185467600035,35,17,0.4857142857142857,4.488260284011073,0.1282360081146021,1.2569663084816396,7.669976393243495,19,26,2.488443737621246,2.208766234572135,9,3,0.3333333333333333,-2.0789410497081833,-0.23099344996757593,0.6582003556668459,2.577194005090913,5,6,-5.551774492495387,-1.0484904515123183
grid_0130,14,14,20,20,0.0,0.4,1.0,60.0,True,,0.6,2.0,95,44,20,0.45454545454545453,7.223389173909663,0.16416793577067412,1.3066959740773358,7.169576333243496,24,32,3.2639421889693434,3.5767832874221472,3.5371924001344257,35,17,0.4857142857142857,10.069700891582686,0.2877057397595053,1.576520456008807,7.169576333243496,19,26,5.595674667888067,5.076138548968423,9,3,0.3333333333333333,-2.846311717673025,-0.316256857519225,0.5323136599246994,3.844964733055755,5,6,-5.803906340159032,-1.426922688872434
grid_0131,14,14,20,20,0.0,0.4,1.0,60.0,True,,0.6,2.5,95,44,19,0.4318181818181818,7.725689244652166,0.17558384646936737,1.318324063841974,6.669176273243496,24,32,3.4737329165523634,3.821380841118205,3.2981993326688053,35,16,0.45714285714285713,11.133228305381383,0.31809223729661096,1.6122559025040362,6.669176273243496,19,26,6.300946274942128,5.617732657116736,9,3,0.3333333333333333,-3.407539060729219,-0.3786154511921354,0.44009664785452346,3.844964733055755,5,6,-7.520985699407834,-1.700805130735339
grid_0132,14,14,20,20,0.0,0.4,1.0,60.0,True,0.01,0.3,1.0,29,24,16,0.6666666666666666,7.628041380767325,0.3178350575319718,1.9381918692264635,2.0470203491447303,16,17,7.7647351847071695,3.8568348402345354,1.0208913875289105,18,13,0.7222222222222222,7.713199929099649,0.42851110717220275,2.5164776908576054,2.0470203491447303,13,13,10.170855314439548,3.908870529141395,6,3,0.5,-0.0851585483323265,-0.014193091388721102,0.9720270438471783,2.0282258634285806,3,4,0.5463747955100322,-0.05007819702194105
grid_0133,14,14,20,20,0.0,0.4,1.0,60.0,True,0.01,0.3,1.5,29,23,13,0.5652173913043478,8.533395221763758,0.37101718355494606,1.8822782004642102,2.6035447023281133,16,17,11.246013143176471,4.31190008107456,1.3011880859600145,18,10,0.5555555555555556,6.1041776114499875,0.3391209784138882,1.7988862605135887,2.6035447023281133,13,13,11.092029941123952,3.0637492808780697,5,3,0.6,2.4292176103137715,0.4858435220627543,2.1959866317439767,1.016091221511916,3,4,11.800352670565543,1.2110473458469828
grid_0134,14,14,20,20,0.0,0.4,1.0,60.0,True,0.01,0.3,2.0,29,23,12,0.5217391304347826,8.647625989330567,0.3759837386665464,1.8083934004271984,2.1711382573936886,16,17,12.745577713656667,4.357408068337376,1.082758463040212,18,9,0.5,4.7172081990167944,0.26206712216759975,1.5443252022580138,2.1711382573936886,13,13,11.185987197855141,2.34428965318223,5,3,0.6,3.9304177903137716,0.7860835580627544,2.9350786501900905,1.016091221511916,3,4,18.360103570542158,1.9670060947972967
grid_0135,14,14,20,20,0.0,0.4,1.0,60.0,True,0.01,0.3,2.5,29,23,11,0.4782608695652174,6.739256972164036,0.29301117270278426,1.5750429728851383,2.1743746027440736,16,17,11.100175509377223,3.361314315798003,1.0861071547721757,18,9,0.5,6.424057231813912,0.3568920684341063,1.741280881508049,2.1711382573936886,13,13,12.485756412779317,3.211492210013289,5,2,0.4,0.3151997403501243,0.06303994807002485,1.103228660780349,2.1743746027440736,3,4,6.112084257129692,0.14516029424302967
grid_0136,14,14,20,20,0.0,0.4,1.0,60.0,True,0.01,0.45,1.0,29,24,17,0.7083333333333334,9.66719656985078,0.40279985707711585,2.360123393296088,2.041444006151528,16,17,10.74210326475213,4.921181382356066,1.0181174294850326,18,14,0.7777777777777778,9.745171125141137,0.5413983958411743,3.3964174766451194,2.041444006151528,13,13,14.123293152678663,4.969980980476052,6,3,0.5,-0.07797455529035813,-0.012995759215059669,0.9743591602600542,2.0260305005403305,3,4,0.5985336009725263,-0.04648909875389906
grid_0137,14,14,20,20,0.0,0.4,1.0,60.0,True,0.01,0.45,1.5,29,23,14,0.6086956521739131,10.550784911405618,0.4587297787567659,2.2263952144666677,2.59154208797297,16,17,14.5419310476386,5.369606308021746,1.2952511721239346,18,11,0.6111111111111112,8.115521179465345,0.45086228774807463,2.2344696107646467,2.59154208797297,13,13,15.003387004934508,4.105661469751354,5,3,0.6,2.435263731940272,0.4870527463880544,2.200233522677938,1.014999203681156,3,4,12.880689601373328,1.2140980811477187
grid_0138,14,14,20,20,0.0,0.4,1.0,60.0,True,0.01,0.45,2.0,29,23,12,0.5217391304347826,6.097437408664705,0.2651059742897698,1.5727807014977804,2.2273244420622103,16,17,12.175555269190278,3.04490947328917,1.1121596035418846,18,10,0.5555555555555556,6.334611578287194,0.35192286546039964,1.8338994885341693,2.09114202797297,13,13,14.526050909023642,3.177132300361185,5,2,0.4,-0.2371741696224885,-0.047434833924497696,0.9222112784932942,2.2273244420622094,3,4,3.7137709657901707,-0.12815129101196865
grid_0139,14,14,20,20,0.0,0.4,1.0,60.0,True,0.01,0.45,2.5,29,22,12,0.5454545454545454,9.399300058611606,0.42724091175507295,1.9767645607001836,2.2273244420622085,16,17,14.923034787978748,4.748201138950692,1.1121596035418957,17,10,0.5882352941176471,9.136074168234094,0.537416127543182,2.389741242925475,2.041444006151528,13,13,17.49999821168013,4.623420849182369,5,2,0.4,0.26322589037751065,0.052645178075502175,1.086333201935618,2.22732444206221,3,4,6.161359147394049,0.11926611532631082
grid_0140,14,14,20,20,0.0,0.4,1.0,60.0,True,0.01,0.6,1.0,29,22,13,0.5909090909090909,4.188324406501183,0.19037838211369013,1.4895671689654024,3.0824934593884645,15,16,8.120364769749468,2.08953061571171,1.535727620482552,17,10,0.5882352941176471,3.249172288429307,0.1911277816723122,1.4977267629916544,3.0824934593884645,12,12,8.660791162895933,1.6175982158801894,5,3,0.6,0.9391521180718756,0.18783042361437513,1.463290646517206,1.0140527628821874,3,4,6.282915033051493,0.4644199509901137
grid_0141,14,14,20,20,0.0,0.4,1.0,60.0,True,0.01,0.6,1.5,29,22,12,0.5454545454545454,5.785054530299792,0.262957024104536,1.6041783485993664,2.582093399388464,15,16,11.62095098599235,2.8951144028554365,1.2905770031546027,17,9,0.5294117647058824,3.3447022322279167,0.19674719013105393,1.4431276041866148,2.582093399388464,12,12,10.932693472407426,1.658272745719147,5,3,0.6,2.440352298071875,0.4880704596143749,2.20384373537338,1.0140527628821874,3,4,13.96102653218109,1.2166660161834653
grid_0142,14,14,20,20,0.0,0.4,1.0,60.0,True,0.01,0.6,2.0,29,21,11,0.5238095238095238,6.6611207198864015,0.3171962247564952,1.6958377206639828,2.2739757621355245,15,16,14.260808723152872,3.3380763147579096,1.1351150011338906,16,9,0.5625,6.944112372008479,0.4340070232505298,2.0638121481393656,2.037087770702915,12,12,17.601435977967682,3.4942728994310723,5,2,0.4,-0.2829916521220779,-0.056598330424415554,0.9070706345701807,2.2739757621355245,3,4,3.570801507745478,-0.1509229257786293
grid_0143,14,14,20,20,0.0,0.4,1.0,60.0,True,0.01,0.6,2.5,29,21,11,0.5238095238095238,8.84209902544733,0.4210523345451109,1.9236682970455792,2.2739757621355245,15,16,15.764469246291664,4.458198157369941,1.1351150011338906,16,9,0.5625,8.624690617569408,0.5390431635980879,2.321270475100362,2.037087770702915,12,12,18.75004274898956,4.357558810221196,5,2,0.4,0.2174084078779226,0.0434816815755845,1.071393008350957,2.2739757621355245,3,4,6.2106340376584,0.0964370461480124
grid_0144,14,14,20,20,0.0,0.5,0.5,50.0,True,,0.3,1.0,328,77,41,0.5324675324675324,3.0327355345110374,0.039386175772870624,1.0832056179714231,9.35710656155222,29,40,-0.27913386239505056,1.4321780064203482,4.591552993814463,64,36,0.5625,6.341929986290885,0.09909265603579509,1.224363366811097,9.35710656155222,24,34,0.8163633562258567,3.1413641535589676,13,5,0.38461538461538464,-3.309194451779848,-0.2545534193676806,0.59556931461114,7.2000000729611715,5,6,-5.672350938682594,-1.6571296697162174
grid_0145,14,14,20,20,0.0,0.5,0.5,50.0,True,,0.3,1.5,328,71,30,0.4225352112676056,-0.6043649433602927,-0.008512182300849231,0.9854041739268132,11.829106167680115,28,39,0.021649991679145702,-0.4268392976383262,5.761619316410216,58,26,0.4482758620689655,2.704829508419548,0.046634991524474936,1.084042650423583,11.829106167680115,23,33,1.0240149022273952,1.2574145896156796,13,4,0.3076923076923077,-3.309194451779841,-0.2545534193676801,0.6411897544864799,6.699600012961171,5,6,-4.450439609228429,-1.6633388222285772
grid_0146,14,14,20,20,0.0,0.5,0.5,50.0,True,,0.3,2.0,328,69,27,0.391304347826087,-0.4569471859396883,-0.00662242298463319,0.9892322849723916,11.328706107680112,28,39,-0.45722806916496944,-0.3765514828805716,5.527547304561075,56,23,0.4107142857142857,1.8457807802261268,0.03296037107546653,1.0555722112623118,11.328706107680112,23,33,0.41187246255181936,0.8049423186010651,13,4,0.3076923076923077,-2.302727966165815,-0.17713292047429352,0.7503191792049533,6.243457471025551,5,6,-4.201045744252675,-1.172059399376868
grid_0147,14,14,20,20,0.0,0.5,0.5,50.0,True,,0.3,2.5,328,67,23,0.34328358208955223,-2.9199472235415587,-0.04358130184390385,0.9343735839763868,10.828306047680114,27,38,-0.3082102254836796,-1.616454069306783,5.293475292711958,54,20,0.37037037037037035,1.3843809826242583,0.025636684863412196,1.0404320577458217,10.828306047680114,22,32,0.9214607223748984,0.5536649642545743,13,3,0.23076923076923078,-4.304328206165817,-0.33110216970506284,0.5802206463958365,6.774158090506672,5,6,-5.4160741627423885,-2.1581700023891037
grid_0148,14,14,20,20,0.0,0.5,0.5,50.0,True,,0.45,1.0,328,74,38,0.5135135135135135,0.9912499047283402,0.013395268982815426,1.0272835848196853,8.321599296280803,28,39,-0.7709532486332865,0.40461502203028576,4.092732674729415,62,35,0.5645161290322581,7.246356452520944,0.11687671697614427,1.2670364229793296,7.307259639080741,23,33,0.8907064826997764,3.610373077552409,12,3,0.25,-6.255106547792605,-0.5212588789827169,0.3197389387723828,8.2036308267701,5,6,-9.356195193854111,-3.09405126176181
grid_0149,14,14,20,20,0.0,0.5,0.5,50.0,True,,0.45,1.5,328,67,29,0.43283582089552236,1.7400852231904156,0.02597142124164799,1.0457612624023973,9.327290130343696,27,38,0.06511093924808313,0.7540943910098186,4.5855530441344605,55,26,0.4727272727272727,6.493991590983023,0.11807257438150949,1.2252501437891288,9.327290130343696,22,32,1.6538278682952536,3.198260844213574,12,3,0.25,-4.753906367792607,-0.3961588639827172,0.4829988320706459,8.15982438476687,5,6,-7.216508318884781,-2.3684182593865954
grid_0150,14,14,20,20,0.0,0.5,0.5,50.0,True,,0.45,2.0,328,65,25,0.38461538461538464,-2.0992292228187797,-0.03229583419721199,0.9475974826589728,11.38402251075065,27,38,-0.7466845770332846,-1.1772604406116938,5.548850683429862,53,23,0.4339622641509434,5.2590148478549334,0.09922669524254593,1.1762525552862884,7.459806767230191,22,32,1.477059933966149,2.545671952757722,12,2,0.16666666666666666,-7.358244070673713,-0.6131870058894762,0.28013868775064693,9.332564639712363,5,6,-10.56822283394745,-3.6305114808594996
grid_0151,14,14,20,20,0.0,0.5,0.5,50.0,True,,0.45,2.5,328,65,25,0.38461538461538464,1.758271081396258,0.02705032432917318,1.043891267247783,11.384022510750649,27,38,-0.05560960453374216,0.7225507603635384,5.548850683429841,53,23,0.4339622641509434,8.61611509206997,0.16256820928433902,1.2887636459588054,6.240374227922224,22,32,2.227688236339606,4.258748889178232,12,2,0.16666666666666666,-6.857844010673712,-0.571487000889476,0.32909311769092414,9.332564639712363,5,6,-10.14017506839103,-3.391751931124254
grid_0152,14,14,20,20,0.0,0.5,0.5,50.0,True,,0.6,1.0,328,69,31,0.4492753623188406,-7.8549199629150115,-0.11383941975239145,0.7897909360484269,10.335979696665612,27,38,-2.5856314224558816,-3.9311514790414726,5.06322872834537,57,28,0.49122807017543857,-1.6286802051147755,-0.028573336931838136,0.9422311531828288,10.335979696665612,22,32,-0.9945535483836693,-0.87816999134398,12,3,0.25,-6.2262397578002355,-0.5188533131500197,0.32132614015731126,8.181702404218068,5,6,-10.14325132429889,-3.0800293814499335
grid_0153,14,14,20,20,0.0,0.5,0.5,50.0,True,,0.6,1.5,328,66,27,0.4090909090909091,-3.6982754791268233,-0.05603447695646704,0.9053599359588065,8.990768592557417,27,38,-2.273875661516296,-1.9418196639231056,4.421611385099588,54,24,0.4444444444444444,1.0267640986734135,0.019014149975433575,1.0343363246151496,8.990768592557417,22,32,-1.0600480810757604,0.42242636361045083,12,3,0.25,-4.725039577800238,-0.3937532981500198,0.4849602692929189,8.142673506232859,5,6,-7.736099773498707,-2.354300840106238
grid_0154,14,14,20,20,0.0,0.5,0.5,50.0,True,,0.6,2.0,328,65,24,0.36923076923076925,-4.346549670920806,-0.06686999493724315,0.894302448056522,11.440485744937668,27,38,-2.0069515688697668,-2.2812003321632024,5.575268341259232,53,22,0.41509433962264153,3.069897999430821,0.057922603762845686,1.099268700266027,8.017920767072248,22,32,0.20230233593489905,1.4294271470177478,12,2,0.16666666666666666,-7.416447670351626,-0.6180373058626355,0.2727107843558919,9.394368178108516,5,6,-11.764489648423707,-3.658334256194251
grid_0155,14,14,20,20,0.0,0.5,0.5,50.0,True,,0.6,2.5,328,65,22,0.3384615384615385,-6.911904236063661,-0.10633698824713327,0.8362222971748303,11.942394603171842,27,38,-2.8116057185704313,-3.535314746341278,5.859285644835655,53,20,0.37735849056603776,0.004143374287964852,7.817687335779885e-05,1.0001294578801525,9.057026548276038,22,32,-0.8961879735876467,-0.11976230253072373,12,2,0.16666666666666666,-6.916047610351626,-0.5763373008626355,0.3217821974261347,9.394368178108516,5,6,-11.271367425577731,-3.419647892865485
grid_0156,14,14,20,20,0.0,0.5,0.5,50.0,True,0.01,0.3,1.0,36,27,18,0.6666666666666666,8.578443282241015,0.31772012156448204,1.9367556079910204,2.0470203491447303,18,20,8.265955090285166,4.347615632924873,1.0208913875289105,21,15,0.7142857142857143,8.663601830573342,0.4125524681225401,2.4171741486583467,2.0470203491447303,15,16,10.471549460220919,4.399897219144955,6,3,0.5,-0.0851585483323265,-0.014193091388721102,0.9720270438471783,2.0282258634285806,3,4,0.5463747955100322,-0.05007819702194105
grid_0157,14,14,20,20,0.0,0.5,0.5,50.0,True,0.01,0.3,1.5,36,26,14,0.5384615384615384,7.982596943237452,0.3070229593552866,1.6816550468658173,2.6035447023281133,18,20,9.766947349739121,4.019445885307005,1.3011880859600145,21,11,0.5238095238095238,5.553379332923679,0.26444663490112763,1.5737276439164927,2.6035447023281133,15,16,9.282803225732831,2.7747944647420253,5,3,0.6,2.4292176103137715,0.4858435220627543,2.1959866317439767,1.016091221511916,3,4,11.800352670565543,1.2110473458469828
grid_0158,14,14,20,20,0.0,0.5,0.5,50.0,True,0.01,0.3,2.0,36,26,13,0.5,8.597227770804261,0.33066260656939456,1.6750383922685244,2.1711382573936886,18,20,11.496032587034136,4.323273903306846,1.082758463040212,21,10,0.47619047619047616,4.666809980490488,0.2222290466900232,1.4359561902532674,2.1711382573936886,15,16,9.86172997191318,2.310813957133284,5,3,0.6,3.9304177903137716,0.7860835580627544,2.9350786501900905,1.016091221511916,3,4,18.360103570542158,1.9670060947972967
grid_0159,14,14,20,20,0.0,0.5,0.5,50.0,True,0.01,0.3,2.5,36,26,12,0.46153846153846156,7.18925881363773,0.2765099543706819,1.5225442708514427,2.1743746027440736,18,20,10.443031831272549,3.583486693184379,1.0861071547721757,21,10,0.47619047619047616,6.874059073287606,0.32733614634702884,1.642149266349903,2.1711382573936877,15,16,11.474209825116086,3.4333425487951263,5,2,0.4,0.3151997403501243,0.06303994807002485,1.103228660780349,2.1743746027440736,3,4,6.112084257129692,0.14516029424302967
grid_0160,14,14,20,20,0.0,0.5,0.5,50.0,True,0.01,0.45,1.0,36,27,18,0.6666666666666666,8.622246799330838,0.3193424740492902,1.943255160763485,2.041444006151528,18,20,8.859080553409036,4.370447398997013,1.0181174294850326,21,15,0.7142857142857143,8.700221354621196,0.4142962549819616,2.42628479457273,2.041444006151528,15,16,11.219236825533752,4.418990846769577,6,3,0.5,-0.07797455529035813,-0.012995759215059669,0.9743591602600542,2.0260305005403305,3,4,0.5985336009725263,-0.04648909875389906
grid_0161,14,14,20,20,0.0,0.5,0.5,50.0,True,0.01,0.45,1.5,36,26,15,0.5769230769230769,10.006235200885673,0.38485520003406426,1.940749720280027,2.59154208797297,18,20,12.583044593498729,5.077479806793339,1.2952511721239346,21,12,0.5714285714285714,7.570971468945399,0.36052245090216184,1.8795829309095238,2.59154208797297,15,16,12.512176734480967,3.817039126849897,5,3,0.6,2.435263731940272,0.4870527463880544,2.200233522677938,1.014999203681156,3,4,12.880689601373328,1.2140980811477187
grid_0162,14,14,20,20,0.0,0.5,0.5,50.0,True,0.01,0.45,2.0,36,26,13,0.5,6.053287758144762,0.23281875992864468,1.477438071984862,2.2273244420622103,18,20,10.924714048997762,3.0144318250084012,1.1121596035419068,21,11,0.5238095238095238,6.290461927767251,0.2995458060841547,1.6532332259490463,2.09114202797297,15,16,12.641605259285287,3.146615544463782,5,2,0.4,-0.2371741696224885,-0.047434833924497696,0.9222112784932942,2.2273244420622094,3,4,3.7137709657901707,-0.12815129101196865
grid_0163,14,14,20,20,0.0,0.5,0.5,50.0,True,0.01,0.45,2.5,36,25,13,0.52,8.827839777541838,0.35311359110167345,1.7573480068001146,2.2273244420622103,18,20,12.81573110403136,4.4438461794195305,1.112159603541918,20,11,0.55,8.564613887164327,0.42823069435821626,1.9950407590153352,2.041444006151528,15,16,14.479324093190689,4.31942844957709,5,2,0.4,0.26322589037751065,0.052645178075502175,1.086333201935618,2.22732444206221,3,4,6.161359147394049,0.11926611532631082
grid_0164,14,14,20,20,0.0,0.5,0.5,50.0,True,0.01,0.6,1.0,36,25,14,0.56,3.148193132330119,0.12592772529320478,1.2974325916639606,3.0824934593884645,17,19,6.264052814357665,1.5561148796635171,1.535727620482552,20,11,0.55,2.2090410142582435,0.11045205071291217,1.2581431541898198,3.0824934593884645,14,15,6.259337259684207,1.0866483170917318,5,3,0.6,0.9391521180718756,0.18783042361437513,1.463290646517206,1.0140527628821874,3,4,6.282915033051493,0.4644199509901137
grid_0165,14,14,20,20,0.0,0.5,0.5,50.0,True,0.01,0.6,1.5,36,25,13,0.52,5.245323316128729,0.20981293264514914,1.452008485354397,2.582093399388464,17,19,9.830723342489268,2.612327458338104,1.2905770031546027,20,10,0.5,2.804971018056854,0.14024855090284266,1.2928756072173413,2.582093399388464,14,15,8.798147545066312,1.3788850167535616,5,3,0.6,2.440352298071875,0.4880704596143749,2.20384373537338,1.0140527628821874,3,4,13.96102653218109,1.2166660161834653
grid_0166,14,14,20,20,0.0,0.5,0.5,50.0,True,0.01,0.6,2.0,36,24,12,0.5,6.621789565715336,0.2759078985714723,1.5707351949620865,2.3217052077702967,17,19,12.572417145939871,3.3100070007962223,1.1661474613030132,19,10,0.5263157894736842,6.904781217837414,0.3634095377809165,1.806918372887959,2.0387135556482185,14,15,14.941263366517342,3.4661611584073215,5,2,0.4,-0.2829916521220779,-0.056598330424415554,0.9070706345701807,2.2739757621355245,3,4,3.570801507745478,-0.1509229257786293
grid_0167,14,14,20,20,0.0,0.5,0.5,50.0,True,0.01,0.6,2.5,36,24,12,0.5,8.17310037586061,0.3405458489941921,1.704443412187713,2.2739757621355245,17,19,13.250888744854842,4.104283508085582,1.1351150011338795,19,10,0.5263157894736842,7.955691967982688,0.4187206298938257,1.9297317055344758,2.0387135556482185,14,15,15.1035873520118,4.003985136943311,5,2,0.4,0.2174084078779226,0.0434816815755845,1.071393008350957,2.2739757621355245,3,4,6.2106340376584,0.0964370461480124
grid_0168,14,14,20,20,0.0,0.5,1.0,50.0,True,,0.3,1.0,159,60,35,0.5833333333333334,8.535677793241446,0.14226129655402403,1.3390706932444947,7.3115096266628665,27,37,2.8679778590522265,4.284137126975884,3.6057454710454406,49,32,0.6530612244897959,13.768539022906419,0.28099059230421264,1.809064122377301,4.083391810393955,22,31,6.055010720393057,7.063632337583647,11,3,0.2727272727272727,-5.232861229664974,-0.4757146572422704,0.3583942043341459,6.201490934005827,5,6,-11.328804886920567,-2.5961151792830095
grid_0169,14,14,20,20,0.0,0.5,1.0,50.0,True,,0.3,1.5,159,57,28,0.49122807017543857,8.851178043350693,0.15528382532194202,1.3046303384681521,6.6970289822529665,27,36,4.1638961827432714,4.415905952858146,3.305743606247258,46,25,0.5434782608695652,12.573178988977846,0.2733299780212575,1.6013213978771463,6.6970289822529665,22,30,7.449417656410074,6.396983840659209,11,3,0.2727272727272727,-3.7220009456271503,-0.33836372232974105,0.5431009683349388,5.648915068012258,5,6,-9.575557252590636,-1.8619680899676139
grid_0170,14,14,20,20,0.0,0.5,1.0,50.0,True,,0.3,2.0,159,56,24,0.42857142857142855,4.969646619883132,0.08874368964077022,1.1547642271721539,7.209715350238523,27,36,1.1580972820045814,2.388178330496493,3.5565863883604054,45,21,0.4666666666666667,7.190447385510282,0.15978771967800628,1.3000412986144894,7.209715350238523,22,30,3.419078709396257,3.5572549956591537,11,3,0.2727272727272727,-2.22080076562715,-0.20189097869337733,0.7273827346744268,5.148515008012256,5,6,-8.091372193688636,-1.1289181672608728
grid_0171,14,14,20,20,0.0,0.5,1.0,50.0,True,,0.3,2.5,159,54,22,0.4074074074074074,5.777614975508143,0.10699286991681749,1.183510538876619,6.709315290238525,26,35,1.4649475275046318,2.7884793427188637,3.3176309763901735,44,20,0.45454545454545453,10.548772317533842,0.23974482539849645,1.4401766921095158,6.709315290238525,21,29,4.4648435414145355,5.287941994843703,10,2,0.2,-4.771157342025699,-0.47711573420257,0.36545093576971205,6.229841820069952,5,6,-11.734594933698945,-2.3739305800537625
grid_0172,14,14,20,20,0.0,0.5,1.0,50.0,True,,0.45,1.0,159,57,32,0.5614035087719298,6.445859012776504,0.11308524583818434,1.2569330994434125,8.231975241139772,26,36,2.830104425660836,3.2026966995573725,4.0472358599939025,46,29,0.6304347826086957,11.65127389022321,0.2532885628309394,1.687481719261836,4.073439633186804,21,30,6.427276577869144,5.938815081837867,11,3,0.2727272727272727,-5.205414877446705,-0.4732195343133368,0.36050911627060467,6.178935326485354,5,6,-12.212615483573904,-2.5827345531162282
grid_0173,14,14,20,20,0.0,0.5,1.0,50.0,True,,0.45,1.5,159,54,25,0.46296296296296297,5.119901522110671,0.09481299115019766,1.1778119940512515,7.222169738977842,26,35,2.2846461073441553,2.4943010960459144,3.5644710506512522,43,22,0.5116279069767442,8.815110837395446,0.20500257761384766,1.4266138564420634,6.721156164983509,21,29,5.497372279721644,4.424934031801597,11,3,0.2727272727272727,-3.6952093152847754,-0.3359281195713432,0.5455367311654009,5.632913774784653,5,6,-10.274192566495119,-1.8488237063838509
grid_0174,14,14,20,20,0.0,0.5,1.0,50.0,True,,0.45,2.0,159,53,22,0.41509433962264153,1.2420877896670295,0.023435618672962847,1.0411749182432857,7.40413698291451,26,35,0.9584853170383439,0.5161130719524287,3.659527772021287,43,20,0.46511627906976744,6.488001686090061,0.15088376014162938,1.2858510593175039,7.40413698291451,21,29,4.224452792885677,3.2021073936412625,10,2,0.2,-5.2459138964230325,-0.5245913896423032,0.29764040022845456,6.210097906884261,5,6,-13.08517482910519,-2.602654528597703
grid_0175,14,14,20,20,0.0,0.5,1.0,50.0,True,,0.45,2.5,159,53,22,0.41509433962264153,3.74829154291184,0.07072248194173282,1.1242549835167184,6.798553751077449,26,35,1.7047464464792061,1.7665638689956742,3.361063484189819,43,20,0.46511627906976744,8.493805379334875,0.19753035765895052,1.3742235872911395,6.68510450360654,21,29,4.992257942977842,4.227751505421629,10,2,0.2,-4.745513836423034,-0.47455138364230337,0.36463745599540165,6.210097906884261,5,6,-12.431552988464926,-2.3613553980371016
grid_0176,14,14,20,20,0.0,0.5,1.0,50.0,True,,0.6,1.0,159,55,27,0.4909090909090909,-0.6233061971787219,-0.011332839948704031,0.9770497383906583,8.30857509393878,26,35,1.0435584574134749,-0.37746574666589483,4.091167228102021,44,24,0.5454545454545454,4.552399129295119,0.10346361657488909,1.2390935101977,6.201751680350504,21,29,4.539590443198119,2.2485105579651776,11,3,0.2727272727272727,-5.175705326473841,-0.4705186660430765,0.36250022709871577,6.1528257142307305,5,6,-12.940569485725103,-2.5682293955200275
grid_0177,14,14,20,20,0.0,0.5,1.0,50.0,True,,0.6,1.5,159,55,23,0.41818181818181815,-1.9865296983698653,-0.03611872178854301,0.9377696377002722,8.443952666896532,26,35,0.5563996834593898,-1.0796212776269742,4.1548650717751485,44,20,0.45454545454545453,1.6879754481039773,0.03836307836599949,1.0709130955035018,8.443952666896532,21,29,3.438706574424135,0.7732590216587454,11,3,0.2727272727272727,-3.674505146473842,-0.334045922406713,0.5474054165294616,5.620199716202878,5,6,-10.97282788039959,-1.838662674278968
grid_0178,14,14,20,20,0.0,0.5,1.0,50.0,True,,0.6,2.0,159,54,22,0.4074074074074074,0.5777336727603792,0.010698771717784817,1.0184984850265206,7.443152546896533,26,35,2.1314146830799054,0.18101920252742154,3.678193165567334,44,20,0.45454545454545453,5.802737382292657,0.13188039505210586,1.243777283985064,7.443152546896533,21,29,5.7729439098746225,2.84725463077824,10,2,0.2,-5.225003709532277,-0.5225003709532278,0.29657688837619356,6.193577891504425,5,6,-13.891313914816852,-2.592422556948748
grid_0179,14,14,20,20,0.0,0.5,1.0,50.0,True,,0.6,2.5,159,54,21,0.3888888888888889,0.11027643762301315,0.002042156252278032,1.0034516382966852,6.817625735441626,26,35,1.5864113015446906,-0.06349245614372112,3.3839122141226197,44,19,0.4318181818181818,4.834880087155291,0.10988363834443846,1.197172667702098,6.669176273243496,21,29,4.9307118344482355,2.34268827174291,10,2,0.2,-4.724603649532278,-0.4724603649532278,0.3639439156224667,6.193577891504425,5,6,-13.128511043230906,-2.351101743094419
grid_0180,14,14,20,20,0.0,0.5,1.0,50.0,True,0.01,0.3,1.0,35,27,18,0.6666666666666666,8.58065361794037,0.31780198584964336,1.937223187762457,2.0470203491447303,18,20,8.177252986265753,4.348774749275597,1.0208913875289105,21,15,0.7142857142857143,8.665812166272698,0.4126577222034618,2.4180484234753914,2.0470203491447303,15,16,10.357503897910243,4.4010569162511,6,3,0.5,-0.0851585483323265,-0.014193091388721102,0.9720270438471783,2.0282258634285806,3,4,0.5463747955100322,-0.05007819702194105
grid_0181,14,14,20,20,0.0,0.5,1.0,50.0,True,0.01,0.3,1.5,35,26,14,0.5384615384615384,7.984807278936808,0.3071079722668003,1.6819725131329044,2.6035447023281133,18,20,9.674833626334346,4.020601356275733,1.3011880859600145,21,11,0.5238095238095238,5.5555896686230355,0.26455188898204934,1.574087091387026,2.6035447023281133,15,16,9.168757663422157,2.7759361098479873,5,3,0.6,2.4292176103137715,0.4858435220627543,2.1959866317439767,1.016091221511916,3,4,11.800352670565543,1.2110473458469828
grid_0182,14,14,20,20,0.0,0.5,1.0,50.0,True,0.01,0.3,2.0,35,26,13,0.5,8.599438106503618,0.3307476194809083,1.675329148093085,2.1711382573936886,18,20,11.403918863629361,4.324432749264284,1.0827584630401899,21,10,0.47619047619047616,4.669020316189844,0.2223343007709449,1.4362527497540618,2.1711382573936886,15,16,9.747684409602504,2.3119504482413733,5,3,0.6,3.9304177903137716,0.7860835580627544,2.9350786501900905,1.016091221511916,3,4,18.360103570542158,1.9670060947972967
grid_0183,14,14,20,20,0.0,0.5,1.0,50.0,True,0.01,0.3,2.5,35,26,12,0.46153846153846156,7.191469149337086,0.2765949672821956,1.5227889161742183,2.1743746027440736,18,20,10.350918107867773,3.584637321422157,1.0861071547721868,21,10,0.47619047619047616,6.876269408986962,0.32744140042795056,1.6424884096816874,2.1711382573936877,15,16,11.360164262805412,3.4344915091986117,5,2,0.4,0.3151997403501243,0.06303994807002485,1.103228660780349,2.1743746027440736,3,4,6.112084257129692,0.14516029424302967
grid_0184,14,14,20,20,0.0,0.5,1.0,50.0,True,0.01,0.45,1.0,35,27,18,0.6666666666666666,8.623682030802776,0.3193956307704731,1.9435603215415462,2.041444006151528,18,20,8.78663903371064,4.371200201521019,1.0181174294850326,21,15,0.7142857142857143,8.701656586093133,0.41436459933776826,2.426855802150128,2.041444006151528,15,16,11.126097728778673,4.419743999427506,6,3,0.5,-0.07797455529035813,-0.012995759215059669,0.9743591602600542,2.0260305005403305,3,4,0.5985336009725263,-0.04648909875389906
grid_0185,14,14,20,20,0.0,0.5,1.0,50.0,True,0.01,0.45,1.5,35,26,15,0.5769230769230769,10.00767043235761,0.3849104012445234,1.9410116311226604,2.59154208797297,18,20,12.50781686150424,5.07823770899638,1.2952511721239346,21,12,0.5714285714285714,7.572406700417338,0.36059079525796844,1.879896390127907,2.59154208797297,15,16,12.419037637725886,3.8177879377541357,5,3,0.6,2.435263731940272,0.4870527463880544,2.200233522677938,1.014999203681156,3,4,12.880689601373328,1.2140980811477187
grid_0186,14,14,20,20,0.0,0.5,1.0,50.0,True,0.01,0.45,2.0,35,26,13,0.5,6.0547229896167,0.23287396113910383,1.4776053373905635,2.2273244420622103,18,20,10.849486317003276,3.015174846871549,1.1121596035419068,21,11,0.5238095238095238,6.291897159239189,0.2996141504399613,1.6534796633019253,2.09114202797297,15,16,12.548466162530206,3.1473595197408555,5,2,0.4,-0.2371741696224885,-0.047434833924497696,0.9222112784932942,2.2273244420622094,3,4,3.7137709657901707,-0.12815129101196865
grid_0187,14,14,20,20,0.0,0.5,1.0,50.0,True,0.01,0.45,2.5,35,25,13,0.52,8.829275009013775,0.35317100036055105,1.7575644152651289,2.2273244420622103,18,20,12.737494262757092,4.444599511353831,1.1121596035418957,20,11,0.55,8.566049118636265,0.42830245593181326,1.9953734792600273,2.041444006151528,15,16,14.381528041597855,4.320180884111968,5,2,0.4,0.26322589037751065,0.052645178075502175,1.086333201935618,2.22732444206221,3,4,6.161359147394049,0.11926611532631082
grid_0188,14,14,20,20,0.0,0.5,1.0,50.0,True,0.01,0.6,1.0,35,25,14,0.56,3.1490997116849093,0.1259639884673964,1.2975437277289517,3.0824934593884645,17,19,6.203377404150094,1.5565775693559658,1.535727620482552,20,11,0.55,2.209947593613034,0.11049737968065172,1.2582764568230782,3.0824934593884645,14,15,6.183492996924744,1.0871088678943597,5,3,0.6,0.9391521180718756,0.18783042361437513,1.463290646517206,1.0140527628821874,3,4,6.282915033051493,0.4644199509901137
grid_0189,14,14,20,20,0.0,0.5,1.0,50.0,True,0.01,0.6,1.5,35,25,13,0.52,5.24622989548352,0.20984919581934075,1.4521219297991548,2.582093399388464,17,19,9.770047932281697,2.612794960135445,1.2905770031546027,20,10,0.5,2.8058775974116443,0.14029387987058223,1.2929980007589648,2.582093399388464,14,15,8.722303282306848,1.3793468989867108,5,3,0.6,2.440352298071875,0.4880704596143749,2.20384373537338,1.0140527628821874,3,4,13.96102653218109,1.2166660161834653
grid_0190,14,14,20,20,0.0,0.5,1.0,50.0,True,0.01,0.6,2.0,35,24,12,0.5,6.622696145070126,0.27594567271125525,1.5708579394548734,2.3217052077702967,17,19,12.509213593640318,3.3104776812217462,1.1661474613030354,19,10,0.5263157894736842,6.905687797192204,0.36345725248380023,1.8071098293612768,2.0387135556482185,14,15,14.86142730045475,3.4666325502712425,5,2,0.4,-0.2829916521220779,-0.056598330424415554,0.9070706345701807,2.2739757621355245,3,4,3.570801507745478,-0.1509229257786293
grid_0191,14,14,20,20,0.0,0.5,1.0,50.0,True,0.01,0.6,2.5,35,24,12,0.5,8.1740069552154,0.340583623133975,1.704576605257292,2.2739757621355245,17,19,13.187685192555291,4.104757807235138,1.1351150011338795,19,10,0.5263157894736842,7.956598547337478,0.41876834459670936,1.929936174996038,2.0387135556482185,14,15,15.023751285949208,4.004458979133441,5,2,0.4,0.2174084078779226,0.0434816815755845,1.071393008350957,2.2739757621355245,3,4,6.2106340376584,0.0964370461480124
grid_0192,14,14,20,20,0.0,0.5,0.5,55.0,True,,0.3,1.0,281,72,38,0.5277777777777778,2.089604166599829,0.02902228009166433,1.0606965876963634,9.375072646465618,29,40,-0.40282846523409677,0.9612577615965012,4.60016693180334,60,34,0.5666666666666667,6.389208803827615,0.10648681339712694,1.2434476523014748,9.375072646465618,24,34,1.1904987035415793,3.170898623309748,12,4,0.3333333333333333,-4.2996046372277865,-0.3583003864356488,0.4745270863729714,7.200000072961172,5,6,-8.369464309112479,-2.141728812289345
grid_0193,14,14,20,20,0.0,0.5,0.5,55.0,True,,0.3,1.5,281,66,27,0.4090909090909091,-2.1825573431909806,-0.0330690506544088,0.9445718886877534,11.838378882460171,28,39,-0.6202695968539239,-1.2009796228225733,5.766010789182352,54,24,0.4444444444444444,2.617447354036799,0.04847124729697775,1.0868035943470744,11.838378882460171,23,33,1.0573601442097154,1.2190897516149768,12,3,0.25,-4.80000469722778,-0.40000039143564825,0.4795437714601449,7.739934082087517,5,6,-8.169603431640299,-2.3909218906989382
grid_0194,14,14,20,20,0.0,0.5,0.5,55.0,True,,0.3,2.0,281,65,25,0.38461538461538464,-0.05189586359950238,-0.0007983979015308323,0.9987156538978357,11.337978822460169,28,39,-0.428370056354203,-0.1702762382249423,5.531949685000093,53,22,0.41509433962264153,3.2469086536282785,0.061262427426948624,1.104121778197484,11.337978822460169,23,33,1.0116088188014432,1.5167506139786457,12,3,0.25,-3.298804517227781,-0.2749003764356484,0.6423163171656506,7.2395340220875175,5,6,-6.788276754958307,-1.6618211694133467
grid_0195,14,14,20,20,0.0,0.5,0.5,55.0,True,,0.3,2.5,281,63,21,0.3333333333333333,-2.514895901201372,-0.03991898255875194,0.9407746109126739,10.83757876246017,27,38,-0.2689746348896323,-1.4127461038728306,5.2978885808179,51,19,0.37254901960784315,2.7855088560264107,0.05461782070640019,1.0864813710954793,10.83757876246017,22,32,1.574691931408218,1.263698928918311,12,2,0.16666666666666666,-5.300404757227783,-0.4417003964356485,0.48307833969485225,7.7702346415686385,5,6,-8.104557541655495,-2.643044902665348
grid_0196,14,14,20,20,0.0,0.5,0.5,55.0,True,,0.45,1.0,281,69,34,0.4927536231884058,-1.960404262253188,-0.028411655974683897,0.9445187911612486,9.313124424056259,28,39,-1.3377613449277748,-1.0602656769523322,4.565859416908358,58,32,0.5517241379310345,5.2862274133148714,0.09114185195370468,1.2022321098876039,7.322913217282304,23,33,0.8604178334373063,2.6048883285913815,11,2,0.18181818181818182,-7.24663167556806,-0.6587846977789146,0.21190769233383772,9.195155954545555,5,6,-12.928160649034567,-3.5721046679629165
grid_0197,14,14,20,20,0.0,0.5,0.5,55.0,True,,0.45,1.5,281,63,26,0.4126984126984127,-0.8010459213034979,-0.012715014623865043,0.9783625810688023,9.335783024150166,27,38,-0.5848283140814633,-0.5108234113898158,4.589625365136618,52,24,0.46153846153846156,5.444785634264565,0.10470741604354934,1.195671405547463,9.335783024150166,22,32,1.8230204857534908,2.6628134502846734,11,2,0.18181818181818182,-6.245831555568063,-0.5678028686880058,0.3207476211993464,9.195155954545555,5,6,-11.96738627693761,-3.0913207567717094
grid_0198,14,14,20,20,0.0,0.5,0.5,55.0,True,,0.45,2.0,281,61,22,0.36065573770491804,-4.538022964431583,-0.07439381908904236,0.883806498543867,12.273210235644996,27,38,-1.2828343170893728,-2.3676323465970706,5.966916003547896,50,21,0.42,3.709408831136477,0.07418817662272953,1.1286471063090495,7.46829966103666,22,32,1.508230140982651,1.7608754333840126,11,1,0.09090909090909091,-8.24743179556806,-0.7497665268698236,0.19314893362852592,10.22175236460671,5,6,-13.969490944689483,-4.057067868567755
grid_0199,14,14,20,20,0.0,0.5,0.5,55.0,True,,0.45,2.5,281,60,21,0.35,-2.2075578828152524,-0.03679263138025423,0.9434767337931442,12.273210235644996,26,37,-0.9847160905855981,-1.243561022911932,5.966916003547917,49,20,0.40816326530612246,5.539473852752806,0.11305048679087358,1.192116133344341,6.2488671217286935,21,31,1.8254053422402325,2.678090149022627,11,1,0.09090909090909091,-7.747031735568059,-0.704275612324369,0.2421033635688031,10.22175236460671,5,6,-13.502529745900661,-3.8193651306162923
grid_0200,14,14,20,20,0.0,0.5,0.5,55.0,True,,0.6,1.0,281,65,28,0.4307692307692308,-9.8172635564599,-0.15103482394553686,0.7300271749952431,10.794383944216788,27,38,-3.2801823436790403,-4.864467039182896,5.3270016236011575,54,26,0.48148148148148145,-2.5985998275913307,-0.04812221902946906,0.904427292862239,10.34380171678001,22,32,-1.0799073394030583,-1.3540694784614282,11,2,0.18181818181818182,-7.218663728868566,-0.6562421571698697,0.2131497394330135,9.174126375286399,5,6,-14.081532364670222,-3.558583250380487
grid_0201,14,14,20,20,0.0,0.5,0.5,55.0,True,,0.6,1.5,281,63,25,0.3968253968253968,-5.6708665568557715,-0.09001375487072655,0.8510566650376409,9.174126375286399,27,38,-2.8930331780900267,-2.8976357424960963,4.4946514365740935,52,23,0.4423076923076923,0.5469970520127976,0.010519174077169156,1.0189273250997095,8.998590612671816,22,32,-0.7600215530386253,0.18582365977921622,11,2,0.18181818181818182,-6.217863608868568,-0.5652603280789608,0.3222391588567518,9.174126375286399,5,6,-12.976360860151196,-3.077740232736337
grid_0202,14,14,20,20,0.0,0.5,0.5,55.0,True,,0.6,2.0,281,62,22,0.3548387096774194,-6.129732956098364,-0.09886666058223167,0.8472121176051198,13.290389804873964,27,38,-2.3757604021576766,-3.141847602715986,6.482760822285694,51,21,0.4117647058823529,2.089730892770203,0.04097511554451378,1.0698396272002504,8.017920767072248,22,32,0.40632269081418526,0.9397595147122129,11,1,0.09090909090909091,-8.21946384886857,-0.7472239862607789,0.19396351442532347,10.19738435662546,5,6,-15.27450928775449,-4.04360693650484
grid_0203,14,14,20,20,0.0,0.5,0.5,55.0,True,,0.6,2.5,281,61,19,0.3114754098360656,-10.116130302595916,-0.16583820168190028,0.7544609353786635,15.22926275107527,26,37,-3.7108434460420714,-5.0582480767566445,7.3859545624160745,50,18,0.36,-2.3970665137273484,-0.047941330274546994,0.9226809934902935,9.064848568390437,21,31,-1.2851862943483738,-1.301922536419009,11,1,0.09090909090909091,-7.719063788868569,-0.7017330717153243,0.24303492749556624,10.19738435662546,5,6,-14.736557771922515,-3.805875085787469
grid_0204,14,14,20,20,0.0,0.5,0.5,55.0,True,0.01,0.3,1.0,34,27,18,0.6666666666666666,8.578443282241015,0.31772012156448204,1.9367556079910204,2.0470203491447303,18,20,8.265955090285166,4.347615632924873,1.0208913875289105,21,15,0.7142857142857143,8.663601830573342,0.4125524681225401,2.4171741486583467,2.0470203491447303,15,16,10.471549460220919,4.399897219144955,6,3,0.5,-0.0851585483323265,-0.014193091388721102,0.9720270438471783,2.0282258634285806,3,4,0.5463747955100322,-0.05007819702194105
grid_0205,14,14,20,20,0.0,0.5,0.5,55.0,True,0.01,0.3,1.5,34,26,14,0.5384615384615384,7.982596943237452,0.3070229593552866,1.6816550468658173,2.6035447023281133,18,20,9.766947349739121,4.019445885307005,1.3011880859600145,21,11,0.5238095238095238,5.553379332923679,0.26444663490112763,1.5737276439164927,2.6035447023281133,15,16,9.282803225732831,2.7747944647420253,5,3,0.6,2.4292176103137715,0.4858435220627543,2.1959866317439767,1.016091221511916,3,4,11.800352670565543,1.2110473458469828
grid_0206,14,14,20,20,0.0,0.5,0.5,55.0,True,0.01,0.3,2.0,34,26,13,0.5,8.597227770804261,0.33066260656939456,1.6750383922685244,2.1711382573936886,18,20,11.496032587034136,4.323273903306846,1.082758463040212,21,10,0.47619047619047616,4.666809980490488,0.2222290466900232,1.4359561902532674,2.1711382573936886,15,16,9.86172997191318,2.310813957133284,5,3,0.6,3.9304177903137716,0.7860835580627544,2.9350786501900905,1.016091221511916,3,4,18.360103570542158,1.9670060947972967
grid_0207,14,14,20,20,0.0,0.5,0.5,55.0,True,0.01,0.3,2.5,34,26,12,0.46153846153846156,7.18925881363773,0.2765099543706819,1.5225442708514427,2.1743746027440736,18,20,10.443031831272549,3.583486693184379,1.0861071547721757,21,10,0.47619047619047616,6.874059073287606,0.32733614634702884,1.642149266349903,2.1711382573936877,15,16,11.474209825116086,3.4333425487951263,5,2,0.4,0.3151997403501243,0.06303994807002485,1.103228660780349,2.1743746027440736,3,4,6.112084257129692,0.14516029424302967
grid_0208,14,14,20,20,0.0,0.5,0.5,55.0,True,0.01,0.45,1.0,34,27,18,0.6666666666666666,8.622246799330838,0.3193424740492902,1.943255160763485,2.041444006151528,18,20,8.859080553409036,4.370447398997013,1.0181174294850326,21,15,0.7142857142857143,8.700221354621196,0.4142962549819616,2.42628479457273,2.041444006151528,15,16,11.219236825533752,4.418990846769577,6,3,0.5,-0.07797455529035813,-0.012995759215059669,0.9743591602600542,2.0260305005403305,3,4,0.5985336009725263,-0.04648909875389906
grid_0209,14,14,20,20,0.0,0.5,0.5,55.0,True,0.01,0.45,1.5,34,26,15,0.5769230769230769,10.006235200885673,0.38485520003406426,1.940749720280027,2.59154208797297,18,20,12.583044593498729,5.077479806793339,1.2952511721239346,21,12,0.5714285714285714,7.570971468945399,0.36052245090216184,1.8795829309095238,2.59154208797297,15,16,12.512176734480967,3.817039126849897,5,3,0.6,2.435263731940272,0.4870527463880544,2.200233522677938,1.014999203681156,3,4,12.880689601373328,1.2140980811477187
grid_0210,14,14,20,20,0.0,0.5,0.5,55.0,True,0.01,0.45,2.0,34,26,13,0.5,6.053287758144762,0.23281875992864468,1.477438071984862,2.2273244420622103,18,20,10.924714048997762,3.0144318250084012,1.1121596035419068,21,11,0.5238095238095238,6.290461927767251,0.2995458060841547,1.6532332259490463,2.09114202797297,15,16,12.641605259285287,3.146615544463782,5,2,0.4,-0.2371741696224885,-0.047434833924497696,0.9222112784932942,2.2273244420622094,3,4,3.7137709657901707,-0.12815129101196865
grid_0211,14,14,20,20,0.0,0.5,0.5,55.0,True,0.01,0.45,2.5,34,25,13,0.52,8.827839777541838,0.35311359110167345,1.7573480068001146,2.2273244420622103,18,20,12.81573110403136,4.4438461794195305,1.112159603541918,20,11,0.55,8.564613887164327,0.42823069435821626,1.9950407590153352,2.041444006151528,15,16,14.479324093190689,4.31942844957709,5,2,0.4,0.26322589037751065,0.052645178075502175,1.086333201935618,2.22732444206221,3,4,6.161359147394049,0.11926611532631082
grid_0212,14,14,20,20,0.0,0.5,0.5,55.0,True,0.01,0.6,1.0,34,25,14,0.56,3.148193132330119,0.12592772529320478,1.2974325916639606,3.0824934593884645,17,19,6.264052814357665,1.5561148796635171,1.535727620482552,20,11,0.55,2.2090410142582435,0.11045205071291217,1.2581431541898198,3.0824934593884645,14,15,6.259337259684207,1.0866483170917318,5,3,0.6,0.9391521180718756,0.18783042361437513,1.463290646517206,1.0140527628821874,3,4,6.282915033051493,0.4644199509901137
grid_0213,14,14,20,20,0.0,0.5,0.5,55.0,True,0.01,0.6,1.5,34,25,13,0.52,5.245323316128729,0.20981293264514914,1.452008485354397,2.582093399388464,17,19,9.830723342489268,2.612327458338104,1.2905770031546027,20,10,0.5,2.804971018056854,0.14024855090284266,1.2928756072173413,2.582093399388464,14,15,8.798147545066312,1.3788850167535616,5,3,0.6,2.440352298071875,0.4880704596143749,2.20384373537338,1.0140527628821874,3,4,13.96102653218109,1.2166660161834653
grid_0214,14,14,20,20,0.0,0.5,0.5,55.0,True,0.01,0.6,2.0,34,24,12,0.5,6.621789565715336,0.2759078985714723,1.5707351949620865,2.3217052077702967,17,19,12.572417145939871,3.3100070007962223,1.1661474613030132,19,10,0.5263157894736842,6.904781217837414,0.3634095377809165,1.806918372887959,2.0387135556482185,14,15,14.941263366517342,3.4661611584073215,5,2,0.4,-0.2829916521220779,-0.056598330424415554,0.9070706345701807,2.2739757621355245,3,4,3.570801507745478,-0.1509229257786293
grid_0215,14,14,20,20,0.0,0.5,0.5,55.0,True,0.01,0.6,2.5,34,24,12,0.5,8.17310037586061,0.3405458489941921,1.704443412187713,2.2739757621355245,17,19,13.250888744854842,4.104283508085582,1.1351150011338795,19,10,0.5263157894736842,7.955691967982688,0.4187206298938257,1.9297317055344758,2.0387135556482185,14,15,15.1035873520118,4.003985136943311,5,2,0.4,0.2174084078779226,0.0434816815755845,1.071393008350957,2.2739757621355245,3,4,6.2106340376584,0.0964370461480124
grid_0216,14,14,20,20,0.0,0.5,1.0,55.0,True,,0.3,1.0,135,55,33,0.6,9.669178000799965,0.17580323637818118,1.43819594054422,5.233856732197113,27,37,2.8630967445974984,4.883628101276338,2.596520150230952,45,30,0.6666666666666666,13.861255083140135,0.3080278907364475,1.9271259019841032,4.083391810393955,22,31,6.0836766915180025,7.118748035716482,10,3,0.3,-4.1920770823401705,-0.41920770823401715,0.41081948482818953,5.160706786681024,5,6,-11.62951301654477,-2.086581457892789
grid_0217,14,14,20,20,0.0,0.5,1.0,55.0,True,,0.3,1.5,135,53,26,0.49056603773584906,8.800539761531596,0.166047920028898,1.3260861089023563,6.6970289822529665,27,36,3.9668501322558445,4.3956620758540454,3.305743606247258,42,23,0.5476190476190477,12.522540707158747,0.2981557311228273,1.6646018293899425,6.6970289822529665,22,30,7.513671114001351,6.376355877564688,11,3,0.2727272727272727,-3.7220009456271503,-0.33836372232974105,0.5431009683349388,5.648915068012258,5,6,-9.575557252590636,-1.8619680899676139
grid_0218,14,14,20,20,0.0,0.5,1.0,55.0,True,,0.3,2.0,135,52,22,0.4230769230769231,4.418608278064032,0.08497323611661599,1.1470712296221162,7.209715350238523,27,36,0.5137013918007094,2.1147239714984556,3.5565863883604054,41,19,0.4634146341463415,6.639409043691183,0.16193680594368737,1.3032001017987536,7.209715350238523,22,30,2.822379670834436,3.28067831223553,11,3,0.2727272727272727,-2.22080076562715,-0.20189097869337733,0.7273827346744268,5.148515008012256,5,6,-8.091372193688636,-1.1289181672608728
grid_0219,14,14,20,20,0.0,0.5,1.0,55.0,True,,0.3,2.5,135,50,21,0.42,8.709770611604489,0.17419541223208979,1.3001095209173539,6.709315290238525,26,35,1.7119481538736496,4.304601619091164,3.3176309763901735,40,18,0.45,10.616318903448656,0.26540797258621646,1.4848125715815412,6.709315290238525,21,29,4.299049664722196,5.329310888766026,10,3,0.3,-1.9065482918441687,-0.1906548291844169,0.7323839987315792,5.835062654229278,5,6,-8.636457889520532,-0.9728624074613057
grid_0220,14,14,20,20,0.0,0.5,1.0,55.0,True,,0.45,1.0,135,53,31,0.5849056603773585,8.521678651898757,0.16078638965846714,1.3874689786290748,5.206420056910108,26,36,2.882169318849711,4.284946787000599,2.5831528277227123,43,28,0.6511627906976745,12.691541000323094,0.29515211628658355,1.852421680803018,4.073439633186804,21,30,6.439040233845419,6.495479561123596,10,3,0.3,-4.169862348424336,-0.41698623484243347,0.4130578177428279,5.143382797462985,5,6,-12.412375615631834,-2.0757057325182404
grid_0221,14,14,20,20,0.0,0.5,1.0,55.0,True,,0.45,1.5,135,51,24,0.47058823529411764,6.574869726559789,0.1289190142462704,1.245927866916189,6.721156164983509,26,35,2.045187976517005,3.245934841613396,3.3264477522938485,40,21,0.525,10.270079041844564,0.2567519760461141,1.5520354347173737,6.721156164983509,21,29,5.433017625845339,5.190725919327188,11,3,0.2727272727272727,-3.6952093152847754,-0.3359281195713432,0.5455367311654009,5.632913774784653,5,6,-10.274192566495119,-1.8488237063838509
grid_0222,14,14,20,20,0.0,0.5,1.0,55.0,True,,0.45,2.0,135,50,22,0.44,5.028055428465368,0.1005611085693074,1.1811879519487425,7.40413698291451,26,35,1.048484920492158,2.435493725808602,3.659527772021287,40,19,0.475,7.942969890539176,0.19857424726347947,1.3848675920130726,7.40413698291451,21,29,3.838168240579482,3.958971575005643,10,3,0.3,-2.914914462073809,-0.2914914462073809,0.5901590753019588,5.853419041573687,5,6,-10.110248359857136,-1.4654606775307388
grid_0223,14,14,20,20,0.0,0.5,1.0,55.0,True,,0.45,2.5,135,49,21,0.42857142857142855,8.274288726829585,0.16886303524142016,1.298167243694129,6.68510450360654,25,34,2.0466404441884056,4.086753935940912,3.3059079886413545,39,18,0.46153846153846156,10.188403068903394,0.2612411043308563,1.4936675084539788,6.68510450360654,20,28,4.864489071044194,5.113307118558441,10,3,0.3,-1.914114342073809,-0.19141143420738085,0.7308729288147982,5.853419041573687,5,6,-8.94296920054917,-0.9766158165490202
grid_0224,14,14,20,20,0.0,0.5,1.0,55.0,True,,0.6,1.0,135,52,26,0.5,0.4135633090563873,0.00795314055877664,1.0164724673346734,6.208208241293168,26,35,0.7182545442233353,0.1442849974021998,3.0711559596921845,41,23,0.5609756097560976,5.589268635530228,0.13632362525683478,1.3290208823963459,6.201751680350504,21,29,4.382817088843648,2.7840142656685885,11,3,0.2727272727272727,-5.175705326473841,-0.4705186660430765,0.36250022709871577,6.1528257142307305,5,6,-12.940569485725103,-2.5682293955200275
grid_0225,14,14,20,20,0.0,0.5,1.0,55.0,True,,0.6,1.5,135,52,22,0.4230769230769231,-0.4867821818502891,-0.009361195804813247,0.9837030511570393,8.443952666896532,26,35,0.2171449621135674,-0.3319785219297211,4.1548650717751485,41,19,0.4634146341463415,3.187722964623554,0.07774934060057449,1.1465567707988065,8.443952666896532,21,29,3.2193327979097806,1.5349058941095173,11,3,0.2727272727272727,-3.674505146473842,-0.334045922406713,0.5474054165294616,5.620199716202878,5,6,-10.97282788039959,-1.838662674278968
grid_0226,14,14,20,20,0.0,0.5,1.0,55.0,True,,0.6,2.0,135,51,22,0.43137254901960786,5.265482205625478,0.10324474912991136,1.1824905330165165,7.443152546896533,26,35,2.8021487046676525,2.5517384956859734,3.678193165567334,41,19,0.4634146341463415,8.1872799737885,0.19968975545825612,1.3764132981128994,7.443152546896533,21,29,6.071948401069253,4.0805216861629745,10,3,0.3,-2.9217977681630227,-0.29217977681630225,0.5886345583718818,5.8682924578920606,5,6,-10.60403005057891,-1.46884658695966
grid_0227,14,14,20,20,0.0,0.5,1.0,55.0,True,,0.6,2.5,135,50,20,0.4,4.878182369133414,0.09756364738266832,1.1649647307439381,6.669176273243496,25,34,2.0820579333046374,2.3379059672228086,3.2981993326688053,40,17,0.425,6.799180017296438,0.169979500432411,1.3026110358194174,6.669176273243496,20,28,4.914942544525245,3.3507710179525585,10,3,0.3,-1.920997648163023,-0.1920997648163023,0.7295391027695975,5.8682924578920606,5,6,-9.249480511577795,-0.980026603336881
grid_0228,14,14,20,20,0.0,0.5,1.0,55.0,True,0.01,0.3,1.0,33,27,18,0.6666666666666666,8.58065361794037,0.31780198584964336,1.937223187762457,2.0470203491447303,18,20,8.177252986265753,4.348774749275597,1.0208913875289105,21,15,0.7142857142857143,8.665812166272698,0.4126577222034618,2.4180484234753914,2.0470203491447303,15,16,10.357503897910243,4.4010569162511,6,3,0.5,-0.0851585483323265,-0.014193091388721102,0.9720270438471783,2.0282258634285806,3,4,0.5463747955100322,-0.05007819702194105
grid_0229,14,14,20,20,0.0,0.5,1.0,55.0,True,0.01,0.3,1.5,33,26,14,0.5384615384615384,7.984807278936808,0.3071079722668003,1.6819725131329044,2.6035447023281133,18,20,9.674833626334346,4.020601356275733,1.3011880859600145,21,11,0.5238095238095238,5.5555896686230355,0.26455188898204934,1.574087091387026,2.6035447023281133,15,16,9.168757663422157,2.7759361098479873,5,3,0.6,2.4292176103137715,0.4858435220627543,2.1959866317439767,1.016091221511916,3,4,11.800352670565543,1.2110473458469828
grid_0230,14,14,20,20,0.0,0.5,1.0,55.0,True,0.01,0.3,2.0,33,26,13,0.5,8.599438106503618,0.3307476194809083,1.675329148093085,2.1711382573936886,18,20,11.403918863629361,4.324432749264284,1.0827584630401899,21,10,0.47619047619047616,4.669020316189844,0.2223343007709449,1.4362527497540618,2.1711382573936886,15,16,9.747684409602504,2.3119504482413733,5,3,0.6,3.9304177903137716,0.7860835580627544,2.9350786501900905,1.016091221511916,3,4,18.360103570542158,1.9670060947972967
grid_0231,14,14,20,20,0.0,0.5,1.0,55.0,True,0.01,0.3,2.5,33,26,12,0.46153846153846156,7.191469149337086,0.2765949672821956,1.5227889161742183,2.1743746027440736,18,20,10.350918107867773,3.584637321422157,1.0861071547721868,21,10,0.47619047619047616,6.876269408986962,0.32744140042795056,1.6424884096816874,2.1711382573936877,15,16,11.360164262805412,3.4344915091986117,5,2,0.4,0.3151997403501243,0.06303994807002485,1.103228660780349,2.1743746027440736,3,4,6.112084257129692,0.14516029424302967
grid_0232,14,14,20,20,0.0,0.5,1.0,55.0,True,0.01,0.45,1.0,33,27,18,0.6666666666666666,8.623682030802776,0.3193956307704731,1.9435603215415462,2.041444006151528,18,20,8.78663903371064,4.371200201521019,1.0181174294850326,21,15,0.7142857142857143,8.701656586093133,0.41436459933776826,2.426855802150128,2.041444006151528,15,16,11.126097728778673,4.419743999427506,6,3,0.5,-0.07797455529035813,-0.012995759215059669,0.9743591602600542,2.0260305005403305,3,4,0.5985336009725263,-0.04648909875389906
grid_0233,14,14,20,20,0.0,0.5,1.0,55.0,True,0.01,0.45,1.5,33,26,15,0.5769230769230769,10.00767043235761,0.3849104012445234,1.9410116311226604,2.59154208797297,18,20,12.50781686150424,5.07823770899638,1.2952511721239346,21,12,0.5714285714285714,7.572406700417338,0.36059079525796844,1.879896390127907,2.59154208797297,15,16,12.419037637725886,3.8177879377541357,5,3,0.6,2.435263731940272,0.4870527463880544,2.200233522677938,1.014999203681156,3,4,12.880689601373328,1.2140980811477187
grid_0234,14,14,20,20,0.0,0.5,1.0,55.0,True,0.01,0.45,2.0,33,26,13,0.5,6.0547229896167,0.23287396113910383,1.4776053373905635,2.2273244420622103,18,20,10.849486317003276,3.015174846871549,1.1121596035419068,21,11,0.5238095238095238,6.291897159239189,0.2996141504399613,1.6534796633019253,2.09114202797297,15,16,12.548466162530206,3.1473595197408555,5,2,0.4,-0.2371741696224885,-0.047434833924497696,0.9222112784932942,2.2273244420622094,3,4,3.7137709657901707,-0.12815129101196865
grid_0235,14,14,20,20,0.0,0.5,1.0,55.0,True,0.01,0.45,2.5,33,25,13,0.52,8.829275009013775,0.35317100036055105,1.7575644152651289,2.2273244420622103,18,20,12.737494262757092,4.444599511353831,1.1121596035418957,20,11,0.55,8.566049118636265,0.42830245593181326,1.9953734792600273,2.041444006151528,15,16,14.381528041597855,4.320180884111968,5,2,0.4,0.26322589037751065,0.052645178075502175,1.086333201935618,2.22732444206221,3,4,6.161359147394049,0.11926611532631082
grid_0236,14,14,20,20,0.0,0.5,1.0,55.0,True,0.01,0.6,1.0,33,25,14,0.56,3.1490997116849093,0.1259639884673964,1.2975437277289517,3.0824934593884645,17,19,6.203377404150094,1.5565775693559658,1.535727620482552,20,11,0.55,2.209947593613034,0.11049737968065172,1.2582764568230782,3.0824934593884645,14,15,6.183492996924744,1.0871088678943597,5,3,0.6,0.9391521180718756,0.18783042361437513,1.463290646517206,1.0140527628821874,3,4,6.282915033051493,0.4644199509901137
grid_0237,14,14,20,20,0.0,0.5,1.0,55.0,True,0.01,0.6,1.5,33,25,13,0.52,5.24622989548352,0.20984919581934075,1.4521219297991548,2.582093399388464,17,19,9.770047932281697,2.612794960135445,1.2905770031546027,20,10,0.5,2.8058775974116443,0.14029387987058223,1.2929980007589648,2.582093399388464,14,15,8.722303282306848,1.3793468989867108,5,3,0.6,2.440352298071875,0.4880704596143749,2.20384373537338,1.0140527628821874,3,4,13.96102653218109,1.2166660161834653
grid_0238,14,14,20,20,0.0,0.5,1.0,55.0,True,0.01,0.6,2.0,33,24,12,0.5,6.622696145070126,0.27594567271125525,1.5708579394548734,2.3217052077702967,17,19,12.509213593640318,3.3104776812217462,1.1661474613030354,19,10,0.5263157894736842,6.905687797192204,0.36345725248380023,1.8071098293612768,2.0387135556482185,14,15,14.86142730045475,3.4666325502712425,5,2,0.4,-0.2829916521220779,-0.056598330424415554,0.9070706345701807,2.2739757621355245,3,4,3.570801507745478,-0.1509229257786293
grid_0239,14,14,20,20,0.0,0.5,1.0,55.0,True,0.01,0.6,2.5,33,24,12,0.5,8.1740069552154,0.340583623133975,1.704576605257292,2.2739757621355245,17,19,13.187685192555291,4.104757807235138,1.1351150011338795,19,10,0.5263157894736842,7.956598547337478,0.41876834459670936,1.929936174996038,2.0387135556482185,14,15,15.023751285949208,4.004458979133441,5,2,0.4,0.2174084078779226,0.0434816815755845,1.071393008350957,2.2739757621355245,3,4,6.2106340376584,0.0964370461480124
grid_0240,14,14,20,20,0.0,0.5,0.5,60.0,True,,0.3,1.0,203,62,34,0.5483870967741935,4.36004994117984,0.07032338614806198,1.1541993521581202,7.123797875594189,29,39,1.190407545028796,2.1267956668551857,3.507984667001929,52,31,0.5961538461538461,8.583452381040644,0.16506639194308934,1.405806055478121,6.345472178510548,24,33,3.6923072752002897,4.3194704407805595,10,3,0.3,-4.223402439860803,-0.4223402439860804,0.4071417362457756,7.123797875594189,5,6,-11.819471051862969,-2.101884494486672
grid_0241,14,14,20,20,0.0,0.5,0.5,60.0,True,,0.3,1.5,203,58,25,0.43103448275862066,1.077749970026153,0.01858189603493372,1.0324714098067558,10.810378654505104,28,38,1.6019883692048749,0.4361763038073452,5.279145715739175,48,23,0.4791666666666667,6.301952529886949,0.1312906777059782,1.2518101406927864,10.810378654505104,23,32,4.5064057476376345,3.110553104244529,10,2,0.2,-5.224202559860797,-0.5224202559860798,0.360103119935597,8.164131944720534,5,6,-12.339215047272372,-2.5936984333052693
grid_0242,14,14,20,20,0.0,0.5,0.5,60.0,True,,0.3,2.0,203,57,23,0.40350877192982454,3.7070997836265454,0.0650368383092376,1.108374485601334,10.3099785945051,28,38,0.39233848319687836,1.737086073603633,5.043875322025293,47,21,0.44680851063829785,7.930502223487345,0.16873408986143282,1.3045243846112806,10.3099785945051,23,32,2.910112646351532,3.92919459409955,10,2,0.2,-4.2234024398607986,-0.42234024398607983,0.48268812061618765,8.164131944720534,5,6,-11.441200083629996,-2.109232664659144
grid_0243,14,14,20,20,0.0,0.5,0.5,60.0,True,,0.3,2.5,203,56,21,0.375,6.683209523384017,0.11934302720328605,1.1896619093499348,9.809578534505103,27,37,1.2973387567396835,3.2294605178929014,4.808604928311433,46,20,0.43478260869565216,13.408612263244816,0.29149157094010475,1.5148790433300374,9.809578534505103,22,31,4.575089372561926,6.780440726565495,10,1,0.1,-6.725402739860799,-0.67254027398608,0.2685989561417203,9.195232624201655,5,6,-13.780314076042638,-3.3254968648852468
grid_0244,14,14,20,20,0.0,0.5,0.5,60.0,True,,0.45,1.0,203,61,33,0.5409836065573771,4.259116972205503,0.06982158970828697,1.1511600781753688,8.146472764969722,28,38,1.6542098976769568,2.07535551935083,4.001384745836023,51,31,0.6078431372549019,10.45706545819773,0.20504049918034767,1.5220772121163464,4.296290230369943,23,32,4.790044168562679,5.301616530267772,10,2,0.2,-6.197948485992225,-0.6197948485992225,0.23918625093258233,8.14647276496972,5,6,-14.338544883840228,-3.0638285690415823
grid_0245,14,14,20,20,0.0,0.5,0.5,60.0,True,,0.45,1.5,203,56,25,0.44642857142857145,3.9017353382738005,0.06967384532631789,1.1264702171136278,8.263619160600172,27,37,0.592783675721683,1.867114491437305,4.06651302873885,46,23,0.5,9.09888370426603,0.19780181965795715,1.4007515835592275,8.263619160600172,22,31,3.6089742736032613,4.565436478201668,10,2,0.2,-5.197148365992228,-0.5197148365992229,0.36203698018358926,8.14647276496972,5,6,-13.281693074533575,-2.5805104226069076
grid_0246,14,14,20,20,0.0,0.5,0.5,60.0,True,,0.45,2.0,203,56,23,0.4107142857142857,5.123226097095655,0.09148618030527955,1.155721654991362,9.173069175030877,27,37,1.05529299949927,2.462847673115953,4.494143914789861,46,22,0.4782608695652174,12.321974703087882,0.2678690152845191,1.5193267231983005,7.262819040600169,22,31,4.650793262229684,6.235645169380333,10,1,0.1,-7.198748605992225,-0.7198748605992226,0.2152300970772963,9.173069175030875,5,6,-15.484008209060637,-3.551348034126478
grid_0247,14,14,20,20,0.0,0.5,0.5,60.0,True,,0.45,2.5,203,55,22,0.4,8.454491298711982,0.15371802361294518,1.2569762396182065,9.173069175030879,26,36,1.6606686955828542,4.1567305053220815,4.494143914789872,45,21,0.4666666666666667,15.152839844704209,0.3367297743267602,1.6386374630136882,6.26201892060017,21,30,5.356450825799695,7.725005345238611,10,1,0.1,-6.698348545992224,-0.6698348545992224,0.26978109309094156,9.173069175030875,5,6,-14.970350890392933,-3.3123923535495314
grid_0248,14,14,20,20,0.0,0.5,0.5,60.0,True,,0.6,1.0,203,57,26,0.45614035087719296,-4.73413685474013,-0.08305503253930054,0.8434135911967149,8.132527937808163,27,37,-0.6713911843601013,-2.4067774025656186,3.994656707695843,47,24,0.5106382978723404,1.4429284366502007,0.030700605035110632,1.065288353727905,7.257677505133456,22,31,2.470836171470877,0.6672874407921414,10,2,0.2,-6.17706529139033,-0.6177065291390331,0.2404495455007141,8.132527937808163,5,6,-15.4398597567657,-3.0536879670724715
grid_0249,14,14,20,20,0.0,0.5,0.5,60.0,True,,0.6,1.5,203,55,24,0.43636363636363634,1.6170785491857846,0.029401428167014257,1.0526581510533985,8.234968271212226,27,36,0.01049735707226418,0.7156485847916505,4.052750421623097,45,22,0.4888888888888889,6.793343720576118,0.15096319379058037,1.3009038434448026,8.234968271212226,22,30,3.1737570145982716,3.372664731977437,10,2,0.2,-5.176265171390333,-0.5176265171390333,0.36351092661780476,8.132527937808163,5,6,-14.22417110179477,-2.5703276142438836
grid_0250,14,14,20,20,0.0,0.5,0.5,60.0,True,,0.6,2.0,203,55,23,0.41818181818181815,7.698919216757403,0.1399803493955891,1.2426213110588678,9.155785919147219,27,36,2.3809772252943215,3.7885976753735395,4.48584787657108,45,22,0.4888888888888889,14.876784628147732,0.3305952139588385,1.6589511523098055,7.234168151212229,22,30,6.632779802506036,7.59894630308191,10,1,0.1,-7.177865411390332,-0.7177865411390332,0.21602957137961515,9.155785919147222,5,6,-16.752134372158395,-3.541250875241353
grid_0251,14,14,20,20,0.0,0.5,0.5,60.0,True,,0.6,2.5,203,54,20,0.37037037037037035,5.2137220502598485,0.0965504083381453,1.1588934710902654,9.155785919147222,26,35,1.5902534193975666,2.493077111268205,4.48584787657107,44,19,0.4318181818181818,11.89118740165018,0.2702542591284131,1.5026519051711649,9.075202500583886,21,29,5.624490038520473,5.993265628078426,10,1,0.1,-6.677465351390332,-0.6677465351390331,0.270683542586339,9.155785919147222,5,6,-16.160387704743222,-3.302274437974284
grid_0252,14,14,20,20,0.0,0.5,0.5,60.0,True,0.01,0.3,1.0,33,26,17,0.6538461538461539,7.588419644483917,0.29186229401861213,1.828646226813139,2.0470203491447303,17,19,7.594434185042383,3.8336269077612117,1.0208913875289105,20,14,0.7,7.673578192816242,0.3836789096408121,2.255228120501925,2.0470203491447303,14,15,9.708852001902088,3.885650968730836,6,3,0.5,-0.0851585483323265,-0.014193091388721102,0.9720270438471783,2.0282258634285806,3,4,0.5463747955100322,-0.05007819702194105
grid_0253,14,14,20,20,0.0,0.5,0.5,60.0,True,0.01,0.3,1.5,33,25,14,0.56,8.99417354548035,0.3597669418192141,1.840652846989729,2.6035447023281133,17,19,11.209047108792586,4.54823864540399,1.3011880859600145,20,11,0.55,6.56495593516658,0.32824779675832905,1.7573877385796406,2.6035447023281133,14,15,11.061220718349347,3.2972599208004327,5,3,0.6,2.4292176103137715,0.4858435220627543,2.1959866317439767,1.016091221511916,3,4,11.800352670565543,1.2110473458469828
grid_0254,14,14,20,20,0.0,0.5,0.5,60.0,True,0.01,0.3,2.0,33,25,13,0.52,9.608804373047162,0.3843521749218864,1.8195608723212753,2.1711382573936886,17,19,13.0072957555794,4.853611202070307,1.082758463040212,20,10,0.5,5.678386582733388,0.2839193291366694,1.5858118557382934,2.1711382573936886,14,15,11.669093801838713,2.8309207240912126,5,3,0.6,3.9304177903137716,0.7860835580627544,2.9350786501900905,1.016091221511916,3,4,18.360103570542158,1.9670060947972967
grid_0255,14,14,20,20,0.0,0.5,0.5,60.0,True,0.01,0.3,2.5,33,25,12,0.48,8.20083541588063,0.32803341663522523,1.6433741072869223,2.1743746027440736,17,19,11.912174969587351,4.110063213206971,1.086107154772209,20,10,0.5,7.885635675530505,0.3942817837765253,1.8135231375062428,2.1711382573936877,14,15,13.362197647701766,3.959155796759828,5,2,0.4,0.3151997403501243,0.06303994807002485,1.103228660780349,2.1743746027440736,3,4,6.112084257129692,0.14516029424302967
grid_0256,14,14,20,20,0.0,0.5,0.5,60.0,True,0.01,0.45,1.0,33,26,18,0.6923076923076923,9.632802563230069,0.3704924062780795,2.184789337445655,2.041444006151528,17,19,10.315460006083889,4.900486354604405,1.0181174294850326,20,15,0.75,9.710777118520426,0.4855388559260213,2.9080535528541116,2.041444006151528,14,15,13.2305379276173,4.94927632731772,6,3,0.5,-0.07797455529035813,-0.012995759215059669,0.9743591602600542,2.0260305005403305,3,4,0.5985336009725263,-0.04648909875389906
grid_0257,14,14,20,20,0.0,0.5,0.5,60.0,True,0.01,0.45,1.5,33,25,15,0.6,11.0167909647849,0.440671638591396,2.1444955994803907,2.59154208797297,17,19,14.246637785884163,5.611109383389201,1.2952511721239346,20,12,0.6,8.581527232844628,0.4290763616422315,2.1296090309173747,2.59154208797297,14,15,14.588124832011871,4.344267632278109,5,3,0.6,2.435263731940272,0.4870527463880544,2.200233522677938,1.014999203681156,3,4,12.880689601373328,1.2140980811477187
grid_0258,14,14,20,20,0.0,0.5,0.5,60.0,True,0.01,0.45,2.0,33,25,13,0.52,7.063843522043994,0.28255374088175966,1.605396316623969,2.2273244420622085,17,19,12.52197401960316,3.5375843381741046,1.1121596035418957,20,11,0.55,7.301017691666481,0.365050884583324,1.8470666056871086,2.09114202797297,14,15,14.724024783056407,3.670439344591969,5,2,0.4,-0.2371741696224885,-0.047434833924497696,0.9222112784932942,2.2273244420622094,3,4,3.7137709657901707,-0.12815129101196865
grid_0259,14,14,20,20,0.0,0.5,0.5,60.0,True,0.01,0.45,2.5,33,24,13,0.5416666666666666,9.838395541441065,0.4099331475600445,1.9241664088121417,2.2273244420622103,17,19,14.55833595070505,4.974257886259537,1.1121596035418957,19,11,0.5789473684210527,9.575169651063554,0.5039562974243977,2.2604307724702823,2.041444006151528,14,15,16.768066688418468,4.849208308559527,5,2,0.4,0.26322589037751065,0.052645178075502175,1.086333201935618,2.22732444206221,3,4,6.161359147394049,0.11926611532631082
grid_0260,14,14,20,20,0.0,0.5,0.5,60.0,True,0.01,0.6,1.0,33,24,14,0.5833333333333334,4.1579047269718945,0.17324603029049565,1.4342527966897258,3.0824934593884645,16,18,7.847056006859103,2.0714284033661823,1.535727620482552,19,11,0.5789473684210527,3.2187526089000187,0.16940803204736948,1.426453931924819,3.0824934593884645,13,14,8.258672052597948,1.59957968518607,5,3,0.6,0.9391521180718756,0.18783042361437513,1.463290646517206,1.0140527628821874,3,4,6.282915033051493,0.4644199509901137
grid_0261,14,14,20,20,0.0,0.5,0.5,60.0,True,0.01,0.6,1.5,33,24,13,0.5416666666666666,6.255034910770506,0.2606264546154377,1.590389031429045,2.582093399388464,16,18,11.56233780699619,3.1330003897567904,1.2905770031546027,19,10,0.5263157894736842,3.814682612698631,0.2007727690894016,1.445243394290349,2.582093399388464,13,14,10.931103931947533,1.8932992450738428,5,3,0.6,2.440352298071875,0.4880704596143749,2.20384373537338,1.0140527628821874,3,4,13.96102653218109,1.2166660161834653
grid_0262,14,14,20,20,0.0,0.5,0.5,60.0,True,0.01,0.6,2.0,33,23,12,0.5217391304347826,7.631501160357111,0.3318043982763962,1.7204628119210699,2.3217052077702967,16,18,14.498523274271033,3.8342200804754256,1.1661474613030465,18,10,0.5555555555555556,7.914492812479189,0.43969404513773275,2.0486571425388673,2.0387135556482185,13,14,17.534001542750353,3.9911665916468886,5,2,0.4,-0.2829916521220779,-0.056598330424415554,0.9070706345701807,2.2739757621355245,3,4,3.570801507745478,-0.1509229257786293
grid_0263,14,14,20,20,0.0,0.5,0.5,60.0,True,0.01,0.6,2.5,33,23,12,0.5217391304347826,9.182811970502385,0.399252694369669,1.8669165337977909,2.2739757621355245,16,18,15.206493638356221,4.632526885952637,1.1351150011338795,18,10,0.5555555555555556,8.965403562624463,0.49807797570135914,2.1879010701564483,2.0387135556482185,13,14,17.70534352743895,4.53171958329881,5,2,0.4,0.2174084078779226,0.0434816815755845,1.071393008350957,2.2739757621355245,3,4,6.2106340376584,0.0964370461480124
grid_0264,14,14,20,20,0.0,0.5,1.0,60.0,True,,0.3,1.0,111,51,30,0.5882352941176471,7.727168512373049,0.151513108085746,1.3670681078238633,5.233856732197113,26,35,2.291327930670689,3.8752450422171014,2.596520150230941,41,27,0.6585365853658537,11.91924559471322,0.29071330718812727,1.8552875978855439,4.083391810393955,21,29,5.686654990967142,6.088875854687914,10,3,0.3,-4.1920770823401705,-0.41920770823401715,0.41081948482818953,5.160706786681024,5,6,-11.62951301654477,-2.086581457892789
grid_0265,14,14,20,20,0.0,0.5,1.0,60.0,True,,0.3,1.5,111,49,24,0.4897959183673469,7.869994370848839,0.16061213001732322,1.3154139197506338,6.6970289822529665,26,34,3.9995268226665583,3.9194618701737793,3.305743606247258,39,21,0.5384615384615384,10.566502134589085,0.2709359521689509,1.5926051842136804,6.6970289822529665,21,28,7.406787143390283,5.348167612930066,10,3,0.3,-2.6965077637402475,-0.2696507763740247,0.6213157626306719,4.623421886125355,5,6,-9.288788428155968,-1.356175218923239
grid_0266,14,14,20,20,0.0,0.5,1.0,60.0,True,,0.3,2.0,111,48,21,0.4375,6.994333428749865,0.14571527976562215,1.2592195837496156,7.209715350238523,26,34,1.211319386578446,3.442700456380954,3.5565863883604054,38,18,0.47368421052631576,8.18964101249011,0.21551686874973974,1.4123365823473968,7.209715350238523,21,28,3.544873136563239,4.087362659710969,10,3,0.3,-1.1953075837402467,-0.11953075837402467,0.8321369043111524,4.123021826125353,5,6,-7.656184863363768,-0.6193472356847307
grid_0267,14,14,20,20,0.0,0.5,1.0,60.0,True,,0.3,2.5,111,47,20,0.425531914893617,10.260002580403418,0.21829792724262587,1.3802009326207836,6.709315290238525,25,33,2.1706720579574377,5.119288513523879,3.3176309763901735,37,17,0.4594594594594595,12.166550872247585,0.3288256992499347,1.6125682429751518,6.709315290238525,20,27,5.091517989708241,6.152001430206155,10,3,0.3,-1.9065482918441687,-0.1906548291844169,0.7323839987315792,5.835062654229278,5,6,-8.636457889520532,-0.9728624074613057
grid_0268,14,14,20,20,0.0,0.5,1.0,60.0,True,,0.45,1.0,111,50,29,0.58,7.562053857294514,0.1512410771458903,1.3603958383601849,5.206420056910108,25,34,2.868788172729531,3.7896122644443198,2.5831528277227234,40,26,0.65,11.731916205718852,0.29329790514297127,1.8453454896104098,4.073439633186804,20,28,6.689079119819873,5.989645410097477,10,3,0.3,-4.169862348424336,-0.41698623484243347,0.4130578177428279,5.143382797462985,5,6,-12.412375615631834,-2.0757057325182404
grid_0269,14,14,20,20,0.0,0.5,1.0,60.0,True,,0.45,1.5,111,47,23,0.48936170212765956,8.138671501380365,0.17316322343362492,1.343682353949786,6.6740150483458764,25,33,2.646896465788915,4.063313243428102,3.2945890496769104,37,20,0.5405405405405406,10.81165442724032,0.2922068764119006,1.652401337676858,6.6740150483458764,20,27,6.016675147964828,5.481600728903291,10,3,0.3,-2.6729829258599525,-0.26729829258599525,0.6239845078195401,4.61068738535983,5,6,-9.821284658261964,-1.3445828236151813
grid_0270,14,14,20,20,0.0,0.5,1.0,60.0,True,,0.45,2.0,111,47,21,0.44680851063829785,6.616230423988358,0.14077086008485876,1.2572550368432,7.185504563606543,25,33,1.6363417740896147,3.255097662080453,3.5448865121889717,37,18,0.4864864864864865,9.531144886062169,0.2575985104341127,1.512254790417559,7.185504563606543,20,27,4.811095864345494,4.790765118576812,10,3,0.3,-2.914914462073809,-0.2914914462073809,0.5901590753019588,5.853419041573687,5,6,-10.110248359857136,-1.4654606775307388
grid_0271,14,14,20,20,0.0,0.5,1.0,60.0,True,,0.45,2.5,111,46,20,0.43478260869565216,9.862463722352572,0.2144013852685343,1.3834764368332106,6.68510450360654,24,32,2.6615360096572824,4.919573443110825,3.3059079886413545,36,17,0.4722222222222222,11.776578064426387,0.32712716845628853,1.632936399597757,6.68510450360654,19,26,5.885009679159075,5.954340288690285,10,3,0.3,-1.914114342073809,-0.19141143420738085,0.7308729288147982,5.853419041573687,5,6,-8.94296920054917,-0.9766158165490202
grid_0272,14,14,20,20,0.0,0.5,1.0,60.0,True,,0.6,1.0,111,48,24,0.5,0.4700001465884298,0.009791669720592259,1.0203666519143018,5.188530255017507,25,33,0.9320666145188419,0.17756463496794161,2.5744424488826523,38,21,0.5526315789473685,4.62602748678661,0.12173756544175286,1.2895271950033258,5.157871009899129,20,27,4.471635895767489,2.293963970665436,10,3,0.3,-4.15602734019818,-0.41560273401981807,0.414568042509444,5.13314772795507,5,6,-12.518296654226019,-2.06893862897366
grid_0273,14,14,20,20,0.0,0.5,1.0,60.0,True,,0.6,1.5,111,47,21,0.44680851063829785,2.303856896821951,0.04901823184727552,1.0900483576245457,7.669976393243495,25,33,0.09030846868605161,1.0770003159602748,3.776185467600035,37,18,0.4864864864864865,4.9586840570201325,0.13401848802757113,1.268245993500763,7.669976393243495,20,27,2.9130353219438914,2.4452937018835996,10,3,0.3,-2.654827160198182,-0.2654827160198182,0.6260321374305967,4.600521729927218,5,6,-10.353780888367956,-1.335633230653932
grid_0274,14,14,20,20,0.0,0.5,1.0,60.0,True,,0.6,2.0,111,47,21,0.44680851063829785,8.118726956428722,0.17273887141337704,1.3172831961956262,7.169576333243496,25,33,2.6095522427961764,4.030041409972385,3.5371924001344257,37,18,0.4864864864864865,11.040524724591744,0.2983925601241012,1.5972504982093134,7.169576333243496,20,27,6.180790700465119,5.580862302383549,10,3,0.3,-2.9217977681630227,-0.29217977681630225,0.5886345583718818,5.8682924578920606,5,6,-10.60403005057891,-1.46884658695966
grid_0275,14,14,20,20,0.0,0.5,1.0,60.0,True,,0.6,2.5,111,46,19,0.41304347826086957,8.552849174375728,0.1859315037907767,1.325130762510206,6.669176273243496,24,32,2.708049853993907,4.235960520272752,3.2981993326688053,36,16,0.4444444444444444,10.473846822538752,0.2909401895149653,1.5454221421757444,6.669176273243496,19,26,6.029586066652713,5.26761111388605,10,3,0.3,-1.920997648163023,-0.1920997648163023,0.7295391027695975,5.8682924578920606,5,6,-9.249480511577795,-0.980026603336881
grid_0276,14,14,20,20,0.0,0.5,1.0,60.0,True,0.01,0.3,1.0,32,26,17,0.6538461538461539,7.590629980183273,0.2919473069301258,1.8290877063582316,2.0470203491447303,17,19,7.502320461637608,3.834780314611752,1.0208913875289105,20,14,0.7,7.675788528515598,0.3837894264257799,2.256043820584412,2.0470203491447303,14,15,9.58910416147588,3.8868049534761084,6,3,0.5,-0.0851585483323265,-0.014193091388721102,0.9720270438471783,2.0282258634285806,3,4,0.5463747955100322,-0.05007819702194105
grid_0277,14,14,20,20,0.0,0.5,1.0,60.0,True,0.01,0.3,1.5,32,25,14,0.56,8.996383881179707,0.35985535524718837,1.8410331898612324,2.6035447023281133,17,19,11.113248836451621,4.549399990319425,1.3011880859600145,20,11,0.55,6.567166270865936,0.32835831354329686,1.757835991414709,2.6035447023281133,14,15,10.94147287792314,3.298407369568057,5,3,0.6,2.4292176103137715,0.4858435220627543,2.1959866317439767,1.016091221511916,3,4,11.800352670565543,1.2110473458469828
grid_0278,14,14,20,20,0.0,0.5,1.0,60.0,True,0.01,0.3,2.0,32,25,13,0.52,9.611014708746518,0.38444058834986067,1.8199039706282476,2.1711382573936886,17,19,12.911497483238437,4.854775939131484,1.082758463040212,20,10,0.5,5.6805969184327445,0.2840298459216372,1.5861735504363934,2.1711382573936886,14,15,11.549345961412504,2.832062992660056,5,3,0.6,3.9304177903137716,0.7860835580627544,2.9350786501900905,1.016091221511916,3,4,18.360103570542158,1.9670060947972967
grid_0279,14,14,20,20,0.0,0.5,1.0,60.0,True,0.01,0.3,2.5,32,25,12,0.48,8.203045751579985,0.3281218300631995,1.6436591273792578,2.1743746027440736,17,19,11.816376697246385,4.111219690772949,1.0861071547721868,20,10,0.5,7.887846011229861,0.39439230056149316,1.8139367689855033,2.1711382573936877,14,15,13.242449807275557,3.9603105980128728,5,2,0.4,0.3151997403501243,0.06303994807002485,1.103228660780349,2.1743746027440736,3,4,6.112084257129692,0.14516029424302967
grid_0280,14,14,20,20,0.0,0.5,1.0,60.0,True,0.01,0.45,1.0,32,26,18,0.6923076923076923,9.634237794702006,0.3705476074885387,2.185175079213197,2.041444006151528,17,19,10.2402322740894,4.901242980190168,1.0181174294850326,20,15,0.75,9.712212349992363,0.48561061749961815,2.908873873068202,2.041444006151528,14,15,13.132741876024465,4.950033304815471,6,3,0.5,-0.07797455529035813,-0.012995759215059669,0.9743591602600542,2.0260305005403305,3,4,0.5985336009725263,-0.04648909875389906
grid_0281,14,14,20,20,0.0,0.5,1.0,60.0,True,0.01,0.45,1.5,32,25,15,0.6,11.01822619625684,0.4407290478502736,2.1448153939030234,2.59154208797297,17,19,14.168400944609896,5.611871134552415,1.2952511721239346,20,12,0.6,8.58296246431657,0.4291481232158284,2.1300114397046954,2.59154208797297,14,15,14.490328780419038,4.345020245972875,5,3,0.6,2.435263731940272,0.4870527463880544,2.200233522677938,1.014999203681156,3,4,12.880689601373328,1.2140980811477187
grid_0282,14,14,20,20,0.0,0.5,1.0,60.0,True,0.01,0.45,2.0,32,25,13,0.52,7.065278753515932,0.2826111501406372,1.6055938117302637,2.2273244420622085,17,19,12.443737178328893,3.5383311334285628,1.1121596035418957,20,11,0.55,7.302452923138419,0.3651226461569209,1.8473742231517716,2.09114202797297,14,15,14.626228731463573,3.671187098102191,5,2,0.4,-0.2371741696224885,-0.047434833924497696,0.9222112784932942,2.2273244420622094,3,4,3.7137709657901707,-0.12815129101196865
grid_0283,14,14,20,20,0.0,0.5,1.0,60.0,True,0.01,0.45,2.5,32,24,13,0.5416666666666666,9.839830772913006,0.4099929488713752,1.924425856038644,2.2273244420622103,17,19,14.476839241044354,4.975015043944175,1.1121596035419068,19,11,0.5789473684210527,9.576604882535495,0.5040318359229208,2.2608579100061994,2.041444006151528,14,15,16.665123476215484,4.8499645642873235,5,2,0.4,0.26322589037751065,0.052645178075502175,1.086333201935618,2.22732444206221,3,4,6.161359147394049,0.11926611532631082
grid_0284,14,14,20,20,0.0,0.5,1.0,60.0,True,0.01,0.6,1.0,32,24,14,0.5833333333333334,4.158811306326687,0.1732838044302786,1.434388609502209,3.0824934593884645,16,18,7.78385245455955,2.0718934408271883,1.535727620482552,19,11,0.5789473684210527,3.219659188254811,0.1694557467502532,1.4266252883003037,3.0824934593884645,13,14,8.178835986535354,1.600042572904159,5,3,0.6,0.9391521180718756,0.18783042361437513,1.463290646517206,1.0140527628821874,3,4,6.282915033051493,0.4644199509901137
grid_0285,14,14,20,20,0.0,0.5,1.0,60.0,True,0.01,0.6,1.5,32,24,13,0.5416666666666666,6.255941490125297,0.26066422875522066,1.5905251304191377,2.582093399388464,16,18,11.499134254696637,3.1334702637401346,1.2905770031546027,19,10,0.5263157894736842,3.8155891920534213,0.20082048379228531,1.4453963380810584,2.582093399388464,13,14,10.851267865884937,1.8937634709783824,5,3,0.6,2.440352298071875,0.4880704596143749,2.20384373537338,1.0140527628821874,3,4,13.96102653218109,1.2166660161834653
grid_0286,14,14,20,20,0.0,0.5,1.0,60.0,True,0.01,0.6,2.0,32,23,12,0.5217391304347826,7.632407739711903,0.33184381477008273,1.7206100736449845,2.3217052077702967,16,18,14.432571741436718,3.8346931492158953,1.1661474613030465,18,10,0.5555555555555556,7.915399391833981,0.4397444106574434,2.048903257326005,2.0387135556482185,13,14,17.449730139684284,3.991640375435712,5,2,0.4,-0.2829916521220779,-0.056598330424415554,0.9070706345701807,2.2739757621355245,3,4,3.570801507745478,-0.1509229257786293
grid_0287,14,14,20,20,0.0,0.5,1.0,60.0,True,0.01,0.6,2.5,32,23,12,0.5217391304347826,9.183718549857177,0.39929211086335553,1.8670763311181786,2.2739757621355245,16,18,15.140542105521906,4.633003591779206,1.1351150011338795,18,10,0.5555555555555556,8.966310141979255,0.49812834122106975,2.1881639129694204,2.0387135556482185,13,14,17.621072124372876,4.532195829847274,5,2,0.4,0.2174084078779226,0.0434816815755845,1.071393008350957,2.2739757621355245,3,4,6.2106340376584,0.0964370461480124
grid_0288,14,14,20,20,0.0,0.6,0.5,50.0,True,,0.3,1.0,359,79,43,0.5443037974683544,4.893674500856293,0.061945246846282206,1.1339057648016133,12.438686844244916,29,40,0.8550273508492346,2.3776738694360366,6.051888988439003,66,38,0.5757575757575758,8.21526093517308,0.1244736505329255,1.2897705739932117,12.438686844244916,24,34,2.08618896392652,4.1092759976854465,13,5,0.38461538461538464,-3.3215864343167896,-0.2555066487935992,0.5946687026991168,7.212392055498113,5,6,-5.3954854540046755,-1.6632544138410421
grid_0289,14,14,20,20,0.0,0.6,0.5,50.0,True,,0.3,1.5,359,70,29,0.4142857142857143,-2.7488916181753593,-0.039269880259648025,0.9337381745787164,14.350718984314636,28,39,0.003506629572626022,-1.4858913116903572,6.94115351769351,57,25,0.43859649122807015,0.5726948161414236,0.01004727747616529,1.0177578576198743,14.350718984314636,23,33,0.9561741699866747,0.18668856481032226,13,4,0.3076923076923077,-3.3215864343167825,-0.2555066487935987,0.6403293814913859,6.711991995498113,5,6,-4.173574124550511,-1.6694631796505544
grid_0290,14,14,20,20,0.0,0.6,0.5,50.0,True,,0.3,2.0,359,70,26,0.37142857142857144,-5.154263736414057,-0.07363233909162939,0.8842982864758264,14.350718984314636,28,39,-1.5385559079886604,-2.6865574732370945,6.941153517693499,57,22,0.38596491228070173,-2.839143787711301,-0.04980954013528596,0.9196001086502242,14.350718984314636,23,33,-0.9944661435918315,-1.5263265179191188,13,4,0.3076923076923077,-2.3151199487027565,-0.1780861499002121,0.7493123721638676,6.255849453562493,5,6,-3.9241802595747566,-1.1782143534323386
grid_0291,14,14,20,20,0.0,0.6,0.5,50.0,True,,0.3,2.5,359,68,23,0.3382352941176471,-4.614863414015922,-0.06786563844141058,0.8986776480714236,14.350718984314636,27,38,-1.3929831181005046,-2.447293406375628,6.94115351769351,55,20,0.36363636363636365,-0.29814322531316195,-0.005420785914784738,0.9915492694598085,14.350718984314636,22,32,-0.5075116221090222,-0.28929088147769955,13,3,0.23076923076923078,-4.316720188702758,-0.3320553991309814,0.5795202802793357,6.786550073043614,5,6,-5.1392086780644695,-2.1642635419759415
grid_0292,14,14,20,20,0.0,0.6,0.5,50.0,True,,0.45,1.0,359,74,39,0.527027027027027,1.981776813419232,0.026780767748908557,1.0560573512746319,8.330446949087674,28,39,-0.18583002399835555,0.9043683775371125,4.096997253431689,62,36,0.5806451612903226,8.245731014018707,0.1329956615164308,1.3153404524976446,7.321407958908321,23,33,1.5298536064996118,4.130712994371533,12,3,0.25,-6.263954200599476,-0.5219961833832896,0.3194315791450098,8.212478479576971,5,6,-9.050195448237853,-3.0983602474794147
grid_0293,14,14,20,20,0.0,0.6,0.5,50.0,True,,0.45,1.5,359,68,30,0.4411764705882353,2.4682578324799023,0.03629790930117505,1.064592426582183,9.341973846272358,27,38,0.19652970992265253,1.1188846983154255,4.592510334222776,56,27,0.48214285714285715,7.23101185307938,0.12912521166213184,1.2492695797906888,9.341973846272358,22,32,1.7194664848921906,3.5765060977509755,12,3,0.25,-4.762754020599478,-0.3968961683832899,0.4825345334724933,8.16867203757374,5,6,-6.910508573268523,-2.3727595108452126
grid_0294,14,14,20,20,0.0,0.6,0.5,50.0,True,,0.45,2.0,359,66,26,0.3939393939393939,-0.877423610048311,-0.013294297121944094,0.9781821955223046,11.392870163557522,27,38,-1.5470836894174596,-0.5762081141871378,5.553050514902691,54,24,0.4444444444444444,6.489668113432274,0.12017903913763472,1.216428000561099,8.11665526204753,22,32,0.38961395478559213,3.173955318748156,12,2,0.16666666666666666,-7.367091723480584,-0.6139243102900488,0.2798964175179361,9.341412292519234,5,6,-10.262223088331192,-3.6347966125263365
grid_0295,14,14,20,20,0.0,0.6,0.5,50.0,True,,0.45,2.5,359,65,25,0.38461538461538464,0.9985824971198465,0.015362807647997625,1.0248305122263706,11.392870163557522,27,38,-1.5597964353994018,0.34110678320686816,5.553050514902679,53,23,0.4339622641509434,7.86527416060043,0.14840139925661186,1.262303946933787,8.11665526204753,22,32,0.3136478409874747,3.8685316416381177,12,2,0.16666666666666666,-6.866691663480583,-0.5722243052900486,0.32880851056705024,9.341412292519234,5,6,-9.834175322774774,-3.3960476793889582
grid_0296,14,14,20,20,0.0,0.6,0.5,50.0,True,,0.6,1.0,359,68,30,0.4411764705882353,-8.216388506696038,-0.12082924274552997,0.7758325555852604,10.286341416086803,27,38,-2.698850731434209,-4.102324568005866,5.032531292992914,56,27,0.48214285714285715,-1.983475988416012,-0.03541921407885736,0.9278003714288791,10.286341416086803,22,32,-1.1704924364270854,-1.0514645836333103,12,3,0.25,-6.232912518280025,-0.5194093765233354,0.3210925948702989,8.188375164697858,5,6,-9.831189441467451,-3.083279577140563
grid_0297,14,14,20,20,0.0,0.6,0.5,50.0,True,,0.6,1.5,359,66,28,0.42424242424242425,-0.5731660447313616,-0.008684334011081206,0.9846537404905968,9.003634644695438,27,38,-1.0559217040219848,-0.3978224060258606,4.4277276103574685,54,25,0.46296296296296297,4.158546293548665,0.07701011654719754,1.1476331341855481,9.003634644695438,22,32,0.35921522634363384,2.0070711828874988,12,3,0.25,-4.731712338280026,-0.3943093615233355,0.4846077919463011,8.149346266712648,5,6,-7.424037890667268,-2.357575372987286
grid_0298,14,14,20,20,0.0,0.6,0.5,50.0,True,,0.6,2.0,359,65,26,0.4,2.2813601834746606,0.03509784897653327,1.0594836563717023,11.447158505417457,27,38,-0.35267994510278267,1.0055580754702254,5.578434859511027,53,24,0.4528301886792453,9.704480614306076,0.1831034078170958,1.3447581042174734,7.502434464695437,22,32,2.160470504819365,4.8445079441336025,12,2,0.16666666666666666,-7.423120430831416,-0.6185933692359512,0.2725324500205018,9.401040938588306,5,6,-11.452427765592269,-3.661565058523575
grid_0299,14,14,20,20,0.0,0.6,0.5,50.0,True,,0.6,2.5,359,64,22,0.34375,-5.270678263608421,-0.08235434786888157,0.8697930202265678,11.447158505417455,27,38,-1.987111990426449,-2.7380378285672524,5.578434859511039,52,20,0.38461538461538464,1.652042107222994,0.03177004052351912,1.0545675534623566,9.069382873661155,22,32,0.08339421395505328,0.7091212892288867,12,2,0.16666666666666666,-6.922720370831415,-0.5768933642359513,0.32157177371863843,9.401040938588306,5,6,-10.959305542746293,-3.42288669950378
grid_0300,14,14,20,20,0.0,0.6,0.5,50.0,True,0.01,0.3,1.0,37,28,19,0.6785714285714286,9.564024998933565,0.3415723213904844,2.0443799367729643,2.0470203491447303,19,21,8.618422835412058,4.8618311436662065,1.0208913875289105,22,16,0.7272727272727273,9.64918354726589,0.43859925214844947,2.578393576513166,2.0470203491447303,16,17,10.819890482658066,4.914370368763787,6,3,0.5,-0.0851585483323265,-0.014193091388721102,0.9720270438471783,2.0282258634285806,3,4,0.5463747955100322,-0.05007819702194105
grid_0301,14,14,20,20,0.0,0.6,0.5,50.0,True,0.01,0.3,1.5,37,27,14,0.5185185185185185,6.9665784199299985,0.25802142296037034,1.5474016922591176,2.6035447023281133,19,21,8.71279744960663,3.4910174662887483,1.3011880859600145,22,11,0.5,4.537360809616226,0.20624367316437395,1.4242312949221907,2.6035447023281133,16,17,8.01108035393415,2.2526889902155567,5,3,0.6,2.4292176103137715,0.4858435220627543,2.1959866317439767,1.016091221511916,3,4,11.800352670565543,1.2110473458469828
grid_0302,14,14,20,20,0.0,0.6,0.5,50.0,True,0.01,0.3,2.0,37,27,13,0.48148148148148145,7.5812092474968065,0.28078552768506687,1.5512833777251587,2.207826813043736,19,21,10.377842492927755,3.793302009817645,1.1083675386557967,22,10,0.45454545454545453,3.650791457183034,0.16594506623559246,1.311480067863012,2.207826813043736,16,17,8.563692248015391,1.791065546557724,5,3,0.6,3.9304177903137716,0.7860835580627544,2.9350786501900905,1.016091221511916,3,4,18.360103570542158,1.9670060947972967
grid_0303,14,14,20,20,0.0,0.6,0.5,50.0,True,0.01,0.3,2.5,37,27,12,0.4444444444444444,6.173240290330277,0.22863852927149175,1.4178392309410173,2.319695702683573,19,21,9.363841765157337,3.0572729872391458,1.1631350730361034,22,10,0.45454545454545453,5.858040549980153,0.2662745704536433,1.4997992598185856,2.319695702683573,16,17,10.102877562436348,2.907891589009215,5,2,0.4,0.3151997403501243,0.06303994807002485,1.103228660780349,2.1743746027440736,3,4,6.112084257129692,0.14516029424302967
grid_0304,14,14,20,20,0.0,0.6,0.5,50.0,True,0.01,0.45,1.0,37,28,19,0.6785714285714286,9.609190829532494,0.3431853867690176,2.051224704148009,2.041444006151528,19,21,9.255027651838168,4.885486348946588,1.0181174294850326,22,16,0.7272727272727273,9.687165384822851,0.4403256993101296,2.588081053080942,2.041444006151528,16,17,11.615889665710615,4.934269345049103,6,3,0.5,-0.07797455529035813,-0.012995759215059669,0.9743591602600542,2.0260305005403305,3,4,0.5985336009725263,-0.04648909875389906
grid_0305,14,14,20,20,0.0,0.6,0.5,50.0,True,0.01,0.45,1.5,37,27,15,0.5555555555555556,8.991578991087327,0.3330214441143454,1.771736228496599,2.59154208797297,19,21,11.357537485983046,4.544392219813709,1.2952511721239346,22,12,0.5454545454545454,6.556315259147055,0.2980143299612298,1.681380038427449,2.59154208797297,16,17,11.011366550667072,3.2903461096851716,5,3,0.6,2.435263731940272,0.4870527463880544,2.200233522677938,1.014999203681156,3,4,12.880689601373328,1.2140980811477187
grid_0306,14,14,20,20,0.0,0.6,0.5,50.0,True,0.01,0.45,2.0,37,27,13,0.48148148148148145,5.038631548346419,0.18661598327208953,1.3679621230861156,2.2273244420622094,19,21,9.760626591278413,2.491810660257898,1.1121596035419068,22,11,0.5,5.275805717968907,0.23980935081676844,1.4956419132501506,2.09114202797297,16,17,11.134911960707559,2.6233237745543647,5,2,0.4,-0.2371741696224885,-0.047434833924497696,0.9222112784932942,2.2273244420622094,3,4,3.7137709657901707,-0.12815129101196865
grid_0307,14,14,20,20,0.0,0.6,0.5,50.0,True,0.01,0.45,2.5,37,26,13,0.5,7.813183567743492,0.3005070602978267,1.6166237639469896,2.2273244420622103,19,21,11.534139626590742,3.913973193913689,1.1121596035418846,21,11,0.5238095238095238,7.549957677365982,0.3595217941602849,1.7846593621990354,2.041444006151528,16,17,12.813373074018527,3.790186670182205,5,2,0.4,0.26322589037751065,0.052645178075502175,1.086333201935618,2.22732444206221,3,4,6.161359147394049,0.11926611532631082
grid_0308,14,14,20,20,0.0,0.6,0.5,50.0,True,0.01,0.6,1.0,37,26,14,0.5384615384615384,2.8730041535930257,0.11050015975357791,1.2645552987929392,3.0824934593884645,18,20,5.790079122923185,1.4163792619723115,1.535727620482552,21,11,0.5238095238095238,1.9338520355211504,0.09208819216767382,1.2189444435960965,3.0824934593884645,15,16,5.672737239559302,0.9475586595200536,5,3,0.6,0.9391521180718756,0.18783042361437513,1.463290646517206,1.0140527628821874,3,4,6.282915033051493,0.4644199509901137
grid_0309,14,14,20,20,0.0,0.6,0.5,50.0,True,0.01,0.6,1.5,37,26,13,0.5,4.9701343373916345,0.19115901297660132,1.4183731423788082,2.582093399388464,18,20,9.219570015357418,2.471138550342644,1.2905770031546027,21,10,0.47619047619047616,2.529782039319759,0.12046581139617904,1.2567645840499295,2.582093399388464,15,16,8.090651797066068,1.2393932575872402,5,3,0.6,2.440352298071875,0.4880704596143749,2.20384373537338,1.0140527628821874,3,4,13.96102653218109,1.2166660161834653
grid_0310,14,14,20,20,0.0,0.6,0.5,50.0,True,0.01,0.6,2.0,37,25,12,0.48,6.3466005869782425,0.2538640234791297,1.5343426298679088,2.3217052077702967,18,20,11.827149933584725,3.167858124196843,1.1661474613030465,20,10,0.5,6.629592239100321,0.33147961195501596,1.7506191508723528,2.0387135556482185,15,16,13.891237040044535,3.323797422292163,5,2,0.4,-0.2829916521220779,-0.056598330424415554,0.9070706345701807,2.2739757621355245,3,4,3.570801507745478,-0.1509229257786293
grid_0311,14,14,20,20,0.0,0.6,0.5,50.0,True,0.01,0.6,2.5,37,25,12,0.48,7.897911397123519,0.31591645588494066,1.6649529442677649,2.2739757621355245,18,20,12.478482668543098,3.9610417507818685,1.1351150011338684,20,10,0.5,7.680502989245596,0.38402514946227967,1.8696059160408425,2.0387135556482185,15,16,14.04544482626427,3.8608813846712,5,2,0.4,0.2174084078779226,0.0434816815755845,1.071393008350957,2.2739757621355245,3,4,6.2106340376584,0.0964370461480124
grid_0312,14,14,20,20,0.0,0.6,1.0,50.0,True,,0.3,1.0,175,63,35,0.5555555555555556,5.437510796240983,0.08630969517842835,1.1922199609742163,7.3115096266628665,28,39,1.9896133989273637,2.676930937021682,3.6057454710454406,52,32,0.6153846153846154,10.670372025905957,0.2051994620366531,1.5300183841949233,4.218071317499,23,33,4.8069711132413495,5.413589125331408,11,3,0.2727272727272727,-5.232861229664974,-0.4757146572422704,0.3583942043341459,6.201490934005827,5,6,-11.328804886920567,-2.5961151792830095
grid_0313,14,14,20,20,0.0,0.6,1.0,50.0,True,,0.3,1.5,175,59,29,0.4915254237288136,9.2720291314671,0.157153036126561,1.307720516153823,6.704725580378367,28,38,4.1084834595932165,4.6314214776024265,3.309556149467119,48,26,0.5416666666666666,12.994030077094251,0.2707089599394636,1.5910377476107327,6.704725580378367,23,32,7.24440945613535,6.616588330936657,11,3,0.2727272727272727,-3.7220009456271503,-0.33836372232974105,0.5431009683349388,5.648915068012258,5,6,-9.575557252590636,-1.8619680899676139
grid_0314,14,14,20,20,0.0,0.6,1.0,50.0,True,,0.3,2.0,175,59,24,0.4067796610169492,1.8676163680710642,0.0316545147130689,1.0530050683377634,10.228984817958185,28,38,1.9820985943117784,0.8081535512817206,4.998374532610872,48,21,0.4375,4.088417133698215,0.08517535695204616,1.150928408524689,10.228984817958185,23,32,4.290602316561873,1.9591893631947466,11,3,0.2727272727272727,-2.22080076562715,-0.20189097869337733,0.7273827346744268,5.148515008012256,5,6,-8.091372193688636,-1.1289181672608728
grid_0315,14,14,20,20,0.0,0.6,1.0,50.0,True,,0.3,2.5,175,57,22,0.38596491228070173,2.0633157740562416,0.03619852235186392,1.0596206073024104,10.228984817958187,27,37,1.9327593923294666,0.8962570376446877,4.99837453261085,47,20,0.425531914893617,6.834473116081941,0.14541432161876475,1.2523020809234189,10.228984817958187,22,31,4.840707121271682,3.3497073446965286,10,2,0.2,-4.771157342025699,-0.47711573420257,0.36545093576971205,6.229841820069952,5,6,-11.734594933698945,-2.3739305800537625
grid_0316,14,14,20,20,0.0,0.6,1.0,50.0,True,,0.45,1.0,175,60,33,0.55,5.3663603961892825,0.08943933993648809,1.1977578965635824,8.231975241139772,27,38,2.0539546217591096,2.643258676742355,4.047235859993914,49,30,0.6122448979591837,10.571775273635987,0.21575051578848958,1.5565242005604307,3.047668950207411,22,32,5.256654033160399,5.36454519215388,11,3,0.2727272727272727,-5.205414877446705,-0.4732195343133368,0.36050911627060467,6.178935326485354,5,6,-12.212615483573904,-2.5827345531162282
grid_0317,14,14,20,20,0.0,0.6,1.0,50.0,True,,0.45,1.5,175,57,28,0.49122807017543857,9.386969784439211,0.1646836804287581,1.3240036615768125,7.222169738977839,27,37,4.561759517032429,4.695530485358801,3.56447105065123,46,25,0.5434782608695652,13.082179099723986,0.2843951978200867,1.6277174861772916,4.223158915049414,22,31,8.10948718918032,6.667626857741826,11,3,0.2727272727272727,-3.6952093152847754,-0.3359281195713432,0.5455367311654009,5.632913774784653,5,6,-10.274192566495119,-1.8488237063838509
grid_0318,14,14,20,20,0.0,0.6,1.0,50.0,True,,0.45,2.0,175,56,23,0.4107142857142857,0.997813230684762,0.01781809340508503,1.030811025613326,7.4158823142912205,27,37,2.0931847453471453,0.38551681549061634,3.6651132018956534,46,21,0.45652173913043476,6.243727127107793,0.13573319841538684,1.2505915271397532,7.4158823142912205,22,31,5.392828131097653,3.068021340443705,10,2,0.2,-5.2459138964230325,-0.5245913896423032,0.29764040022845456,6.210097906884261,5,6,-13.08517482910519,-2.602654528597703
grid_0319,14,14,20,20,0.0,0.6,1.0,50.0,True,,0.45,2.5,175,56,23,0.4107142857142857,3.281445319489528,0.05859723784802725,1.1013262729720839,6.798553751077449,27,37,2.328008213590061,1.5223855039122602,3.36106348418983,46,21,0.45652173913043476,8.026959155912563,0.17449911208505564,1.3221614129220136,6.696314438882176,22,31,5.536608474906363,3.977667774662308,10,2,0.2,-4.745513836423034,-0.47455138364230337,0.36463745599540165,6.210097906884261,5,6,-12.431552988464926,-2.3613553980371016
grid_0320,14,14,20,20,0.0,0.6,1.0,50.0,True,,0.6,1.0,175,57,28,0.49122807017543857,0.05626887661925184,0.0009871732740219699,1.0020494773742448,8.361345252361788,27,37,1.243337107668591,-0.03972042633264561,4.118939616040473,46,25,0.5434782608695652,5.231974203093093,0.11373856963245856,1.2705753788295968,4.172868870786518,22,31,4.635140858262735,2.5951585950867218,11,3,0.2727272727272727,-5.175705326473841,-0.4705186660430765,0.36250022709871577,6.1528257142307305,5,6,-12.940569485725103,-2.5682293955200275
grid_0321,14,14,20,20,0.0,0.6,1.0,50.0,True,,0.6,1.5,175,56,24,0.42857142857142855,0.2026342035768458,0.0036184679210151077,1.006492734555691,8.453872581979146,27,37,1.7074568169919286,0.007507018496166751,4.1595793359843425,45,21,0.4666666666666667,3.8771393500506885,0.08615865222334865,1.1679097036295365,8.453872581979146,22,31,4.807081965243189,1.8807503474093101,11,3,0.2727272727272727,-3.674505146473842,-0.334045922406713,0.5474054165294616,5.620199716202878,5,6,-10.97282788039959,-1.838662674278968
grid_0322,14,14,20,20,0.0,0.6,1.0,50.0,True,,0.6,2.0,175,55,23,0.41818181818181815,3.2672976347070946,0.05940541154012897,1.1070592654418618,7.4530724619791435,27,37,3.4318041976790044,1.5335525724019972,3.68291816161328,45,21,0.4666666666666667,8.492301344239372,0.18871780764976379,1.3677814164263415,7.4530724619791435,22,31,7.281386000455861,4.2357845638477,10,2,0.2,-5.225003709532277,-0.5225003709532278,0.29657688837619356,6.193577891504425,5,6,-13.891313914816852,-2.592422556948748
grid_0323,14,14,20,20,0.0,0.6,1.0,50.0,True,,0.6,2.5,175,55,22,0.4,2.8126610339220828,0.051139291525856015,1.0900449264286318,7.452279492271298,27,37,2.8779324300019944,1.2921819432039072,3.6915228447944037,45,20,0.4444444444444444,7.53726468345436,0.1674947707434302,1.3165823246867734,6.678586461573206,22,31,6.434919868498194,3.7310033716029922,10,2,0.2,-4.724603649532278,-0.4724603649532278,0.3639439156224667,6.193577891504425,5,6,-13.128511043230906,-2.351101743094419
grid_0324,14,14,20,20,0.0,0.6,1.0,50.0,True,0.01,0.3,1.0,36,28,19,0.6785714285714286,9.566235334632921,0.3416512619511757,2.0448734996673332,2.0470203491447303,19,21,8.532888663679053,4.862995972036388,1.0208913875289105,22,16,0.7272727272727273,9.651393882965246,0.43869972195296564,2.579326163258571,2.0470203491447303,16,17,10.71102880954333,4.915535780751279,6,3,0.5,-0.0851585483323265,-0.014193091388721102,0.9720270438471783,2.0282258634285806,3,4,0.5463747955100322,-0.05007819702194105
grid_0325,14,14,20,20,0.0,0.6,1.0,50.0,True,0.01,0.3,1.5,36,27,14,0.5185185185185185,6.968788755629355,0.25810328724553167,1.5476704885954455,2.6035447023281133,19,21,8.624095345587216,3.492167067357932,1.3011880859600145,22,11,0.5,4.539571145315582,0.20634414296889014,1.4245256882143849,2.6035447023281133,16,17,7.9022186808194155,2.2538248356586577,5,3,0.6,2.4292176103137715,0.4858435220627543,2.1959866317439767,1.016091221511916,3,4,11.800352670565543,1.2110473458469828
grid_0326,14,14,20,20,0.0,0.6,1.0,50.0,True,0.01,0.3,2.0,36,27,13,0.48148148148148145,7.583419583196163,0.2808673919702282,1.55153275426839,2.20561647734438,19,21,10.289140388908342,3.7944549687302542,1.1072690285706344,22,10,0.45454545454545453,3.65300179288239,0.16604553604010863,1.3117274367503775,2.20561647734438,16,17,8.454830574900656,1.792196264185697,5,3,0.6,3.9304177903137716,0.7860835580627544,2.9350786501900905,1.016091221511916,3,4,18.360103570542158,1.9670060947972967
grid_0327,14,14,20,20,0.0,0.6,1.0,50.0,True,0.01,0.3,2.5,36,27,12,0.4444444444444444,6.175450626029633,0.22872039355665308,1.418051382504728,2.317485366984217,19,21,9.275139661137924,3.058417770178923,1.1620371713207733,22,10,0.45454545454545453,5.860250885679509,0.2663750402581595,1.5000821491153915,2.317485366984217,16,17,9.994015889321615,2.909034712587455,5,2,0.4,0.3151997403501243,0.06303994807002485,1.103228660780349,2.1743746027440736,3,4,6.112084257129692,0.14516029424302967
grid_0328,14,14,20,20,0.0,0.6,1.0,50.0,True,0.01,0.45,1.0,36,28,19,0.6785714285714286,9.610626061004432,0.34323664503587253,2.051546820017986,2.041444006151528,19,21,9.185173329271858,4.886242866340407,1.0181174294850326,22,16,0.7272727272727273,9.688600616294789,0.4403909371043086,2.5886901381708434,2.041444006151528,16,17,11.526984164262585,4.935026214304594,6,3,0.5,-0.07797455529035813,-0.012995759215059669,0.9743591602600542,2.0260305005403305,3,4,0.5985336009725263,-0.04648909875389906
grid_0329,14,14,20,20,0.0,0.6,1.0,50.0,True,0.01,0.45,1.5,36,27,15,0.5555555555555556,8.993014222559266,0.33307460083552837,1.771954505227447,2.59154208797297,19,21,11.28509596628465,4.545146276965917,1.2952511721239346,22,12,0.5454545454545454,6.557750490618994,0.29807956775540884,1.6816308699984928,2.59154208797297,16,17,10.92246104921904,3.2910911216612826,5,3,0.6,2.435263731940272,0.4870527463880544,2.200233522677938,1.014999203681156,3,4,12.880689601373328,1.2140980811477187
grid_0330,14,14,20,20,0.0,0.6,1.0,50.0,True,0.01,0.45,2.0,36,27,13,0.48148148148148145,5.040066779818357,0.18666913999327245,1.3681055174421217,2.2273244420622094,19,21,9.688185071580017,2.492549912562403,1.1121596035419068,22,11,0.5,5.277240949440845,0.23987458861094746,1.4958436046445878,2.09114202797297,16,17,11.046006459259528,2.624063975435864,5,2,0.4,-0.2371741696224885,-0.047434833924497696,0.9222112784932942,2.2273244420622094,3,4,3.7137709657901707,-0.12815129101196865
grid_0331,14,14,20,20,0.0,0.6,1.0,50.0,True,0.01,0.45,2.5,36,26,13,0.5,7.814618799215433,0.30056226150828586,1.616806899360215,2.2273244420622103,19,21,11.458911894596257,3.914722703983342,1.112159603541918,21,11,0.5238095238095238,7.551392908837923,0.3595901385160915,1.7849256055143679,2.041444006151528,16,17,12.720233977263447,3.790935287405217,5,2,0.4,0.26322589037751065,0.052645178075502175,1.086333201935618,2.22732444206221,3,4,6.161359147394049,0.11926611532631082
grid_0332,14,14,20,20,0.0,0.6,1.0,50.0,True,0.01,0.6,1.0,36,26,14,0.5384615384615384,2.873910732947816,0.11053502819030064,1.2646608735565876,3.0824934593884645,18,20,5.731737382338982,1.4168413150291936,1.535727620482552,21,11,0.5238095238095238,1.9347586148759408,0.09213136261314005,1.219069568858496,3.0824934593884645,15,16,5.600504608359813,0.9480185766301163,5,3,0.6,0.9391521180718756,0.18783042361437513,1.463290646517206,1.0140527628821874,3,4,6.282915033051493,0.4644199509901137
grid_0333,14,14,20,20,0.0,0.6,1.0,50.0,True,0.01,0.6,1.5,36,26,13,0.5,4.971040916746427,0.19119388141332408,1.4184813916889516,2.582093399388464,18,20,9.161228274773215,2.471605408883226,1.2905770031546027,21,10,0.47619047619047616,2.530688618674551,0.12050898184164527,1.2568802356744524,2.582093399388464,15,16,8.018419165866579,1.2398545042958675,5,3,0.6,2.440352298071875,0.4880704596143749,2.20384373537338,1.0140527628821874,3,4,13.96102653218109,1.2166660161834653
grid_0334,14,14,20,20,0.0,0.6,1.0,50.0,True,0.01,0.6,2.0,36,25,12,0.48,6.347507166333033,0.2539002866533213,1.53445975227315,2.3217052077702967,18,20,11.766474523377154,3.1683281569921062,1.1661474613030132,20,10,0.5,6.630498818455111,0.33152494092275553,1.7507988619728063,2.0387135556482185,15,16,13.815392777285073,3.3242681655468953,5,2,0.4,-0.2829916521220779,-0.056598330424415554,0.9070706345701807,2.2739757621355245,3,4,3.570801507745478,-0.1509229257786293
grid_0335,14,14,20,20,0.0,0.6,1.0,50.0,True,0.01,0.6,2.5,36,25,12,0.48,7.898817976478309,0.3159527190591323,1.6650800366718017,2.2739757621355245,18,20,12.417807258335527,3.961515397321902,1.1351150011338684,20,10,0.5,7.681409568600387,0.38407047843001924,1.869797841815457,2.0387135556482185,15,16,13.969600563504807,3.8613545748805933,5,2,0.4,0.2174084078779226,0.0434816815755845,1.071393008350957,2.2739757621355245,3,4,6.2106340376584,0.0964370461480124
grid_0336,14,14,20,20,0.0,0.6,0.5,55.0,True,,0.3,1.0,307,73,41,0.5616438356164384,7.015245915729731,0.09609925911958533,1.2162158451256926,11.396285403100142,29,40,1.2341630557852257,3.477440988934588,5.559664813536314,61,37,0.6065573770491803,11.327242535494458,0.18569250058187634,1.467086923098286,11.396285403100142,24,34,3.064397106243578,5.748737083657263,12,4,0.3333333333333333,-4.311996619764726,-0.3593330516470606,0.4738095128914629,7.212392055498112,5,6,-8.0695267007114,-2.1478233758251752
grid_0337,14,14,20,20,0.0,0.6,0.5,55.0,True,,0.3,1.5,307,66,27,0.4090909090909091,-3.697876595115617,-0.05602843325932754,0.9062760099439854,14.359991699094692,28,39,-0.456325260580878,-1.9442784719896689,6.945490024619527,54,24,0.4444444444444444,1.114520084649103,0.020639260826835242,1.0368803552079313,14.359991699094692,23,33,1.1910837533431984,0.4638407292415492,12,3,0.25,-4.8123966797647215,-0.40103305664706007,0.47890030124240834,7.752326064624459,5,6,-7.869665823239221,-2.397000934616156
grid_0338,14,14,20,20,0.0,0.6,0.5,55.0,True,,0.3,2.0,307,66,24,0.36363636363636365,-6.097638737461676,-0.09238846571911628,0.8565852838509147,14.359991699094692,28,39,-1.7422552925222305,-3.136086327784593,6.945490024619483,54,21,0.3888888888888889,-2.7864422376969533,-0.051600782179573194,0.9162789228554306,14.359991699094692,23,33,-0.6875699916255645,-1.49304386622221,12,3,0.25,-3.3111964997647227,-0.27593304164706023,0.6414544325055626,7.251926004624459,5,6,-6.4883391465572275,-1.6679456213539612
grid_0339,14,14,20,20,0.0,0.6,0.5,55.0,True,,0.3,2.5,307,64,21,0.328125,-6.058638475063539,-0.09466622617286775,0.8607722153599051,14.359991699094692,27,38,-1.6853039277428066,-3.13790358564614,6.945490024619505,52,19,0.36538461538461536,-0.7458417352988147,-0.014343110294207937,0.9775685593171756,14.359991699094692,22,32,-0.27315408031705013,-0.5020964187822163,12,2,0.16666666666666666,-5.312796739764723,-0.44273306164706033,0.4824952310053574,7.782626624105578,5,6,-7.8046199332544175,-2.64910824448914
grid_0340,14,14,20,20,0.0,0.6,0.5,55.0,True,,0.45,1.0,307,70,36,0.5142857142857142,0.017678631273654433,0.0002525518753379052,1.0005145739270978,9.32197207686313,28,39,-0.4018039376396693,-0.07682930709280722,4.570102957723943,59,34,0.576271186440678,7.273157959648586,0.12327386372285737,1.2891697939674138,7.337061537109884,23,33,1.8713812636814964,3.629363365071625,11,2,0.18181818181818182,-7.255479328374931,-0.6595890298522665,0.2117039890576485,9.204003607352426,5,6,-12.594342744725923,-3.5763923967264466
grid_0341,14,14,20,20,0.0,0.6,0.5,55.0,True,,0.45,1.5,307,64,27,0.421875,-0.9811125585741742,-0.015329883727721476,0.9736322735851587,9.350466740078827,27,38,-0.5680985765946901,-0.6007153061698967,4.596582358285472,53,25,0.4716981132075472,5.2735666498007605,0.09950125754341058,1.1883091282080451,9.350466740078827,22,32,1.7285083622048765,2.5746151120213723,11,2,0.18181818181818182,-6.254679208374935,-0.5686072007613577,0.3204392919426374,9.204003607352428,5,6,-11.633568372628966,-3.0956298639029933
grid_0342,14,14,20,20,0.0,0.6,0.5,55.0,True,,0.45,2.0,307,62,23,0.3709677419354839,-4.724856658221279,-0.07620736545518193,0.8795047689164422,12.282057888451869,27,38,-2.3759819536766957,-2.4588592952619504,5.971097245475732,51,22,0.43137254901960786,3.531422790153653,0.06924358412065984,1.1218514344260138,8.11665526204753,22,32,0.0525788689457662,1.6703116743567614,11,1,0.09090909090909091,-8.256279448374931,-0.7505708589431758,0.19298189409009672,10.23060001741358,5,6,-13.635673040380839,-4.06133403312875
grid_0343,14,14,20,20,0.0,0.6,0.5,55.0,True,,0.45,2.5,307,61,22,0.36065573770491804,-2.3943915766049457,-0.03925232092794996,0.938937244619787,12.282057888451869,26,37,-2.372837670627004,-1.3357648730865312,5.971097245475743,50,21,0.42,5.361487811769985,0.10722975623539967,1.1849976678927576,8.11665526204753,21,31,0.0022546469852994734,2.586786441007738,11,1,0.09090909090909091,-7.75587938837493,-0.7050799443977209,0.24189398713921084,10.23060001741358,5,6,-13.168711841592017,-3.823641864783367
grid_0344,14,14,20,20,0.0,0.6,0.5,55.0,True,,0.6,1.0,307,64,27,0.421875,-10.178732100240921,-0.15904268906626443,0.7144785426922251,11.155852487997812,27,38,-3.411330217612625,-5.033977169655868,5.495687621436063,53,25,0.4716981132075472,-2.9533956108925654,-0.05572444548853902,0.8884198365377339,10.294163436201199,22,32,-1.2674154813172225,-1.5265320561724693,11,2,0.18181818181818182,-7.225336489348355,-0.6568487717589414,0.21299481858826644,9.180799135766188,5,6,-13.741101219763198,-3.5618173978437695
grid_0345,14,14,20,20,0.0,0.6,0.5,55.0,True,,0.6,1.5,307,62,25,0.4032258064516129,-4.0296405844005365,-0.06499420297420219,0.8891299651391048,9.180799135766188,27,38,-2.030187261598724,-2.0950859171080305,4.497854193140727,51,23,0.45098039215686275,2.1948957849478203,0.04303717225387887,1.0807991881865067,9.011456664809836,22,32,0.2573258166385294,1.0172458356975334,11,2,0.18181818181818182,-6.224536369348357,-0.5658669426680325,0.32200494997226775,9.180799135766188,5,6,-12.635929715244172,-3.0809905051932263
grid_0346,14,14,20,20,0.0,0.6,0.5,55.0,True,,0.6,2.0,307,61,23,0.3770491803278688,-1.486106623643124,-0.024362403666280723,0.96021073666296,12.250174683934397,27,38,-1.1779804204538855,-0.867571172897208,5.9560290104937685,50,22,0.44,6.740029985705232,0.13480059971410463,1.2482938079764223,7.510256484809835,22,32,1.8483610784727025,3.3133386569801138,11,1,0.09090909090909091,-8.226136609348357,-0.7478306008498504,0.1938366754573792,10.204057117105247,5,6,-14.934078142847467,-4.046824818776518
grid_0347,14,14,20,20,0.0,0.6,0.5,55.0,True,,0.6,2.5,307,60,19,0.31666666666666665,-8.474904330140676,-0.14124840550234458,0.7853147196888559,13.575170726482012,26,37,-2.8463707648130177,-4.273558144452439,6.6145517308493496,49,18,0.3673469387755102,-0.7491677807923194,-0.015289138383516712,0.9744065779997899,9.077204893775553,21,31,-0.2535684284002173,-0.4828494261248317,11,1,0.09090909090909091,-7.7257365493483565,-0.702339686304396,0.24287599915551591,10.204057117105247,5,6,-14.39612662701549,-3.8091009403586784
grid_0348,14,14,20,20,0.0,0.6,0.5,55.0,True,0.01,0.3,1.0,35,28,19,0.6785714285714286,9.564024998933565,0.3415723213904844,2.0443799367729643,2.0470203491447303,19,21,8.618422835412058,4.8618311436662065,1.0208913875289105,22,16,0.7272727272727273,9.64918354726589,0.43859925214844947,2.578393576513166,2.0470203491447303,16,17,10.819890482658066,4.914370368763787,6,3,0.5,-0.0851585483323265,-0.014193091388721102,0.9720270438471783,2.0282258634285806,3,4,0.5463747955100322,-0.05007819702194105
grid_0349,14,14,20,20,0.0,0.6,0.5,55.0,True,0.01,0.3,1.5,35,27,14,0.5185185185185185,6.9665784199299985,0.25802142296037034,1.5474016922591176,2.6035447023281133,19,21,8.71279744960663,3.4910174662887483,1.3011880859600145,22,11,0.5,4.537360809616226,0.20624367316437395,1.4242312949221907,2.6035447023281133,16,17,8.01108035393415,2.2526889902155567,5,3,0.6,2.4292176103137715,0.4858435220627543,2.1959866317439767,1.016091221511916,3,4,11.800352670565543,1.2110473458469828
grid_0350,14,14,20,20,0.0,0.6,0.5,55.0,True,0.01,0.3,2.0,35,27,13,0.48148148148148145,7.5812092474968065,0.28078552768506687,1.5512833777251587,2.207826813043736,19,21,10.377842492927755,3.793302009817645,1.1083675386557967,22,10,0.45454545454545453,3.650791457183034,0.16594506623559246,1.311480067863012,2.207826813043736,16,17,8.563692248015391,1.791065546557724,5,3,0.6,3.9304177903137716,0.7860835580627544,2.9350786501900905,1.016091221511916,3,4,18.360103570542158,1.9670060947972967
grid_0351,14,14,20,20,0.0,0.6,0.5,55.0,True,0.01,0.3,2.5,35,27,12,0.4444444444444444,6.173240290330277,0.22863852927149175,1.4178392309410173,2.319695702683573,19,21,9.363841765157337,3.0572729872391458,1.1631350730361034,22,10,0.45454545454545453,5.858040549980153,0.2662745704536433,1.4997992598185856,2.319695702683573,16,17,10.102877562436348,2.907891589009215,5,2,0.4,0.3151997403501243,0.06303994807002485,1.103228660780349,2.1743746027440736,3,4,6.112084257129692,0.14516029424302967
grid_0352,14,14,20,20,0.0,0.6,0.5,55.0,True,0.01,0.45,1.0,35,28,19,0.6785714285714286,9.609190829532494,0.3431853867690176,2.051224704148009,2.041444006151528,19,21,9.255027651838168,4.885486348946588,1.0181174294850326,22,16,0.7272727272727273,9.687165384822851,0.4403256993101296,2.588081053080942,2.041444006151528,16,17,11.615889665710615,4.934269345049103,6,3,0.5,-0.07797455529035813,-0.012995759215059669,0.9743591602600542,2.0260305005403305,3,4,0.5985336009725263,-0.04648909875389906
grid_0353,14,14,20,20,0.0,0.6,0.5,55.0,True,0.01,0.45,1.5,35,27,15,0.5555555555555556,8.991578991087327,0.3330214441143454,1.771736228496599,2.59154208797297,19,21,11.357537485983046,4.544392219813709,1.2952511721239346,22,12,0.5454545454545454,6.556315259147055,0.2980143299612298,1.681380038427449,2.59154208797297,16,17,11.011366550667072,3.2903461096851716,5,3,0.6,2.435263731940272,0.4870527463880544,2.200233522677938,1.014999203681156,3,4,12.880689601373328,1.2140980811477187
grid_0354,14,14,20,20,0.0,0.6,0.5,55.0,True,0.01,0.45,2.0,35,27,13,0.48148148148148145,5.038631548346419,0.18661598327208953,1.3679621230861156,2.2273244420622094,19,21,9.760626591278413,2.491810660257898,1.1121596035419068,22,11,0.5,5.275805717968907,0.23980935081676844,1.4956419132501506,2.09114202797297,16,17,11.134911960707559,2.6233237745543647,5,2,0.4,-0.2371741696224885,-0.047434833924497696,0.9222112784932942,2.2273244420622094,3,4,3.7137709657901707,-0.12815129101196865
grid_0355,14,14,20,20,0.0,0.6,0.5,55.0,True,0.01,0.45,2.5,35,26,13,0.5,7.813183567743492,0.3005070602978267,1.6166237639469896,2.2273244420622103,19,21,11.534139626590742,3.913973193913689,1.1121596035418846,21,11,0.5238095238095238,7.549957677365982,0.3595217941602849,1.7846593621990354,2.041444006151528,16,17,12.813373074018527,3.790186670182205,5,2,0.4,0.26322589037751065,0.052645178075502175,1.086333201935618,2.22732444206221,3,4,6.161359147394049,0.11926611532631082
grid_0356,14,14,20,20,0.0,0.6,0.5,55.0,True,0.01,0.6,1.0,35,26,14,0.5384615384615384,2.8730041535930257,0.11050015975357791,1.2645552987929392,3.0824934593884645,18,20,5.790079122923185,1.4163792619723115,1.535727620482552,21,11,0.5238095238095238,1.9338520355211504,0.09208819216767382,1.2189444435960965,3.0824934593884645,15,16,5.672737239559302,0.9475586595200536,5,3,0.6,0.9391521180718756,0.18783042361437513,1.463290646517206,1.0140527628821874,3,4,6.282915033051493,0.4644199509901137
grid_0357,14,14,20,20,0.0,0.6,0.5,55.0,True,0.01,0.6,1.5,35,26,13,0.5,4.9701343373916345,0.19115901297660132,1.4183731423788082,2.582093399388464,18,20,9.219570015357418,2.471138550342644,1.2905770031546027,21,10,0.47619047619047616,2.529782039319759,0.12046581139617904,1.2567645840499295,2.582093399388464,15,16,8.090651797066068,1.2393932575872402,5,3,0.6,2.440352298071875,0.4880704596143749,2.20384373537338,1.0140527628821874,3,4,13.96102653218109,1.2166660161834653
grid_0358,14,14,20,20,0.0,0.6,0.5,55.0,True,0.01,0.6,2.0,35,25,12,0.48,6.3466005869782425,0.2538640234791297,1.5343426298679088,2.3217052077702967,18,20,11.827149933584725,3.167858124196843,1.1661474613030465,20,10,0.5,6.629592239100321,0.33147961195501596,1.7506191508723528,2.0387135556482185,15,16,13.891237040044535,3.323797422292163,5,2,0.4,-0.2829916521220779,-0.056598330424415554,0.9070706345701807,2.2739757621355245,3,4,3.570801507745478,-0.1509229257786293
grid_0359,14,14,20,20,0.0,0.6,0.5,55.0,True,0.01,0.6,2.5,35,25,12,0.48,7.897911397123519,0.31591645588494066,1.6649529442677649,2.2739757621355245,18,20,12.478482668543098,3.9610417507818685,1.1351150011338684,20,10,0.5,7.680502989245596,0.38402514946227967,1.8696059160408425,2.0387135556482185,15,16,14.04544482626427,3.8608813846712,5,2,0.4,0.2174084078779226,0.0434816815755845,1.071393008350957,2.2739757621355245,3,4,6.2106340376584,0.0964370461480124
grid_0360,14,14,20,20,0.0,0.6,1.0,55.0,True,,0.3,1.0,149,58,33,0.5689655172413793,6.5710110037995095,0.11329329316895705,1.2609605028692146,5.233856732197113,28,39,1.9092636817612543,3.267182676753322,2.5965201502309743,48,30,0.625,10.76308808613968,0.22423100179457667,1.595797848738521,4.218071317499,23,33,4.729842160575009,5.467855391387211,10,3,0.3,-4.1920770823401705,-0.41920770823401715,0.41081948482818953,5.160706786681024,5,6,-11.62951301654477,-2.086581457892789
grid_0361,14,14,20,20,0.0,0.6,1.0,55.0,True,,0.3,1.5,149,55,27,0.4909090909090909,9.221390849648,0.1676616518117818,1.3285813736997185,6.704725580378367,28,38,3.9145727038035107,4.611135817023926,3.309556149467119,44,24,0.5454545454545454,12.94339179527515,0.29416799534716254,1.6498328928801405,6.704725580378367,23,32,7.287105192902047,6.595917791510009,11,3,0.2727272727272727,-3.7220009456271503,-0.33836372232974105,0.5431009683349388,5.648915068012258,5,6,-9.575557252590636,-1.8619680899676139
grid_0362,14,14,20,20,0.0,0.6,1.0,55.0,True,,0.3,2.0,149,55,22,0.4,1.316578026251964,0.02393778229549026,1.0396947075721128,10.228984817958185,28,38,1.4327789390140955,0.5389190609271788,4.998374532610872,44,19,0.4318181818181818,3.537378791879114,0.08039497254270717,1.1413742820369668,10.228984817958185,23,32,3.813816722189778,1.6868807312228284,11,3,0.2727272727272727,-2.22080076562715,-0.20189097869337733,0.7273827346744268,5.148515008012256,5,6,-8.091372193688636,-1.1289181672608728
grid_0363,14,14,20,20,0.0,0.6,1.0,55.0,True,,0.3,2.5,149,53,21,0.39622641509433965,4.995471410152586,0.09425417755004883,1.1554015599680505,10.228984817958187,27,37,2.201085407003999,2.384469178494797,4.99837453261085,43,18,0.4186046511627907,6.902019701996755,0.16051208609294784,1.2758449511301688,10.228984817958187,22,31,4.721444313172495,3.3903146830016606,10,3,0.3,-1.9065482918441687,-0.1906548291844169,0.7323839987315792,5.835062654229278,5,6,-8.636457889520532,-0.9728624074613057
grid_0364,14,14,20,20,0.0,0.6,1.0,55.0,True,,0.45,1.0,149,56,32,0.5714285714285714,7.442180035311536,0.1328960720591346,1.3095554843360662,5.206420056910108,27,38,2.047791052534172,3.7196421360017773,2.583152827722701,46,29,0.6304347826086957,11.612042383735874,0.2524357039942581,1.685597117990446,3.047668950207411,22,32,5.191305545613738,5.918192121650545,10,3,0.3,-4.169862348424336,-0.41698623484243347,0.4130578177428279,5.143382797462985,5,6,-12.412375615631834,-2.0757057325182404
grid_0365,14,14,20,20,0.0,0.6,1.0,55.0,True,,0.45,1.5,149,54,27,0.5,10.841937988888322,0.20077662942385796,1.402853589852534,5.6329137747846545,27,37,4.462110916233913,5.4633067702971605,2.7886388122347783,43,24,0.5581395348837209,14.5371473041731,0.33807319312030476,1.7739969220498304,4.223158915049414,22,31,8.231862969955293,7.449865353428908,11,3,0.2727272727272727,-3.6952093152847754,-0.3359281195713432,0.5455367311654009,5.632913774784653,5,6,-10.274192566495119,-1.8488237063838509
grid_0366,14,14,20,20,0.0,0.6,1.0,55.0,True,,0.45,2.0,149,53,23,0.4339622641509434,4.7837808694831025,0.09026001640534152,1.1596226591956864,7.4158823142912205,27,37,2.2423183011512418,2.3024037007314035,3.6651132018956534,43,20,0.46511627906976744,7.69869533155691,0.17903942631527697,1.336819989143519,7.4158823142912205,22,31,5.115008222315981,3.8239021607755497,10,3,0.3,-2.914914462073809,-0.2914914462073809,0.5901590753019588,5.853419041573687,5,6,-10.110248359857136,-1.4654606775307388
grid_0367,14,14,20,20,0.0,0.6,1.0,55.0,True,,0.45,2.5,149,52,22,0.4230769230769231,7.807442503407272,0.1501431250655245,1.2605145946089196,6.696314438882176,26,36,2.6981207704399495,3.837008514295004,3.311237025417657,42,19,0.4523809523809524,9.721556845481082,0.231465639178121,1.4253207238544991,6.696314438882176,21,30,5.469808858770692,4.861098588517532,10,3,0.3,-1.914114342073809,-0.19141143420738085,0.7308729288147982,5.853419041573687,5,6,-8.94296920054917,-0.9766158165490202
grid_0368,14,14,20,20,0.0,0.6,1.0,55.0,True,,0.6,1.0,149,54,27,0.5,1.0931383828543573,0.02024330338619184,1.0430325957927913,6.208208241293169,27,37,0.9411803014626299,0.4837991833189115,3.0711559596921845,43,24,0.5581395348837209,6.268843709328198,0.14578706300763256,1.362700330423889,4.172868870786518,22,31,4.492325595859492,3.1324777943618987,11,3,0.2727272727272727,-5.175705326473841,-0.4705186660430765,0.36250022709871577,6.1528257142307305,5,6,-12.940569485725103,-2.5682293955200275
grid_0369,14,14,20,20,0.0,0.6,1.0,55.0,True,,0.6,1.5,149,53,23,0.4339622641509434,1.7023817200964226,0.03212040981314005,1.0583873005975244,8.453872581979146,27,37,1.4397573054940955,0.7633663176963346,4.1595793359843425,42,20,0.47619047619047616,5.376886866570265,0.12802111587072063,1.2555802903012043,8.453872581979146,22,31,4.690672473228156,2.6507676676625014,11,3,0.2727272727272727,-3.674505146473842,-0.334045922406713,0.5474054165294616,5.620199716202878,5,6,-10.97282788039959,-1.838662674278968
grid_0370,14,14,20,20,0.0,0.6,1.0,55.0,True,,0.6,2.0,149,52,23,0.4423076923076923,7.955046167572194,0.152981657068696,1.282688910937579,7.4530724619791435,27,37,4.164661960078473,3.9362786965962293,3.68291816161328,42,20,0.47619047619047616,10.876843935735216,0.2589724746603623,1.5170104931795434,7.4530724619791435,22,31,7.681017200711183,5.485701827621714,10,3,0.3,-2.9217977681630227,-0.29217977681630225,0.5886345583718818,5.8682924578920606,5,6,-10.60403005057891,-1.46884658695966
grid_0371,14,14,20,20,0.0,0.6,1.0,55.0,True,,0.6,2.5,149,51,21,0.4117647058823529,7.580566965432483,0.14863856794965655,1.262682872845925,6.678586461573206,26,36,3.465156275135848,3.72615619341492,3.302682567804671,41,18,0.43902439024390244,9.501564613595507,0.2317454783803782,1.4367418125052855,6.678586461573206,21,30,6.566287198724541,4.752761120122084,10,3,0.3,-1.920997648163023,-0.1920997648163023,0.7295391027695975,5.8682924578920606,5,6,-9.249480511577795,-0.980026603336881
grid_0372,14,14,20,20,0.0,0.6,1.0,55.0,True,0.01,0.3,1.0,34,28,19,0.6785714285714286,9.566235334632921,0.3416512619511757,2.0448734996673332,2.0470203491447303,19,21,8.532888663679053,4.862995972036388,1.0208913875289105,22,16,0.7272727272727273,9.651393882965246,0.43869972195296564,2.579326163258571,2.0470203491447303,16,17,10.71102880954333,4.915535780751279,6,3,0.5,-0.0851585483323265,-0.014193091388721102,0.9720270438471783,2.0282258634285806,3,4,0.5463747955100322,-0.05007819702194105
grid_0373,14,14,20,20,0.0,0.6,1.0,55.0,True,0.01,0.3,1.5,34,27,14,0.5185185185185185,6.968788755629355,0.25810328724553167,1.5476704885954455,2.6035447023281133,19,21,8.624095345587216,3.492167067357932,1.3011880859600145,22,11,0.5,4.539571145315582,0.20634414296889014,1.4245256882143849,2.6035447023281133,16,17,7.9022186808194155,2.2538248356586577,5,3,0.6,2.4292176103137715,0.4858435220627543,2.1959866317439767,1.016091221511916,3,4,11.800352670565543,1.2110473458469828
grid_0374,14,14,20,20,0.0,0.6,1.0,55.0,True,0.01,0.3,2.0,34,27,13,0.48148148148148145,7.583419583196163,0.2808673919702282,1.55153275426839,2.20561647734438,19,21,10.289140388908342,3.7944549687302542,1.1072690285706344,22,10,0.45454545454545453,3.65300179288239,0.16604553604010863,1.3117274367503775,2.20561647734438,16,17,8.454830574900656,1.792196264185697,5,3,0.6,3.9304177903137716,0.7860835580627544,2.9350786501900905,1.016091221511916,3,4,18.360103570542158,1.9670060947972967
grid_0375,14,14,20,20,0.0,0.6,1.0,55.0,True,0.01,0.3,2.5,34,27,12,0.4444444444444444,6.175450626029633,0.22872039355665308,1.418051382504728,2.317485366984217,19,21,9.275139661137924,3.058417770178923,1.1620371713207733,22,10,0.45454545454545453,5.860250885679509,0.2663750402581595,1.5000821491153915,2.317485366984217,16,17,9.994015889321615,2.909034712587455,5,2,0.4,0.3151997403501243,0.06303994807002485,1.103228660780349,2.1743746027440736,3,4,6.112084257129692,0.14516029424302967
grid_0376,14,14,20,20,0.0,0.6,1.0,55.0,True,0.01,0.45,1.0,34,28,19,0.6785714285714286,9.610626061004432,0.34323664503587253,2.051546820017986,2.041444006151528,19,21,9.185173329271858,4.886242866340407,1.0181174294850326,22,16,0.7272727272727273,9.688600616294789,0.4403909371043086,2.5886901381708434,2.041444006151528,16,17,11.526984164262585,4.935026214304594,6,3,0.5,-0.07797455529035813,-0.012995759215059669,0.9743591602600542,2.0260305005403305,3,4,0.5985336009725263,-0.04648909875389906
grid_0377,14,14,20,20,0.0,0.6,1.0,55.0,True,0.01,0.45,1.5,34,27,15,0.5555555555555556,8.993014222559266,0.33307460083552837,1.771954505227447,2.59154208797297,19,21,11.28509596628465,4.545146276965917,1.2952511721239346,22,12,0.5454545454545454,6.557750490618994,0.29807956775540884,1.6816308699984928,2.59154208797297,16,17,10.92246104921904,3.2910911216612826,5,3,0.6,2.435263731940272,0.4870527463880544,2.200233522677938,1.014999203681156,3,4,12.880689601373328,1.2140980811477187
grid_0378,14,14,20,20,0.0,0.6,1.0,55.0,True,0.01,0.45,2.0,34,27,13,0.48148148148148145,5.040066779818357,0.18666913999327245,1.3681055174421217,2.2273244420622094,19,21,9.688185071580017,2.492549912562403,1.1121596035419068,22,11,0.5,5.277240949440845,0.23987458861094746,1.4958436046445878,2.09114202797297,16,17,11.046006459259528,2.624063975435864,5,2,0.4,-0.2371741696224885,-0.047434833924497696,0.9222112784932942,2.2273244420622094,3,4,3.7137709657901707,-0.12815129101196865
grid_0379,14,14,20,20,0.0,0.6,1.0,55.0,True,0.01,0.45,2.5,34,26,13,0.5,7.814618799215433,0.30056226150828586,1.616806899360215,2.2273244420622103,19,21,11.458911894596257,3.914722703983342,1.112159603541918,21,11,0.5238095238095238,7.551392908837923,0.3595901385160915,1.7849256055143679,2.041444006151528,16,17,12.720233977263447,3.790935287405217,5,2,0.4,0.26322589037751065,0.052645178075502175,1.086333201935618,2.22732444206221,3,4,6.161359147394049,0.11926611532631082
grid_0380,14,14,20,20,0.0,0.6,1.0,55.0,True,0.01,0.6,1.0,34,26,14,0.5384615384615384,2.873910732947816,0.11053502819030064,1.2646608735565876,3.0824934593884645,18,20,5.731737382338982,1.4168413150291936,1.535727620482552,21,11,0.5238095238095238,1.9347586148759408,0.09213136261314005,1.219069568858496,3.0824934593884645,15,16,5.600504608359813,0.9480185766301163,5,3,0.6,0.9391521180718756,0.18783042361437513,1.463290646517206,1.0140527628821874,3,4,6.282915033051493,0.4644199509901137
grid_0381,14,14,20,20,0.0,0.6,1.0,55.0,True,0.01,0.6,1.5,34,26,13,0.5,4.971040916746427,0.19119388141332408,1.4184813916889516,2.582093399388464,18,20,9.161228274773215,2.471605408883226,1.2905770031546027,21,10,0.47619047619047616,2.530688618674551,0.12050898184164527,1.2568802356744524,2.582093399388464,15,16,8.018419165866579,1.2398545042958675,5,3,0.6,2.440352298071875,0.4880704596143749,2.20384373537338,1.0140527628821874,3,4,13.96102653218109,1.2166660161834653
grid_0382,14,14,20,20,0.0,0.6,1.0,55.0,True,0.01,0.6,2.0,34,25,12,0.48,6.347507166333033,0.2539002866533213,1.53445975227315,2.3217052077702967,18,20,11.766474523377154,3.1683281569921062,1.1661474613030132,20,10,0.5,6.630498818455111,0.33152494092275553,1.7507988619728063,2.0387135556482185,15,16,13.815392777285073,3.3242681655468953,5,2,0.4,-0.2829916521220779,-0.056598330424415554,0.9070706345701807,2.2739757621355245,3,4,3.570801507745478,-0.1509229257786293
grid_0383,14,14,20,20,0.0,0.6,1.0,55.0,True,0.01,0.6,2.5,34,25,12,0.48,7.898817976478309,0.3159527190591323,1.6650800366718017,2.2739757621355245,18,20,12.417807258335527,3.961515397321902,1.1351150011338684,20,10,0.5,7.681409568600387,0.38407047843001924,1.869797841815457,2.0387135556482185,15,16,13.969600563504807,3.8613545748805933,5,2,0.4,0.2174084078779226,0.0434816815755845,1.071393008350957,2.2739757621355245,3,4,6.2106340376584,0.0964370461480124
grid_0384,14,14,20,20,0.0,0.6,0.5,60.0,True,,0.3,1.0,225,65,37,0.5692307692307692,7.227068070607484,0.1111856626247305,1.2552351103299524,8.366684935145072,29,39,1.2309826770877972,3.5975888983957427,4.11685724182751,55,34,0.6181818181818182,11.462862493005227,0.20841568169100413,1.5412334412060458,8.366684935145072,24,33,3.538351513245883,5.828432723761612,10,3,0.3,-4.235794422397745,-0.42357944223977445,0.406434735257024,7.1361898581311305,5,6,-11.459545921781675,-2.1079815395064316
grid_0385,14,14,20,20,0.0,0.6,0.5,60.0,True,,0.3,1.5,225,60,26,0.43333333333333335,0.010989245758946664,0.00018315409598246106,1.0003205682876668,13.331991471139625,28,38,1.5302813129926975,-0.09955629039326563,6.464718795333802,50,24,0.48,5.2475837881566845,0.10495167576313373,1.2010261159244597,13.331991471139625,23,32,4.232195559029453,2.5669430408638227,10,2,0.2,-5.2365945423977385,-0.5236594542397739,0.3595573633752983,8.176523927257476,5,6,-11.979289917191078,-2.599764848402153
grid_0386,14,14,20,20,0.0,0.6,0.5,60.0,True,,0.3,2.0,225,60,23,0.38333333333333336,-1.3845026552185324,-0.023075044253642204,0.9629247823597824,13.331991471139624,28,38,0.9176100830945496,-0.8194642570579114,6.46471879533379,50,21,0.42,2.851291767179207,0.05702583534358416,1.0977589603045594,13.331991471139624,23,32,3.3173870904231997,1.323869187155302,10,2,0.2,-4.23579442239774,-0.423579442239774,0.48195657958302013,8.176523927257476,5,6,-11.081274953548702,-2.115329252038578
grid_0387,14,14,20,20,0.0,0.6,0.5,60.0,True,,0.3,2.5,225,59,21,0.3559322033898305,0.47893807489910545,0.008117594489815375,1.0124807389066328,13.331991471139625,27,37,1.2957578854737015,0.08318528439448247,6.464718795333802,49,20,0.40816326530612246,7.216732797296846,0.1472802611693234,1.247431814302718,13.331991471139625,22,31,4.299053157195139,3.532385020676587,10,1,0.1,-6.737794722397739,-0.6737794722397741,0.2682374651257299,9.207624606738595,5,6,-13.420388945961344,-3.331517703946718
grid_0388,14,14,20,20,0.0,0.6,0.5,60.0,True,,0.45,1.0,225,64,35,0.546875,4.188152399315171,0.06543988123929959,1.1433498437933318,8.155320417776593,28,38,0.6437924632549967,2.0366366302231764,4.00565338638309,54,33,0.6111111111111112,10.394948538114269,0.19249904700211612,1.4935642838729375,4.3104385501975235,23,32,3.3502994359134624,5.266354602967338,10,2,0.2,-6.206796138799096,-0.6206796138799098,0.23892675936192428,8.155320417776592,5,6,-13.97134518910072,-3.0681388986307456
grid_0389,14,14,20,20,0.0,0.6,0.5,60.0,True,,0.45,1.5,225,59,27,0.4576271186440678,4.182809692249611,0.07089507952965443,1.1304643829598597,8.277767480427757,27,37,2.143491756247051,2.0058767001622124,4.073250062324796,49,25,0.5102040816326531,9.388805711048711,0.19160827981732065,1.3927448471121608,8.277767480427757,22,31,5.21654994727585,4.712530420446104,10,2,0.2,-5.205996018799101,-0.52059960187991,0.36164420867495173,8.155320417776593,5,6,-12.914493379794067,-2.5848422432502405
grid_0390,14,14,20,20,0.0,0.6,0.5,60.0,True,,0.45,2.0,225,59,24,0.4067796610169492,2.8955330945524467,0.04907683211105844,1.082430612017545,9.181916827837748,27,37,1.6867193175324422,1.3249597306438377,4.4983906444816535,49,23,0.46938775510204084,10.103129353351544,0.206186313333705,1.3894056696499553,7.276967360427754,22,31,5.116010711788273,5.06053049527968,10,1,0.1,-7.2075962587990965,-0.7207596258799097,0.21502270234608334,9.181916827837746,5,6,-15.116808514321127,-3.555636685847152
grid_0391,14,14,20,20,0.0,0.6,0.5,60.0,True,,0.45,2.5,225,58,22,0.3793103448275862,2.0010261517287344,0.03450045089187475,1.0552910791239576,11.267131055552559,26,36,1.385359533835989,0.8564858406198583,5.491502967441242,48,21,0.4375,8.70822235052783,0.18142129896932982,1.3224211577321763,6.276167240427753,21,30,4.716299269146283,4.316337061268105,10,1,0.1,-6.707196198799095,-0.6707196198799096,0.26952113327097343,9.181916827837746,5,6,-14.603151195653425,-3.3166916305891525
grid_0392,14,14,20,20,0.0,0.6,0.5,60.0,True,,0.6,1.0,225,58,27,0.46551724137931033,-4.02436283052048,-0.06938556604345654,0.8636692347327728,8.13920069828795,27,37,-0.45232331165607487,-2.0586330090822447,3.9978762315055816,48,25,0.5208333333333334,2.159375221349639,0.0449869837781175,1.101000205846567,7.270033830518574,22,31,2.5920646437005703,1.0297859663322528,10,2,0.2,-6.18373805187012,-0.618373805187012,0.2402524177624906,8.139200698287953,5,6,-15.065385497367973,-3.0569390461182233
grid_0393,14,14,20,20,0.0,0.6,0.5,60.0,True,,0.6,1.5,225,58,26,0.4482758620689655,2.570093314061812,0.04431195369072092,1.0822795799449194,8.247324596597348,27,37,1.5581878056072072,1.193374770528366,4.058644487112084,48,24,0.5,7.753031245931934,0.16152148429024865,1.3356740931656328,8.247324596597348,22,31,4.768163773941426,3.8664771316030855,10,2,0.2,-5.1829379318701205,-0.5182937931870122,0.36321290947398166,8.13920069828795,5,6,-13.849696842397043,-2.573594902701659
grid_0394,14,14,20,20,0.0,0.6,0.5,60.0,True,,0.6,2.0,225,58,24,0.41379310344827586,4.430962428725022,0.07639590394353482,1.1330093487072466,11.235048568949265,27,37,3.5774877907031364,2.1092289201011694,5.476262549930966,48,23,0.4791666666666667,11.61550060059514,0.2419895958457321,1.4809590357490154,7.246524476597349,22,31,7.734810270591429,5.8614736124152245,10,1,0.1,-7.18453817187012,-0.718453817187012,0.21587224312998576,9.16245867962701,5,6,-16.37766011276067,-3.5444856039430817
grid_0395,14,14,20,20,0.0,0.6,0.5,60.0,True,,0.6,2.5,225,57,21,0.3684210526315789,0.6239431477884008,0.010946371013831602,1.0181412531048482,11.235048568949265,26,36,2.0094517226479893,0.17744329955529103,5.476262549930977,47,20,0.425531914893617,7.308081259658521,0.1554910906310324,1.289645198834033,9.087558825969003,21,30,5.7956996307317095,3.602026070895037,10,1,0.1,-6.684138111870119,-0.668413811187012,0.2704864113895004,9.16245867962701,5,6,-15.785913445345495,-3.3055171807125583
grid_0396,14,14,20,20,0.0,0.6,0.5,60.0,True,0.01,0.3,1.0,34,27,18,0.6666666666666666,8.574001361176464,0.3175556059694986,1.9362705555950823,2.0470203491447303,18,20,7.984827435738523,4.345309529052033,1.0208913875289105,21,15,0.7142857142857143,8.659159909508789,0.41234094807184707,2.416447548356744,2.0470203491447303,15,16,10.110099618660948,4.397589959838255,6,3,0.5,-0.0851585483323265,-0.014193091388721102,0.9720270438471783,2.0282258634285806,3,4,0.5463747955100322,-0.05007819702194105
grid_0397,14,14,20,20,0.0,0.6,0.5,60.0,True,0.01,0.3,1.5,34,26,14,0.5384615384615384,7.978155022172899,0.3068521162374192,1.6810174245551348,2.6035447023281133,18,20,10.058887606383713,4.017123910189491,1.3011880859600145,21,11,0.5238095238095238,5.548937411859127,0.26423511485043466,1.573005789539817,2.6035447023281133,15,16,9.6442530672928,2.7725002733682613,5,3,0.6,2.4292176103137715,0.4858435220627543,2.1959866317439767,1.016091221511916,3,4,11.800352670565543,1.2110473458469828
grid_0398,14,14,20,20,0.0,0.6,0.5,60.0,True,0.01,0.3,2.0,34,26,13,0.5,8.592785849739709,0.3304917634515272,1.6744543904493416,2.207826813043736,18,20,11.787972843678727,4.320945145985355,1.1083675386557967,21,10,0.47619047619047616,4.662368059425935,0.22201752663933025,1.4353605903955826,2.207826813043736,15,16,10.223179813473147,2.3085301229690103,5,3,0.6,3.9304177903137716,0.7860835580627544,2.9350786501900905,1.016091221511916,3,4,18.360103570542158,1.9670060947972967
grid_0399,14,14,20,20,0.0,0.6,0.5,60.0,True,0.01,0.3,2.5,34,26,12,0.46153846153846156,7.184816892573178,0.2763391112528145,1.5220528658800452,2.319695702683573,18,20,10.73497208791714,3.5811744497702858,1.1631350730361034,21,10,0.47619047619047616,6.869617152223054,0.3271246262963359,1.6414681425969824,2.319695702683573,15,16,11.835659666676056,3.431033656975213,5,2,0.4,0.3151997403501243,0.06303994807002485,1.103228660780349,2.1743746027440736,3,4,6.112084257129692,0.14516029424302967
grid_0400,14,14,20,20,0.0,0.6,0.5,60.0,True,0.01,0.45,1.0,34,27,19,0.7037037037037037,10.619746593431724,0.3933239479048786,2.3061788039029083,2.041444006151528,18,20,10.67213183213355,5.418140898469037,1.0181174294850326,21,16,0.7619047619047619,10.697721148722081,0.5094152927962896,3.1019764531854244,2.041444006151528,15,16,13.550302755322415,5.467171636043866,6,3,0.5,-0.07797455529035813,-0.012995759215059669,0.9743591602600542,2.0260305005403305,3,4,0.5985336009725263,-0.04648909875389906
grid_0401,14,14,20,20,0.0,0.6,0.5,60.0,True,0.01,0.45,1.5,34,26,15,0.5769230769230769,10.00213475498656,0.3846974905764061,1.9400018321899821,2.59154208797297,18,20,12.910011436064591,5.075314543591514,1.2952511721239346,21,12,0.5714285714285714,7.566871023046287,0.36032719157363263,1.8786879558750924,2.59154208797297,15,16,12.916992825276798,3.814899836728336,5,3,0.6,2.435263731940272,0.4870527463880544,2.200233522677938,1.014999203681156,3,4,12.880689601373328,1.2140980811477187
grid_0402,14,14,20,20,0.0,0.6,0.5,60.0,True,0.01,0.45,2.0,34,26,13,0.5,6.049187312245646,0.23266105047098645,1.4769604045140639,2.2273244420622103,18,20,11.251680891563627,3.0123090736928537,1.1121596035419068,21,11,0.5238095238095238,6.286361481868135,0.29935054675562556,1.652529560784439,2.09114202797297,15,16,13.046421350081115,3.1444900693244016,5,2,0.4,-0.2371741696224885,-0.047434833924497696,0.9222112784932942,2.2273244420622094,3,4,3.7137709657901707,-0.12815129101196865
grid_0403,14,14,20,20,0.0,0.6,0.5,60.0,True,0.01,0.45,2.5,34,25,13,0.52,8.823739331642726,0.35294957326570897,1.7567300229093672,2.2273244420622103,18,20,13.155776620299859,4.441693973093197,1.1121596035418957,20,11,0.55,8.560513441265215,0.42802567206326064,1.9940907907531074,2.041444006151528,15,16,14.904380988526313,4.31727880704591,5,2,0.4,0.26322589037751065,0.052645178075502175,1.086333201935618,2.22732444206221,3,4,6.161359147394049,0.11926611532631082
grid_0404,14,14,20,20,0.0,0.6,0.5,60.0,True,0.01,0.6,1.0,34,25,14,0.56,3.882715748234801,0.1553086299293921,1.39418284118608,3.0824934593884645,17,19,7.290803240067187,1.9309837426633836,1.535727620482552,20,11,0.55,2.9435636301629255,0.14717818150814632,1.3762750703290054,3.0824934593884645,14,15,7.54277529182111,1.459784262317676,5,3,0.6,0.9391521180718756,0.18783042361437513,1.463290646517206,1.0140527628821874,3,4,6.282915033051493,0.4644199509901137
grid_0405,14,14,20,20,0.0,0.6,0.5,60.0,True,0.01,0.6,1.5,34,25,13,0.52,5.979845932033413,0.23919383728133645,1.5501259901065279,2.582093399388464,17,19,10.85747376819879,2.99109506450006,1.2905770031546027,20,10,0.5,3.5394936339615377,0.1769746816980768,1.4002673682480395,2.582093399388464,14,15,10.081585577203214,1.7530996802768373,5,3,0.6,2.440352298071875,0.4880704596143749,2.20384373537338,1.0140527628821874,3,4,13.96102653218109,1.2166660161834653
grid_0406,14,14,20,20,0.0,0.6,0.5,60.0,True,0.01,0.6,2.0,34,24,12,0.5,7.356312181620018,0.3065130075675008,1.6768976642489908,2.3217052077702967,17,19,13.64194883938729,3.691349915565878,1.1661474613030354,19,10,0.5263157894736842,7.639303833742096,0.4020686228285314,1.9765866765143547,2.0387135556482185,14,15,16.292250768766714,3.848080476986704,5,2,0.4,-0.2829916521220779,-0.056598330424415554,0.9070706345701807,2.2739757621355245,3,4,3.570801507745478,-0.1509229257786293
grid_0407,14,14,20,20,0.0,0.6,0.5,60.0,True,0.01,0.6,2.5,34,24,12,0.5,8.907622991765292,0.3711509579902205,1.8196429200220123,2.2739757621355245,17,19,14.320420438302262,4.488558294870537,1.1351150011338795,19,10,0.5263157894736842,8.69021458388737,0.45737971494144053,2.110932090590502,2.0387135556482185,14,15,16.45457475426117,4.387889697510028,5,2,0.4,0.2174084078779226,0.0434816815755845,1.071393008350957,2.2739757621355245,3,4,6.2106340376584,0.0964370461480124
grid_0408,14,14,20,20,0.0,0.6,1.0,60.0,True,,0.3,1.0,124,53,30,0.5660377358490566,5.641853333071176,0.10645006288813541,1.243717805272434,5.233856732197115,28,37,1.637454019121881,2.7949376035343976,2.596520150230941,43,27,0.627906976744186,9.833930415411348,0.22869605617235694,1.61331641242987,3.2019251603783676,23,31,4.722795190207148,4.9855465513420905,10,3,0.3,-4.1920770823401705,-0.41920770823401715,0.41081948482818953,5.160706786681024,5,6,-11.62951301654477,-2.086581457892789
grid_0409,14,14,20,20,0.0,0.6,1.0,60.0,True,,0.3,1.5,124,51,25,0.49019607843137253,8.287551119543199,0.16250100234398432,1.318419054617231,6.704725580378367,28,36,3.886527329018407,4.132250071272803,3.309556149467119,41,22,0.5365853658536586,10.984058883283446,0.2679038752020353,1.5809687301317825,6.704725580378367,23,30,7.100018977109718,5.563881269178972,10,3,0.3,-2.6965077637402475,-0.2696507763740247,0.6213157626306719,4.623421886125355,5,6,-9.288788428155968,-1.356175218923239
grid_0410,14,14,20,20,0.0,0.6,1.0,60.0,True,,0.3,2.0,124,51,20,0.39215686274509803,0.8866084775157526,0.01738447995128926,1.028480356220659,10.228984817958185,28,36,1.3967276233219934,0.3308187587749867,4.998374532610872,41,17,0.4146341463414634,2.081916061255999,0.050778440518439,1.086711104739517,10.228984817958185,23,30,3.6047550590990083,0.9560874959364973,10,3,0.3,-1.1953075837402467,-0.11953075837402467,0.8321369043111524,4.123021826125353,5,6,-7.656184863363768,-0.6193472356847307
grid_0411,14,14,20,20,0.0,0.6,1.0,60.0,True,,0.3,2.5,124,50,19,0.38,3.0396086195294707,0.060792172390589407,1.097629904969398,10.228984817958187,27,35,1.745348405065207,1.3974592921615736,4.99837453261085,40,16,0.4,4.946156911373639,0.12365392278434098,1.2060057741912333,10.228984817958187,22,29,4.340799978711642,2.3936082141199577,10,3,0.3,-1.9065482918441687,-0.1906548291844169,0.7323839987315792,5.835062654229278,5,6,-8.636457889520532,-0.9728624074613057
grid_0412,14,14,20,20,0.0,0.6,1.0,60.0,True,,0.45,1.0,124,52,30,0.5769230769230769,7.493620682123498,0.14410809004083652,1.3403707490868122,5.206420056910108,27,36,2.353937929126204,3.751510269388114,2.5831528277227234,42,27,0.6428571428571429,11.663483030547836,0.27770197691780557,1.7821714726045101,3.047668950207411,22,30,5.8697268683543085,5.950735765313975,10,3,0.3,-4.169862348424336,-0.41698623484243347,0.4130578177428279,5.143382797462985,5,6,-12.412375615631834,-2.0757057325182404
grid_0413,14,14,20,20,0.0,0.6,1.0,60.0,True,,0.45,1.5,124,50,25,0.5,9.89990834221594,0.19799816684431892,1.3979052085777106,4.610687385359832,27,35,4.446507455600116,4.976224709509869,2.2892261262999147,40,22,0.55,12.572891268075896,0.31432228170189747,1.7074804153487653,4.175482402310705,22,29,8.013455484065636,6.406954340707105,10,3,0.3,-2.6729829258599525,-0.26729829258599525,0.6239845078195401,4.61068738535983,5,6,-9.821284658261964,-1.3445828236151813
grid_0414,14,14,20,20,0.0,0.6,1.0,60.0,True,,0.45,2.0,124,50,21,0.42,3.365724383513128,0.0673144876702626,1.116224766417853,7.196714498882178,27,35,1.9245908185841785,1.5861473848623353,3.5502190781197873,40,18,0.45,6.280638845586937,0.15701597113967347,1.2874901773939804,7.196714498882178,22,29,4.933300613194508,3.096993281113547,10,3,0.3,-2.914914462073809,-0.2914914462073809,0.5901590753019588,5.853419041573687,5,6,-10.110248359857136,-1.4654606775307388
grid_0415,14,14,20,20,0.0,0.6,1.0,60.0,True,,0.45,2.5,124,49,20,0.40816326530612246,5.888985957437304,0.12018338688647556,1.2033577142245815,6.696314438882176,26,34,2.1832944030488974,2.855196488976919,3.311237025417657,39,17,0.4358974358974359,7.803100299511112,0.20007949485925924,1.357179380073052,6.696314438882176,21,28,5.036182506535582,3.869603465002869,10,3,0.3,-1.914114342073809,-0.19141143420738085,0.7308729288147982,5.853419041573687,5,6,-8.94296920054917,-0.9766158165490202
grid_0416,14,14,20,20,0.0,0.6,1.0,60.0,True,,0.6,1.0,124,49,25,0.5102040816326531,2.1594452311840784,0.04407031084049138,1.0965791049964002,5.313854513894858,27,35,1.543702220137203,1.0273339182169217,2.6428678665868954,39,22,0.5641025641025641,6.315472571382259,0.1619351941380066,1.4138508188392798,3.159033721758452,22,29,5.149342957153414,3.161685887851129,10,3,0.3,-4.15602734019818,-0.41560273401981807,0.414568042509444,5.13314772795507,5,6,-12.518296654226019,-2.06893862897366
grid_0417,14,14,20,20,0.0,0.6,1.0,60.0,True,,0.6,1.5,124,49,21,0.42857142857142855,0.7540532993980726,0.015388842844858646,1.0277968198254257,7.67938658157321,27,35,1.1456838515753098,0.2948342503480861,3.780671881773223,39,18,0.46153846153846156,3.4088804595962543,0.08740719127169887,1.1702036590966236,7.67938658157321,22,29,4.094264554124865,1.6525393456521487,10,3,0.3,-2.654827160198182,-0.2654827160198182,0.6260321374305967,4.600521729927218,5,6,-10.353780888367956,-1.335633230653932
grid_0418,14,14,20,20,0.0,0.6,1.0,60.0,True,,0.6,2.0,124,49,21,0.42857142857142855,6.568923359004847,0.13405966038785402,1.2421193947547233,7.178986521573208,27,35,3.9050763717093426,3.22503284102309,3.5416772247889416,39,18,0.46153846153846156,9.49072112716787,0.24335182377353512,1.473866855249282,7.178986521573208,22,29,7.625360069731973,4.76385312197265,10,3,0.3,-2.9217977681630227,-0.29217977681630225,0.5886345583718818,5.8682924578920606,5,6,-10.60403005057891,-1.46884658695966
grid_0419,14,14,20,20,0.0,0.6,1.0,60.0,True,,0.6,2.5,124,48,19,0.3958333333333333,6.181623522512788,0.12878382338568306,1.2219730285195303,6.678586461573206,26,34,3.1071118993124944,3.009812443331583,3.302682567804671,38,16,0.42105263157894735,8.10262117067581,0.21322687291252132,1.3905658282498832,6.678586461573206,21,28,6.358846744283623,4.029327528382187,10,3,0.3,-1.920997648163023,-0.1920997648163023,0.7295391027695975,5.8682924578920606,5,6,-9.249480511577795,-0.980026603336881
grid_0420,14,14,20,20,0.0,0.6,1.0,60.0,True,0.01,0.3,1.0,33,27,18,0.6666666666666666,8.57621169687582,0.31763747025466,1.9367380182631075,2.0470203491447303,18,20,7.89612533171911,4.34646861978607,1.0208913875289105,21,15,0.7142857142857143,8.661370245208145,0.41244620215276884,2.4173215603675913,2.0470203491447303,15,16,9.996054056350275,4.398749631314858,6,3,0.5,-0.0851585483323265,-0.014193091388721102,0.9720270438471783,2.0282258634285806,3,4,0.5463747955100322,-0.05007819702194105
grid_0421,14,14,20,20,0.0,0.6,1.0,60.0,True,0.01,0.3,1.5,33,26,14,0.5384615384615384,7.980365357872255,0.3069371291489329,1.681334650101877,2.6035447023281133,18,20,9.966773882978938,4.018279355365206,1.3011880859600145,21,11,0.5238095238095238,5.551147747558483,0.2643403689313564,1.5733649072978646,2.6035447023281133,15,16,9.530207504982124,2.773641892989853,5,3,0.6,2.4292176103137715,0.4858435220627543,2.1959866317439767,1.016091221511916,3,4,11.800352670565543,1.2110473458469828
grid_0422,14,14,20,20,0.0,0.6,1.0,60.0,True,0.01,0.3,2.0,33,26,13,0.5,8.594996185439065,0.3305767763630409,1.6747449435477348,2.20561647734438,18,20,11.695859120273951,4.322103966074398,1.1072690285706344,21,10,0.47619047619047616,4.664578395125291,0.22212278072025196,1.4356569039106142,2.20561647734438,15,16,10.109134251162473,2.309666588707704,5,3,0.6,3.9304177903137716,0.7860835580627544,2.9350786501900905,1.016091221511916,3,4,18.360103570542158,1.9670060947972967
grid_0423,14,14,20,20,0.0,0.6,1.0,60.0,True,0.01,0.3,2.5,33,26,12,0.46153846153846156,7.187027228272534,0.2764241241643282,1.5222973532958466,2.317485366984217,18,20,10.642858364512364,3.5823250523231653,1.1620371713208066,21,10,0.47619047619047616,6.87182748792241,0.3272298803772576,1.6418070046212012,2.317485366984217,15,16,11.721614104365381,3.43218259173097,5,2,0.4,0.3151997403501243,0.06303994807002485,1.103228660780349,2.1743746027440736,3,4,6.112084257129692,0.14516029424302967
grid_0424,14,14,20,20,0.0,0.6,1.0,60.0,True,0.01,0.45,1.0,33,27,19,0.7037037037037037,10.621181824903665,0.39337710462606157,2.3065859779369626,2.041444006151528,18,20,10.599690312435154,5.418901257790321,1.0181174294850326,21,16,0.7619047619047619,10.699156380194022,0.5094836371520962,3.1028514762693984,2.041444006151528,15,16,13.457163658567335,5.467932349013749,6,3,0.5,-0.07797455529035813,-0.012995759215059669,0.9743591602600542,2.0260305005403305,3,4,0.5985336009725263,-0.04648909875389906
grid_0425,14,14,20,20,0.0,0.6,1.0,60.0,True,0.01,0.45,1.5,33,26,15,0.5769230769230769,10.003569986458498,0.3847526917868652,1.940263541197765,2.59154208797297,18,20,12.834783704070105,5.076072430176981,1.2952511721239346,21,12,0.5714285714285714,7.568306254518226,0.3603955359294393,1.879001116628587,2.59154208797297,15,16,12.823853728521717,3.815648632202362,5,3,0.6,2.435263731940272,0.4870527463880544,2.200233522677938,1.014999203681156,3,4,12.880689601373328,1.2140980811477187
grid_0426,14,14,20,20,0.0,0.6,1.0,60.0,True,0.01,0.45,2.0,33,26,13,0.5,6.050622543717587,0.23271625168144564,1.4771275617746609,2.2273244420622103,18,20,11.176453159569139,3.013052080245071,1.1121596035419068,21,11,0.5238095238095238,6.287796713340076,0.29941889111143216,1.6527757883842267,2.09114202797297,15,16,12.953282253326037,3.1452340292709158,5,2,0.4,-0.2371741696224885,-0.047434833924497696,0.9222112784932942,2.2273244420622094,3,4,3.7137709657901707,-0.12815129101196865
grid_0427,14,14,20,20,0.0,0.6,1.0,60.0,True,0.01,0.45,2.5,33,25,13,0.52,8.825174563114663,0.3530069825245865,1.756946279188635,2.2273244420622103,18,20,13.077539779025592,4.4424472895041145,1.1121596035418957,20,11,0.55,8.561948672737152,0.4280974336368576,1.9944231941874777,2.041444006151528,15,16,14.80658493693348,4.318031226075858,5,2,0.4,0.26322589037751065,0.052645178075502175,1.086333201935618,2.22732444206221,3,4,6.161359147394049,0.11926611532631082
grid_0428,14,14,20,20,0.0,0.6,1.0,60.0,True,0.01,0.6,1.0,33,25,14,0.56,3.8836223275895914,0.15534489310358374,1.3943111710252394,3.0824934593884645,17,19,7.230127829859616,1.9314481402584738,1.535727620482552,20,11,0.55,2.944470209517716,0.14722351047588586,1.37643458235006,3.0824934593884645,14,15,7.466931029061646,1.4602465131277498,5,3,0.6,0.9391521180718756,0.18783042361437513,1.463290646517206,1.0140527628821874,3,4,6.282915033051493,0.4644199509901137
grid_0429,14,14,20,20,0.0,0.6,1.0,60.0,True,0.01,0.6,1.5,33,25,13,0.52,5.980752511388204,0.23923010045552806,1.5502552849527143,2.582093399388464,17,19,10.79679835799122,2.991564291962656,1.2905770031546027,20,10,0.5,3.540400213316328,0.17702001066581635,1.4004109404528924,2.582093399388464,14,15,10.00574131444375,1.7535632674321011,5,3,0.6,2.440352298071875,0.4880704596143749,2.20384373537338,1.0140527628821874,3,4,13.96102653218109,1.2166660161834653
grid_0430,14,14,20,20,0.0,0.6,1.0,60.0,True,0.01,0.6,2.0,33,24,12,0.5,7.35721876097481,0.3065507817072837,1.6770375622403901,2.3217052077702967,17,19,13.578745287087736,3.6918223333897826,1.1661474613030465,19,10,0.5263157894736842,7.640210413096888,0.4021163375314151,1.9768157785960236,2.0387135556482185,14,15,16.21241470270412,3.848553608875105,5,2,0.4,-0.2829916521220779,-0.056598330424415554,0.9070706345701807,2.2739757621355245,3,4,3.570801507745478,-0.1509229257786293
grid_0431,14,14,20,20,0.0,0.6,1.0,60.0,True,0.01,0.6,2.5,33,24,12,0.5,8.908529571120084,0.37118873213000353,1.8197947267750434,2.2739757621355245,17,19,14.257216886002709,4.489034344776099,1.1351150011338795,19,10,0.5263157894736842,8.691121163242162,0.4574274296443243,2.111176764371805,2.0387135556482185,14,15,16.37473868819858,4.388365288769447,5,2,0.4,0.2174084078779226,0.0434816815755845,1.071393008350957,2.2739757621355245,3,4,6.2106340376584,0.0964370461480124
