symbol,index,timestamp,intraday_gain,low_multiple,rsi,rsi_delta,upper_wick_ratio,close_position,volume_ratio,breakout_pct,atr_pct,anchor_high,atr
AGLD,43201,1782519300000,1.0690789473684208,2.780110497237569,72.55611377782127,10.210365983727172,0.08156028368794313,0.9184397163120569,6.038596563209061,0.10690717113946313,0.042289840123775145,0.2516,0.010542857142857144
AGLD,43202,1782520200000,1.2095316351684469,2.971270718232044,75.37282994628826,2.8167161684669964,0.5177664974619292,0.4822335025380709,4.047177685258598,0.06875993640699507,0.04185763984758959,0.2689,0.010828571428571427
AGLD,43203,1782521100000,1.1907894736842106,2.9436464088397796,66.53253381523893,-8.840296131049328,0.37931034482758796,0.06403940886699482,3.150989176843119,-0.009297136481963397,0.047320706779073796,0.2664,0.011707142857142857
AGLD,43204,1782522000000,1.079901153212521,2.790055248618785,61.64057010152387,-4.891963713715064,0.29479768786127114,0.29479768786127275,2.268748121797971,-0.06098921532168078,0.05157243921288864,0.2525,0.012392857142857141
AGLD,43205,1782522900000,1.0149006622516556,2.6895027624309393,58.44660011162654,-3.193969989897333,0.27678571428571314,0.2857142857142861,1.2938779560466085,-0.09483079211602818,0.05434518752275762,0.2434,0.012792857142857144
AGLD,43208,1782525600000,1.0302267002518892,2.6718232044198893,60.153390011807296,4.323352544498853,0.13103448275861979,0.8689655172413802,1.1260756066793016,-0.10078095946448484,0.05648186744476866,0.2418,0.013550000000000001
AGLD,43209,1782526500000,1.0783333333333336,2.755801104972376,56.419166749297915,-3.7342232625093814,0.5491329479768788,0.13872832369942104,1.3968784561974723,-0.07251766455931563,0.0606152908924764,0.2494,0.014214285714285716
AGLD,43211,1782528300000,1.0513468013468015,2.692817679558011,48.72281804742025,-8.800679391188268,0.3171806167400887,0.07488986784141001,1.431552605589356,-0.09371513573819257,0.06943998973635257,0.2437,0.015464285714285717
ALLO,19047,1780021800000,1.0962763086886134,2.400741656365884,78.25487233908052,3.600545123297991,0.4644702842377264,0.5355297157622736,2.8923951529570826,0.06189174412247134,0.04343077122845075,0.19422,0.008122857142857143
ALLO,19048,1780022700000,1.0423564824768867,2.3483312731767616,77.56990614105962,-0.6849661980209021,0.33639494833524775,0.6153846153846142,1.6601126354112565,-0.021830913397178464,0.04369991044159186,0.18998,0.008155714285714289
ALLO,19049,1780023600000,1.0704741379310345,2.3750309023485787,78.58912674630656,1.019220605246943,0.4703504043126669,0.529649595687333,1.4502308325518398,-0.010709504685408322,0.044466320851160514,0.19214,0.008388571428571431
ALLO,19050,1780024500000,1.090101940151266,2.356983930778739,76.20758431487081,-2.381542431435747,0.2661064425770295,0.535014005602241,0.9846353746852436,-0.018226753166512233,0.04578656825667928,0.19068,0.00857857142857143
ALLO,19051,1780025400000,1.1022266096303608,2.369097651421508,77.52659323061961,1.319008915748796,0.18574108818011342,0.8142589118198866,1.4395218169012904,-0.013180928843579465,0.045832831234560466,0.19166,0.008693571428571429
ALLO,19052,1780026300000,1.2030333222628142,2.4598269468479605,78.83897341983618,1.3123801892165687,0.6451914098972924,0.35480859010270765,1.5752081255194512,0.024611265575120944,0.04723976112387795,0.199,0.009074285714285715
ALLO,19053,1780027200000,1.1347697042981206,2.400494437577256,68.59954615376502,-10.23942726607116,0.1920353982300889,0.30707964601769905,1.5104051347195133,-0.024120603015075348,0.04976276071409409,0.1942,0.009274285714285716
ALLO,19054,1780028100000,1.1257136460315684,2.3472187886279356,67.2349734196082,-1.3645727341568232,0.3993135011441641,0.5022883295194515,1.205906663037818,-0.04577889447236183,0.047236637459769935,0.18989,0.008764285714285714
ALLO,19055,1780029000000,1.1435359116022101,2.3978986402966624,71.84872158088083,4.613748161272639,0.1423728813559317,0.8576271186440683,1.5355694903308652,-0.025175879396984957,0.04848015604177988,0.19399,0.009302857142857142
ALLO,19056,1780029900000,1.2011690746663728,2.4669962917181705,73.04598767953362,1.1972660986527899,0.609195402298851,0.39080459770114895,1.380193188885032,0.0029145728643216184,0.048873732718894,0.19958,0.009469285714285713
ALLO,19057,1780030800000,1.2642418930762491,2.5547589616810877,77.7429111488225,4.696923469288876,0.27788400254939455,0.7221159974506055,1.575398215569487,0.03557470688445741,0.04982559453200023,0.20668,0.010080714285714287
ALLO,19058,1780031700000,1.3683456409125974,2.6561186650185413,81.78041474336077,4.037503594538265,0.1430246189917936,0.8569753810082064,2.1200842992996325,0.039674859686471775,0.05201468649971757,0.21488,0.01105
ALLO,19059,1780032600000,1.4124513618677041,2.6823238566131025,79.94395536395598,-1.8364593794047863,0.5585696670776822,0.2909987669543772,1.5545891858584109,0.0098659717051377,0.051756551141166535,0.217,0.01093357142857143
ALLO,19060,1780033500000,1.6872874849182846,3.0284301606922126,85.39592063425901,5.451965270303035,0.454760496747487,0.545239503252513,3.0503659143835335,0.12903225806451601,0.05573183022882526,0.245,0.012797142857142856
ALLO,19061,1780034400000,1.591619626574034,2.9510506798516687,86.07708492097186,0.6811642867128427,0.5612244897959178,0.4387755102040823,1.2379306246635235,-0.02555102040816326,0.05355377786509335,0.23874,0.012461428571428571
ALLO,19062,1780035300000,1.663477045478981,3.062175525339926,86.6598531473547,0.5827682263828393,0.3898518751969741,0.6101481248030258,2.0934328523674397,0.011142857142857121,0.05993250461299407,0.24773,0.014105714285714286
ALLO,19063,1780036200000,1.6971899750461104,3.072929542645241,88.03361370805378,1.3737605606990826,0.3987616099071209,0.6012383900928792,1.5024322367400822,0.0035118879425179994,0.06082460238803152,0.2486,0.014729285714285712
ALLO,19064,1780037100000,1.6804302944691951,3.0491965389369593,87.71888093543424,-0.3147327726195357,0.42026266416510416,0.5553470919324558,1.0000903211690466,-0.007723250201126186,0.061919129890527766,0.24668,0.014980714285714286
ALLO,19065,1780038000000,1.7729542001302367,3.158220024721879,89.46013616955985,1.7412552341256031,0.19951573849878992,0.8004842615012101,1.4344624178028555,0.02775543041029782,0.062432515372287826,0.2555,0.015694285714285713
ALLO,19066,1780038900000,1.9451259583789704,3.323733003708282,91.09981866834524,1.6396824987853904,0.31416837782340895,0.685831622176591,1.7437899882282153,0.05240704500978488,0.06211026481605316,0.26889,0.01632071428571429
ALLO,19067,1780039800000,2.808280047686138,4.343510506798516,94.95451708613027,3.8546984177850305,0.40135682240945403,0.598643177590546,3.581619133434067,0.30681691397969413,0.07003726787019342,0.35139,0.02204142857142857
ALLO,19068,1780040700000,2.449903246613631,3.9667490729295425,78.14158946890267,-16.8129276172276,0.14461398314734625,0.3131405146891369,2.492680125127236,-0.08674122769572268,0.08444908487900747,0.32091,0.024553571428571425
ALLO,19069,1780041600000,2.3500108766586907,3.80716934487021,79.23084512314696,1.0892556542442975,0.24959025989229713,0.7504097401077029,1.9594234659986116,-0.12348103247104358,0.0892941221689456,0.308,0.02655071428571428
ALLO,19070,1780042500000,2.345964297448253,3.776514215080346,64.71671768797547,-14.514127435171488,0.1645281456953644,0.26076158940397337,1.6735486149197651,-0.13053871766413383,0.10866779625119134,0.30552,0.029318571428571423
ALLO,19071,1780043400000,2.084379819343468,3.4610630407911005,59.00240745297309,-5.714310235002387,0.2737520128824487,0.3633923778851313,1.2520670829710134,-0.2031645749736759,0.12041238377667282,0.28,0.03085928571428571
ALLO,19072,1780044300000,2.0692817679558013,3.4334981458590854,63.8934119083771,4.891004455404008,0.06921166977032923,0.9307883302296708,1.1785727939128317,-0.20951079996584987,0.11592561100799469,0.27777,0.031942142857142856
ALLO,19073,1780045200000,2.302014165559983,3.6881334981458593,66.63128141560045,2.7378695072233583,0.3490222074908859,0.650977792509114,1.1503004473368754,-0.15088647941034172,0.1164461407130946,0.29837,0.03351785714285715
ALLO,19074,1780046100000,2.1750163363101724,3.603584672435105,58.105822051251366,-8.52545936434909,0.12441471571906343,0.13745819397993303,0.8807104076906344,-0.17035203050741332,0.12507660548979133,0.29153,0.033237857142857145
ALLO,19075,1780047000000,2.0669763422275036,3.5093943139678614,61.28711038213645,3.1812883308850815,0.2494999999999995,0.7505000000000005,0.7274526792456897,-0.1920373374313441,0.12152742209747805,0.28391,0.03389642857142858
ALLO,19076,1780047900000,2.013002114164905,3.523238566131026,61.634655022913044,0.3475446407765972,0.37774167343623005,0.6222583265637699,0.4184757004320022,-0.18884999573123873,0.11594723487511847,0.28503,0.03250928571428572
ALLO,19077,1780048800000,2.057388208189339,3.6087762669962915,63.58773295245343,1.9530779295403846,0.2250324254215289,0.7749675745784711,0.5071660218629157,-0.1691567773698739,0.11251089454084462,0.29195,0.03245714285714286
ALLO,19078,1780049700000,2.0291683905668183,3.620024721878863,62.17792117539659,-1.409811777056838,0.3859030837004392,0.31894273127753336,0.4238338087694654,-0.16656706223853834,0.11400564153694306,0.29286,0.032506428571428575
ALLO,19079,1780050600000,2.22969596001666,3.8341161928306553,64.62602990792963,2.4481087325330435,0.599687255668492,0.400312744331508,0.6260819735718481,-0.11727709951905285,0.11144543287400431,0.31018,0.03285857142857143
ALLO,19080,1780051500000,2.233156856638638,3.849814585908529,66.80861700504767,2.182587097118031,0.3808793456032722,0.6191206543967278,0.6556918988250869,-0.11366288169839778,0.10810620300751882,0.31145,0.03286428571428572
ALLO,19081,1780052400000,2.1393803047346354,3.7948084054388134,56.33829956259492,-10.470317442452746,0.09549492385786844,0.09200507614213244,0.869532793571936,-0.12632687327470893,0.10269364588999622,0.307,0.028587857142857147
ALLO,19082,1780053300000,1.9189216683621568,3.5467243510506803,56.58426750563141,0.24596794303649006,0.5347705146036181,0.4652294853963819,0.5801206342686818,-0.1834428982042744,0.09482370515890073,0.28693,0.026478571428571438
ALLO,19083,1780054200000,1.9158641662442983,3.5556242274412857,53.149786686462456,-3.4344808191689538,0.3658112222705535,0.23575467594606256,0.6398941787204121,-0.18139389282563523,0.09282434834123228,0.28765,0.025070000000000012
ALLO,19084,1780055100000,1.7917255297679118,3.419777503090235,52.99850782744529,-0.1512788590171681,0.6407010710808207,0.320350535540405,0.3665977715488246,-0.21266968325791846,0.08288394711192106,0.27666,0.02235214285714287
ALLO,19085,1780056000000,1.7512833417211882,3.3787391841779977,46.20094140268947,-6.797566424755814,0.1494160289971826,0.07933950865887919,0.843406557995601,-0.22211787472608768,0.0856926130401059,0.27334,0.021464285714285724
ALLO,19086,1780056900000,1.7298592698347952,3.3088998763906057,50.18595551813681,3.985014115447335,0.3349834983498346,0.6650165016501653,0.799935188075114,-0.23819687526679756,0.07821647007426827,0.26769,0.02046142857142858
ALLO,19087,1780057800000,1.7663410212508812,3.3951792336217554,52.30387212639072,2.117916608253914,0.5036603221083492,0.4963396778916508,0.7005071496261898,-0.2183329064572127,0.07200471584877279,0.27467,0.019282142857142862
ALLO,19088,1780058700000,1.8359303391384052,3.442027194066749,50.434828824611444,-1.8690433017792785,0.528884462151393,0.2191235059760965,0.6184206202624791,-0.13228007852668966,0.07070825133463082,0.27846,0.018580714285714287
ALLO,19089,1780059600000,1.854219430655455,3.4825710754017303,55.16657194254199,4.731743117930549,0.2655137334689725,0.7344862665310274,0.6025879582573579,-0.09539251886338096,0.06710700336839497,0.28174,0.018556428571428574
ALLO,19090,1780060500000,1.8586945589862212,3.5134734239802223,52.84928797978453,-2.3172839627574646,0.4855345911949698,0.14591194968553417,0.6120085679595262,-0.08736554824209342,0.06950734184163578,0.28424,0.01881285714285714
ALLO,19091,1780061400000,1.692543512658228,3.3655129789864033,48.280004546946444,-4.569283432838084,0.09121245828698725,0.2285873192436042,0.8268713091383857,-0.12579868357681812,0.07351282618310481,0.27227,0.018995714285714286
ALLO,19092,1780062300000,1.6382191095547771,3.2594561186650184,49.00805685329276,0.7280523063463136,0.26956521739130196,0.730434782608698,0.9090048401125866,-0.15334724674907696,0.07333860238424553,0.26369,0.019088571428571427
ALLO,19093,1780063200000,1.7120645542216102,3.4066749072929543,53.29399520291574,4.285938349622981,0.22735141373341006,0.7726485862665899,1.0512707172414306,-0.11510675870926312,0.06809720133359977,0.2756,0.018499285714285715
ALLO,19094,1780064100000,1.633326897084379,3.3715698393077873,51.74241293772672,-1.551582265189019,0.09515717926932962,0.5862361937128305,0.7884358128143104,-0.12422539733504578,0.06697845064338774,0.27276,0.017942857142857142
ALLO,19095,1780065000000,1.636890951276102,3.3715698393077873,50.796135355240565,-0.9462775824861538,0.3374485596707809,0.5123456790123447,0.6979352458058963,-0.12422539733504578,0.06298835739829528,0.27276,0.01673285714285714
ALLO,19096,1780065900000,1.5506943123454442,3.3149567367119896,49.63953813269191,-1.1565972225486547,0.12031835205992349,0.7574906367041212,1.1189530556303597,-0.1389308075132446,0.06551873981531775,0.26818,0.017231428571428568
ALLO,19097,1780066800000,1.6595460614152207,3.4472187886279357,51.951463399560744,2.3119252668688333,0.6716981132075476,0.3283018867924525,1.1777568405748773,-0.1045753732541338,0.06236017897091722,0.27888,0.016724999999999997
ALLO,19098,1780067700000,1.5502880347530459,3.3380716934487022,48.50648996145201,-3.4449734381087325,0.12089356110381123,0.3876478318002636,0.8202751025189234,-0.1329266334885214,0.06550290119499645,0.27005,0.017078571428571426
ALLO,19099,1780068600000,1.5159745879753248,3.3777503090234857,52.313094737365,3.8066047759129873,0.3245341614906845,0.6754658385093155,0.6565786223543968,-0.12262000321078825,0.060298052623755004,0.27326,0.016224999999999996
ALLO,19100,1780069500000,1.5278570770789206,3.393077873918418,53.31458615235608,1.0014914149910794,0.29406307977736573,0.7059369202226342,0.6474521276368922,-0.11863862578262963,0.057849956036665935,0.2745,0.01569642857142857
ALLO,19101,1780070400000,1.527030602345886,3.5419035846724354,50.60824130291316,-2.706344849442921,0.5260794473229709,0.29084628670121,1.5335259523553515,-0.06664495114006508,0.06311255753006062,0.28654,0.016788571428571427
ALLO,19102,1780071300000,1.2973229706390326,3.288380716934487,47.9897384726553,-2.61850283025786,0.0,0.516772438803263,0.6294974404654913,-0.07516078567703821,0.061918461285549904,0.26603,0.01614214285714286
ALLO,19103,1780072200000,1.232677863110811,3.2700865265760197,47.5753742309322,-0.41436424172309927,0.3356521739130458,0.5930434782608685,0.762106486909029,-0.08030592734225628,0.05987334326503912,0.26455,0.015559285714285715
ALLO,19104,1780073100000,1.1717365869964897,3.2122373300370826,44.239813661763804,-3.3355605691683934,0.0,0.4330244313395098,0.685565178701986,-0.09307601033014601,0.06032799467262611,0.25987,0.015271428571428573
ALLO,19105,1780074000000,1.1505627344726972,3.1886279357231153,35.44386909405081,-8.795944567712993,0.1713362068965514,0.03232758620689694,1.5913834203641881,-0.09974174635303967,0.06915294903347888,0.25796,0.01597571428571429
ALLO,19106,1780074900000,1.0436754176610976,3.1754017305315205,48.16771402835522,12.72384493430441,0.019296254256527062,0.980703745743473,1.1573252723355978,-0.10347595449151958,0.06615180591309777,0.25689,0.016960000000000006
ALLO,19107,1780075800000,1.113070051716032,3.3333745364647718,47.97097481428488,-0.196739214070341,0.685877466251298,0.2845275181723772,1.1832685604416462,-0.0588748516786487,0.06681721498635018,0.26967,0.017097857142857147
ALLO,19108,1780076700000,1.0651247237132937,3.2337453646477132,45.47277931770542,-2.498195496579463,0.3474122546103513,0.2956573468173704,0.6451922547389277,-0.08700355971243112,0.06989573264546241,0.26161,0.017457857142857146
ALLO,19847,1780741800000,1.0364971327509513,4.697033374536464,90.56116902758002,0.8612929967542158,0.22252082773448012,0.7774791722655199,2.6665842595357008,0.009806005846399124,0.05571547711925965,0.37999,0.020710000000000003
ALLO,19848,1780742700000,1.1508996875336708,4.935105067985167,91.85911047092662,1.2979414433466019,0.2418918918918924,0.7581081081081076,2.4541806398312205,0.05068554435643047,0.0583104571574979,0.39925,0.02275857142857143
ALLO,19849,1780743600000,1.2932761087267521,5.151792336217552,92.92782671087156,1.0687162399449335,0.22593261131167158,0.7740673886883285,2.702920212463469,0.0439073262366938,0.059775418951512976,0.41678,0.024464285714285716
ALLO,19850,1780744500000,1.3818495923986398,5.453522867737949,94.03816239637713,1.110335685505575,0.15137614678899172,0.8486238532110083,2.3587099734851553,0.05856806948510007,0.06096742570283769,0.44119,0.026475714285714293
ALLO,19851,1780745400000,1.5024701965417249,5.760321384425216,89.10090414389336,-4.9372582524837725,0.6228414442700154,0.21624803767660966,2.6236858465453836,0.05625694145379523,0.06906645118676007,0.46601,0.029427142857142864
ALLO,19852,1780746300000,1.2984471389066155,5.34239802224969,71.98940376023671,-17.111500383656647,0.12660430715684137,0.11768544703067164,1.8607892778277342,-0.07255209115684214,0.08145782569998687,0.4322,0.03190214285714286
ALLO,19853,1780747200000,1.3292269144438067,5.51557478368356,75.63009072366218,3.640686963425466,0.5065666041275797,0.4934333958724203,1.923272474436134,-0.04248835861891376,0.08479988475666853,0.44621,0.035320000000000004
ALLO,19854,1780748100000,1.2363467588056314,5.360321384425216,62.811584164260665,-12.818506559401513,0.3039007092198579,0.05319148936170217,1.278039064637669,-0.06944056994485093,0.10090354090354092,0.43365,0.03836857142857143
ALLO,19855,1780749000000,1.130389556353045,5.063164400494437,65.6587295788429,2.8471454145822293,0.35305395781977433,0.6469460421802257,1.030185892168633,-0.12102744576296642,0.10229777028778844,0.40961,0.040583571428571434
ALLO,19856,1780749900000,1.2278427874271922,5.2479604449938195,69.23348623063636,3.5747566517934644,0.11015940994527638,0.8898405900547236,0.937251252085788,-0.08894658912898867,0.10158665900098998,0.42456,0.042659285714285726
ALLO,19857,1780750800000,1.2396594944641737,5.300988875154512,69.62374754122489,0.390261310588528,0.30566406249999944,0.6943359375000006,0.6617350281715068,-0.07974077809489066,0.10125315655498576,0.42885,0.04278857142857143
ALLO,19858,1780751700000,1.2889144771276038,5.405686032138442,70.19617940472719,0.5724318635023025,0.45431996692848303,0.5456800330715169,0.6717798558615029,-0.06156520246346642,0.09785846644618018,0.43732,0.04171999999999999
ALLO,19859,1780752600000,1.2972718227993925,5.422867737948084,70.44635122796323,0.2501718232360446,0.6334894613583142,0.3665105386416858,0.5379477086721544,-0.058582433853350824,0.09343355935938141,0.43871,0.03997928571428571
ALLO,19860,1780753500000,1.2788152980167289,5.35451174289246,63.56574718368963,-6.880604044273603,0.1748435956536067,0.210734277247284,0.7159564420834078,-0.07044913199287561,0.09353388235869112,0.43318,0.038274999999999997
ALLO,19861,1780754400000,1.2095337873232062,5.213844252163165,65.68902409577092,2.1232769120812875,0.08869179600886865,0.9113082039911313,0.46109839950169895,-0.0948692088152614,0.08782892500169986,0.4218,0.036905714285714285
ALLO,19862,1780755300000,1.1802127439843022,5.219035846724351,58.648957472473725,-7.040066623297193,0.08277310924369634,0.031932773109242994,0.4893734324048864,-0.09396794060213298,0.09009183111092023,0.42222,0.03596285714285714
ALLO,19863,1780756200000,1.0979231568016612,4.994561186650185,57.608278625111005,-1.0406788473627202,0.43014394580863496,0.3082133784928058,0.45072890681139177,-0.1329370614364499,0.08697401514850805,0.40406,0.034432142857142856
ALLO,19864,1780757100000,1.1784143276078765,5.142027194066749,60.74977514329898,3.141496518187978,0.3147410358565754,0.6852589641434246,0.42707115076552626,-0.10733675243020524,0.07957101360328347,0.41599,0.03259785714285714
ALLO,19865,1780758000000,1.2118521577534587,5.296415327564895,62.2474842329963,1.4977090896973166,0.47630426125049846,0.5236957387495016,0.5536984921310828,-0.0805347524731228,0.07382941652604573,0.42848,0.03075142857142857
ALLO,19866,1780758900000,1.2000414057243414,5.254264524103832,62.717170207031515,0.4696859740352153,0.5623365300784675,0.4376634699215325,0.30882758009159494,-0.08785219201304684,0.06757236361650866,0.42507,0.028287142857142854
ALLO,19867,1780759800000,1.3360998016494414,5.532138442521632,66.71962675018753,4.002456543156015,0.30977258758451054,0.6902274124154895,0.8033339750507827,-0.039612883843694324,0.06040087646826394,0.44755,0.026423571428571428
ALLO,19868,1780760700000,1.3174825901673421,5.512113720642769,67.05904605488325,0.3394193046957241,0.33630952380952406,0.6636904761904759,0.6141027833401039,-0.0430892040943327,0.054275304565638165,0.44593,0.023835
ALLO,19869,1780761600000,1.3829698641544788,5.659332509270705,68.2944399242425,1.2353938693592426,0.4233455271034254,0.5766544728965746,1.0719625150593153,-0.017531812622046616,0.05251510862483432,0.45784,0.023375000000000003
ALLO,19870,1780762500000,1.4009142382213913,5.713226205191595,70.2443037591158,1.9498638348732982,0.31982758620689583,0.6801724137931042,0.8498503044735188,-0.008175790219093981,0.048441004441708076,0.4622,0.02203
ALLO,19871,1780763400000,1.3720348926184767,5.7477132262051915,59.80720087233394,-10.437102886781858,0.22933746953246234,0.20917349878129854,1.169975892486517,-0.0021887942318833398,0.055417456989784036,0.46499,0.023790714285714287
ALLO,19872,1780764300000,1.344126853799969,5.646477132262052,62.553855560982804,2.746654688648867,0.5664160401002505,0.43358395989974957,0.7908916340252816,-0.017613282006064712,0.05455543821229341,0.4568,0.024057857142857148
ALLO,19873,1780765200000,1.2779640039193438,5.4600741656365885,58.88096677872842,-3.6728887822543825,0.04310344827586364,0.3885057471264387,0.596862174773206,-0.05004408696961227,0.055861358183432984,0.44172,0.024080714285714292
ALLO,19874,1780766100000,1.2932521562658552,5.587144622991348,62.970264977345096,4.0892981986166745,0.1572109138155055,0.8427890861844944,0.599364081654953,-0.027936084646981607,0.052547481512398894,0.452,0.023560714285714292
ALLO,19875,1780767000000,1.3186189028947237,5.7524103831891225,63.38755892414105,0.4172939467959509,0.522758620689655,0.47724137931034505,1.059672636671785,0.0008172218757391825,0.054071591987231375,0.46537,0.024343571428571437
ALLO,19876,1780767900000,1.3461141931366294,5.907045735475896,64.40414843514449,1.0165895110034455,0.6328633405639916,0.3671366594360083,1.2876662706821758,0.02688183595848459,0.05561195305772243,0.47788,0.025277857142857154
ALLO,19877,1780768800000,1.2145867254094438,5.716316440049444,62.89694202820303,-1.5072064069414637,0.486170866625693,0.30055316533497256,0.6164278500337549,-0.03228844061270608,0.056746022948607935,0.46245,0.025596428571428582
ALLO,19878,1780769700000,1.237108836843141,5.620148331273177,62.03635706764542,-0.8605849605576097,0.33739456419868674,0.4835988753514519,0.3739803739396123,-0.048568678329287684,0.05548770403165276,0.45467,0.024922857142857156
ALLO,19879,1780770600000,1.222563952353056,5.627564894932015,59.892451712217806,-2.143905355427613,0.4225449515905942,0.2565698478561576,0.4822011277412904,-0.04731313300410145,0.05435558097980489,0.45527,0.02416214285714287
ALLO,19880,1780771500000,1.2507201748286483,5.601483312731768,61.74866548621712,1.8562137739993148,0.13234542667347865,0.8676545733265214,0.699660685382023,-0.05172846739767312,0.05490981265000844,0.45316,0.024740714285714303
ALLO,19881,1780772400000,1.3046528058134839,5.645117428924598,56.054801598987254,-5.693863887229867,0.3094758064516123,0.07006048387096797,0.47896465019920825,-0.0443416757344941,0.05438474677932512,0.45669,0.023833571428571444
ALLO,19882,1780773300000,1.1067158602652718,5.575896168108776,59.833227352023876,3.778425753036622,0.08399138549892352,0.9160086145010765,0.34267570857892476,-0.056060098769565636,0.051983844747002676,0.45109,0.023388571428571443
ALLO,19883,1780774200000,1.0513823331085637,5.640667490729296,55.05012000438061,-4.783107347643266,0.35580110497237566,0.04033149171270763,0.4037866902418816,-0.045095002929605776,0.051333997240230175,0.45633,0.022533571428571438
ALLO,19884,1780775100000,1.0617391304347827,5.568479604449938,57.380157491715465,2.330037487334856,0.3153899240855775,0.6846100759144226,0.33293395125286995,-0.05731564409475187,0.049137577528320285,0.45049,0.02191142857142858
ALLO,19885,1780776000000,1.0053264075362063,5.631025957972806,59.23720128527367,1.857043793558205,0.35553555355535604,0.644464446444644,0.37918443045702405,-0.04672721185234785,0.04313868151334939,0.45555,0.019481428571428584
ALLO,19886,1780776900000,1.0919653671885516,5.764153275648949,61.722683618649704,2.4854823333760336,0.40258215962441507,0.5974178403755849,0.6334707434688828,-0.024190173265254855,0.04070772521780228,0.46632,0.018703571428571437
ALLO,19887,1780777800000,1.079596212256566,5.7550061804697155,63.02321277659297,1.3005291579432665,0.14647239263803435,0.8535276073619656,0.37755039183686756,-0.025738679166318,0.03966644996903587,0.46558,0.018392142857142864
ALLO,19888,1780778700000,1.0904439819632326,5.9597033374536466,66.57335087957597,3.5501381029829986,0.2819124943617513,0.7180875056382486,0.741949634774258,0.008914371808822263,0.038509799683600375,0.48214,0.01832642857142858
ALLO,19889,1780779600000,1.0894612144612141,5.886650185414092,58.81508916346833,-7.75826171610764,0.013819789939191406,0.11940298507462664,0.5351433601714236,-0.012257850416891425,0.03812110114521587,0.47623,0.017547142857142865
ALLO,19890,1780780500000,1.0124119567084695,5.791965389369592,59.05242496793836,0.23733580447002822,0.48835705045278227,0.5116429495472177,0.39932407918310414,-0.028145351972456156,0.03474283731105562,0.46857,0.01601714285714286
ALLO,19891,1780781400000,1.0125624919882066,5.822002472187886,59.08064101210149,0.028216044163130505,0.7758620689655148,0.22413793103448515,0.5105066353078445,-0.023105322105612558,0.03419307866282493,0.471,0.015766428571428574
ALLO,19901,1780790400000,1.0807029815511058,5.883065512978986,62.18904191388189,9.64560161310876,0.053870785458654646,0.9461292145413454,3.0384805907222514,-0.012859335462728771,0.05653075891724745,0.47594,0.026743571428571426
ALLO,19902,1780791300000,1.0997839239412275,6.006056860321384,48.30257430667749,-13.886467607204395,0.21044849679645133,0.01297847872515218,2.437488633601893,0.0077778238685859424,0.06929817792643934,0.48589,0.029507857142857138
ALLO,19904,1780793100000,1.0041401551468665,5.68442521631644,53.9137496028556,8.315881450758937,0.21148213239601663,0.7885178676039833,1.4728482544388433,-0.053551215295642995,0.07230345371713623,0.45987,0.032467142857142854
ALLO,19905,1780794000000,1.0533486684950897,5.73770086526576,54.86773392730189,0.9539843244462887,0.6717076244486456,0.3282923755513544,0.8486728382443642,-0.04468089485274451,0.07207903888314895,0.46418,0.03268928571428571
ALLO,19906,1780794900000,1.0770838893336894,5.772187886279357,55.49445897661199,0.626725049310096,0.7329192546583863,0.2670807453416138,0.6702973028299164,-0.03893885447323464,0.07056300771650832,0.46697,0.03220142857142857
ALLO,19907,1780795800000,1.0477052074139452,5.735599505562423,53.06336340180808,-2.431095574803905,0.37536945812807715,0.19556650246305576,0.8740638595858053,-0.04503076828088659,0.06738710047993464,0.46401,0.03016785714285714
ALLO,19911,1780799400000,1.201844262295082,5.844004944375772,58.25067106161168,3.3957969465546682,0.1974226804123714,0.8025773195876286,0.5706187482469983,-0.026981415546728726,0.05609492330891201,0.47278,0.026305714285714286
ALLO,19912,1780800300000,1.1221733668341711,5.846600741656366,56.161448033332285,-2.089223028279399,0.34312080536912953,0.16023489932886043,0.4039420937562544,-0.026549218959023624,0.0556796652740322,0.47299,0.02577857142857143
ALLO,19913,1780801200000,1.1013882669055084,5.800247218788628,57.21877854860053,1.057330515268248,0.218051831992851,0.7819481680071491,0.40488415421357876,-0.03426701516804209,0.055470375810992775,0.46924,0.025893571428571426
ALLO,19914,1780802100000,1.2001299243654588,5.860939431396786,59.026867336245786,1.8080887876452536,0.08911917098445887,0.9108808290155411,0.4459064184703886,-0.02416184733170057,0.0493581404333797,0.47415,0.02336071428571428
ALLO,19915,1780803000000,1.1402250414668043,5.901359703337453,42.22901571651011,-16.797851619735674,0.06691631390426572,0.009280364702051687,2.057461285650823,-0.0174319290374364,0.05750705592268834,0.47742,0.02395571428571428
APE,37135,1777059900000,1.1476242653650766,2.6716232961586126,80.9790971256018,14.984917917797702,0.13340000000000013,0.8665999999999998,2.156415636756208,0.11088211046990937,0.06012266582792596,0.2156,0.012561428571428572
APE,37136,1777060800000,1.6704398768741937,3.332589838909542,87.08259874641803,6.103501620816232,0.29930656345750717,0.7006934365424928,2.7817012264078014,0.2474025974025973,0.06267330800041082,0.26894,0.01569214285714286
APE,37137,1777061700000,1.7448837671368964,3.4237918215613385,54.76006968610551,-32.32252906031252,0.2486863475685488,0.07595299512754357,2.7415910713902045,0.027366698891946095,0.12231317518654643,0.2763,0.021965000000000005
APE,37156,1777078800000,1.1746528456874632,2.7556381660470883,64.3723777683067,7.845577670574123,0.47488204274215884,0.5251179572578412,2.3586616635619944,-0.1951501990589939,0.04876852090278306,0.22238,0.010010714285714279
APE,37157,1777079700000,1.1364440078585458,2.6950433705080545,65.62868143469265,1.2563036663859464,0.390561797752808,0.6094382022471919,2.3013834240782733,-0.21284835323923268,0.04905582922824299,0.21749,0.010242857142857137
APE,37158,1777080600000,1.1517989157220305,2.705080545229244,68.24537866300837,2.616697228315715,0.12760055478501955,0.8723994452149805,1.4603731527923676,-0.018346973648709408,0.04866290043690022,0.2183,0.010533571428571422
APE,37159,1777081500000,1.1716973735789886,2.7459727385377946,61.79653383585395,-6.448844827154417,0.2955069124423963,0.14228110599078353,1.3704511554513716,-0.003507509668135622,0.05469705660794622,0.2216,0.011306428571428565
APE,37160,1777082400000,1.1061248643850479,2.646096654275093,61.405579158163334,-0.3909546776906154,0.4002347417840388,0.5633802816901408,1.5963443019973262,-0.039751776238870384,0.05947528938795312,0.21354,0.012257857142857138
APE,37161,1777083300000,1.0649107230936177,2.5938042131350683,59.22913062456114,-2.1764485336021977,0.39419588875453604,0.21281741233373444,0.830456655180126,-0.05872830290493747,0.06130297886128464,0.20932,0.012432857142857138
APE,37162,1777084200000,1.0524100994644225,2.659231722428749,62.40853747987847,3.179406855317332,0.3655564581640941,0.6344435418359059,1.0639274788694475,-0.0349851605360193,0.060413408580947826,0.2146,0.01269285714285714
APE,37163,1777085100000,1.0471229210476007,2.653903345724907,63.55065787606718,1.1421203961887088,0.12306289881494888,0.8769371011850511,0.8101818246738226,-0.03691878766076084,0.06156443406231958,0.21417,0.013102142857142854
APE,37164,1777086000000,1.073091603053435,2.6921933085501863,61.565873716065866,-1.9847841600013112,0.47181628392484276,0.25678496868475875,0.8411473144539178,-0.02302365320622357,0.0637500169954724,0.21726,0.01339642857142857
APE,37165,1777086900000,1.0221882172915073,2.6200743494423793,57.16120857174567,-4.404665144320198,0.13763440860214787,0.2,0.6911847655053024,-0.04919507149923552,0.06621498599439775,0.21144,0.013507857142857141
APE,37166,1777087800000,1.0047283605133646,2.5743494423791824,58.50966184318599,1.3484532714403201,0.18068535825545137,0.8193146417445486,0.5579142026384607,-0.06578829031387712,0.06470372649761777,0.20775,0.013367142857142855
APE,37167,1777088700000,1.0102588686481302,2.5981412639405206,52.38063038958331,-6.129031453602678,0.18116376724655048,0.27894421115776785,1.138148879856255,-0.05715442036154328,0.07118282678616601,0.20967,0.014069285714285713
APE,37174,1777095000000,1.0346897931954637,2.6456009913258987,51.465729660313045,-6.741800703717139,0.35714285714285715,0.12236533957845332,1.2923971302722008,-0.039931648529544006,0.05023496477327516,0.2135,0.009972142857142851
API3,13278,1755588600000,1.158110882956879,2.779990664384627,93.4940043358155,45.50819165791305,0.41162150719729046,0.5883784928027095,12.308906214587738,1.051084835265756,0.05816793737097072,1.7867,0.08130714285714287
APR,28063,1786542300000,1.0411585365853657,2.7307953772943576,78.51220497776728,2.4177990441890813,0.30508474576271105,0.694915254237289,1.8056976725544003,0.018509127789046786,0.044504798116965415,0.4017,0.017557142857142858
APR,28064,1786543200000,1.2098327420172326,2.963970088375255,81.46636105222578,2.9541560744584956,0.39757412398921876,0.6024258760107812,3.32844831570658,0.08538710480458045,0.053294675803900904,0.436,0.021664285714285716
APR,28065,1786544100000,1.1616827166751138,2.899388171312032,82.58374672029518,1.117385668069403,0.4327485380116952,0.5672514619883048,1.4985032651337171,-0.02178899082568808,0.05555362781498317,0.4265,0.022871428571428574
APR,28066,1786545000000,1.1836631151699644,2.9259007477906187,84.6193961578004,2.0356494375052137,0.3506493506493503,0.6493506493506497,1.0819117150357596,-0.012844036697247652,0.05387165522140659,0.4304,0.022750000000000003
APR,28067,1786545900000,1.1498240321769733,2.9068660774983,78.12532624600792,-6.494069911792479,0.3011363636363619,0.3011363636363651,0.7040589754618187,-0.019266055045871644,0.05376492036737644,0.4276,0.022328571428571437
APR,28068,1786546800000,1.1024999999999996,2.8585995921142078,62.84106539823463,-15.284260847773282,0.17785234899328767,0.13422818791946323,1.5477371538533666,-0.03555045871559637,0.058634043939339124,0.4205,0.023142857142857153
APR,28069,1786547700000,1.1196365471983847,2.854520734194425,69.86756643550541,7.026501037270776,0.05217391304347856,0.9478260869565215,1.8875900251248914,-0.03692660550458715,0.06140290846877675,0.4199,0.025635714285714293
APR,28070,1786548600000,1.2355289421157685,3.045547246770904,71.35163359080317,1.4840671552977653,0.6938202247191008,0.3061797752808993,1.302724550161283,0.02752293577981657,0.0638014241841315,0.448,0.027007142857142865
APR,28071,1786549500000,1.1788046207935712,2.9490142760027194,72.28925175559601,0.9376181647928377,0.3756906077348081,0.6243093922651919,0.5088651236111661,-0.031696428571428514,0.06264637002341922,0.4338,0.026750000000000006
APR,28072,1786550400000,1.2216108054027015,3.019034670292318,73.52503032780395,1.2357785722079342,0.5596330275229356,0.4403669724770644,0.9112680204751786,-0.00870535714285714,0.06210101544669733,0.4441,0.026821428571428576
APR,28073,1786551300000,1.2189378757515033,3.0108769544527534,68.93089443160562,-4.594135896198324,0.45267489711934217,0.26748971193415444,0.9945120454207561,-0.011383928571428559,0.06522834963201937,0.4429,0.027728571428571432
APR,28074,1786552200000,1.166749875187219,2.9503738953093133,69.7685423528373,0.8376479212316781,0.2961165048543686,0.7038834951456314,0.7857302667748246,-0.03125,0.06602009815377424,0.434,0.02825
APR,28075,1786553100000,1.2011952191235058,3.0047586675730793,68.28163931006335,-1.486903042773946,0.7202072538860121,0.1606217616580308,0.5183395428093341,-0.013392857142857206,0.06777158961282963,0.442,0.028857142857142856
APR,28076,1786554000000,1.2384957941613064,3.0754588715159756,73.15244892439529,4.870809614331932,0.3496503496503498,0.6503496503496502,0.9899277157918097,0.009821428571428648,0.0672952725393955,0.4524,0.02977142857142857
APR,28077,1786554900000,1.2257902659307574,3.0156356220258327,67.19457593568075,-5.957872988714541,0.028089887640449448,0.7162921348314609,1.2079062875120543,-0.01945181255526085,0.0706541440105454,0.4436,0.03062857142857143
APR,28078,1786555800000,1.1994076999012835,3.0292318150917743,66.99650059053027,-0.1980753451504711,0.5466666666666652,0.4488888888888884,0.742253115672026,-0.015030946065428874,0.06217847249703207,0.4456,0.02693571428571429
APR,28079,1786556700000,1.1470878578479762,2.957171991842284,64.40665441621425,-2.5898461743160226,0.2098765432098741,0.3086419753086424,0.3341966316752015,-0.03846153846153855,0.05838711823807306,0.435,0.025071428571428574
APR,28080,1786557600000,1.0988851187590885,2.9435757987763425,64.56194773561259,0.15529331939833924,0.4102564102564092,0.5897435897435909,0.2802426852775943,-0.04288240495137052,0.055790068470384896,0.433,0.02397857142857143
APR,28081,1786558500000,1.140427599611273,2.994561522773623,67.84773525531122,3.28578751969863,0.17391304347826086,0.8260869565217391,0.29723362803009235,-0.026304155614500502,0.0536895259814302,0.4405,0.023542857142857143
APR,28082,1786559400000,1.2022417153996101,3.0720598232494902,70.58253382332421,2.734798568012991,0.3925925925925942,0.6074074074074057,0.5555384656282716,-0.001105216622457994,0.05010875823683706,0.4519,0.02237857142857143
APR,28083,1786560300000,1.2206527033609351,3.099252209381373,66.59130320228712,-3.99123062103709,0.5438596491228087,0.14619883040935683,0.513536833377923,0.007736516357206069,0.04603282509468778,0.4559,0.02031428571428572
APR,28084,1786561200000,1.1897989210397255,3.035350101971448,66.43862781104724,-0.15267539123988172,0.49999999999999734,0.4807692307692303,0.37635852948427256,-0.020618556701030966,0.041972989603912304,0.4465,0.018514285714285716
APR,28085,1786562100000,1.1900341963849534,3.0475866757307952,68.75316170710666,2.314533896059416,0.1333333333333317,0.8666666666666684,0.28852200656332394,-0.01667032243913147,0.03995590631689938,0.4483,0.017864285714285714
APR,28086,1786563000000,1.1889266634288491,3.063902107409925,68.49879430690036,-0.25436740020629145,0.41860465116278994,0.5465116279069748,0.2980641598099769,-0.01140601008993214,0.03787249008824658,0.4507,0.01692142857142857
APR,28087,1786563900000,1.1835443037974684,3.0489462950373896,67.86784523459374,-0.6309490723066205,0.5312500000000049,0.25000000000000433,0.11966222048322538,-0.016231629743364784,0.03455343132545554,0.4485,0.015414285714285717
APR,28088,1786564800000,1.2125181950509463,3.09993201903467,66.82615833424452,-1.0416869003492195,0.5505617977528096,0.3820224719101131,0.518522556830243,0.00021934634788323137,0.03418940609951847,0.456,0.01521428571428572
APR,28089,1786565700000,1.1565973900434994,3.0333106730115564,61.81057251071932,-5.015585823525207,0.08552631578947162,0.5657894736842106,0.4752648416781854,-0.02149122807017556,0.03394319511243989,0.4462,0.014921428571428577
APR,28090,1786566600000,1.1459040232670867,3.0095173351461586,60.809353321919104,-1.0012191888002135,0.5263157894736863,0.26315789473684315,0.21417081773008526,-0.029166666666666785,0.03029809415214205,0.4427,0.01328571428571429
APR,28091,1786567500000,1.1306873184898354,2.992522093813732,52.41419833951442,-8.395154982404684,0.12977099236641063,0.09923664122137582,0.4398990142785181,-0.034649122807017596,0.027260904361744703,0.4402,0.01167857142857143
APR,28092,1786568400000,1.7244056283357594,3.817131203263086,76.13109637501171,23.716898035497287,0.48023426061493407,0.519765739385066,4.09851924682563,0.23135964912280693,0.03998502002131766,0.5615,0.019828571428571428
APR,28093,1786569300000,1.4000967585873245,3.372535690006798,68.11495122830485,-8.016145146706862,0.006072874493926457,0.6963562753036445,2.079664771197653,-0.11647373107747105,0.047346853935920655,0.4961,0.02277857142857143
APR,28094,1786570200000,1.376333656644035,3.331067301155676,64.32035464300904,-3.794596585295807,0.47089947089946965,0.12169312169312022,0.788072669481891,-0.12733748886910068,0.04979177982980265,0.49,0.023571428571428573
APR,28095,1786571100000,1.3407658749394087,3.2828008157715836,65.81204364462367,1.4916890016146311,0.22159090909090987,0.7784090909090902,0.5133415769502763,-0.13998219056099737,0.05011929615269908,0.4829,0.02400714285714286
APR,28096,1786572000000,1.4752186588921279,3.4629503738953087,70.54792025249199,4.73587660786832,0.28032345013477017,0.7196765498652298,0.8958351542937241,-0.09278717720391816,0.05148869166905238,0.5094,0.02569285714285714
APR,28097,1786572900000,1.5872093023255816,3.6301835486063903,73.65298353089158,3.1050632783995837,0.476426799007444,0.523573200992556,1.9354247474520527,-0.04897595725734638,0.053127428127428114,0.534,0.027349999999999996
APR,28098,1786573800000,1.64437984496124,3.7104010876954447,77.3339828417912,3.6809993108996224,0.17987152034261178,0.8201284796573882,1.9966496796887094,-0.027960819234194245,0.05571800733691317,0.5458,0.029942857142857136
APR,28099,1786574700000,1.8460793804453046,3.9972807613868113,81.53761295720837,4.20363011541717,0.2586750788643528,0.7413249211356472,2.41354938666383,0.047195013357079096,0.05918224532640207,0.588,0.03382857142857142
APR,28100,1786575600000,1.929229277750848,4.108089734874235,83.14231159987132,1.604698642662953,0.27938671209539995,0.7206132879046,3.0671998453305522,0.02772108843537402,0.06362841105144218,0.6043,0.037407142857142854
APR,28101,1786576500000,2.0043646944713873,4.211420802175391,84.44634310292018,1.3040315030488614,0.3828828828828823,0.6171171171171177,2.1050344006611845,0.025153069667383843,0.06697095435684648,0.6195,0.040350000000000004
APR,28102,1786577400000,2.045960328979197,4.280081577158396,86.15997837034551,1.7136352674253317,0.11111111111111238,0.8888888888888876,1.7488274858887947,0.016303470540758758,0.06816725408522911,0.6296,0.04255000000000001
APR,28103,1786578300000,2.0149541726965747,4.2488103331067295,78.09007270564126,-8.069905664704251,0.030726256983239893,0.44972067039106084,1.151140037543666,-0.007306226175349484,0.07272662906233039,0.625,0.044021428571428586
APR,28104,1786579200000,1.9581931763575207,4.184908225696805,75.54991723644699,-2.540155469194275,0.1844484629294753,0.6998191681735976,2.135859635534208,-0.022236340533672183,0.0794061531123301,0.6156,0.047564285714285726
APR,28105,1786580100000,1.9613339777670373,4.165193745751189,76.3392996574199,0.7893824209729132,0.3756097560975616,0.6243902439024385,1.0108806273452196,-0.02684243964421862,0.07949232585596225,0.6127,0.04809285714285716
APR,28106,1786581000000,1.9841116995666828,4.213460231135282,62.77143663732409,-13.567863020095807,0.21267605633802802,0.2661971830985917,1.787445274812956,-0.015565438373570606,0.07646141070484919,0.6198,0.04340714285714288
APR,28107,1786581900000,1.7642822851656264,3.914343983684568,39.99225885561096,-22.77917778171313,0.05453306066803004,0.18813905930470357,3.6005886468703316,-0.08545108005082602,0.11026306734649197,0.5758,0.05035714285714288
APR,28108,1786582800000,1.4737854737854739,3.4962610469068656,48.68278098371707,8.69052212810611,0.10857142857142807,0.8914285714285719,2.5203364763447698,-0.18313214739517159,0.10946343672175689,0.5143,0.05525714285714288
APR,28109,1786583700000,1.504335260115607,3.534330387491502,47.035646458202315,-1.6471345255147583,0.2889733840304179,0.5076045627376423,0.9281254609935911,-0.17423761118170267,0.11691729323308274,0.5199,0.057757142857142875
APR,28110,1786584600000,1.4149139579349903,3.4343983684568316,47.61882800091021,0.5831815427078979,0.42473118279569677,0.5752688172043032,0.49831246308136273,-0.19758576874205858,0.11348424348625438,0.5052,0.056435714285714304
APR,28111,1786585500000,1.8033573141486814,3.973487423521414,58.609734007376275,10.990906006466062,0.14761376248612626,0.8523862375138738,1.2592807294432615,-0.07163278271918683,0.10502951180472192,0.5845,0.05999285714285717
APR,28112,1786586400000,1.8346909439386683,4.021753908905507,58.81124427632797,0.20151026895169366,0.6123778501628665,0.3876221498371335,0.7731179799766943,-0.060355781448538814,0.10274092178770955,0.5916,0.05885000000000003
APR,28113,1786587300000,1.9277456647398843,4.131883072739632,60.972570479429876,2.1613262031019076,0.45939086294416265,0.5406091370558374,0.7252453343039219,-0.03462515883100392,0.09688945953148097,0.6078,0.057135714285714324
APR,28114,1786588200000,1.8809638554216868,4.063902107409925,52.63080494304584,-8.341765536384038,0.10419313850063515,0.29479034307496826,0.9846556129186164,-0.05050825921219826,0.107992413266247,0.5978,0.05856428571428575
APR,28115,1786589100000,1.7625240847784198,3.8987083616587355,54.59267627953322,1.961871336487384,0.5372670807453409,0.46273291925465904,0.6514737023288675,-0.08910419313850071,0.10372681974623725,0.5735,0.057692857142857164
APR,28116,1786590000000,1.7378547378547382,3.869476546566961,54.752386519938845,0.15971024040562298,0.5693779904306222,0.43062200956937774,0.3533134502690839,-0.09593392630241426,0.09997180282484432,0.5692,0.05571428571428574
APR,28117,1786590900000,1.690567853705486,3.8008157715839563,40.67571169963807,-14.076674820300774,0.015711645101663906,0.05452865064694972,1.3536139069850683,-0.11197585768742058,0.13328746559919946,0.5591,0.06088571428571431
APR,28118,1786591800000,1.3219277108433736,3.275322909585316,40.60858662667906,-0.06712507295900849,0.5143442622950821,0.47540983606557363,1.460711445977221,-0.23475222363405346,0.13244504290098333,0.4818,0.06042142857142859
APR,28119,1786592700000,1.2435158501440924,3.175390890550646,39.87628595177158,-0.732300674907485,0.2809278350515469,0.5592783505154638,0.904647823462333,-0.25810038119440915,0.13717460317460317,0.4671,0.06172857142857143
APR,28120,1786593600000,1.4288452323909921,3.445955132562882,45.30698437312934,5.430698421357761,0.2377358490566037,0.7622641509433963,1.6088063046562244,-0.19488564167725542,0.13333728758266852,0.5069,0.06422857142857143
APR,28121,1786594500000,1.1911960871498444,3.3501019714479945,45.01689611597592,-0.2900882571534211,0.38513513513513564,0.5540540540540546,0.6989761327958468,-0.21728081321473958,0.11648099606815207,0.4928,0.055864285714285734
APR,28122,1786595400000,1.0800326663944464,3.4629503738953087,45.07100309715094,0.05410698117502477,0.6263269639065815,0.37367303609341856,0.7340292357288498,-0.1909148665819569,0.11039502277260146,0.5094,0.052978571428571444
APR,28123,1786596300000,1.0200327064595256,3.3589394969408564,44.42754006155321,-0.6434630355977333,0.5799999999999991,0.2679999999999997,0.5691660616032342,-0.20944000000000007,0.10720290638323428,0.4941,0.05100714285714287
BEAT,2965,1765632600000,1.2038230207679708,8.344681714136701,66.82678727582075,3.505746012009837,0.42171468728039097,0.578285312719609,1.2093824267501556,-0.006896551724137945,0.038832457865858705,2.88,0.1095071428571429
BEAT,3159,1765807200000,1.0146240543043938,8.633761191435111,62.592452456191516,9.2401058934798,0.1901262843146608,0.8098737156853392,2.0004062152555586,0.010091525423728598,0.053135029354207455,2.97977,0.15515428571428577
BEAT,3160,1765808100000,1.032115712948174,8.55263234143656,57.01518016031759,-5.577272295873925,0.17984616235958034,0.22710420009960824,0.9624831444595766,-0.00939669840289692,0.05740117959633626,2.95177,0.1614178571428572
BEAT,3161,1765809000000,1.058812532456292,8.615420276417582,58.4799949525668,1.4648147922492072,0.4603829271984252,0.5396170728015748,1.1836534756934158,-0.0021243250317977136,0.06113070629318434,2.97344,0.1743307142857143
BEAT,3162,1765809900000,1.01940599325374,8.360936458725698,58.18716453737285,-0.29283041519394715,0.35976974736168815,0.5812813132928283,0.6448065012776169,-0.03159975434345608,0.06139434690586525,2.88561,0.17474857142857145
BEAT,3163,1765810800000,1.0121507607192255,8.43035957465303,56.8042236044757,-1.3829409328971494,0.3448388679862583,0.5212388897976987,0.9651788634285764,-0.02355886528154849,0.06491341047842819,2.90957,0.18317071428571433
BEAT,3167,1765814400000,1.118404859969981,8.628603714542347,57.45932860103189,-0.8363181593791964,0.4851575161073571,0.46654017945373355,1.1315387846646365,-0.0005973615413269462,0.06456315972747384,2.97799,0.18355499999999997
BEAT,3168,1765815300000,1.0471200535803988,8.50189783559818,59.69566171412271,2.236333113090815,0.4655172413793099,0.5344827586206901,0.5230665155900223,-0.015272990868422598,0.0627100905858625,2.93426,0.18095999999999998
BEAT,3169,1765816200000,1.251005011658135,9.734505838379741,70.9984656185589,11.302803904436189,0.36531029319520086,0.6346897068047992,2.099983230443701,0.12749306154501872,0.0643039807386657,3.35967,0.20443071428571424
BEAT,3170,1765817100000,1.1765149578909964,10.116477848926491,72.60139465038446,1.6029290318255676,0.652685892359958,0.347314107640042,1.3086320689915183,0.039238972875312195,0.06866279413699358,3.4915,0.2221914285714285
BEAT,19928,1780899300000,1.111709286675639,8.892317380352646,67.5082678963211,1.337040971342887,0.7551379917792103,0.24486200822078968,1.9288559051204994,0.03352118861157849,0.03832871367014562,4.2363,0.15744285714285716
BEAT,19929,1780900200000,1.0325803649000869,8.839420654911839,70.07180433442181,2.563536438100712,0.1655530809205668,0.8344469190794331,0.9500141618114187,-0.0059485872105374815,0.03764971897850051,4.2111,0.1577071428571429
BEAT,19930,1780901100000,1.0389560173997103,8.855163727959699,66.20160631396858,-3.8701980204532305,0.2798861480075941,0.18785578747628054,0.9025523561186594,-0.004178174350258357,0.03574366596384503,4.2186,0.14772857142857151
BEAT,19931,1780902000000,1.1068533529845248,9.001889168765743,69.93803184611346,3.736425532144878,0.18392434988179637,0.8160756501182036,1.1455581124154377,0.012322073507541997,0.035125995051635134,4.2885,0.14927142857142867
BEAT,19932,1780902900000,1.0472812113132082,9.025398824517211,69.75285710215144,-0.1851747439620226,0.5463467829880032,0.4252998909487452,0.6298004126996746,0.002611635770082721,0.03340509267045647,4.2997,0.14187142857142862
BEAT,19933,1780903800000,1.1296074318249922,8.950251889168765,66.33375461019833,-3.4191024919531117,0.10122282608695608,0.5658967391304381,1.0276961964765658,-0.008326162290392403,0.03288605442176871,4.2639,0.1381214285714286
BEAT,19934,1780904700000,1.0182546113149993,8.888539042821158,64.50091960228477,-1.832835007913559,0.28908296943231654,0.4777292576419189,0.6550110080255276,-0.015163848640602828,0.03297756211738055,4.2345,0.13767142857142858
BERA,30228,1770843600000,1.0064646464646465,2.9630071599045347,82.78436814560202,-6.937848006232784,0.44392833443928326,0.3722627737226274,4.131922341974198,0.05952634947727753,0.05792343645671043,0.9932,0.052049999999999985
BERA,30231,1770846300000,1.0319919517102618,3.0128281622911697,83.65467065074309,5.008768061294191,0.07412060301507557,0.9258793969849244,2.374536803420545,0.01681433749496586,0.06686275351739734,1.0099,0.06673571428571429
BERA,30232,1770847200000,1.5518905872888173,3.7852028639618136,89.32034777837849,5.665677127635405,0.20109066121336047,0.7989093387866395,3.6383563458846604,0.25636201604119213,0.07167064213683488,1.2688,0.08670714285714284
BERA,30233,1770848100000,1.79126213592233,4.116945107398568,91.44443881947682,2.1240910410983247,0.17203042715037975,0.8279695728496203,2.649016831183508,0.08764186633039084,0.07231177677645911,1.38,0.09766428571428569
BERA,30234,1770849000000,1.7230490748189866,4.039081145584726,59.20833276553082,-32.236106053945996,0.008160237388724232,0.10682492581602375,1.7670209982494416,-0.018913043478260727,0.12350875678164888,1.3539,0.12260714285714285
BERA,30235,1770849900000,1.0896842951940475,3.1002386634844865,59.55157432900356,0.3432415634727377,0.3050713153724249,0.6949286846275752,1.6098046059971325,-0.2469565217391304,0.13000899370440688,1.0392,0.13009999999999997
BERA,30236,1770850800000,1.0551849605821708,3.0331145584725534,55.86847912218667,-3.683095206816887,0.13029827315541564,0.41758241758241793,1.2788053128482366,-0.2632608695652173,0.14458507010231145,1.0167,0.13627142857142854
BERA,30258,1770870600000,1.0028225806451614,2.9636038186157516,61.169881943568726,2.9673300496855077,0.22943722943722866,0.7705627705627713,1.5102295387217166,0.02033689400164329,0.03922466422466421,0.9934,0.03854999999999999
BERA,30259,1770871500000,1.0007976071784648,2.9934367541766114,53.564467657425894,-7.605414286142832,0.23509174311926676,0.16743119266054973,1.335036451721949,0.01006643849406097,0.04283565596414758,1.0034,0.039871428571428565
BICO,42529,1781914500000,1.2288049029622061,2.5431235431235426,81.3821523131765,15.86742416665922,0.12295081967213088,0.8770491803278692,5.926440576290771,0.16965960868399876,0.04361922588408319,0.04364,0.0018642857142857157
BICO,42530,1781915400000,1.2843287391526288,2.6078088578088576,69.59819287447334,-11.783959438703164,0.43383947939262396,0.09110629067245057,3.5909706120652483,0.025435380384967843,0.05299027895181743,0.04475,0.002149285714285715
BICO,42531,1781916300000,1.0889115993868166,2.382284382284382,66.6426699326905,-2.9555229417828457,0.12840466926069907,0.6342412451361886,2.627503090121276,-0.08648044692737422,0.056245081908577174,0.04088,0.0022464285714285724
BICO,42532,1781917200000,1.1033776867963154,2.3951048951048945,62.53724498549557,-4.105424947194926,0.47058823529411814,0.19607843137254943,1.5906205701847536,-0.08156424581005584,0.05814889336016097,0.0411,0.002270714285714286
BICO,42533,1781918100000,1.0408788962698008,2.3275058275058274,63.54275404514196,1.0055090596463927,0.26943005181347474,0.7305699481865252,1.2826524376178825,-0.10748603351955299,0.058690294991664865,0.03994,0.0023135714285714287
BICO,42534,1781919000000,1.0234693877551022,2.311188811188811,50.67633257602867,-12.866421469113291,0.06052631578947399,0.08157894736842052,1.3912304925933212,-0.1137430167597765,0.06842687309925354,0.03966,0.002475
BICO,42635,1782009900000,1.0181533646322376,3.757575757575757,65.35677453009954,-0.05640106765376629,0.3442028985507221,0.6557971014492779,1.4038321074239708,-0.014067278287461793,0.03538260889118751,0.06448,0.0022478571428571426
BICO,42639,1782013500000,1.0124921923797627,3.7552447552447545,63.98622765638323,2.8688846987895644,0.2849740932642459,0.7150259067357541,1.0014357572535175,-0.014678899082568808,0.033897547123404065,0.06444,0.0021657142857142856
BIO,36291,1776300300000,1.0274185204345576,2.5057544757033248,85.98286574327902,1.274526023219778,0.4160305343511446,0.5839694656488553,2.1092640045807505,0.02484309623430958,0.04345706786651669,0.03919,0.0016557142857142858
BIO,36295,1776303900000,1.0234096692111958,2.542199488491048,81.4183204312962,2.1313423320681437,0.4838709677419337,0.5161290322580663,1.656036078819393,0.014544526664965307,0.051001955936081464,0.03976,0.0019742857142857136
BIO,36296,1776304800000,1.2014134275618376,2.7883631713554986,86.58747124148749,5.169150810191297,0.176043557168785,0.8239564428312149,2.785318859300516,0.09683098591549322,0.05353792548914499,0.04361,0.002282857142857142
BIO,36297,1776305700000,1.3263157894736843,2.9673913043478257,87.39463399914094,0.8071627576534439,0.7650130548302877,0.23498694516971227,2.652721981837337,0.0642054574638844,0.057349848863188314,0.04641,0.002493571428571428
BIO,36298,1776306600000,1.231425702811245,2.8420716112531967,87.51026922937035,0.11563523022941524,0.3811659192825123,0.6188340807174877,1.2556281361363981,-0.042232277526395134,0.059452817824377446,0.04445,0.0025921428571428567
BIO,36299,1776307500000,1.1963129048330843,2.8184143222506393,78.58249781352364,-8.927771415846706,0.16151202749140817,0.3608247422680417,1.4650877998170084,-0.050204697263520726,0.06476280706503348,0.04408,0.002734285714285714
BIO,36300,1776308400000,1.1057356608478806,2.699488491048593,70.00009332373743,-8.582404489786214,0.0,0.13966480446927387,0.9968701766117296,-0.090282266752855,0.06856651215058295,0.04222,0.002789285714285714
BIO,36301,1776309300000,1.2286570144782827,2.8542199488491047,76.05369249367342,6.053599169935993,0.15476190476190416,0.8452380952380959,1.335377052887806,-0.03813833225597929,0.06883057837820285,0.04464,0.0030278571428571433
BIO,36302,1776310200000,1.3708542713567837,3.016624040920716,79.71587096840015,3.66217847472673,0.10161662817552028,0.8983833718244797,1.6545622187909161,0.016591251885369473,0.06962528271899261,0.04718,0.0032542857142857143
BIO,36303,1776311100000,1.4112619406737053,3.0664961636828645,75.59591422850045,-4.119956739899706,0.37770897832817474,0.34055727554179643,1.7245524825510163,0.016532428995337023,0.06728281537358562,0.04796,0.003083571428571429
BIO,36304,1776312000000,1.2869955156950672,2.9347826086956523,69.51581319033778,-6.080101038162667,0.028225806451613118,0.39516129032258085,1.178558981759891,-0.04295246038365308,0.06690797940797942,0.0459,0.002970714285714286
BIO,36305,1776312900000,1.2788270377733602,2.9315856777493607,65.9979862135244,-3.5178269768133816,0.5234657039711188,0.15884476534296124,0.9726399631582144,-0.04399499582985822,0.06850709033613446,0.04585,0.002981428571428572
BIO,36306,1776313800000,1.25012309207287,2.9219948849104855,68.81739547090245,2.819409257378055,0.2962962962962963,0.7037037037037037,0.8689136706270608,-0.04712260216847386,0.06620402718668615,0.0457,0.002977857142857143
BIO,36307,1776314700000,1.2957677165354329,2.9827365728900253,68.06801750920768,-0.7493779616947762,0.6721311475409825,0.24180327868852491,0.8674502595286926,-0.027314428690575543,0.06721938775510204,0.04665,0.0030114285714285716
BIO,36308,1776315600000,1.256523879862137,2.930306905370844,66.5929163145235,-1.4751011946841714,0.5885714285714299,0.21714285714285603,0.6893543952709523,-0.044412010008340275,0.06760490971017287,0.04583,0.003005714285714286
BIO,36309,1776316500000,1.2602739726027394,2.9539641943734014,68.01976992868131,1.4268536141578068,0.592391304347826,0.40760869565217395,0.6372237283759169,-0.03669724770642213,0.06609240903189033,0.0462,0.0029814285714285724
BIO,36310,1776317400000,1.2599418040737151,2.979539641943734,55.782793249078296,-12.236976679603018,0.256013745704468,0.21134020618556712,1.5638110805323335,-0.028356964136780682,0.07149658244635634,0.0466,0.0030035714285714297
BIO,36311,1776318300000,1.020066889632107,2.703324808184143,47.19885783115295,-8.583935417925346,0.06235011990407586,0.23741007194244718,1.5039178623090124,-0.11843202668890751,0.0774388016075996,0.04228,0.003027857142857144
BIO,36312,1776319200000,1.0518844836025454,2.680306905370844,51.25196294607806,4.05310511492511,0.4610169491525422,0.5389830508474578,1.0903131118989617,-0.12593828190158474,0.07591927303465767,0.04192,0.0030792857142857154
BIO,36313,1776320100000,1.0352595494613124,2.6572890025575444,50.53660655315091,-0.7153563929271485,0.46511627906976805,0.41860465116278994,0.6713043372847693,-0.13344453711426196,0.07504341354502607,0.04156,0.0030250000000000008
BIO,36316,1776322800000,1.0158883004333172,2.677109974424552,50.47634110762704,-1.3372695378458914,0.6333333333333321,0.15,0.6518524786244638,-0.12698081734778988,0.06434591684963524,0.04187,0.002595714285714286
BSB,4644,1779303600000,1.1326382153249273,10.33085356303837,96.5496691508537,1.3870371653552525,0.8459950454170106,0.15400495458298935,5.598298335329329,0.820408444873741,0.10554080368206763,2.6385,0.17034285714285716
BSB,4916,1779548400000,1.0120753501851554,4.188002680965147,50.87078775537677,0.7000000371937247,0.33715925394548124,0.6628407460545187,0.7508786078533362,-0.17221964628734188,0.07226739986485543,1.2497,0.08861428571428573
BSB,4917,1779549300000,1.2030008826125331,4.18230563002681,52.63894087612321,1.7681531207464403,0.2124183006535934,0.7875816993464065,0.44079277521954363,-0.17334569782075915,0.05945572751855475,1.248,0.07381428571428572
BSB,4918,1779550200000,1.1654083733699383,4.229222520107239,49.728931225603375,-2.9100096505198323,0.3311258278145698,0.27814569536423717,0.508860708179112,-0.12037359726772157,0.05559398743082264,1.262,0.0677357142857143
BSB,4919,1779551100000,1.3143939393939394,4.095174262734584,48.65061345515824,-1.0783177704451319,0.11006289308176267,0.6163522012578626,0.4860940406603665,-0.09842113029364019,0.05203929811302931,1.222,0.06295714285714286
BSB,4920,1779552000000,1.2517203911626225,4.166890080428955,52.10963786452335,3.4590244093651066,0.20527859237536988,0.7947214076246301,0.4942793042036892,-0.07896296296296301,0.04816402458751216,1.2434,0.059550000000000027
BSB,4921,1779552900000,1.1967815287738324,4.208780160857909,52.536799629636675,0.4271617651133255,0.32727272727272644,0.6727272727272735,0.6155808843039968,-0.06970370370370371,0.044774657463211166,1.2559,0.05550714285714288
BSB,4922,1779553800000,1.136340161817869,4.158847184986596,50.38104417414674,-2.1557554554899383,0.01874163319946538,0.7858099062918344,0.852479430991647,-0.07937685459940647,0.044215743440233275,1.241,0.05416428571428576
BSB,6362,1780849800000,1.0245245245245247,2.1817691477885655,87.97458023606511,0.4267076786698425,0.25274725274725296,0.747252747252747,1.4256856221427716,0.01658708218145266,0.0581165564817476,0.4045,0.023107142857142847
BSB,6363,1780850700000,1.0347394540942925,2.2114347357065802,85.8873014948862,-2.087278741178906,0.6944444444444435,0.16111111111110915,1.0103658274736693,0.013597033374536327,0.059128893390731796,0.41,0.023349999999999985
CFX,10432,1753027200000,1.1555144913440967,3.7024724356832612,89.409036331354,7.724530332635808,0.260130718954248,0.739869281045752,4.652452627689706,0.18728236995767933,0.049431081956592175,0.22163,0.010463571428571431
CFX,10433,1753028100000,1.0609112709832136,3.5892081523554964,86.12154335966297,-3.2874929716910373,0.35461801596351217,0.369441277080957,1.5856574039961826,-0.030591526417903636,0.0502067920613688,0.21485,0.010509285714285718
CFX,10434,1753029000000,1.076172248803828,3.624457066488473,86.99849525551966,0.876951895856692,0.31588132635252925,0.6841186736474708,1.4375686662855662,-0.0210711546270812,0.051718249876119955,0.21696,0.01103357142857143
CFX,10435,1753029900000,1.3884892086330938,4.1597059806214505,91.18837118182907,4.189875926309412,0.21045315540728365,0.7895468445927164,2.3982031556470518,0.12349411180796821,0.05490795912450222,0.249,0.013256428571428572
CFX,10436,1753030800000,1.4223590532999806,4.206147677915135,79.90450371123566,-11.283867470593407,0.3899887934254762,0.18640268957788642,1.9734323343387625,0.011164658634538194,0.06304037267080745,0.25178,0.014499285714285715
CFX,10437,1753031700000,1.2893822393822396,3.962245238890745,80.79135126418848,0.8868475529528155,0.3696900114810565,0.6303099885189435,0.7773702446905236,-0.0579871316228453,0.06321288132281465,0.23718,0.014789285714285715
CFX,10438,1753032600000,1.2828400077384408,3.9425325760106915,79.82375703013207,-0.9675942340564063,0.3171091445427716,0.5501474926253679,0.49765744048099886,-0.06267376280880144,0.06259467083678287,0.236,0.01458142857142857
CFX,10439,1753033500000,1.2462722462722464,3.9007684597393926,62.22966722148019,-17.59408980865188,0.019298245614035866,0.20385964912280718,1.1969524072985702,-0.07260306616887757,0.07625011011947115,0.2335,0.016074285714285715
CFX,10440,1753034400000,1.06788710907704,3.6231206147677915,55.3253765716425,-6.904290649837691,0.27443781551170227,0.18724185406149632,1.0369455686029365,-0.13861307490666464,0.085210767542444,0.21688,0.01697142857142857
CFX,10441,1753035300000,1.0357211262210306,3.551119278316071,59.01496710591473,3.6895905342722273,0.3411938098747233,0.6588061901252766,0.5971077037215007,-0.15573119389943602,0.0837466851701727,0.21257,0.017414285714285712
CFX,10442,1753036200000,1.0918230563002678,3.649682592716338,61.61899044731401,2.6040233413992837,0.31578947368421123,0.6842105263157887,0.4529740857447493,-0.1322980379696561,0.07999148035489648,0.21847,0.01716857142857143
CFX,10443,1753037100000,1.095516382448745,3.6540260608085537,61.32420371975068,-0.29478672756333424,0.7527675276752757,0.1568265682656805,0.21842840869786073,-0.13126539042020813,0.07794906345055767,0.21873,0.01669357142857143
CFX,10444,1753038000000,1.0496474175719457,3.593217507517541,58.9463511808132,-2.377852538937475,0.07863383637807718,0.633836378077839,0.3642889633681835,-0.14572245611247914,0.08091030026605853,0.21509,0.01703
CFX,10446,1753039800000,1.0211828662480085,3.602405613097227,59.36606110324047,1.676572465685922,0.39802631578947356,0.6019736842105264,0.22453019571488647,-0.14353800937326244,0.06902976274704023,0.21564,0.014634999999999999
CFX,10450,1753043400000,1.1030143675462485,3.7412295355830274,60.14324397641102,5.967430442656337,0.4267740312028191,0.5732259687971809,0.5882473500048518,-0.11053300500436891,0.052629136306678426,0.22395,0.01134
CFX,10451,1753044300000,1.0490427237574274,3.6294687604410294,57.77066580486486,-2.3725781715461594,0.2677760968229985,0.25869894099848534,0.3033581033724747,-0.13710382079593297,0.05269353927293276,0.21726,0.01119
CFX,10452,1753045200000,1.0508249573297932,3.61309722686268,57.965892285581795,0.19522648071693283,0.6704119850187251,0.3295880149812749,0.2019685923757758,-0.1409961077130829,0.05212573040499699,0.21628,0.01108714285714286
CFX,10453,1753046100000,1.0319229316207026,3.594052789842967,59.35845984126381,1.3925675556820138,0.024154589371977987,0.975845410628022,0.1473933094654774,-0.14552387004527767,0.043466996173469385,0.21514,0.009347142857142858
CFX,10454,1753047000000,1.1023884289656483,3.6909455395923825,60.97681874318287,1.6183589019190592,0.40613026819923204,0.593869731800768,0.19471247430996436,-0.1224878862499007,0.03834496693607642,0.22094,0.008350000000000002
CFX,10455,1753047900000,1.10934393638171,3.722185098563315,62.45658868979589,1.4797699466130254,0.35172413793103374,0.6482758620689663,0.38973921288116165,-0.11506076733656367,0.03586021714597036,0.22281,0.007898571428571432
CFX,10456,1753048800000,1.0800528650995944,3.6809221516872705,55.559184717523806,-6.8974039722720875,0.010055865921788448,0.14189944134078117,0.5631086895982289,-0.12487091905631897,0.036063602531203415,0.22034,0.007669285714285718
CFX,10457,1753049700000,1.0369248248437795,3.594052789842967,56.97314557138163,1.413960853857823,0.03264604810996487,0.9673539518900351,1.0119275079833578,-0.09292520448604435,0.03777971423249875,0.21514,0.008113571428571432
CFX,10458,1753050600000,1.0645923964441084,3.647009689274975,57.934048483633745,0.9609029122521164,0.4875283446712051,0.5124716553287949,0.490775816340978,-0.07495762711864395,0.034832002749286266,0.21831,0.007529285714285718
CFX,10459,1753051500000,1.1719920356499478,3.826929502171734,63.13919746234982,5.205148978716075,0.32081911262798707,0.6791808873720129,1.258744564998272,-0.01892933618843684,0.03717545490430776,0.22908,0.008341428571428574
CFX,10460,1753052400000,1.208080999242998,3.8982626127631144,66.0353915923576,2.8961941300077783,0.33974358974358854,0.6602564102564115,1.9673054682669928,0.018639776497293425,0.03688381815014808,0.23335,0.008470000000000005
CFX,10461,1753053300000,1.1991858373568114,3.8807216839291683,63.335448884945066,-2.699942707412532,0.3901734104046249,0.23265895953757199,0.8245806443223826,-0.004499678594386047,0.03822068939474994,0.2323,0.00867571428571429
CFX,10462,1753054200000,1.1516037735849056,3.810056799198129,59.901652800508906,-3.4337960844361604,0.14041994750656028,0.40551181102362027,1.2793639334827924,-0.02262695521748448,0.039398509694653576,0.22807,0.00880714285714286
CFX,10463,1753055100000,1.143436056922062,3.7995322418977615,56.66963634661232,-3.232016453896584,0.45216400911161697,0.17198177676537696,0.8311613758119629,-0.02532676237411613,0.04053036938988706,0.22744,0.008923571428571433
CFX,10464,1753056000000,1.1286066818526956,3.7465753424657535,54.30089809292195,-2.368738253690374,0.5279583875162558,0.13784135240572237,1.3427075681457454,-0.03891150632097706,0.03700409588573532,0.22427,0.008053571428571434
CFX,10465,1753056900000,1.0816791718111882,3.6615436017373875,49.57327136792618,-4.7276267249957655,0.19395465994962383,0.1309823677581845,1.0499079979442698,-0.06072423398328686,0.03838595924520178,0.21918,0.008148571428571434
CFX,10466,1753057800000,1.0366780691752187,3.5806882726361513,48.67080616545959,-0.902465202466594,0.21895424836601451,0.6601307189542469,1.5347927455740618,-0.08146560959931437,0.03987717613321251,0.21434,0.008422857142857147
CFX,10467,1753058700000,1.1249053747161244,3.7514199799532246,57.93651619547561,9.265710030016024,0.09889349930843808,0.901106500691562,1.5582426270822787,-0.03766873794728942,0.04105230134898939,0.22456,0.009160000000000003
CFX,10468,1753059600000,1.162902315076228,3.8394587370531243,58.71815174928774,0.78163555381213,0.6135105204872658,0.3864894795127341,1.551452890543083,-0.015084636811656282,0.0412221422520589,0.22983,0.00924571428571429
CFX,10469,1753060500000,1.1260235294117646,3.773638489809556,58.58675984927972,-0.13139190000801904,0.3209109730848852,0.6418219461697704,0.8662674540086474,-0.03196914506106707,0.04047491587641482,0.22589,0.009072857142857146
CFX,10470,1753061400000,1.1357768774144916,3.7866688940862017,53.863985735819966,-4.7227741134597565,0.2779587404994571,0.21389793702497226,1.0770228543343054,-0.028626526676665875,0.0414320219269406,0.22667,0.009091428571428575
CFX,10471,1753062300000,1.0723905723905722,3.701637153357835,53.47142847510787,-0.3925572607120955,0.39560439560439525,0.532967032967033,0.7538057025247373,-0.05043925433897578,0.039492306989910075,0.22158,0.008650000000000003
CFX,10472,1753063200000,1.012550384756321,3.6700634814567326,51.647324646255704,-1.8241038288521665,0.1608910891089074,0.39108910891089177,0.5495209599823234,-0.058538675808870844,0.03969788440165461,0.21969,0.00862357142857143
CFX,10473,1753064100000,1.0698014820236024,3.779652522552623,57.947186976744625,6.299862330488921,0.1523118766999105,0.8476881233000895,0.9334458763788653,-0.030426398114420383,0.03724896468807055,0.22625,0.008365000000000003
CFX,10474,1753065000000,1.0318109116758487,3.819913130638156,58.897898101382104,0.9507111246374791,0.4637681159420285,0.5362318840579715,1.0015601830952185,-0.020098564388257967,0.035559267555015636,0.22866,0.00802857142857143
CFX,10475,1753065900000,1.0481195170676627,3.939191446708988,63.86397980648304,4.966081705100933,0.2656119900083258,0.7343880099916742,1.3177777753825035,0.010499250053567666,0.036078168854059844,0.2358,0.00839214285714286
CFX,10476,1753066800000,1.1622926358290178,4.115436017373873,67.38119021744018,3.5172104109571407,0.5511596180081856,0.4488403819918144,2.1871176383397066,0.044741306191687924,0.03733159860662275,0.24635,0.008895000000000004
CFX,10477,1753067700000,1.121604938271605,4.019211493484798,59.541232779246755,-7.839957438193423,0.23084886128364485,0.02380952380952463,1.4466653114538395,-0.023381367972397094,0.03875176130324081,0.24059,0.008957857142857146
CFX,10478,1753068600000,1.0641160949868076,3.920648179084531,59.569733556524156,0.028500777277400857,0.7441364605543755,0.2558635394456245,0.8317979058176862,-0.04733103308301201,0.03781821552150274,0.23469,0.008743571428571432
CFX,10480,1753070400000,1.015492596079774,3.9336785833611767,58.1269964153608,2.591298740017116,0.5467869222096969,0.45321307779030306,1.2418342316776456,-0.044164806170083226,0.03685407039409297,0.23547,0.00849928571428572
COAI,23155,1781378100000,1.0149047750483025,3.523166023166023,76.84163848789957,8.14294600510523,0.18716577540106905,0.812834224598931,1.1288119860348866,0.09906654622101763,0.0709874686716792,0.73,0.05057857142857143
DOOD,14179,1759812300000,1.0843949044585988,4.80607476635514,93.1940502648298,1.7658277943059488,0.18236173393124064,0.8176382660687593,10.20448684061265,0.07995199879997017,0.05120583115309831,0.014399,0.0007185714285714287
DOOD,14180,1759813200000,1.5495742531389811,5.896528704939921,93.43411774682413,0.24006748199433048,0.9174386920980928,0.08256130790190717,9.764407107912023,0.2268907563025211,0.0672874226968919,0.017666,0.0009621428571428574
DOOD,14181,1759814100000,1.1911532385466037,5.092456608811749,89.50986540365857,-3.9242523431655627,0.6535859269282813,0.1441136671177264,3.9234000049910094,-0.13636363636363646,0.0753644939965695,0.015257,0.0010545000000000003
DOOD,14182,1759815000000,1.0526391693106434,4.750667556742323,85.97577192928922,-3.5340934743693424,0.24085365853658636,0.4715447154471534,2.395691582368234,-0.19432808785237177,0.08159619130960195,0.014233,0.0011189285714285715
DOOD,14183,1759815900000,1.0962390962390964,4.892857142857143,87.60253283305832,1.626760903769096,0.055921052631578934,0.944078947368421,2.2371198043725777,-0.17021397033850338,0.08395087141484837,0.014659,0.0012235000000000002
DOOD,14184,1759816800000,1.1002559726962455,4.929572763684913,80.6303155720868,-6.972217260971519,0.1727972626176211,0.32335329341317504,1.7914918776485047,-0.16398732027623697,0.09317703329722218,0.014769,0.0013024285714285718
DOOD,14185,1759817700000,1.104718066743383,4.883845126835781,82.1830548515466,1.5527392794598,0.06770098730606412,0.9322990126939359,1.238678238968454,-0.17174232989924154,0.09215088942872819,0.014632,0.0013439285714285719
DOOD,14186,1759818600000,1.2212796549245146,5.156542056074766,83.45357347056553,1.2705186190189295,0.34643995749203,0.6535600425079701,2.046921381051012,-0.12549530170949852,0.09307015803742645,0.015449,0.0014075000000000001
DOOD,14187,1759819500000,1.2639346611262359,5.27369826435247,83.13376869694454,-0.31980477362098725,0.5961369622475857,0.3819139596136955,1.6139352946895917,-0.10562662741990259,0.09828526004996593,0.0158,0.0014837142857142857
DOOD,14188,1759820400000,1.2415479787080996,5.200600801068091,79.41920438487018,-3.7145643120743586,0.4176776429809361,0.31455805892547584,1.2999723629716626,-0.1180233216347788,0.10558292282430212,0.015581,0.0015615714285714282
DOOD,14189,1759821300000,1.1302292263610316,4.962950600801069,73.49072180560259,-5.928482579267595,0.0801564027370484,0.42130987292277544,1.446965247301603,-0.15832672931054004,0.11417464653438598,0.014869,0.0016300714285714286
DOOD,14190,1759822200000,1.1820667818077144,5.060413885180241,68.11130641563267,-5.379415389969921,0.3619281045751639,0.4330065359477124,2.8228043161117538,-0.14179780369070527,0.13043636099615188,0.015161,0.0017965
DOOD,14191,1759823100000,1.08679901463556,4.7939414114513985,68.37838222902512,0.26707581339245223,0.4248704663212435,0.5751295336787565,1.6498244043604788,-0.18481829503000113,0.13623448945644645,0.014401,0.0018837142857142852
DOOD,14192,1759824000000,1.0020213687554143,4.615845539280959,51.083335152840704,-17.295047076184417,0.01760268231349555,0.13411567476948835,2.3579600697981435,-0.2151024566964792,0.13304479418886198,0.013866,0.0015699285714285713
EDGE,5985,1780436700000,1.0545607162842754,2.2455657492354737,59.87664693439167,5.4141019626758435,0.25174825174825155,0.7482517482517484,0.7002409493754247,-0.017790262172284743,0.022211525237243852,0.7343,0.016150000000000005
ENJ,35629,1775704500000,1.0213082259663033,2.312358276643991,80.12802952538993,-6.921166953963564,0.5180722891566262,0.20240963855421693,3.557261313954829,0.032135627530364363,0.05303781064186615,0.04079,0.001987857142857143
ENSO,8404,1769295600000,1.113789528252981,3.049738219895288,78.83419296489758,17.866275993940867,0.07122093023255785,0.9287790697674422,4.797499056027583,0.1244398483281628,0.03163751425212785,1.631,0.05113571428571425
ENSO,8405,1769296500000,1.361863630414867,3.3745325355272997,85.13935736555538,6.305164400657802,0.12433581296493026,0.8756641870350698,3.799466650873664,0.10649908031882283,0.03327024404327495,1.8047,0.05926428571428567
ENSO,8406,1769297400000,1.384926854754441,3.4141735228122663,76.68543481326894,-8.453922552286443,0.2683513838748492,0.39049338146811013,3.4817254073203934,0.011747104781958173,0.03843127184771623,1.8259,0.0662785714285714
ENSO,8407,1769298300000,1.3743932834841925,3.3844427823485415,78.48686024718494,1.8014254339159947,0.387523629489604,0.612476370510396,1.985827071002151,-0.008708034393997477,0.040571751594928526,1.81,0.07177142857142856
ENSO,8408,1769299200000,1.4903724347605776,3.675953627524308,83.28084319429114,4.793982947106201,0.17823792123426738,0.8217620787657326,4.355234205185857,0.07667451667670733,0.04533595956592834,1.9659,0.08713571428571427
ENSO,8409,1769300100000,1.704382183908046,4.223448017950636,87.35476921396781,4.0739260196766764,0.3433577405857739,0.656642259414226,4.09861196830146,0.1489394170608882,0.05282437314495225,2.2587,0.11237857142857142
ENSO,8410,1769301000000,1.5747072599531613,4.111443530291697,82.37683390716431,-4.977935306803502,0.4854111405835545,0.21286472148541002,1.9635499221398773,-0.026519679461637358,0.0577032697603824,2.1988,0.12002857142857142
ENSO,8411,1769301900000,1.4460256855258593,3.953066566940912,69.23499443577319,-13.141839471391123,0.12977099236641318,0.3118320610687018,2.6265146267178032,-0.06401912604595561,0.07084866214559048,2.1141,0.13700714285714286
ENSO,8412,1769302800000,1.4026713124274104,3.868175018698579,72.79974095592783,3.5647465201546424,0.14112658994548932,0.8588734100545107,1.6031086841566735,-0.08411918360118653,0.07148793809104752,2.0687,0.14622142857142859
ENSO,8413,1769303700000,1.3478608100399319,3.847980553477935,69.93013303002681,-2.869607925901022,0.136518771331058,0.4402730375426637,0.9641504726840142,-0.08890069509009613,0.07503075905525251,2.0579,0.15071428571428575
ENSO,8414,1769304600000,1.1521155830753353,3.8994016454749434,71.30426680771637,1.3741337776895648,0.3174460431654667,0.6825539568345332,0.9385983989963185,-0.07672555009518756,0.07663040827276721,2.0854,0.15710000000000005
ENSO,8415,1769305500000,1.1487536582904432,3.9813014210919966,72.81960793467289,1.515341126956514,0.3990086741016121,0.6009913258983879,1.0606786889567132,-0.057333864612387764,0.07707950132842836,2.1292,0.16163571428571427
ENSO,8416,1769306400000,1.2436096450377732,4.053851907255049,70.37066602543732,-2.4489419092355718,0.6292035398230084,0.11769911504424466,0.9005341220356583,-0.04015584185593479,0.08089459252249952,2.168,0.16731428571428575
ENSO,8417,1769307300000,1.1517385673009861,4.038332086761406,73.02884106629313,2.6581750408558094,0.12500000000000105,0.874999999999999,0.6279883209038767,-0.04383052198167092,0.0789561258718918,2.1597,0.16947142857142855
ENSO,8418,1769308200000,1.121253943217666,4.023560209424084,68.6070156882536,-4.421825378039529,0.07564296520424106,0.13010590015128495,0.5346812980988346,-0.047328109089299186,0.07613522417991692,2.1518,0.15945
ENSO,8419,1769309100000,1.0379992245056222,3.9311892296185484,65.06468789097036,-3.542327797283235,0.06716417910447584,0.5721393034825893,0.7960999453089134,-0.06919909682560776,0.07538869848700155,2.1024,0.1546071428571428
ENSO,8420,1769310000000,1.0421313506815366,4.00598354525056,67.63771964321373,2.5730317522433666,0.24058919803600576,0.7594108019639942,0.6966411472702734,-0.05148979501483164,0.0716821039821513,2.1424,0.1514642857142857
FIL,18421,1760217300000,1.046419098143236,2.692844677137871,26.16503776326114,12.337782527361455,0.3863636363636358,0.6136363636363642,1.4634284271492939,-0.07604790419161678,0.01745927728889721,1.543,0.026642857142857142
FIL,20993,1762532100000,1.1596820809248554,5.216404886561955,79.27687067939593,4.121524914601906,0.5598958333333331,0.4401041666666669,3.7267828414166426,0.11738317757009353,0.046683489545782254,2.989,0.12949999999999998
FIL,20994,1762533000000,1.2076423936553713,5.343804537521815,82.69954026521562,3.4226695858196905,0.3554913294797685,0.6445086705202315,2.4194091095221077,0.024422883907661452,0.05043017547270693,3.062,0.14821428571428566
FIL,20995,1762533900000,1.2102312543798175,5.504363001745201,83.17120852789685,0.4716682626812343,0.7213740458015269,0.2786259541984731,2.4249469348450865,0.030045721750489918,0.05492652372922186,3.154,0.1628571428571428
FIL,20996,1762534800000,1.0647138964577656,5.289703315881327,76.75704111978955,-6.4141674081073035,0.283842794759825,0.38864628820960667,1.24106061648473,-0.038998097653772934,0.060656223748579326,3.031,0.17535714285714282
FIL,20997,1762535700000,1.046779661016949,5.2687609075043635,77.89809907152039,1.1410579517308435,0.4767441860465129,0.5232558139534871,1.0131784161449349,-0.04280279010779953,0.06187071355610681,3.019,0.1817142857142857
FIL,20998,1762536600000,1.0006688963210704,5.219895287958116,78.79964527985503,0.9015462083346364,0.13492063492063427,0.8650793650793657,0.7002279246462585,-0.05168040583386169,0.06244596022672686,2.991,0.1857142857142857
FIL,20999,1762537500000,1.252925877763329,6.047120418848168,86.03070886573498,7.2310635858799515,0.10204081632653014,0.8979591836734698,1.9728744275904682,0.09860494610019033,0.06434855467113529,3.465,0.21942857142857136
FIL,21000,1762538400000,1.4835164835164836,6.705061082024433,89.50539688327618,3.4746880175411974,0.0719557195571958,0.9280442804428042,2.539463096369101,0.1088023088023089,0.06564366477592877,3.842,0.2496428571428571
FIL,21001,1762539300000,1.5225396825396826,6.93368237347295,82.58192850438957,-6.923468378886611,0.4424083769633513,0.23298429319371738,2.129857203254494,0.0340968245705362,0.07364130434782608,3.973,0.27099999999999996
FIL,21002,1762540200000,1.3290282902829031,6.609075043630018,79.46063860538797,-3.121289899001596,0.42168674698795156,0.3373493975903616,0.9743067541856579,-0.04681600805436692,0.07732507691094107,3.787,0.2800714285714285
FIL,21003,1762541100000,1.2719512195121951,6.502617801047121,65.98513834637794,-13.475500259010033,0.20392156862745126,0.22549019607843102,1.3810905672269607,-0.062169645104454996,0.09160698203027831,3.726,0.30514285714285705
FIL,21004,1762542000000,1.070206489675516,6.1239092495637,68.45949973720803,2.474361390830097,0.22649572649572625,0.7735042735042738,0.7160555476629125,-0.11678832116788318,0.09083581349206349,3.509,0.3139285714285714
FIL,21005,1762542900000,1.027325581395349,6.085514834205934,61.832981599111854,-6.626518138096181,0.1415094339622652,0.04716981132075576,0.5381907901006008,-0.12232569846463626,0.09612959338986735,3.487,0.3157857142857142
FIL,21012,1762549200000,1.0202020202020203,6.282722513089006,67.89279962788255,4.789038183070311,0.022421524663676622,0.9775784753363234,0.39203959135731475,-0.09388371507676818,0.07200476852771706,3.6,0.25885714285714284
FIL,21013,1762550100000,1.0438158624514697,6.4310645724258295,61.82156724869229,-6.071232379190263,0.39130434782608636,0.01304347826087006,0.6127935675820053,-0.07248930279385846,0.06847475832438238,3.685,0.2367857142857143
H,9852,1760389200000,1.0048825547637898,5.29926752703174,74.13954619918432,4.002483895221204,0.19480519480519518,0.8051948051948048,1.0192520296464709,0.012866666666666804,0.06939972948774122,0.15193,0.010408571428571428
H,9853,1760390100000,1.1533931200642482,5.61144053017091,77.32302754543561,3.183481346251284,0.3109656301145659,0.6890343698854341,1.2959635423558022,0.05890870795761205,0.0666266506602641,0.16088,0.010465714285714285
H,9854,1760391000000,1.1481731158150197,5.557377049180328,77.66500091982707,0.3419733743914577,0.19669876203576164,0.8033012379642384,0.5099333696728372,-0.009634510193933354,0.06063512168641997,0.15933,0.009574285714285714
H,9855,1760391900000,1.1646917853814407,5.6710847575863275,78.03904918322169,0.37404826339462716,0.6989051094890495,0.3010948905109505,0.4301633047450835,0.01062904027846856,0.05749469099809236,0.16259,0.009127857142857144
H,9856,1760392800000,1.2296772465514931,5.807115451691663,80.25444377032484,2.215394587103148,0.2361111111111103,0.7638888888888897,0.9983996619875617,0.023986715050126062,0.05408393325034603,0.16649,0.008875714285714287
H,9857,1760393700000,1.241565452091768,5.79351238228113,78.1594333584915,-2.095010411833343,0.24811083123425678,0.5831234256926944,0.771103968667969,-0.002342483032013898,0.054816459417479146,0.1661,0.00892357142857143
H,9858,1760394600000,1.2089772879989247,5.733170561562608,69.68512886909807,-8.474304489393433,0.13546798029556528,0.40147783251231584,0.9217616367624204,-0.01273349750735786,0.05913274400669359,0.16437,0.009288571428571429
H,9859,1760395500000,1.443551627159502,6.36414370422044,77.55956939578644,7.874440526688375,0.31326219512195125,0.6867378048780487,1.6651987170898361,0.09592167697759635,0.06097500983864621,0.18246,0.010624285714285716
H,9860,1760396400000,1.4102804992618436,6.264039065224973,78.41463048174374,0.8550610859573027,0.2611806797853316,0.7388193202146685,1.2243571710215626,-0.01572947495341448,0.060524464497974446,0.17959,0.010692857142857145
H,9861,1760397300000,1.446443061942115,6.309382629926752,73.73303058166807,-4.681599900075668,0.4503735325506944,0.14834578441835689,1.294877496346982,-0.008604625671380095,0.06110115088774508,0.18089,0.010565000000000001
H,9862,1760398200000,1.3918955670383468,6.1353331008022325,74.47079553317896,0.7377649515108828,0.3249999999999986,0.6750000000000014,0.5684440293973878,-0.035953085607804525,0.057453771886761595,0.1759,0.010031428571428575
H,9863,1760399100000,1.510565780504431,6.423090338332752,77.35636874465925,2.885573211480292,0.2085836909871254,0.7914163090128746,1.4368117531969056,0.009262304066644633,0.057069746234395174,0.18415,0.01037071428571429
H,9864,1760400000000,1.726454954341011,6.97732821764911,81.11456516646717,3.7581964218079236,0.3620596205962056,0.6379403794037943,2.845381513418586,0.08628835188704853,0.057498226845558276,0.20004,0.011117857142857148
H,9865,1760400900000,1.6506090050636377,6.7554935472619455,56.38015296529659,-24.734412201170585,0.008492569002122799,0.2332802547770699,2.6175861073159608,-0.031793641271745665,0.07964682322956493,0.19368,0.013125000000000003
H,9866,1760401800000,1.2743761080049092,5.8172305545866765,48.536304112311164,-7.843848852985424,0.09289363678588015,0.254528564793312,2.062331917443442,-0.16626674665066976,0.09253537545848303,0.16678,0.013947857142857147
H,9867,1760402700000,1.1414182659588947,5.487617718869899,49.42024435100727,0.8839402386961055,0.47830279652844715,0.5216972034715529,0.8930919584532587,-0.21350729854029193,0.0906721420602106,0.15733,0.013815714285714289
H,9868,1760403600000,1.2662116040955635,5.7900244157656084,53.89729799812718,4.477053647119909,0.33941852603110195,0.6605814739688981,1.0680110131995617,-0.17016596680663865,0.08915925669559661,0.166,0.014352857142857145
H,9869,1760404500000,1.4389078498293517,6.231252179979072,59.693941425703976,5.796643427576797,0.2550408719346043,0.7449591280653958,1.1652668221866394,-0.10692861427714451,0.08778607149015841,0.17865,0.015272142857142859
H,9870,1760405400000,1.3857936830689979,6.138821067317753,58.48085284945634,-1.2130885762476353,0.2578616352201258,0.494339622641509,0.6512431206650444,-0.12017596480703863,0.08791719967438075,0.176,0.01512
H,9871,1760406300000,1.4058799510004087,6.165329612835716,59.286790982181905,0.805938132725565,0.4179523141654995,0.5820476858345005,0.4860363920090115,-0.11637672465506899,0.08667362675303751,0.17676,0.015062142857142857
H,9872,1760407200000,1.5039252842447208,6.452389257063132,62.62072889237243,3.333937910190528,0.2994062765055114,0.7005937234944887,0.9486441218459292,-0.0752349530093982,0.0828517894537954,0.18499,0.015034285714285714
H,9873,1760408100000,1.4936449364493645,6.36414370422044,59.622071772052244,-2.998657120320189,0.08333333333333375,0.5280701754385952,0.8576965691453269,-0.08788242351529685,0.07891509890606345,0.18246,0.013974285714285715
H,9874,1760409000000,1.4527864831720945,6.278688524590164,59.655322683181865,0.03325091112962042,0.5116279069767434,0.4883720930232566,0.4935023392061359,-0.10012997400519896,0.07662997459779848,0.18001,0.013575000000000002
H,9875,1760409900000,1.4901719901719903,6.363097314265783,60.68147216639075,1.0261494832088829,0.3931623931623931,0.6068376068376069,0.5396686102781401,-0.08803239352129566,0.07527880300047032,0.18243,0.013490714285714288
H,9876,1760410800000,1.4792149379855526,6.344611091733519,59.877343132680046,-0.8041290337107014,0.46354166666666646,0.35763888888888906,0.558291353671593,-0.09068186362727448,0.07641093474426809,0.1819,0.013616428571428574
H,9877,1760411700000,1.48202902482029,6.382978723404255,61.561048776532886,1.6837056438528393,0.31894934333958846,0.6810506566604115,0.47179525597829913,-0.08518296340731857,0.07261445118587977,0.183,0.013165000000000001
H,9878,1760412600000,1.4832041343669253,6.368678060690617,59.96140828942908,-1.5996404871038052,0.21382636655948506,0.49839228295819776,0.6211269431827657,-0.08723255348930214,0.06848737154637864,0.18259,0.012291428571428575
H,9879,1760413500000,1.5868230800709315,6.61457970003488,62.87905132920993,2.917643039780849,0.49025341130604394,0.5097465886939561,0.8184132648474856,-0.05198960207958403,0.05597127535267399,0.18964,0.010332857142857145
H,9880,1760414400000,1.5395399482782088,6.507847924659923,62.96951086589797,0.0904595366880443,0.27014925373134485,0.7298507462686552,0.5425217010585502,-0.06728654269146173,0.05018981127115565,0.18658,0.009273571428571428
H,9881,1760415300000,1.6323949408404737,6.751307987443321,66.63601906285419,3.666508196956215,0.22257720979765777,0.7774227902023423,0.8904850461074614,-0.0323935212957408,0.048067955442478875,0.19356,0.00920357142857143
H,9882,1760416200000,1.6066350710900474,6.714335542378793,63.686550265027776,-2.9494687978264125,0.17449664429530443,0.3389261744966437,0.6199880793764464,-0.03769246150769845,0.045464876659191474,0.1925,0.008572857142857144
H,9883,1760417100000,1.5757657536094998,6.658179281478898,51.90979734324045,-11.776752921787327,0.12018255578093352,0.17951318458417914,1.3314625631422936,-0.045740851829634055,0.04962918141900456,0.19089,0.008670714285714287
H,9884,1760418000000,1.6740442655935612,6.953261248692012,61.51141083506738,9.601613491826932,0.27666034155597674,0.7233396584440233,1.7353903017269934,-0.003449310137972339,0.05198896178277623,0.19935,0.009985000000000004
H,9885,1760418900000,1.6443850267379676,6.89919776770143,59.68444294383386,-1.8269678912335223,0.5438931297709925,0.21660305343511624,0.9809640431478764,-0.007775269626285386,0.05392840188979228,0.1978,0.010224285714285719
H,9886,1760419800000,1.5424836601307192,6.648412975235438,58.97419832630121,-0.7102446175326449,0.10767590618337004,0.7921108742004257,1.3657194484093986,-0.04384248808628044,0.0532817918856295,0.19061,0.010052142857142862
H,9887,1760420700000,1.597976570820021,6.807115451691663,58.73140308408056,-0.24279524222065163,0.7398190045248869,0.23076923076922956,0.8041867953942433,-0.021018309505894117,0.05239586809453025,0.19516,0.009869285714285718
H,9888,1760421600000,1.5060750132065506,6.618765259853506,56.309716773772614,-2.4216863103079476,0.28879310344827724,0.07112068965517168,0.6102233549981836,-0.04810634562327554,0.05285213573161808,0.18976,0.009801428571428574
H,9889,1760422500000,1.442009971136185,6.492152075340076,49.72370622459185,-6.586010549180763,0.055131467345206464,0.20610687022900903,1.1069002503268481,-0.06631552545773767,0.05690202765498348,0.18613,0.01005857142857143
H,9890,1760423400000,1.3573100936524454,6.321241716079525,45.17429788824068,-4.549408336351171,0.2987273945077021,0.23643670462156768,1.5434664234320585,-0.09089541008276902,0.06308409249585721,0.18123,0.01071357142857143
H,9891,1760424300000,1.4741602067183464,6.679455877223578,51.41670623106799,6.242408342827311,0.5123832724319929,0.48761672756800706,1.524158485138686,-0.0393779784298971,0.06759918860209559,0.1915,0.012092142857142859
H,9892,1760425200000,1.3208983631518838,6.379839553540285,52.661005470664655,1.244299239596664,0.3813868613138662,0.6186131386861339,0.7501582985605116,-0.08246802106847262,0.06658160443693018,0.18291,0.012039285714285714
H,9893,1760426100000,1.375886524822695,6.5434251831182415,49.336209816695806,-3.324795653968849,0.5373015873015872,0.08571428571428552,0.9762246720700849,-0.05894156007022833,0.06932319724800416,0.1876,0.012206428571428573
H,9894,1760427000000,1.2823754789272033,6.233344959888385,47.450801265718134,-1.8854085509776723,0.3955223880597028,0.19402985074626766,0.6885659296555245,-0.10353649360421369,0.07043118441768262,0.17871,0.012206428571428575
H,9895,1760427900000,1.2382639503985828,6.1698639693058945,47.984050481890236,0.5332492161721021,0.5079086115992976,0.4920913884007024,0.5118878490526227,-0.11266616503636828,0.0686330049261084,0.17689,0.01194214285714286
H,9896,1760428800000,1.2758880381573992,6.324380885943495,51.15578419310272,3.1717337112124824,0.3326446280991729,0.6673553719008272,1.0266025007929085,-0.09044394281414592,0.06854495869094411,0.18132,0.012207857142857147
H,9897,1760429700000,1.1631000578369002,6.5224973840251135,54.466684766214684,3.310900573111965,0.4003673094582184,0.5996326905417816,1.1287815420729743,-0.06195134186104845,0.06338777298041426,0.187,0.01157714285714286
H,9898,1760430600000,1.1330020799630227,6.438437391001046,50.93672225416551,-3.529962512049174,0.22595596755504144,0.2746234067207397,0.6104222649317395,-0.0740406320541761,0.057822175581386054,0.18459,0.010311428571428574
H,9899,1760431500000,1.089557399723375,6.3233344959888385,51.2760020021873,0.33927974802178795,0.58294930875576,0.41705069124424,0.40928603502045663,-0.09059443190368699,0.05522967746060162,0.18129,0.009872857142857145
H,9900,1760432400000,1.0776566757493184,6.382978723404255,48.79970667532023,-2.476295326867067,0.492343934040046,0.15547703180211875,0.5729847398816121,-0.08201655379984951,0.05578846450711322,0.183,0.009809285714285717
H,9901,1760433300000,1.0197755804910562,6.341123125217997,52.765464037663406,3.965757362343176,0.2073578595317716,0.7926421404682285,0.47124897242442965,-0.08803611738148986,0.05319561364643333,0.1818,0.009605000000000002
H,9903,1760435100000,1.0234084445416758,6.45204046041158,52.91505834173411,1.4563623359874853,0.6002865329512881,0.3997134670487119,0.5396752278837289,-0.07208427389014294,0.051875498802873114,0.18498,0.00937857142857143
H,9909,1760440500000,1.0911154345006486,6.7481688175793515,57.64948979679656,4.322028564552433,0.508488278092158,0.49151172190784204,1.56876182973276,0.010287206266318627,0.04186573657136752,0.19347,0.007836428571428574
H,9912,1760443200000,1.0583190394511148,7.115451691663759,44.63849862385481,-17.46110381171391,0.264774193548387,0.18529032258064507,4.0212176307339815,0.04669061056952284,0.05681394520343658,0.204,0.009796428571428569
H,10899,1761331500000,1.2201759770820546,11.353331008022323,85.80798509575322,6.728739437292745,0.2801354851564059,0.719864514843594,3.397379333361201,0.1451590205460176,0.04497770724010127,0.3255,0.01400785714285714
H,10900,1761332400000,1.1717643824317818,11.020927799093128,72.53327540538746,-13.274709690365768,0.14763658686310563,0.31522406384284846,1.9618180766260405,-0.02927803379416294,0.0527067259512945,0.31597,0.01547785714285714
H,10901,1761333300000,1.0087469487388123,10.333100802232298,71.13354624701826,-1.3997291583691975,0.12054176072234787,0.7882618510158002,1.341901053682937,-0.08986175115207373,0.057062501224937764,0.29625,0.016637142857142854
H,10904,1761336000000,1.0202314094323026,10.414021625392396,68.15677671412423,2.039627100102564,0.5243495663775835,0.47565043362241655,0.6497890780173263,-0.08273425499231957,0.06019007651218444,0.29857,0.01749785714285714
H,10907,1761338700000,1.0102277376244375,10.283222881060343,66.50310838220193,3.7642932580680295,0.11643420254700014,0.8835657974529999,0.44110684577336656,-0.0942549923195084,0.060639906355167555,0.29482,0.017761428571428577
H,10908,1761339600000,1.0890934940085302,10.763167073596094,68.93691123530846,2.4338028531065277,0.5151515151515151,0.48484848484848486,0.6758934439429718,-0.05198156682027644,0.06049815287351947,0.30858,0.018154285714285723
H,10909,1761340500000,1.0218060200668897,10.542727589815136,69.23862104870061,0.30170981339215075,0.20949263502454313,0.7905073649754568,0.28259686549824253,-0.07139784946236571,0.059742934983814784,0.30226,0.017981428571428575
H,10910,1761341400000,1.0790243254021,10.91070805720265,72.30888548956204,3.070264440861436,0.19439728353140637,0.8056027164685936,0.559146521846082,-0.03898617511520752,0.05853775234169412,0.31281,0.01817714285714286
H,10911,1761342300000,1.1122736418511066,10.985001743983258,70.0592275122599,-2.2496579773021494,0.38181818181818383,0.3705627705627709,0.4040607130914178,-0.0324423963133641,0.06044509655521455,0.31494,0.01859714285714286
H,10912,1761343200000,1.3938273265196344,12.417509591907917,78.10165251500169,8.042425002741794,0.34482758620689685,0.6551724137931031,1.8390514894842833,0.09373271889400914,0.057944165539102255,0.35601,0.019637857142857144
H,10913,1761344100000,1.299247008202232,11.92849668643181,72.2974846806443,-5.804167834357386,0.21438356164383707,0.19520547945205227,0.7898177965058141,-0.03938091626639695,0.05176754568106313,0.34199,0.017095714285714287
H,10914,1761345000000,1.2367913869874392,11.739448901290546,72.82920532995064,0.5317206493063367,0.3722369584438547,0.6277630415561453,0.6950779648840142,-0.05460520771888433,0.04686613482798343,0.33657,0.015576428571428571
H,10915,1761345900000,1.2376066098081027,11.713289152424137,72.99770297262532,0.16849764267468004,0.2814371257485011,0.7185628742514989,0.5555846808231014,-0.056711890115446195,0.04417417417417417,0.33582,0.01471
H,10916,1761346800000,1.5970723151645978,13.428322288106033,79.38140730586169,6.383704333236366,0.39323467230444004,0.60676532769556,2.078845293481708,0.08140220780315155,0.04914739491627571,0.38499,0.017824285714285713
H,10917,1761347700000,1.5190498748054408,12.98360655737705,79.91903106022268,0.5376237543609932,0.44916434540389927,0.5508356545961007,0.8589449904259714,-0.03311774331800821,0.04878872733379418,0.37224,0.017846428571428572
H,10918,1761348600000,1.6997455470737912,14.062783397279386,80.74231057130652,0.8232795110838396,0.8522193211488251,0.14778067885117488,2.309770983021546,0.047247980467025164,0.0526567403557742,0.40318,0.019511428571428572
H,10919,1761349500000,1.570358981215322,13.411231252179979,82.40702862940238,1.6647180580958576,0.14656843737882902,0.8534315626211709,1.5105663274244177,-0.046331663276948154,0.05488097739621169,0.3845,0.020894285714285716
H,10920,1761350400000,1.5943823216187432,13.595395884199512,65.12895701854194,-17.278071610860437,0.1906770723476058,0.19700485129719497,2.309213871376437,-0.033235775584106286,0.06714541606924536,0.38978,0.023615714285714285
H,10921,1761351300000,1.4135515548281505,12.859086152772933,68.44243027287106,3.313473254329125,0.19097413318656958,0.8090258668134304,0.9858078491662216,-0.08559452353787389,0.06499374119856047,0.36867,0.023735714285714284
H,10922,1761352200000,1.4478249611600202,13.189396581792813,69.8904827989497,1.4480525260786408,0.285220397579948,0.714779602420052,1.232516203936747,-0.062106255270598765,0.06516122086450987,0.37814,0.02421
H,10923,1761353100000,1.403968455863648,13.184513428671085,66.3431929538965,-3.5472898450532,0.3770965876229043,0.2296124927703888,0.9287299909384042,-0.06245349471699979,0.06857675613845407,0.378,0.025008571428571432
H,10924,1761354000000,1.2255423414809061,12.989187303801883,61.25282004041753,-5.090372913478973,0.31113753468093597,0.2806183115338891,1.0715041922368027,-0.07634307257304429,0.0732977114628491,0.3724,0.025965714285714293
H,10925,1761354900000,1.1542874396135265,12.443320544122777,53.15120201643784,-8.10161802397969,0.046441947565543776,0.5928838951310855,2.8392913152558292,-0.11515948211716842,0.08643025581325933,0.35675,0.02895500000000001
H,10926,1761355800000,1.0237471625632968,12.127659574468085,56.73832787663105,3.587125860193204,0.06972391202620455,0.9302760879737955,1.195813269215936,-0.13760603204524025,0.07781198034223658,0.3477,0.026939285714285725
H,10927,1761356700000,1.0881234880774104,12.645273805371467,59.110534293323475,2.3722064166924284,0.48368631940469176,0.5163136805953082,1.0427741712918692,-0.10079865072672256,0.0766592835558353,0.36254,0.027144285714285725
H,10928,1761357600000,1.392758376744485,12.976979420997557,62.887378281503935,3.7768439881804596,0.17305412880284454,0.8269458711971555,0.9065203547143317,-0.07721117118904708,0.07654768056758976,0.37205,0.028144285714285726
H,10929,1761358500000,1.3319224208730813,12.874782002092779,60.55427959499371,-2.333098686510226,0.0940460081190799,0.5460081190798385,0.5547148449315776,-0.08447839674587032,0.07859685360306207,0.36912,0.028484285714285722
H,10930,1761359400000,1.3019319111446732,12.758981513777467,58.30452806766367,-2.249751527330041,0.3259402121504337,0.18322082931532874,0.46833556129395987,-0.0927129321890966,0.07044108886943246,0.3658,0.025170714285714296
H,10931,1761360300000,1.1925706334321498,12.640739448901291,53.72603329864331,-4.5784947690203595,0.279865395401009,0.10824453168816522,0.6352839706556297,-0.1011210873555235,0.07335595344599416,0.36241,0.025418571428571436
H,10932,1761361200000,1.1505369892602149,12.501918381583538,55.729450228850475,2.003416930207166,0.38145612943372825,0.6185438705662717,0.6504469981545435,-0.1109926087603551,0.06764324236648962,0.35843,0.023830714285714295
H,10933,1761362100000,1.2020465003632843,12.685385420299966,59.068392964900674,3.3389427360501998,0.07504466944610107,0.9249553305538989,0.5883800531447528,-0.0979463267027133,0.06397885700095785,0.36369,0.023187857142857152
H,10934,1761363000000,1.2043650793650795,12.787931635856296,57.62678142020182,-1.4416115446988513,0.33886255924170733,0.4218009478672993,0.4830671925991465,-0.09065429832828997,0.057626323469188986,0.36663,0.020705714285714296
H,10935,1761363900000,1.1630708378281192,12.589117544471572,53.440068879904054,-4.186712540297769,0.12854889589905116,0.13880126182965205,0.4271421772589001,-0.10479190436033536,0.05803711730685247,0.36093,0.020313571428571434
H,10936,1761364800000,1.0883214243879582,12.436693407743284,52.58186936270055,-0.8581995172035022,0.521634615384617,0.31971153846153816,0.4764969341042969,-0.11563073565157,0.056173019384442385,0.35656,0.01955214285714286
H,10937,1761365700000,1.2483064704508293,13.428671084757585,61.49047499808302,8.908605635382472,0.29055305636411727,0.7094469436358827,1.0352599856309754,-0.04509152239694425,0.05619065443406388,0.385,0.021016428571428575
H,10938,1761366600000,1.204210158026707,13.184513428671085,56.3139051696255,-5.176569828457524,0.22904707233065416,0.09471871412169837,0.7243769109154746,-0.06245349471699979,0.05647950591770817,0.378,0.02045857142857143
H,10939,1761367500000,1.1020183910704988,12.677363097314265,53.582167968370285,-2.731737201255214,0.10677966101694744,0.33389830508474944,0.6267169490955724,-0.06752527066550362,0.04917644223043549,0.36346,0.01748714285714286
H,10940,1761368400000,1.071919770773639,12.610742936867805,54.3023108326978,0.7201428643275136,0.24874055415617177,0.7512594458438282,0.7429718175471333,-0.0724254707783879,0.04780480984340046,0.36155,0.017095000000000003
H,10941,1761369300000,1.0479271644525885,12.47471224276247,50.061667352685355,-4.240643480012444,0.0035637918745580793,0.2736992159657875,0.5997595004536521,-0.07103896103896101,0.04849273503219284,0.35765,0.016849285714285723
H,10942,1761370200000,1.000974826538219,12.171259155912102,47.13365366276454,-2.9280136899208173,0.12580645161290405,0.27580645161290224,0.6147862479756868,-0.09363636363636374,0.04684867152143678,0.34895,0.015927142857142862
H,10944,1761372000000,1.0085332103321032,12.150680153470526,48.54313231816216,5.6677074534791245,0.31797020484171334,0.6820297951582867,0.8037922302514684,-0.09516883116883124,0.05067532239376588,0.34836,0.01730714285714286
H,10945,1761372900000,1.0245892154593848,12.205441227764213,48.6948375329963,0.1517052148341449,0.5339095744680876,0.4660904255319123,0.7643169321898361,-0.09109090909090911,0.05003760498057078,0.34993,0.017107857142857147
H,10946,1761373800000,1.0107044198895028,12.186257411928846,48.04346190596352,-0.6513756270327846,0.8080260303687643,0.01735357917570427,0.5218500527674462,-0.09251948051948045,0.048832191550809326,0.34938,0.01661857142857143
H,10947,1761374700000,1.0835349694665282,12.614579700034879,52.89644023864419,4.852978332680671,0.4165975103734445,0.5834024896265555,0.9886010715673357,-0.06062337662337669,0.04874783654432138,0.36166,0.017140714285714283
H,10948,1761375600000,1.1261564820102796,12.98535054063481,56.31104585652653,3.4146056178823443,0.5441647597254001,0.45583524027459993,1.2421718630453775,-0.03301298701298705,0.049381639448232116,0.37229,0.017797142857142855
H,10949,1761376500000,1.0355598000112352,12.638646668991978,56.0221344863417,-0.2889113701848345,0.18869731800766537,0.7576628352490392,0.9013074439211843,-0.05883116883116879,0.049016571777952475,0.36235,0.017637142857142858
H,10950,1761377400000,1.0691588785046728,12.741890477851413,56.90479787296304,0.8826633866213385,0.2924693520140103,0.7075306479859897,0.7829114252477865,-0.05114285714285716,0.04851625430678945,0.36531,0.01756142857142858
H,10951,1761378300000,1.1719589073079617,12.978723404255318,57.223033568428534,0.31823569546549635,0.747611464968156,0.252388535031844,0.9459221447719762,-0.033506493506493595,0.04344872133187869,0.3721,0.01575928571428572
H,10952,1761379200000,1.1944299693127207,13.2193930938263,59.95570437527696,2.732670806848425,0.5881656804733721,0.41183431952662786,1.1356189371505876,-0.01558441558441559,0.04260050630559492,0.379,0.01572214285714286
H,10953,1761380100000,1.073038116591928,12.899546564352981,53.942141562850274,-6.0135628124266844,0.056689342403625984,0.16402116402116418,1.0982132307785046,-0.03940259740259744,0.044107048287999884,0.36983,0.015824285714285718
H,10955,1761381900000,1.2154188700250486,13.882106731775375,64.0279401116473,11.625994901789127,0.2872777017783857,0.7127222982216143,1.9239894524251269,0.03376623376623389,0.04579472162502781,0.398,0.017649285714285718
H,10956,1761382800000,1.2152421887915361,14.021625392396233,56.65060594099519,-7.377334170652105,0.4842565597667643,0.09125364431486782,2.157493923977274,0.01005025125628145,0.05181234373856332,0.402,0.019213571428571434
H,10957,1761383700000,1.0497873268622535,13.110917335193582,53.96654413139804,-2.6840618095971536,0.29905437352245934,0.3557919621749393,1.1563596029370586,-0.06495024875621891,0.05145346447847887,0.37589,0.01878
H,10958,1761384600000,1.0144642759674691,12.873038018835018,50.7976919474769,-3.168852183921139,0.2934390771449185,0.19105984138428167,0.8133618523166555,-0.08191542288557219,0.050961097027884796,0.36907,0.018236428571428574
H,12243,1762541100000,1.0903598860792267,8.448203697244507,92.66079148091936,1.1633400281941704,0.24697661918839017,0.7530233808116098,3.472365198371869,0.015555555555555545,0.06849810561938277,0.24221,0.015961428571428574
H,12244,1762542000000,1.302786709539121,8.992675270317404,89.87238758476305,-2.7884038961563107,0.7099942229924899,0.2019064124783362,3.3536531497086113,0.06444820610214275,0.07824281804472083,0.25782,0.01801071428571429
H,12245,1762542900000,1.0914456956047949,8.033135681897454,63.82405144281737,-26.048336141945676,0.002237136465324365,0.2727272727272729,3.236935880072904,-0.1067023504770771,0.10803319014575762,0.23031,0.021017857142857144
H,12251,1762548300000,1.0672313393329804,8.17230554586676,72.44971618096599,7.912275096010077,0.13595816671793312,0.8640418332820669,0.9433522553741083,-0.09122643704910394,0.10457630067861495,0.2343,0.024040000000000006
H,12252,1762549200000,1.288420300214439,8.93337983955354,76.08818814957301,3.6384719686070213,0.25183512140033903,0.748164878599661,1.3456735844079684,-0.0065937475758279795,0.10475612575127141,0.25612,0.025895714285714293
H,12253,1762550100000,1.2411521910951082,8.901290547610742,72.73737480911868,-3.350813340454337,0.3305819232356582,0.4382996285596369,1.0727570327600155,-0.010162128616864496,0.10755530325876783,0.2552,0.02598428571428572
H,12254,1762551000000,1.138235814035708,8.438088594349495,66.28735796849986,-6.450016840618815,0.019646365422396873,0.5347740667976428,1.0235881573132755,-0.061670933209215684,0.11565852871051062,0.24192,0.026610714285714283
H,12255,1762551900000,1.0420473698216979,8.02929891873038,61.94933655121345,-4.338021417286413,0.019019751280174302,0.3738112655449896,0.4681896787589719,-0.10712900473198361,0.11625673550416375,0.2302,0.025767142857142853
H,12256,1762552800000,1.0268426250112217,7.87478200209278,61.56888772664158,-0.38044882457187157,0.47398190045248934,0.44909502262443524,0.4168441511825075,-0.1243115351795826,0.10415184634288299,0.22577,0.023007142857142854
H,12257,1762553700000,1.057957681692732,7.802581095221486,56.67575505069338,-4.893132675948195,0.13073394495412924,0.4284403669724775,0.5820558212904309,-0.13234039252191443,0.1037039792247139,0.2237,0.021906428571428566
H,12258,1762554600000,1.09204747219886,7.808510638297872,60.331010380590534,3.6552553298971517,0.14926372155287873,0.8507362784471213,0.37485524345187843,-0.1316810177643316,0.09249555263361436,0.22387,0.02050071428571429
H,12259,1762555500000,1.134624380203948,7.958493198465295,62.2064541039932,1.8754437234026682,0.07575757575757726,0.9242424242424228,0.2891792913695311,-0.11500271507253113,0.07825972197782861,0.22817,0.01779
H,12260,1762556400000,1.1437614678899082,8.150331356818974,61.74706188484775,-0.4593922191454496,0.6138519924098652,0.3187855787476285,0.5506351853661197,-0.09367000232720502,0.07587846830197485,0.23367,0.017185714285714283
H,12261,1762557300000,1.1052193225985563,7.934775026159748,58.09532241637269,-3.651739468475064,0.10622710622710585,0.3076923076923057,0.49686715515713464,-0.1176402141028624,0.07613786204701496,0.22749,0.016745
H,12262,1762558200000,1.158772262220538,7.948378095570282,60.39474268556059,2.299420269187898,0.24748743718592975,0.7525125628140702,0.43441307012483976,-0.11612753083546656,0.07327823343050645,0.22788,0.016554285714285712
H,12263,1762559100000,1.1690834473324214,8.295779560516218,62.76093014788692,2.36618746232633,0.4523026315789476,0.5476973684210524,0.7939455346377505,-0.07749592739120315,0.07264292477772723,0.23784,0.016877857142857142
H,12264,1762560000000,1.2079388201019667,8.459016393442623,63.5344799730523,0.7735498251653823,0.4569160997732429,0.5430839002267571,1.123967449270159,-0.059343728182452815,0.07534029563373587,0.24252,0.017664285714285712
H,12265,1762560900000,1.1907667091604441,8.39169863969306,60.01949394948761,-3.5149860235646884,0.3532452613440543,0.32912119471568124,1.1819993191620795,-0.06063563954396378,0.07245517577088936,0.24059,0.016585714285714283
H,12266,1762561800000,1.1919859092910614,8.681548657132891,63.818193335837954,3.798699386350343,0.4558035714285712,0.5441964285714288,1.3670992258675194,-0.028189910979228516,0.06559015579083448,0.2489,0.015655714285714283
H,12267,1762562700000,1.104311902917635,8.528078130449947,59.02596721664181,-4.792226119196144,0.33819241982507287,0.2087463556851312,0.919569555052631,-0.045369358113384384,0.06560429567401377,0.2445,0.01515
H,12268,1762563600000,1.0728791208791209,8.22427624694803,47.859036881457,-11.166930335184809,0.11545711592836916,0.3579170593779455,1.9201137205435506,-0.07937685459940658,0.07846730329227691,0.23579,0.01636357142857143
H,12270,1762565400000,1.0307305238565911,7.882804325078479,54.26682670083882,4.0477363843339305,0.1842800528401593,0.8157199471598406,0.7526119793519525,-0.11760112447290338,0.0750414407956633,0.226,0.016750000000000004
H,12272,1762567200000,1.043675906943578,7.9972096267875825,51.69711990222786,-2.2650142096539554,0.5526097763048877,0.08036454018227211,0.7028207640008625,-0.10479462751835078,0.07047261108128282,0.22928,0.015375714285714288
H,31948,1780275600000,1.013813997442882,4.333572582092231,94.40171557109794,4.092473613514073,0.5849018621036739,0.41509813789632616,7.552561356656146,0.36312838651414814,0.05622016030360459,0.72453,0.03419928571428571
H,31984,1780308000000,1.0315636252202558,4.758298941324242,70.50856319609606,9.222615515714011,0.07620202911336539,0.9237979708866346,2.3302092202525553,0.0337595509122095,0.051492552183624044,0.79554,0.04060857142857143
H,31985,1780308900000,1.0553003623743176,4.817213948202644,67.04475191042627,-3.4638112856697916,0.3776192599197517,0.2949175211769942,1.8556266901053546,0.012381527013098026,0.05358435247548152,0.80539,0.04146142857142858
H,31987,1780310700000,1.0239370737188698,4.632454094144387,59.65350121274527,-2.839921718180314,0.38569063821960575,0.36472319293728034,1.0646401015757623,-0.03835408932318518,0.05750407357926683,0.7745,0.04255071428571428
H,31988,1780311600000,1.0206376016045606,4.579580118428136,62.649709592875894,2.996208380130625,0.07350133638793474,0.9264986636120652,0.9939822622931858,-0.049330138193918516,0.05660766557840631,0.76566,0.04312428571428571
H,31989,1780312500000,1.0170037492739081,4.569172797416114,52.92360294968429,-9.726106643191606,0.039168937329701635,0.10899182561307837,0.9569189358670791,-0.051490582202411206,0.06366738938408414,0.76392,0.04530571428571428
H,31992,1780315200000,1.0776381707611113,4.638554937496261,60.3577911233331,4.306051752789713,0.31540730655774996,0.68459269344225,1.0274364788109227,-0.037087622145792754,0.0619253320928697,0.77552,0.047163571428571416
H,31993,1780316100000,1.1473103149691526,4.7464561277588375,62.78454700976763,2.4267558864345276,0.34507772020725314,0.6549222797927469,0.9222763388547066,-0.01468853598877562,0.06043287047208916,0.79356,0.04715214285714285
H,31994,1780317000000,1.1994329172960225,4.964411747114061,67.78393872553647,4.999391715768844,0.11075831154277176,0.8892416884572283,1.5705839807047413,0.03055662474080867,0.057909435571527376,0.83,0.04772142857142856
H,31995,1780317900000,1.1754070111365449,5.05903463125785,67.80412986540307,0.02019113986659704,0.4231599607458293,0.5768400392541707,1.2691728801144242,0.01906024096385539,0.05935020503239269,0.84582,0.04892
H,31996,1780318800000,1.1208676102396407,4.965308929959926,65.18070610434134,-2.62342376106173,0.20926916221034003,0.38609625668449193,0.78265716733272,-0.018526400416164157,0.06069403269654213,0.83015,0.049339999999999995
H,31997,1780319700000,1.1201866379531351,4.946468090196782,64.70242449020469,-0.47828161413664816,0.315706570657066,0.6381638163816379,0.8778851912061006,-0.022250597053746768,0.05951265229615743,0.827,0.04825999999999998
H,31998,1780320600000,1.2526107964877644,5.186434595370536,67.06665525779815,2.3642307675934546,0.5652562574493444,0.43474374255065557,1.6874049626397876,0.025182662977938586,0.05617253534472953,0.86712,0.04657714285714284
H,31999,1780321500000,1.1708213820078224,4.979424606734852,62.386658133649775,-4.679997124148372,0.08996926515786537,0.3763621123218772,0.7772016238656303,-0.03991373742965221,0.056689524326745205,0.83251,0.04592928571428569
H,32000,1780322400000,1.193487592922207,5.012261498893474,64.94214483585222,2.555486702202444,0.22442638623326988,0.7755736137667301,0.8182839814377137,-0.033582433803856504,0.05518881017607799,0.838,0.04572999999999998
H,32001,1780323300000,1.1786159600997506,5.016328727794725,60.7122216935976,-4.22992314225462,0.3327820046311599,0.08666887198147395,0.6367104869084974,-0.03279822861887627,0.05425637033266459,0.83868,0.044005714285714266
H,32002,1780324200000,1.1000436087525332,4.896584723966744,57.49550684340408,-3.2167148501935188,0.3150457190357442,0.10307564422277761,0.600852684921076,-0.055886151859027566,0.052670819921284105,0.81866,0.041982857142857134
H,32003,1780325100000,1.058608986373537,4.861415156408875,53.75933465926911,-3.736172184134972,0.37066473988439075,0.21146435452793858,0.7323320233756876,-0.06266722022326787,0.05224640494626648,0.81278,0.0407542857142857
H,32004,1780326000000,1.0230985624693525,4.688617740295472,44.693783449176316,-9.065551210092792,0.05205645773258359,0.19198664440734634,1.7571495549504696,-0.09598440815573395,0.05844502448895797,0.78389,0.04270285714285714
H,32806,1781047800000,1.427233611743862,3.6680053547523426,69.23608825327636,5.4632511928642415,0.23133826496301277,0.7686617350369872,2.1753090912347193,0.05384615384615388,0.05769347450171407,0.1918,0.010867142857142862
H,32807,1781048700000,1.7603610997127617,3.8594377510040156,70.86381986345091,1.6277316101745498,0.6436931079323802,0.35630689206761984,2.8743774462797487,0.05218978102189786,0.056421536881127325,0.20181,0.010827857142857144
H,32808,1781049600000,2.359404741304724,3.7127557850449415,59.80545642259198,-11.058363440858933,0.1424010217113671,0.1219667943805871,1.948166477714331,-0.0380060452901243,0.058381443380611873,0.19414,0.010531428571428575
H,32809,1781050500000,2.0840257093588335,3.7622872442149546,62.44092855199878,2.6354721294068,0.5524676569238134,0.4475323430761866,1.9116493608196699,-0.025172191665427834,0.06187904967602592,0.19673,0.011460000000000001
H,32810,1781051400000,2.184563758389262,3.629757123733027,50.28925787971777,-12.151670672281007,0.2184235517568848,0.0,1.3143049700577716,-0.059511421634210415,0.07318528928698421,0.1898,0.012349285714285715
H,32811,1781052300000,1.6373445227034318,3.3656530885446547,50.889555454946795,0.6002975752290212,0.2710038776389494,0.7289961223610506,2.8322727182592846,-0.12794212377979275,0.0808696018183349,0.17599,0.01372357142857143
H,32812,1781053200000,1.6113966142684402,3.304073436603557,51.29859282944945,0.40903737450265254,0.2086882453151625,0.7913117546848375,1.3994598604033524,-0.14389772558346947,0.08195497550828693,0.17277,0.01395857142857143
H,32813,1781054100000,1.064904413500118,3.3463377318799004,51.39703313136111,0.09844030191166553,0.44841269841269776,0.5515873015873022,0.8581665089351209,-0.13294683117784056,0.08021571881128375,0.17498,0.013673571428571429
H,32817,1781057700000,1.216774357025212,3.3461464907248035,52.150554444501445,1.5336149725066122,0.5552631578947337,0.4447368421052663,0.6367076487585301,-0.13299638273623704,0.08029700899393431,0.17497,0.013710714285714284
H,32818,1781058600000,1.5959021058622653,3.4890036335819463,56.92833682214576,4.777782377644314,0.3576702214930279,0.642329778506972,0.9251980365451539,-0.09598136861404294,0.07819118213323063,0.18244,0.01392428571428571
H,32819,1781059500000,1.821653120687011,3.5188372537770127,49.154858771105175,-7.773478051040584,0.2523285351397118,0.29297205757832384,1.3383560998106452,-0.08825132550418713,0.08948424558107759,0.184,0.014970714285714282
H,32820,1781060400000,1.4641703377386195,3.2092178236756546,46.41936491083985,-2.735493860265322,0.07566765578634763,0.283382789317511,0.5824104022930344,-0.16847529854813936,0.08829304209105408,0.16781,0.014389999999999997
H,32821,1781061300000,1.610319721430833,3.1539491298527444,47.816570000531215,1.3972050896913615,0.0015290519877691091,0.9984709480122309,0.5458672461149847,-0.18279569892473113,0.08343078908842051,0.16492,0.013758571428571427
H,32822,1781062200000,1.3229469602548125,3.207879135589979,46.490697361837725,-1.3258726386934896,0.42026825633382886,0.28614008941877894,0.41338653939482384,-0.16882215945691492,0.08051111208521455,0.16774,0.013119285714285712
H,32823,1781063100000,1.2611491108071133,3.1610250525913175,43.09007061691956,-3.4006267449181635,0.14067995310668152,0.559202813599062,1.3180106580992872,-0.18096229126406027,0.08142956745352636,0.16529,0.012847142857142854
H,32825,1781064900000,1.012172400943982,3.098106712564544,43.90749738985206,3.2824156962040263,0.5305389221556909,0.46946107784430907,0.43092406847136244,-0.19726475397651244,0.06846390266457537,0.162,0.01078785714285714
H,32829,1781068500000,1.067838312829526,3.3752151462994835,58.07276164307947,10.072297625537736,0.0514997170345214,0.9485002829654786,1.4309447454548867,-0.10288212270624708,0.0602981140058256,0.17649,0.01058714285714286
H,33215,1781415900000,1.0970896758419433,10.16982214572576,86.70646896366117,2.5708213782523046,0.28088926891834176,0.7191107310816582,2.0842901612935547,0.06356000000000006,0.048118981512086566,0.53178,0.024956428571428577
H,33216,1781416800000,1.1461198529715442,9.937655383438516,76.90936230136091,-9.797106662300251,0.026595744680851113,0.46303191489361695,1.585952642677412,-0.02282898943171996,0.05388927820602663,0.51964,0.026915
H,33217,1781417700000,1.3371897349600337,10.624402371390323,80.48861650193035,3.579254200569437,0.4792732404304118,0.5207267595695881,1.5920227314374067,0.04469893565008087,0.05729237075048802,0.55555,0.03027214285714286
H,33218,1781418600000,1.3243901378440666,10.222604704532415,80.89755291278281,0.408936410852462,0.10311447811448077,0.8968855218855193,1.0386322929367429,-0.03781837818378175,0.05878838971924729,0.53454,0.03128071428571429
H,33219,1781419500000,1.4131036046248013,10.178045515394912,72.18461173126897,-8.712941181513841,0.0007933359777829835,0.20825069416898,1.20015994705954,-0.042012420124201255,0.060430872202468094,0.53221,0.03095571428571428
H,33220,1781420400000,1.1960095369557036,10.040160642570282,72.80155914440385,0.6169474131348807,0.15782918149466263,0.8421708185053374,2.2245944035685286,-0.05499054990549901,0.06549706469300369,0.525,0.033804999999999995
H,33221,1781421300000,1.2394378122089575,10.116657104608912,74.12981448999844,1.3282553455945845,0.16599486991572107,0.8340051300842789,1.0964876593168678,-0.04779047790477897,0.06162003001669713,0.529,0.03231785714285714
H,33222,1781422200000,1.3310225303292897,10.28877414419583,71.00876308325137,-3.121051406747071,0.47203038674033415,0.2921270718232015,1.0525597042041983,-0.03159031590315897,0.06321325051759834,0.538,0.03271285714285714
H,33223,1781423100000,1.2887347484539529,10.475043029259897,73.86651755706266,2.8577544738112977,0.42513453624564895,0.5748654637543511,0.7775425044370821,-0.014058140581405754,0.06156270971640328,0.54774,0.03289357142857143
H,33224,1781424000000,1.5287757237530517,11.091986995601452,79.22877965970265,5.362262102639988,0.09307275541795638,0.9069272445820437,1.4735450597921376,0.04401044010440103,0.06152749526243502,0.58,0.03539
H,33225,1781424900000,1.5295109612141649,11.18760757314974,75.36289972918392,-3.86587993051873,0.43600000000000005,0.14222222222222158,1.0505013032757442,0.008620689655172376,0.06197631253314477,0.585,0.035059999999999994
H,33226,1781425800000,1.5909512565356718,11.751195257219353,78.47279391922771,3.1098941900437893,0.4369100366018092,0.5630899633981907,1.432003791704945,0.05037606837606834,0.06298445635879522,0.61447,0.03727357142857143
H,33227,1781426700000,1.5466848242403608,11.444253203289346,76.44929115752939,-2.0235027616983245,0.38448176027793973,0.3219455703532097,0.8577328806215594,-0.02612007095545754,0.06010270345291052,0.59842,0.03526285714285713
H,33228,1781427600000,1.5206654090207512,11.243449990437941,70.27231451050577,-6.176976647023622,0.029918404351767597,0.6081142339075247,1.5548186380712967,-0.043207967842205375,0.06528623751692988,0.58792,0.0372542857142857
H,33229,1781428500000,1.3977715185154502,11.07037674507554,69.70276941492835,-0.5695450955774106,0.3691363437088989,0.5725558965366051,0.8970830580393274,-0.05793610753983103,0.062451052251094395,0.57887,0.03554214285714284
H,33230,1781429400000,1.354930506866829,10.919869956014534,66.83987436532718,-2.8628950496011782,0.10146500271296434,0.49593054801953684,0.6925202587845167,-0.07074389311113649,0.060837188483126754,0.571,0.03417285714285713
H,33231,1781430300000,1.3988252812706818,11.090839548670873,68.78340633580181,1.9435319704746377,0.31784841075794734,0.6821515892420527,0.8595086760717583,-0.05619476947613378,0.05571438558994051,0.57994,0.03187642857142856
H,33232,1781431200000,1.3868241890268322,11.39778160260088,71.8697692729819,3.086362937180084,0.15831718793246774,0.8416828120675323,0.9505336404725069,-0.030074698520676235,0.055500025412099536,0.59599,0.03275999999999999
H,33233,1781432100000,1.4243020686884917,11.541977433543698,68.36471601890639,-3.5050532540755057,0.5405625764370168,0.10354667753770817,0.9828417959351806,-0.017803961137240143,0.056249662226895085,0.60353,0.032711428571428565
H,33234,1781433000000,1.3810718911917097,11.249187225090838,67.95994721139817,-0.4047688075082192,0.5155185465556406,0.4193792581377754,0.5404058026077181,-0.042719742216869805,0.05105626437983683,0.58822,0.029640714285714274
H,33235,1781433900000,1.26067519654694,11.218206157965193,65.20905412008379,-2.7508930913143814,0.19516908212560583,0.5942028985507232,0.9454399967332898,-0.045356160593682304,0.052106769537083104,0.5866,0.0299092857142857
H,33236,1781434800000,1.283808205483139,11.358768406961177,66.9468699419694,1.7378158218856044,0.4471243042671611,0.5528756957328389,0.9711955199536099,-0.03339463277295873,0.051152628090246226,0.59395,0.029765714285714277
H,33237,1781435700000,1.2703387518029081,11.138076113979727,61.6299115467926,-5.316958395176798,0.015713898672447168,0.6429151991330271,1.1836513984490191,-0.05217504516087035,0.05295875882457755,0.58241,0.030145714285714276
H,33238,1781436600000,1.2972653479391596,11.149359342130426,63.875852288900596,2.2459407421079973,0.25531914893617086,0.7446808510638291,0.4889801548382723,-0.05121486809771025,0.04793928497337666,0.583,0.027729999999999994
H,33239,1781437500000,1.3376995660309752,11.228915662650602,58.81574820584876,-5.060104083051833,0.3580912863070549,0.11659751037344307,0.5612506660540764,-0.04444480609305568,0.049206152851866525,0.58716,0.02784428571428571
H,33240,1781438400000,1.201283547257876,10.82329317269076,39.90219382671613,-18.913554379132634,0.0009218477926858909,0.28382669261497523,2.5562958496970882,-0.07896235780428662,0.06271798076729228,0.56595,0.031109999999999992
HMSTR,43917,1783163700000,1.1435,3.525493421052632,73.81892250048088,10.754520956246346,0.3889655172413796,0.6110344827586204,2.5065182086194127,0.12815789473684203,0.05996076333154986,0.0004287,2.4014285714285717e-05
HMSTR,43918,1783164600000,1.0909090909090908,3.3351822503961963,74.50521064306471,0.6862881425838339,0.6958333333333325,0.3041666666666675,1.4985892272399943,-0.018194541637508777,0.0616561815225843,0.0004209,2.4921428571428574e-05
HMSTR,43919,1783165500000,1.0255653883972466,3.1863882443928846,75.22354188854034,0.7183312454756248,0.3809523809523805,0.6190476190476195,0.9825735071418281,-0.038954980172614895,0.061712184873949576,0.000412,2.5178571428571428e-05
HMSTR,43920,1783166400000,1.1488736532810968,3.30920060331825,78.10788007015438,2.8843381816140408,0.4468749999999995,0.5531250000000005,1.74871663879072,0.02355959878703051,0.06283022042739356,0.0004388,2.667142857142857e-05
HMSTR,43921,1783167300000,1.0452358036573628,3.1787584143605083,70.06875070597343,-8.039129364180951,0.027777777777775965,0.27777777777777724,1.191177345230348,-0.031449407474931634,0.06750296601298067,0.000425,2.7635714285714285e-05
IOST,50370,1788971400000,1.032982844493636,3.5507442489851146,82.54745855114756,5.826152806108993,0.17457886676876,0.82542113323124,1.7892555815924054,0.04091578828063014,0.06342426019559053,0.0018368,0.00011432857142857147
IOST,50371,1788972300000,1.1407918149466192,3.7212449255751014,83.64469729162502,1.097238740477465,0.5900000000000005,0.4099999999999995,1.6365002601274414,0.0480182926829269,0.06229064574157933,0.001925,0.00011476428571428575
IOST,50372,1788973200000,1.0842596709648733,3.624589213222501,76.89489180091387,-6.749805490711154,0.22724113968033272,0.4148714384989576,1.128976179546855,-0.025974025974026094,0.0675675675675676,0.001875,0.00012100000000000004
IOST,50373,1788974100000,1.077879221207788,3.6516528126812293,77.43083941899489,0.5359476180810248,0.6238872403560841,0.37611275964391594,0.9236910214429964,-0.018701298701298663,0.06928361682087654,0.001889,0.00012505000000000006
IOST,50374,1788975000000,1.056272362571831,3.666151169534119,79.8351470396846,2.404307620689707,0.2314285714285702,0.7685714285714298,0.6746234447508667,-0.014805194805194821,0.06657179483266441,0.0018965,0.00012463571428571432
IOST,50375,1788975900000,1.1136563876651984,3.7100328629421995,76.44688203332188,-3.3882650063627153,0.49415515409139343,0.22422954303932024,0.5719243439545583,-0.003012987012987023,0.06990807372672828,0.0019192,0.00012906428571428575
IOST,50376,1788976800000,1.0878400524418224,3.694181326116373,77.48012181887529,1.0332397855534055,0.368922783603432,0.631077216396568,0.5824466080182408,-0.0072727272727273196,0.07081435362159608,0.001911,0.00013258571428571432
IOST,50377,1788977700000,1.1984825159445789,3.8648753141310643,80.60767358107951,3.12755176220422,0.28432108027006786,0.7156789197299321,1.2114393784260513,0.03859740259740252,0.07004107852991305,0.0019993,0.00013737857142857144
IOST,50378,1788978600000,1.4517387427552388,4.2522714092402865,82.8578542298713,2.2501806487917833,0.6025592773805047,0.3974407226194952,1.9291817964203255,0.10023508227879785,0.0735333258622139,0.0021997,0.00014997857142857145
IOST,50379,1788979500000,1.354827894501565,4.073265029963271,83.92394223686301,1.0660880069917198,0.3381014304291324,0.6618985695708677,0.6690309271772439,-0.042096649543119535,0.07179239001352311,0.0021071,0.00014940714285714292
IOST,50380,1788980400000,1.4098003213220105,4.059346607384496,62.999751602758984,-20.92419063410403,0.06454989532449353,0.21632937892533208,1.2868125056455404,-0.04536982315770344,0.08068042446541888,0.0020999,0.00015130000000000005
IOST,50381,1788981300000,1.2200662024883004,3.759907210516141,65.10748359371343,2.1077319909544414,0.1624999999999989,0.8375000000000011,0.6009185669086001,-0.11578851661590228,0.07955052337337935,0.001945,0.00015286428571428576
IOST,50382,1788982200000,1.315705493503533,3.9277015271602544,67.13252423744184,2.025040643728417,0.5577933450087561,0.44220665499124384,0.5941308230699038,-0.07632859026230865,0.07461148170461723,0.0020318,0.00014684285714285718
IOST,50383,1788983100000,1.3167255729107286,3.928088150009665,65.4179175635071,-1.714606673934739,0.4063694267515932,0.46878980891719774,0.46038288836550695,-0.07623766877301463,0.0768427149162036,0.002032,0.00014973571428571433
IOST,50384,1788984000000,1.2812075983717777,3.9000579934274113,67.00938627727339,1.5914687137662895,0.2953191489361727,0.7046808510638273,0.41408714918207384,-0.08282947674682906,0.0726930170898297,0.0020175,0.0001441357142857143
IOST,50385,1788984900000,1.4391185824625166,4.151169534119465,70.73310376723647,3.7237174899630787,0.46460980036297533,0.5353901996370247,0.6656602948805279,-0.02377596945037974,0.07048336576009714,0.0021474,0.00014594285714285716
IOST,50386,1788985800000,1.3809849521203832,4.037502416392808,60.981876748154434,-9.751227019082037,0.08941058941058916,0.33316683316683343,0.6593318550139132,-0.05050688730281416,0.0767041510481744,0.0020886,0.00014996428571428574
IOST,50387,1788986700000,1.284857401539158,3.9027643533732843,62.11648373779507,1.1346069896406377,0.47647058823529487,0.5235294117647051,0.4237566534498723,-0.08219302632177117,0.07400280168678877,0.0020189,0.0001464071428571429
IOST,50388,1788987600000,1.4033556286135358,4.098202203750241,66.50964736164059,4.393163623845517,0.2857142857142841,0.7142857142857159,0.6006317591844104,-0.036232213483657016,0.07220960638590697,0.00212,0.00014990714285714288
IOST,50389,1788988500000,1.4263038548752833,4.136864488691281,64.40010381435448,-2.1095435472861084,0.619637750238323,0.145853193517634,0.5484124378512453,-0.027140064554257437,0.07348740315478514,0.00214,0.00015067857142857144
IOST,50390,1788989400000,1.396950939935809,4.042335202010438,61.315765068415665,-3.0843387459388154,0.3369028006589788,0.35420098846787595,0.4482951594456931,-0.04937036868663924,0.07544946731114566,0.0020911,0.00015185714285714287
IOST,50391,1788990300000,1.3923875432525952,4.00966557123526,63.0930991813025,1.7773341128868339,0.26565656565656465,0.7343434343434353,0.5205727443814235,-0.057053234531981745,0.07295626879102635,0.0020742,0.00014940714285714286
IOST,50392,1788991200000,1.4320874065554916,4.087956698240866,59.575899823034455,-3.5171993582680443,0.45068493150684824,0.25479452054794643,0.8654152905958975,-0.03864163294994771,0.07022141824474944,0.0021147,0.0001408571428571429
IOST,50393,1788992100000,1.357009781089893,3.9130098588826594,47.92927040701866,-11.646629416015791,0.060471037555696765,0.4007001909611712,2.1316086051370036,-0.07978360685548047,0.08595628457821387,0.0020242,0.00015780714285714285
IOST,50394,1788993000000,1.1654651162790697,3.6000386622849403,39.65040840432893,-8.278862002689735,0.12139534883720852,0.09302325581395376,1.608230416468072,-0.1533845524389691,0.09158091353856962,0.0018623,0.00015269285714285713
IOST,50395,1788993900000,1.2224936031635267,3.693988014691668,48.815806317946425,9.165397913617497,0.31161364507474143,0.6883863549252586,1.4379839177396283,-0.13129063054052825,0.08802080079955027,0.0019109,0.00016104285714285717
IOST,50396,1788994800000,1.1393394795191973,3.5437850376957276,45.44093007160703,-3.3748762463393973,0.0373443983402498,0.19813278008298696,0.775877959727613,-0.16661362913124522,0.09099118888970249,0.0018332,0.0001597714285714286
IOST,50397,1788995700000,1.1369158878504675,3.5360525807075196,47.95413944604557,2.5132093744385458,0.25499999999999906,0.745000000000001,0.5415070878297846,-0.1684320589171251,0.08632255918389979,0.0018292,0.00015570000000000007
IOST,50398,1788996600000,1.1985724315469226,3.632128358786004,50.25658290358405,2.302443457538473,0.2956521739130431,0.7043478260869569,0.6140226687316395,-0.14583806882756745,0.08369853378780504,0.0018789,0.00015470000000000005
IOST,50399,1788997500000,1.2114506498068143,3.6512661898318184,47.23428825180081,-3.022294651783234,0.3744207599629278,0.06950880444856469,0.7179210277855455,-0.12042469963677005,0.08420934913889513,0.0018888,0.00015060000000000006
IOST,50400,1788998400000,1.116331096196868,3.474579547651266,44.58768422735059,-2.6466040244502196,0.06323337679269933,0.5834419817470664,1.4713973942989351,-0.16298779919903128,0.08494787589105443,0.0017974,0.00014725714285714287
IOST,50401,1788999300000,1.1299564796905224,3.40595399188092,38.68586727537665,-5.901816951973942,0.148070907194995,0.1282586027111566,1.201108047725095,-0.1795194188320759,0.09712529898144749,0.0017619,0.0001548857142857143
IOST,50403,1789001100000,1.0609318996415769,3.223468006959211,36.698106282436356,-2.188601677575768,0.43903979785217906,0.21857233101705553,1.0100374675296642,-0.2234795566731862,0.09988803138822573,0.0016675,0.00015420714285714287
JELLYJELLY,3922,1747168200000,1.104887620406707,6.916764361078546,72.3862042174616,-2.1599295560101694,0.8586723768736628,0.05353319057815709,1.372857604217418,0.05640107430617736,0.04583049782756635,0.059,0.002501428571428571
JELLYJELLY,3924,1747170000000,1.0189896094589752,6.60609613130129,73.16823862732278,0.33795801384754043,0.8853503184713375,0.11464968152866253,0.30386510462313826,-0.04491525423728815,0.04295331669785816,0.05635,0.0023607142857142846
JELLYJELLY,3926,1747171800000,1.0737733851041296,6.887456037514654,76.50869064363124,1.7750812383044519,0.6447761194029838,0.3552238805970161,0.603765633148343,-0.004237288135593209,0.03986065180622521,0.05875,0.0022557142857142845
JELLYJELLY,3927,1747172700000,1.0416666666666665,6.778429073856977,77.52146696694894,1.012776323317695,0.42944785276073827,0.5705521472392617,0.37714881078099627,-0.019999999999999907,0.03887805122048818,0.05782,0.0022207142857142846
JELLYJELLY,3928,1747173600000,1.0872791519434628,6.924970691676436,77.75530909311067,0.23384212616173272,0.5922330097087382,0.40776699029126184,1.0329251902386092,0.0011864406779660275,0.03835978835978834,0.05907,0.0021957142857142843
JELLYJELLY,3929,1747174500000,1.1112288135593222,7.0093786635404465,80.63054076306706,2.875231669956392,0.3692307692307695,0.6307692307692305,0.7647978510005756,0.012188928390045817,0.03817294383332118,0.05979,0.002245714285714285
JELLYJELLY,3930,1747175400000,1.0830109039746745,6.942555685814772,74.19965074046348,-6.4308900226035774,0.2272727272727274,0.37272727272727324,0.5763982850900283,-0.009533366783743169,0.039122703023117954,0.05922,0.0022628571428571424
JELLYJELLY,3931,1747176300000,1.0655220742817102,6.910902696365769,75.91326396287408,1.7136132224106007,0.23770491803279029,0.7622950819672097,0.42719948610692376,-0.014049172102358232,0.03881934635429351,0.05895,0.002277142857142857
JELLYJELLY,3932,1747177200000,1.0882147838214782,7.021101992966003,77.24323845613694,1.3299744932628528,0.25339366515837053,0.7466063348416295,1.2586717362081257,0.0016725204883758504,0.039175555609063106,0.05989,0.002324285714285714
JELLYJELLY,3933,1747178100000,1.0927799093128705,7.033997655334115,65.4020159484524,-11.841222507684535,0.23214285714285662,0.032142857142857105,1.3726782392729537,0.0018367006177992806,0.0409944393187542,0.06,0.002348571428571428
JELLYJELLY,3934,1747179000000,1.0477360477360476,6.839390386869872,66.11498650524841,0.7129705567960087,0.28315412186380134,0.7168458781361987,1.6725902077335442,-0.027666666666666617,0.042435149559389346,0.05834,0.0024421428571428567
JELLYJELLY,3935,1747179900000,1.063246661981729,6.883939038686988,66.54334356830553,0.4283570630571205,0.5964912280701744,0.40350877192982565,0.9051483879736865,-0.021333333333333315,0.04184204010893785,0.05872,0.002414285714285714
JELLYJELLY,3936,1747180800000,1.0418812221077927,6.97303634232122,69.80456268098234,3.2612191126768124,0.2599118942731277,0.7400881057268722,1.4890285351117423,-0.008666666666666711,0.0380855347742765,0.05948,0.0022428571428571432
JELLYJELLY,3937,1747181700000,1.1485557083906466,7.324736225087926,71.22598664227368,1.4214239612913389,0.6209016393442616,0.37909836065573843,3.159826941732406,0.041333333333333444,0.041331250750931164,0.06248,0.002457142857142858
JELLYJELLY,3938,1747182600000,1.1028749567024594,7.117233294255569,71.96206324680773,0.7360766045340483,0.49743589743589667,0.5025641025641033,1.0156614310810583,-0.028329065300896294,0.041584963412884424,0.06071,0.0024842857142857153
JELLYJELLY,3939,1747183500000,1.0869414617249737,7.063305978898008,64.26928406911402,-7.6927791776937084,0.21888412017167247,0.24034334763948426,0.7278365547001011,-0.035691421254801625,0.04278630056673834,0.06025,0.002502142857142858
JELLYJELLY,3940,1747184400000,1.0572413793103448,6.9941383352872215,62.00324089717261,-2.266043171941412,0.3742138364779869,0.5031446540880502,1.2072622386798402,-0.04513444302176706,0.04287190082644629,0.05966,0.0024900000000000005
JELLYJELLY,3941,1747185300000,1.054646710755308,6.920281359906213,64.43407863494188,2.4308377377692736,0.11165048543689374,0.8883495145631063,0.6227914835959527,-0.055217669654289425,0.04286929057337221,0.05903,0.002520714285714286
JELLYJELLY,3942,1747186200000,1.096011295446523,6.961313012895663,54.56575133538212,-9.868327299559766,0.197916666666667,0.1423611111111113,0.9452382866758652,-0.04961587708066584,0.0440294198860356,0.05938,0.002505714285714286
JELLYJELLY,3943,1747187100000,1.0297661233167967,6.715123094958969,49.471420030691014,-5.094331304691103,0.10374639769452425,0.5533141210374652,1.529226659155558,-0.08322663252240725,0.04607674758401477,0.05728,0.002567857142857143
JELLYJELLY,3944,1747188000000,1.0687160940325495,6.705744431418523,52.99584782675405,3.524427796063037,0.3907284768211929,0.6092715231788072,0.8709148236699811,-0.08450704225352113,0.04448986801927978,0.0572,0.0025185714285714286
JELLYJELLY,3945,1747188900000,1.1084770114942528,6.881594372801876,56.828375229329076,3.8325274025750247,0.48837209302325707,0.5116279069767429,0.82795328479635,-0.06049935979513443,0.044839549002601904,0.0587,0.0025849999999999996
JELLYJELLY,3946,1747189800000,1.1444880485194435,7.046893317702228,62.523826440274284,5.695451210945208,0.21568627450980193,0.7843137254901981,1.0510194412422007,-0.037932138284251016,0.04450318394809563,0.06011,0.0026457142857142855
JELLYJELLY,3947,1747190700000,1.136700812433769,7.0914419695193445,62.42528193158992,-0.0985445086843626,0.7737226277372284,0.2262773722627716,0.7240610700841577,-0.03185019206145967,0.04279945193625154,0.06049,0.002543571428571429
JELLYJELLY,3951,1747194300000,1.0445344129554655,7.104337631887456,62.97421259694702,4.10039769271858,0.16279069767442012,0.8372093023255799,0.5051301546484658,-0.030089628681177927,0.03717080333459643,0.0606,0.0022421428571428566
JELLYJELLY,3952,1747195200000,1.1032928942807625,7.113716295427902,60.61678038111467,-2.357432215832347,0.311926605504587,0.24770642201834792,0.5296990727833919,-0.028809218950064053,0.03643024199322228,0.06068,0.0021807142857142854
JELLYJELLY,3953,1747196100000,1.081604426002766,7.057444314185228,60.03798888567198,-0.5787914954426938,0.3297872340425521,0.5212765957446801,0.36503256573983184,-0.03649167733674785,0.0348356246264196,0.0602,0.002081428571428571
JELLYJELLY,3954,1747197000000,1.1051378019734606,7.253223915592029,64.45701721859085,4.41902833291887,0.3511111111111104,0.6488888888888896,1.055404472365416,-0.0097631241997439,0.03298952193844139,0.06187,0.002015
JELLYJELLY,3955,1747197900000,1.2345890410958904,7.649472450175851,72.62059784808254,8.16358062949169,0.19047619047619196,0.809523809523808,1.7891404470410441,0.04433418693982083,0.033890034821567196,0.06525,0.002182857142857143
JELLYJELLY,3956,1747198800000,1.203109158499493,7.6424384525205165,65.8687059121547,-6.751891935927844,0.33204633204633255,0.16602316602316627,1.4700062852903224,-0.0009195402298851629,0.03430339294213639,0.06519,0.002162142857142857
JELLYJELLY,3957,1747199700000,1.2064297800338406,7.643610785463071,68.43384526589021,2.5651393537355176,0.43388429752066077,0.5661157024793393,1.0044274060941145,-0.0007662835249043765,0.03253535241064468,0.0652,0.0020871428571428564
JELLYJELLY,3958,1747200600000,1.3116706362708404,7.96483001172333,73.01626435248744,4.582419086597227,0.3287671232876709,0.6712328767123291,1.9604315724177555,0.04122605363984677,0.03446831364124596,0.06794,0.0022921428571428563
JELLYJELLY,3959,1747201500000,1.3412969283276448,8.042203985932005,74.13472424418777,1.1184598917003257,0.4489164086687289,0.551083591331271,1.5631819048875093,0.009714453929938083,0.0352834804807999,0.0686,0.002369285714285713
JELLYJELLY,3960,1747202400000,1.308216842823048,7.936694021101993,69.19292926286482,-4.941794981322943,0.3350253807106569,0.19289340101523117,1.2349107532617336,-0.013119533527696792,0.0346608466408799,0.0677,0.00229142857142857
JELLYJELLY,3961,1747203300000,1.2703716331401296,7.8065650644783116,67.789159461781,-1.4037698010838255,0.22797927461139672,0.5958549222797915,1.2385667346174933,-0.029300291545189427,0.03542666116743003,0.06659,0.0023314285714285702
JELLYJELLY,3962,1747204200000,1.2814207650273222,7.831184056271981,68.18307645204644,0.39391699026543847,0.5942028985507288,0.4057971014492711,0.9514204739536349,-0.026239067055393583,0.034436842333174525,0.0668,0.002272142857142855
JELLYJELLY,3963,1747205100000,1.3174982911825013,7.949589683470106,70.95112001636957,2.7680435643231363,0.28985507246376463,0.7101449275362354,1.0287534862180558,-0.011516034985422752,0.034125449019065994,0.06781,0.0022935714285714256
JELLYJELLY,3964,1747206000000,1.2824915824915823,7.947245017584995,64.78283709948833,-6.168282916881239,0.29949238578680576,0.07106598984771638,0.9954605874580917,-0.011807580174927002,0.035032054058736856,0.06779,0.002310714285714283
JELLYJELLY,3965,1747206900000,1.215089344804765,7.847596717467761,65.14829034480528,0.36545324531694234,0.5060240963855398,0.49397590361446014,1.0950582445204995,-0.024198250728862947,0.03489301923492539,0.06694,0.002306428571428568
JELLYJELLY,3966,1747207800000,1.1977660972404731,7.842907385697539,65.45164742288807,0.3033570780827972,0.49640287769783814,0.5035971223021619,0.8427687749234485,-0.02478134110787167,0.035158694198114175,0.0669,0.0023278571428571398
JELLYJELLY,3967,1747208700000,1.2216812723141834,8.02461899179367,66.42444865821433,0.9728012353262585,0.6713780918727913,0.32862190812720865,1.584241417846025,-0.0021865889212827616,0.037007620478694825,0.06845,0.0024628571428571403
JELLYJELLY,3968,1747209600000,1.2331571994715982,7.927315357561548,68.04874516893109,1.6242965107167606,0.2173913043478266,0.7826086956521734,1.7577699977222605,-0.014285714285714235,0.03674655201770811,0.06762,0.002466428571428568
JELLYJELLY,3969,1747210500000,1.3015455442288721,8.205158264947245,71.99120384469938,3.942458675768293,0.37891737891737837,0.6210826210826216,1.8287642373939235,0.02026239067055391,0.034986059672922426,0.06999,0.0024021428571428536
JELLYJELLY,3970,1747211400000,1.37532981530343,8.44314185228605,74.67862420681413,2.68742036211475,0.5095693779904319,0.4904306220095681,2.7124083812381374,0.029004143449064212,0.03599533961531382,0.07202,0.002515714285714283
JELLYJELLY,3971,1747212300000,1.3206611570247935,8.229777256740915,44.2622466626247,-30.416377544189437,0.03111111111111138,0.05666666666666705,4.158790734493927,-0.02527075812274371,0.04838298955946011,0.0702,0.0029857142857142834
JELLYJELLY,3972,1747213200000,1.1359191655801828,7.68229777256741,47.28669773393224,3.0244510713075456,0.6455399061032859,0.35446009389671407,1.8906956471128096,-0.0901138572618716,0.047421835889500726,0.06553,0.0029771428571428557
JELLYJELLY,3973,1747214100000,1.0848484848484845,7.662368112543963,49.75627353764186,2.469575803709617,0.593639575971732,0.40636042402826805,0.9080029489066644,-0.09247431269091921,0.046302943287867895,0.06536,0.0029485714285714276
JELLYJELLY,3974,1747215000000,1.0697300771208225,7.550996483001172,45.59040671040428,-4.165866827237579,0.2661870503597091,0.15107913669064893,0.8618323468365963,-0.10566509302971405,0.04845170945090363,0.06441,0.00300642857142857
JELLYJELLY,3975,1747215900000,1.0796890184645282,7.526377491207502,50.115849162443276,4.525442452038995,0.13110539845758298,0.868894601542417,1.2754107370485688,-0.10858094973618448,0.04940223852140948,0.0642,0.0031464285714285696
JELLYJELLY,3976,1747216800000,1.0925441465009813,7.501758499413834,47.34878626686442,-2.767062895578853,0.2012987012987035,0.11038961038960766,0.6351404188075034,-0.1114968064426548,0.050428890815348806,0.06399,0.003157857142857142
JELLYJELLY,3977,1747217700000,1.1145731905225578,7.637749120750294,49.02024104984703,1.6714547829826074,0.6081504702194352,0.3918495297805648,0.7745650892360118,-0.09539016939738965,0.05122381178384974,0.06515,0.0032378571428571426
JELLYJELLY,3978,1747218600000,1.030749519538757,7.432590855803048,47.26732967651137,-1.7529113733356567,0.14843749999999709,0.3515625000000002,0.4943668989074576,-0.11968897528464317,0.05096006758145163,0.0634,0.003188571428571428
JELLYJELLY,3979,1747219500000,1.013049013367282,7.415005861664714,43.69189372497452,-3.5754359515368535,0.3270142180094767,0.03317535545023725,0.6738043268778587,-0.12177173007497921,0.05261745279716199,0.06325,0.0032207142857142855
JELLYJELLY,17641,1759515300000,1.0366724570546229,3.0313128411376042,90.72303579046594,3.5851338214166475,0.3038922155688629,0.6961077844311371,1.5828116302553474,0.1073564907125617,0.062199036918138044,0.10552,0.006310714285714286
JELLYJELLY,17642,1759516200000,1.070026933435937,3.091065785693766,91.64242933727829,0.9193935468123442,0.36848635235732025,0.6315136476426797,1.2688163114332123,0.019711902956785377,0.06463592796384537,0.1076,0.006762857142857142
JELLYJELLY,17643,1759517100000,1.1363199384733704,3.1918988796322894,92.70580401794619,1.0633746806679056,0.2752880921895006,0.7247119078104994,1.29316501964043,0.03262081784386606,0.06503041745332494,0.11111,0.0070857142857142855
JELLYJELLY,17644,1759518000000,1.1545524100994644,3.2358517667336972,86.08604649141513,-6.61975752653106,0.5260930888575455,0.13822284908321508,1.187499629910685,0.013770137701377028,0.07038258840568049,0.11264,0.007497857142857142
JELLYJELLY,17645,1759518900000,1.2075254367440968,3.3033611031312837,88.71455835159429,2.6285118601791595,0.08252063015753866,0.9174793698424614,1.2230252614192927,0.020862926136363535,0.07107108362705868,0.11499,0.008094285714285714
JELLYJELLY,17646,1759519800000,1.2509637625289125,3.354783108302212,88.92277062376672,0.20821227217243177,0.3967684021543973,0.6032315978456027,0.8357682179703644,0.015566571006174534,0.06856693973740319,0.11678,0.007855714285714284
JELLYJELLY,17647,1759520700000,1.2279553330766269,3.324332088480322,84.43277433152512,-4.4899962922415995,0.18865030674846767,0.5444785276073617,0.6770210998714259,-0.009076896728891892,0.06707633829585047,0.11572,0.007562857142857141
JELLYJELLY,17648,1759521600000,1.3262810559006208,3.4429761562769317,67.07719620335206,-17.355578128173065,0.3281464530892447,0.2787185354691075,1.5547184206611049,0.026288748073300283,0.08404128295568393,0.11985,0.00874785714285714
JELLYJELLY,17649,1759522500000,1.1785574284594276,3.193047974719908,67.98556790771948,0.9083717043674255,0.7798165137614677,0.2201834862385323,0.58820647074277,-0.07259073842302877,0.08494024986420423,0.11115,0.008935714285714285
JELLYJELLY,17650,1759523400000,1.1338166144200628,3.128698649813272,68.29954338567953,0.3139754779600423,0.5901060070671382,0.4098939929328618,0.5066296908480376,-0.0912807676261993,0.0833705462861473,0.10891,0.008801428571428571
JELLYJELLY,17651,1759524300000,1.0701135918527225,3.0364837690318875,58.2555359008899,-10.044007484789624,0.005194805194804984,0.1987012987012974,0.5744637041088777,-0.11806424697538587,0.08611186863974966,0.1057,0.008570714285714284
JELLYJELLY,17652,1759525200000,1.115519937451134,3.109164033323758,65.40367722164775,7.148141320757851,0.08333333333333345,0.9166666666666665,0.5811272945529788,-0.09695452649144753,0.08398393339274075,0.10823,0.009020714285714285
JELLYJELLY,17653,1759526100000,1.1555118110236222,3.145647802355645,65.41177155385157,0.00809433220381095,0.6099706744868038,0.39002932551319625,0.3619485460386656,-0.08635794743429281,0.08119663802963001,0.1095,0.008722142857142855
JELLYJELLY,17654,1759527000000,1.1265547877591313,3.094225797184717,61.755175469455075,-3.65659608439649,0.07284768211920453,0.41721854304635764,0.32243389971924147,-0.10129328327075504,0.08318264014466546,0.10771,0.00874
JELLYJELLY,17655,1759527900000,1.1312351543942993,3.0930767020970986,64.14342680552856,2.3882513360734876,0.0,1.0,0.16386269441878007,-0.10162703379224025,0.07454656423728587,0.10767,0.00802642857142857
JELLYJELLY,17656,1759528800000,1.218099725166863,3.245906348750359,67.43667314634374,3.2932463408151733,0.24823943661971776,0.7517605633802822,0.46268530418927234,-0.05723821443471011,0.07041072388804956,0.11299,0.00785642857142857
JELLYJELLY,17657,1759529700000,1.223181015885468,3.25653547831083,59.39792507538508,-8.038748070958654,0.2431318681318689,0.020604395604397124,0.5189841056045406,-0.054151022110972,0.07360040881644947,0.11336,0.007818571428571428
JELLYJELLY,17658,1759530600000,1.1408671767706493,3.134731399023269,59.65927994274833,0.2613548673632451,0.5861297539149898,0.4138702460850102,0.4374561649008354,-0.08952857738840225,0.07165660630449361,0.10912,0.007631428571428569
JELLYJELLY,17659,1759531500000,1.1269343780607248,3.119218615340419,54.50912480668514,-5.150155136063184,0.2932960893854736,0.19553072625698303,0.6115540840481586,-0.0940342094284522,0.06993497651929863,0.10858,0.007190714285714285
JELLYJELLY,17660,1759532400000,1.0686332350049166,3.0218328066647517,55.05414184935669,0.5450170426715459,0.4934725848563976,0.5065274151436024,0.512745274345751,-0.12231956612432204,0.06840685935555248,0.10519,0.007066428571428571
JELLYJELLY,17661,1759533300000,1.068016512679379,3.022120080436656,53.30604484876517,-1.748097000591521,0.45893719806763206,0.2463768115942043,0.37515703859630073,-0.12223612849395071,0.06755905732198836,0.1052,0.006896428571428572
JELLYJELLY,17662,1759534200000,1.076104100946372,3.0249928181557024,52.540278813836906,-0.7657660349282622,0.7679425837320579,0.1052631578947358,0.4640436036224103,-0.12140175219023774,0.055477409553817594,0.1053,0.005634285714285715
JELLYJELLY,17663,1759535100000,1.011370319545187,2.9474288997414533,49.77128830044684,-2.768990513390065,0.2888888888888893,0.191666666666666,0.5312825187199812,-0.14392991239048814,0.05363054038949314,0.1026,0.005346428571428571
JELLYJELLY,17664,1759536000000,1.0435897435897434,2.9764435507038205,50.66962235228594,0.8983340518391003,0.5918003565062381,0.4081996434937619,0.7869832148946274,-0.1355027117229871,0.05327407660641281,0.10361,0.005342857142857141
JELLYJELLY,17665,1759536900000,1.0110336817653893,2.98448721631715,45.238394289678304,-5.431228062607637,0.4323671497584543,0.11352657004830881,1.06039045826512,-0.13316645807259075,0.055766812162462064,0.10389,0.005384285714285712
JELLYJELLY,17667,1759538700000,1.0048609760839975,2.962079862108589,53.3077145492051,1.587222907613679,0.3860294117647042,0.6139705882352958,0.5105962935153817,-0.13967459324155196,0.048878810783572674,0.10311,0.004988571428571427
JELLYJELLY,17668,1759539600000,1.0044895569002539,2.950014363688595,52.19262697967009,-1.1150875695350138,0.16713881019830207,0.6232294617563752,0.5651960585551153,-0.14317897371714638,0.04851166986131468,0.10269,0.004917142857142856
JELLYJELLY,17669,1759540500000,1.0352181569164545,2.9882217753519105,52.89001795776346,0.6973909780933738,0.7166123778501645,0.2833876221498354,0.5963034300053988,-0.08239237826393786,0.04808204955523753,0.10402,0.004895714285714285
JELLYJELLY,17671,1759542300000,1.030853348955282,2.9876472278081008,55.37795567809327,3.2358423402734005,0.15544041450776974,0.8445595854922302,0.6239143843320767,-0.0825688073394496,0.04283641890024866,0.104,0.004429285714285712
JELLYJELLY,17672,1759543200000,1.061740304842755,3.069807526572824,54.25210708311706,-1.1258485949762118,0.6473880597014939,0.24813432835820903,1.0669541745516062,-0.05733944954128445,0.04369208541142799,0.10686,0.0044928571428571405
JELLYJELLY,17673,1759544100000,1.0605884630274875,3.0580293019247344,58.039668400286246,3.7875613171691853,0.33421052631579157,0.6657894736842084,0.8221716774911854,-0.06095624558927315,0.04043408578491292,0.10645,0.004252857142857141
JELLYJELLY,17674,1759545000000,1.0339244410177333,3.0313128411376042,57.42957124093813,-0.6100971593481148,0.26515151515151714,0.5303030303030237,0.38330518074996145,-0.06916019760056458,0.03883290208361703,0.10552,0.004073571428571426
JELLYJELLY,17675,1759545900000,1.0263107355483005,3.0310255673657,57.08339141216014,-0.34617982877799136,0.26754385964912814,0.6666666666666626,0.4802522667479477,-0.06924841213832034,0.03762018411183087,0.10551,0.0039407142857142835
JELLYJELLY,17676,1759546800000,1.0447054366357267,3.1008330939385234,59.30259367468778,2.219202262527638,0.5848484848484856,0.4151515151515143,1.2099884897158355,-0.04781227946365563,0.03658010699799208,0.10794,0.0038778571428571404
JELLYJELLY,17677,1759547700000,1.0329628932002262,3.1005458201666185,59.463832943489535,0.16123926880175787,0.4529702970297023,0.5470297029702976,0.872041199779376,-0.0479004940014115,0.036845294196849315,0.10793,0.003909285714285712
JELLYJELLY,17679,1759549500000,1.0141269542286682,3.071818442976156,57.82534899628825,-1.44180477439874,0.4836956521739155,0.24456521739130077,0.47539945123736965,-0.015196168723521808,0.0299953978180243,0.10693,0.0031657142857142847
JELLYJELLY,17685,1759554900000,1.0628930817610063,3.203677104280379,59.280583157236066,5.599993717436838,0.6033057851239672,0.3966942148760328,2.2757511261311314,0.0284028033935817,0.02896743913171017,0.11152,0.0031035714285714278
JELLYJELLY,17688,1759557600000,1.0388010297903643,3.1850043091065783,63.41105698805885,4.417911480966822,0.3139293139293137,0.6860706860706862,1.146359944508037,-0.005828550932568177,0.030835249242345077,0.11087,0.0033721428571428574
JELLYJELLY,20592,1762171200000,1.0214847161572052,2.3778508321347855,74.8155212590828,2.399203734417668,0.46763202725723974,0.5323679727427603,2.5646370308366357,0.080478013257399,0.080033174372797,0.11573,0.008822857142857141
JELLYJELLY,20593,1762172100000,1.0005249343832023,2.349085679063078,75.51614173810748,0.7006204790246784,0.4084720121028753,0.5915279878971247,1.1582197698445384,-0.012097122612978461,0.07997722066520777,0.11433,0.008927857142857142
JELLYJELLY,20597,1762175700000,1.1129086057371582,2.6030408876104376,79.17419723642581,4.962567322305958,0.16041500399042283,0.8395849960095771,1.357142371659019,0.05636621362461436,0.07765021311700812,0.12669,0.009681428571428572
JELLYJELLY,20598,1762176600000,1.173567686327531,2.6424902403944937,79.78643534322471,0.6122381067988982,0.38253968253968185,0.6174603174603182,0.9830197839619644,0.015155103007340687,0.07591125198098256,0.12861,0.00958
JELLYJELLY,20599,1762177500000,1.283587198357008,2.7415245531128005,81.95508926973582,2.168653926511112,0.15598290598290493,0.8440170940170951,1.0151710831911689,0.03747764559521016,0.07296030483118457,0.13343,0.009628571428571427
JELLYJELLY,20600,1762178400000,1.296979006656426,2.7651530717074175,77.29621551939039,-4.658873750345435,0.20283018867924504,0.5581761006289301,1.398760781790142,0.008618751405231384,0.07636919532080821,0.13458,0.009848571428571427
JELLYJELLY,20601,1762179300000,1.1841179427039705,2.678652147113212,72.02275801423296,-5.273457505157424,0.10165825522711043,0.6387887527036762,1.3032267013112184,-0.03128250854510317,0.07529742911842466,0.13037,0.009439285714285714
JELLYJELLY,20602,1762180200000,1.0817299786219374,2.6009862338196017,70.55402993097998,-1.4687280832529837,0.07697241821680603,0.8556767158434894,1.6005222178069316,-0.05936989151434091,0.07431236930995656,0.12659,0.00924
JELLYJELLY,20603,1762181100000,1.0901102412525958,2.6878980891719744,72.8889028454712,2.334872914491214,0.29039812646369845,0.7096018735363016,0.9353832568302615,-0.027938772477337004,0.07327077628620404,0.13082,0.009403571428571428
JELLYJELLY,20604,1762182000000,1.0742412451361867,2.7382371070474627,71.52984063433274,-1.3590622111384505,0.7830940988835725,0.07177033492823064,0.7771887666275019,-0.009733987219497697,0.07366474247604102,0.13327,0.009388571428571428
JELLYJELLY,20605,1762182900000,1.1408517350157727,2.788781590302034,72.39553914476326,0.8656985104305193,0.8251497005988003,0.1748502994011997,0.8829587591414534,0.00854510328429181,0.07344103428394022,0.13573,0.009462142857142858
JELLYJELLY,20606,1762183800000,1.304354469060352,3.098828847339224,79.71976580679328,7.324226662030014,0.22673031026253035,0.7732696897374697,2.1903108524247816,0.11117660060414081,0.0743467533368345,0.15082,0.01071857142857143
JELLYJELLY,20607,1762184700000,1.3784034653465342,3.1588247380316417,80.95509602824009,1.2353302214468158,0.4541387024608497,0.5458612975391502,0.9775271495393111,0.01936082747646184,0.0758840888200861,0.15374,0.011204285714285714
JELLYJELLY,20608,1762185600000,1.3355212944588613,3.1436202999794536,81.12234423127562,0.1672482030355269,0.31302116741500946,0.6869788325849905,1.2838626700255469,-0.004813321191622144,0.08021488368504301,0.153,0.01188142857142857
JELLYJELLY,20609,1762186500000,1.2819295558958652,3.0616396137250876,78.82255513939296,-2.2997890918826585,0.08262910798121995,0.7802816901408441,0.7814968666530138,-0.030766228697801434,0.08321888788241824,0.14901,0.012205714285714283
JELLYJELLY,20610,1762187400000,1.471599045346062,3.1916991986850216,80.99537325129029,2.172818111897328,0.369441277080957,0.630558722919043,0.7299944830854586,0.01040718095485893,0.08043580351272657,0.15534,0.012234285714285713
JELLYJELLY,20611,1762188300000,1.4347553324968634,3.1896445448941853,70.1718900648906,-10.823483186399685,0.2658333333333336,0.1066666666666671,0.6311286559601994,-0.0006437491953136254,0.0843926693290103,0.15524,0.012196428571428568
JELLYJELLY,20612,1762189200000,1.3830745341614907,3.153277172796384,74.24502216450026,4.073132099609651,0.06695464362850781,0.9330453563714922,0.5383297952404554,-0.012038109952362652,0.08117669049955602,0.15347,0.012407857142857139
JELLYJELLY,20613,1762190100000,1.5685199686765858,3.3696322169714406,76.28400147105042,2.0389793065501607,0.5499124343257443,0.4500875656742557,0.9845736140596645,0.05574868031414959,0.0796030940907938,0.164,0.012554999999999998
JELLYJELLY,20614,1762191000000,1.541191381495564,3.295664680501335,71.33832765273537,-4.9456738183150435,0.3534822601839692,0.12746386333771373,0.5016168775976397,-0.021951219512195252,0.0792793964620187,0.1604,0.012189999999999996
JELLYJELLY,20615,1762191900000,1.4952259707192872,3.2216971440312308,71.77623191126736,0.43790425853198656,0.4122137404580148,0.5877862595419853,0.3529479025228225,-0.04390243902439028,0.07484202941393833,0.1568,0.011573571428571423
JELLYJELLY,20616,1762192800000,1.5000777242344165,3.3044996918019316,74.34274576309,2.5665138518226343,0.12923076923077026,0.8707692307692297,0.4287530853458496,-0.019329268292683,0.06828105328011569,0.16083,0.010924285714285708
JELLYJELLY,20617,1762193700000,1.6138364779874212,3.4156564618861722,75.29249237254199,0.9497466094519922,0.6157270029673575,0.3842729970326425,0.5299284559859283,0.013658536585365866,0.06660320985695774,0.16624,0.01079571428571428
JELLYJELLY,20618,1762194600000,1.6032252913939002,3.3499075405794123,71.88120489667473,-3.4112874758672547,0.19254658385092882,0.2857142857142898,0.38199539884994327,-0.019249278152069338,0.06700204989571489,0.16304,0.01069285714285714
JELLYJELLY,20619,1762195500000,1.5779455718106026,3.3671666324224367,73.27390646981249,1.3927015731377566,0.24657534246575527,0.7534246575342447,0.3505383399193322,-0.014196342637151083,0.06511595147118379,0.16388,0.01056571428571428
JELLYJELLY,20620,1762196400000,1.5795615833464756,3.3607972056708446,64.27308868667879,-9.000817783133698,0.15552995391704966,0.04147465437788012,0.48264136106009015,-0.016061116458132907,0.058555325511847216,0.16357,0.00909071428571428
JELLYJELLY,20621,1762197300000,1.5558004092554696,3.336141360180809,67.012174592041,2.7390859053622165,0.38202247191011307,0.6179775280898869,0.35657345646922123,-0.023279595765158922,0.05412733211042008,0.16237,0.008641428571428566
JELLYJELLY,20622,1762198200000,1.6357541899441341,3.39284980480789,69.64384181227325,2.631667220232245,0.1498257839721255,0.8501742160278745,0.44674283977677975,-0.00667709335899902,0.04832201340997831,0.16513,0.007937857142857137
JELLYJELLY,20623,1762199100000,2.1773004168002563,4.0723238134374355,79.66487826627262,10.021036453999372,0.21567489114658916,0.7843251088534109,2.632056768217731,0.1922521655437921,0.050520821632631635,0.1982,0.009637857142857137
JELLYJELLY,20624,1762200000000,2.093835948875587,3.92911444421615,66.46036430237203,-13.204513963900595,0.024418604651162978,0.11220930232558213,1.4593170521856373,-0.03516649848637732,0.058195044328256396,0.19123,0.010239999999999996
JELLYJELLY,20625,1762200900000,1.8722621902478016,3.691391000616396,60.46282103478909,-5.997543267582941,0.28941176470588265,0.06431372549019518,0.8209346908289842,-0.09354187689202831,0.06136988868163969,0.17966,0.010293571428571425
JELLYJELLY,20626,1762201800000,1.8479467258601554,3.6905691391000617,64.18074841560167,3.717927380812583,0.17051705170517004,0.8294829482948299,1.279058805068672,-0.09374369323915233,0.061923375740506915,0.17962,0.010930714285714281
JELLYJELLY,20627,1762202700000,1.9693143679079435,3.8173412779946583,66.27135449561302,2.090606080011355,0.34273127753304006,0.6572687224669599,0.7809925715693623,-0.06261352169525725,0.06006439959161231,0.18579,0.01092571428571428
JELLYJELLY,20628,1762203600000,2.1347952273460176,3.9946579001438263,69.95057304757187,3.67921855195884,0.14739884393063665,0.8526011560693634,1.0550471760690372,-0.019071644803228982,0.059105490621240694,0.19442,0.011370714285714284
JELLYJELLY,20629,1762204500000,2.10170857511283,3.9537702897061844,63.62458100263447,-6.325992044937394,0.0,0.27773279352226854,1.014281970824859,-0.029112008072653905,0.06472983177249973,0.19243,0.011878571428571428
JELLYJELLY,20630,1762205400000,2.0254045307443365,3.841586192726526,61.536768034882066,-2.0878129677524058,0.3249999999999997,0.3701923076923072,0.8601780095677943,-0.05665993945509584,0.06738245680713255,0.18697,0.012157142857142854
JELLYJELLY,20631,1762206300000,1.9718218623481785,3.7704951715635917,58.42950499462393,-3.1072630402581325,0.3444444444444463,0.14000000000000112,0.5783879369564349,-0.07411705348133191,0.07008346946903013,0.18351,0.012318571428571427
JELLYJELLY,20632,1762207200000,1.9555737704918035,3.704335319498665,59.47680479820251,1.047299803578575,0.26279863481228766,0.7372013651877123,0.6120017020545432,-0.09036326942482331,0.07080249787295521,0.18029,0.012601428571428569
JELLYJELLY,20633,1762208100000,1.8849905601006922,3.767618656256421,60.14708880093127,0.6702840027287635,0.6232558139534866,0.3767441860465134,0.6216723956418558,-0.0748234106962663,0.07021386753753633,0.18337,0.012592857142857142
JELLYJELLY,20634,1762209000000,2.034600389863548,3.838298746661188,62.806863111696465,2.6597743107651937,0.18631178707224497,0.8136882129277551,0.43882859954781905,-0.057467204843592246,0.06883573553846749,0.18681,0.012724285714285714
JELLYJELLY,20635,1762209900000,2.097408986552968,3.880830080131498,61.69428439688468,-1.1125787148117823,0.6372093023255834,0.16124031007751752,0.36692594323412697,-0.04702320887991929,0.06909265041384734,0.18888,0.012676428571428571
JELLYJELLY,20636,1762210800000,2.1307391729078473,3.9508937743990136,65.59435764614075,3.9000732492560672,0.05560538116591767,0.9443946188340824,0.5932575211470745,-0.0298183652875883,0.06815285200008943,0.19229,0.013062857142857142
JELLYJELLY,20637,1762211700000,2.1578083989501313,3.9552085473597702,62.6857936853167,-2.908563960824047,0.13696369636963632,0.2904290429042919,0.45148596238026806,-0.028758829465186597,0.05863443145589799,0.1925,0.011035000000000001
JELLYJELLY,20638,1762212600000,2.690341368710565,4.686665296897473,69.34315087743555,6.657357192118845,0.5420224719101127,0.4579775280898874,2.1540227207715557,0.1508577194752776,0.06365820178448867,0.2281,0.012984999999999998
JELLYJELLY,20639,1762213500000,2.3870029097963146,4.304910622560099,70.32591999857068,0.982769121135135,0.2017167381974258,0.7982832618025741,1.1751914874091878,-0.08145550197281892,0.06324555947197458,0.20952,0.013072857142857145
JELLYJELLY,20640,1762214400000,2.391600454029512,4.2975138689130885,66.05043281309902,-4.275487185471661,0.1494661921708197,0.5516014234875442,1.2385271502088995,-0.08303375712406835,0.0643778344671202,0.20916,0.012978571428571431
JELLYJELLY,20641,1762215300000,2.428823623816402,4.389767824121636,69.27316743352004,3.222734620421022,0.28424908424908396,0.7157509157509161,0.9237357439359319,-0.06334940815431822,0.06265365468302019,0.21365,0.013142857142857145
JELLYJELLY,20642,1762216200000,2.3851050286441757,4.370659543866858,68.28206719812688,-0.9911002353931622,0.41607898448518854,0.4203102961918179,0.7017476277247133,-0.06742656729504604,0.06069083114766448,0.21272,0.012660714285714286
JELLYJELLY,20643,1762217100000,2.4945530278756807,4.481816313951099,70.77425013788861,2.492182939761733,0.2361005331302354,0.7638994668697646,0.8636471196013338,-0.043708899605436224,0.05913792759814245,0.21813,0.012716428571428571
JELLYJELLY,20644,1762218000000,2.394264103372203,4.4257242654612705,65.03145926508817,-5.742790872800441,0.04347826086956507,0.14613526570048158,0.7309182645506294,-0.05567733450241119,0.06031296500744013,0.2154,0.012565000000000002
JELLYJELLY,20645,1762218900000,2.4385796545105562,4.417094719539758,67.31230387963053,2.28084461454236,0.07960808328230219,0.9203919167176978,1.338496585229907,-0.05751863217886888,0.06125314221532867,0.21498,0.01308857142857143
JELLYJELLY,20646,1762219800000,2.44492507338174,4.581672488185741,64.73690984752378,-2.5753940321067574,0.658995815899581,0.1394700139470016,1.3576389702229659,-0.022402455063568638,0.064016140517446,0.22299,0.013485
JELLYJELLY,20647,1762220700000,2.2485442844008583,4.355866036572838,62.12639644246941,-2.6105134050543697,0.20468750000000122,0.3062499999999989,0.726970324476119,-0.0705830775975449,0.06495195881397461,0.212,0.013481428571428571
JELLYJELLY,20648,1762221600000,2.174924471299094,4.318471337579618,62.800805528219705,0.6744090857502982,0.21521035598705401,0.784789644012946,0.6954547463533955,-0.07856203419552821,0.06306645234105134,0.21018,0.013171428571428572
JELLYJELLY,20649,1762222500000,2.1282508545103282,4.325046229710294,49.61949361311414,-13.181311915105567,0.06935413957520553,0.1538794971824881,1.320567226890132,-0.07715914072775099,0.07518363927411995,0.2105,0.014358571428571429
JELLYJELLY,20650,1762223400000,2.105335365853658,4.185535237312513,46.05436063766115,-3.5651329754529897,0.5643872113676728,0.16296625222024888,1.6869231371057956,-0.10692678649715037,0.0820659649773574,0.20371,0.015170714285714287
JELLYJELLY,20651,1762224300000,1.9618943076681825,3.880830080131498,46.6479558676852,0.5935952300240501,0.4672619047619051,0.5327380952380949,0.8939434564992353,-0.17194213064445418,0.081930963405067,0.18888,0.015217857142857144
JELLYJELLY,20652,1762225200000,2.1347230864965776,4.140127388535032,51.32764142623635,4.679685558551149,0.3717119448037952,0.6282880551962048,1.5774865277055108,-0.11661551950898719,0.07100639924157139,0.2015,0.013695714285714288
JELLYJELLY,20653,1762226100000,2.02888583218707,4.0719128826792685,45.93158504320906,-5.396056383027286,0.3579661016949161,0.03864406779660934,1.0001139457461727,-0.1311705392371767,0.07473214285714286,0.19818,0.013750714285714286
JELLYJELLY,20654,1762227000000,1.991394148020654,3.9280871173207315,47.78238185277711,1.8507968095680454,0.44943820224719,0.55056179775281,0.6936815999826692,-0.16185883384480493,0.07091612745322992,0.19118,0.013245714285714286
JELLYJELLY,20655,1762227900000,2.012978986402967,4.0065748921306765,50.5805924753598,2.798210622582694,0.4636150234741795,0.5363849765258205,0.7126039476552716,-0.14511179307321342,0.06741316783190639,0.195,0.012879285714285715
JELLYJELLY,20656,1762228800000,2.031572366364489,3.985206492705979,51.55613279691075,0.9755403215509517,0.2581818181818188,0.7418181818181813,0.485947499737093,-0.14967119684348973,0.06630162192642718,0.19396,0.012765714285714286
JELLYJELLY,20657,1762229700000,2.017079285490442,3.956235874255188,47.328983244288146,-4.227149552622606,0.0,0.059970014992505385,0.40194594882334356,-0.15585269618588338,0.06605263965152305,0.19255,0.012304285714285716
JELLYJELLY,20658,1762230600000,2.0650007907638783,3.981919046640641,49.12305042918152,1.7940671848933718,0.540948275862068,0.459051724137932,0.5670907069941701,-0.15037264357737834,0.06555627866148049,0.1938,0.012375714285714287
JELLYJELLY,20659,1762231500000,2.099662433692332,3.96198890486953,47.709004868327334,-1.4140455608541842,0.5871156661786254,0.11127379209370576,0.5751782878714696,-0.13525270191488403,0.06263194933145673,0.19283,0.011697142857142859
JELLYJELLY,20660,1762232400000,2.012110726643599,3.9348674748304915,50.30215614695276,2.5931512786254274,0.18145161290322814,0.8185483870967718,0.6427111700062388,-0.14117224987667598,0.058920307710799945,0.19151,0.011204285714285717
JELLYJELLY,20661,1762233300000,2.054962561733312,3.940004109307582,48.836983143333406,-1.4651730036193555,0.269035532994924,0.4060913705583761,0.5515842326269552,-0.1400511233687608,0.059332195029406204,0.19176,0.011169285714285718
JELLYJELLY,20662,1762234200000,2.4130228136882135,4.4263406615985215,62.890805359037735,14.05382221570433,0.12099853157121918,0.8790014684287808,2.26347797467789,-0.03390286559935418,0.06227816951398421,0.21543,0.013160000000000003
JELLYJELLY,20663,1762235100000,2.3303459119496854,4.351962194370249,55.46916918745446,-7.421636171583273,0.04703974047039715,0.11354420113544295,1.2888381463450156,-0.05013677743396561,0.06169283723047166,0.21181,0.012392857142857148
JELLYJELLY,20664,1762236000000,2.1821812596006143,4.256420793096364,57.528804987409586,2.0596357999551245,0.1916666666666685,0.8083333333333315,0.9192661028906325,-0.0709897304811874,0.056826264626713745,0.20716,0.011641428571428577
JELLYJELLY,20665,1762236900000,2.236049533710442,4.349085679063078,55.64841550808422,-1.8803894793253662,0.5964601769911498,0.15840707964601886,0.7955284370129398,-0.05076460827839813,0.05920345977726273,0.21167,0.011968571428571434
JELLYJELLY,20666,1762237800000,2.083079268292683,4.155537291966304,52.98874555578604,-2.659669952298181,0.008565310492507963,0.1563169164882183,0.587004306858877,-0.09300865509664102,0.053682185899421565,0.20225,0.01064571428571429
JELLYJELLY,20667,1762238700000,2.078366111951588,4.18080953359359,52.30348520835316,-0.6852603474328802,0.8327974276527311,0.011254019292606826,0.491297069306943,-0.05547045443995735,0.05086113906364251,0.20348,0.010036428571428576
JELLYJELLY,20668,1762239600000,2.0109412470023984,4.127594000410931,54.18511847290352,1.8816332645503593,0.07947805456702281,0.9205219454329772,0.7171347615311174,-0.06749292113447525,0.04964182256660534,0.20089,0.009939285714285722
JELLYJELLY,20669,1762240500000,1.9761974728181015,4.161906718717896,50.76703654938409,-3.4180819235194306,0.32702702702702446,0.06486486486486606,0.5863187412143688,-0.05974098314997922,0.05039504045331078,0.20256,0.009859285714285721
JELLYJELLY,20670,1762241400000,1.871925483917916,4.054448325457161,50.03234057464576,-0.7346959747383295,0.4224999999999989,0.3299999999999967,0.44417631308623556,-0.08401801049064661,0.050100913727936625,0.19733,0.009752142857142864
JELLYJELLY,20671,1762242300000,1.7389783065080477,4.02095746866653,48.445999421309466,-1.586341153336292,0.2420537897310553,0.2347188264058646,0.49671971367220863,-0.09158427331383745,0.049685086684619365,0.1957,0.00956785714285715
JELLYJELLY,20672,1762243200000,1.7130531589201228,4.005753030614342,49.36042808301355,0.9144286617040862,0.3131067961165025,0.6868932038834975,0.49103582412294194,-0.09501926379798553,0.04749979715126617,0.19496,0.009199285714285719
JELLYJELLY,20673,1762244100000,1.83612358785899,4.281282103965482,55.428525205830454,6.068097122816901,0.44632400780741754,0.5536759921925825,1.9667786225187256,-0.03277166597038483,0.04867890285487429,0.20837,0.009809285714285718
JELLYJELLY,20674,1762245000000,1.7636930585683297,4.188411752619684,52.58107289243401,-2.8474523133964453,0.3800978792822186,0.08156606851549768,0.7002024213782579,-0.053752959197883365,0.04901480317684537,0.20385,0.00971571428571429
JELLYJELLY,20675,1762245900000,1.5748779861289495,4.119169919868503,50.77937597105312,-1.8016969213808878,0.4658385093167705,0.09523809523809852,0.5372127227787368,-0.06939609153785464,0.04914880132870037,0.20048,0.00963857142857143
JELLYJELLY,20676,1762246800000,1.4090798737557662,4.07766591329361,50.13060827780691,-0.6487676932462136,0.37205651491366026,0.5149136577707981,0.5621553496143448,-0.07877268718377206,0.039214969398723314,0.19846,0.007661428571428573
JELLYJELLY,20677,1762247700000,1.3815602836879433,4.139716457776864,49.18859619730159,-0.9420120805053145,0.7940026075619294,0.06910039113428995,0.8051393979959437,-0.06475421250522218,0.0377100516032285,0.20148,0.007328571428571428
JELLYJELLY,20678,1762248600000,1.2349239043368807,4.012944318882269,48.7670163726754,-0.4215798246261926,0.24044943820225012,0.683146067415726,0.8128893920634725,-0.09339460613656403,0.03501436675753334,0.19531,0.006789285714285714
JELLYJELLY,20679,1762249500000,1.181064425770308,3.999589069241833,46.51311552177244,-2.2539008509029586,0.1293375394321744,0.5157728706624631,0.6885718726210408,-0.09641182750777522,0.03358734798267133,0.19466,0.006435000000000001
JELLYJELLY,20680,1762250400000,1.0752311125278928,4.012738853503185,44.82298535844703,-1.6901301633254135,0.39809926082365293,0.4234424498416062,1.2314295350925053,-0.09344102492689044,0.035702998013364635,0.1953,0.006777857142857143
JELLYJELLY,20685,1762254900000,1.2728496014905288,4.511608793918225,50.36653282769534,19.966943944944163,0.5135951661631418,0.4864048338368582,4.315169023554865,0.03736949024424807,0.0652261010235399,0.21958,0.01232642857142857
JELLYJELLY,20686,1762255800000,1.105761562998405,4.340456133141566,56.84201103911412,6.475478211418782,0.48213498014997785,0.5178650198500222,2.0134542189075857,-0.03793605975043268,0.0681481058877225,0.21125,0.01365142857142857
JELLYJELLY,20707,1762274700000,1.9249238859673397,8.685227039243888,88.88816004262958,5.342159868843751,0.6694000560695262,0.33059994393047376,5.405921566413585,0.4401403652221312,0.07704986028641285,0.42271,0.025210714285714284
JELLYJELLY,20708,1762275600000,1.2688910696761528,7.125539346620095,88.36058095791486,-0.5275790847147164,0.5194805194805199,0.46064139941690996,2.2805407867996945,-0.17957938066286572,0.08314990263221231,0.3468,0.02714428571428571
JELLYJELLY,20709,1762276500000,1.1865330966269338,7.085679063077872,89.38633988234946,1.025758924434598,0.21915685058896522,0.7808431494110347,1.3933864977116481,-0.1841688154999881,0.08484138496868299,0.34486,0.028658571428571426
JELLYJELLY,20710,1762277400000,1.2728928199791882,7.180604068214507,89.7508928132333,0.3645529308838462,0.4092409240924087,0.5907590759075914,0.9249831399650865,-0.17323933666106783,0.08642264062682727,0.34948,0.02956
JELLYJELLY,20711,1762278300000,1.2856311433005692,7.262173823710705,90.4730986509214,0.7222058376880938,0.10085917071348466,0.8991408292865154,0.7274627740733274,-0.1638475550613896,0.0886182669789227,0.35345,0.031082857142857138
JELLYJELLY,20712,1762279200000,1.2401400087505472,7.363879186357099,89.42133919317138,-1.0517594577500233,0.5284722222222218,0.3750000000000005,0.5794819059788531,-0.15213739916254643,0.08920803009240331,0.3584,0.031169285714285715
JELLYJELLY,20713,1762280100000,1.2661484360540438,7.547154304499692,90.59758777658257,1.1762485834111942,0.16780303030303004,0.83219696969697,0.6897302547977374,-0.13103546166402502,0.08339992835294444,0.36732,0.030265000000000004
JELLYJELLY,20714,1762281000000,1.3351087160849677,7.656872816930347,75.49320653657759,-15.104381240004983,0.2643647154032905,0.1284057189101696,0.8722417538382267,-0.11840268742163651,0.09435455098742891,0.37266,0.03211357142857143
JELLYJELLY,20715,1762281900000,1.2295081967213117,7.432915553729197,78.9188458050192,3.425639268441614,0.0446507515473037,0.9553492484526963,0.4876171463346024,-0.14418868727969514,0.08981288981288982,0.36176,0.032400000000000005
JELLYJELLY,20716,1762282800000,1.468599033816425,7.874460653379906,81.02351744791225,2.1046716428930523,0.26275061554695706,0.737249384453043,0.5517870258465138,-0.09335005086229331,0.08975806512929296,0.38325,0.03372928571428571
JELLYJELLY,20717,1762283700000,1.3753210147196997,7.791658105609205,76.17897722461473,-4.844540223297528,0.2254071661237801,0.19674267100977016,0.29272907568852147,-0.10288377374559388,0.09287135497988888,0.37922,0.03407357142857143
JELLYJELLY,20718,1762284600000,1.3230048091556585,7.840558865831108,78.3877516198317,2.2087743952169774,0.03159557661927273,0.9684044233807273,0.2886536148819713,-0.09725343616190762,0.08658980127484063,0.3816,0.03299071428571428
JELLYJELLY,20719,1762285500000,1.1281648057870735,8.341688925416069,79.11637228788024,0.728620668048535,0.7541353383458651,0.24586466165413487,0.6336180660557551,-0.03955430436942575,0.08726971212396029,0.40599,0.033679999999999995
JELLYJELLY,20720,1762286400000,1.2206183223459877,8.02835422231354,76.94604915291005,-2.1703231349701895,0.3069498069498068,0.4440154440154452,0.38937204167427186,-0.07563104729010428,0.08655550155157588,0.39074,0.03307285714285714
JELLYJELLY,20721,1762287300000,1.4339116437131105,8.387918635709884,80.29451299479672,3.3484638418866695,0.11331679073614574,0.8866832092638542,0.5914967438338073,-0.03423150623358795,0.06302957676278141,0.40824,0.025472142857142853
JELLYJELLY,20722,1762288200000,1.3562202583276681,8.545716046846106,80.32385094961748,0.02933795482076107,0.4327354260089698,0.5672645739910301,0.545596607068118,-0.016063021929928256,0.06105893908238469,0.41592,0.024688571428571424
JELLYJELLY,20723,1762289100000,1.3692138537658054,8.854735976987879,71.28384343250761,-9.04000751710987,0.49971820402028955,0.18786398647379315,0.9048110437618045,0.01951692649807213,0.06753779323608843,0.43096,0.026186428571428565
JELLYJELLY,20724,1762290000000,1.1510552032435806,8.502568317238547,74.58652898192113,3.3026855494135248,0.3129251700680271,0.6870748299319729,0.6962789442190498,-0.03977167254501579,0.06603012561734264,0.41382,0.026777857142857138
JELLYJELLY,20725,1762290900000,1.8772273990518227,10.84857201561537,85.71391176946766,11.127382787546523,0.08425291985501426,0.9157470801449857,1.6517997462453813,0.22517170967143119,0.06518060715803886,0.528,0.03373357142857143
JELLYJELLY,20726,1762291800000,2.013136015962753,11.169714403123074,63.744810988071315,-21.969100781396342,0.1642682926829267,0.3417682926829269,1.5484474762868894,0.02960227272727267,0.10195392424321913,0.54363,0.04441928571428571
JELLYJELLY,20727,1762292700000,1.6183080161574783,9.455927676186564,57.122808594099794,-6.6220023939715205,0.28029861192114763,0.31272600023329045,1.134429195593381,-0.15343156190791518,0.12124879854757752,0.46022,0.04865714285714286
JELLYJELLY,20728,1762293600000,1.2828969547140128,8.348263817546744,46.14117575025713,-10.981632843842661,0.05655468838366706,0.11605022056328461,1.0478678215186792,-0.25259827456174233,0.15944748206449816,0.40631,0.05232428571428572
JELLYJELLY,24243,1765457100000,1.0104143083540866,2.8154724159797087,73.49331495879997,3.968489576818513,0.3932806324110668,0.6067193675889332,1.7966852142282286,0.02374913534701406,0.06159261629669554,0.0888,0.005224285714285716
JELLYJELLY,24256,1765468800000,1.0011276499774473,2.813253012048193,65.89457421784581,7.002078036490602,0.19898477157360445,0.8010152284263955,1.7153078476236658,-0.0016876687668766488,0.06006025782446204,0.08873,0.005211428571428571
JELLYJELLY,24257,1765469700000,1.0192998204667862,2.8528852251109704,62.53899649302313,-3.3555777248226875,0.45621468926553804,0.3813559322033888,1.1648383965078701,0.012376237623762387,0.05834445927903872,0.08998,0.004994285714285714
JELLYJELLY,24260,1765472400000,1.0655957161981258,2.9353202282815474,71.4981780920393,6.47996315665506,0.12057877813504854,0.8794212218649514,0.9986285400661578,0.028895310068904,0.051586005195936584,0.09258,0.004737142857142856
JELLYJELLY,24261,1765473300000,1.2991702175375646,3.2504755865567536,78.51498016715226,7.016802075112963,0.28170289855072495,0.718297101449275,2.391279768307769,0.10736660185785274,0.0525457341170046,0.10252,0.005223571428571427
JELLYJELLY,24262,1765474200000,1.3155187835420392,3.2831325301204823,72.38777170746434,-6.127208459687921,0.49346016646848995,0.21997621878715864,1.3415847327768544,0.01004682013265712,0.05616926634557317,0.10355,0.005447857142857142
JELLYJELLY,24263,1765475100000,1.3018443544759335,3.2447685478757133,76.02608320521124,3.6383114977468978,0.17785843920145092,0.822141560798549,0.7856972089031868,-0.01168517624336074,0.05381807419100236,0.10234,0.005455
JELLYJELLY,24264,1765476000000,1.335928809788654,3.329105897273304,76.5588997502677,0.5328165450564626,0.47649918962722865,0.5235008103727714,1.0699170154699138,0.014002897151134563,0.054141821337588526,0.105,0.005525714285714285
JELLYJELLY,24265,1765476900000,1.3569046030687124,3.360494610019024,78.50641178415295,1.9475120338852463,0.26778242677824304,0.732217573221757,0.8653978319795642,0.009428571428571564,0.054217771532259165,0.10599,0.005677142857142857
JELLYJELLY,24266,1765477800000,1.3469252810227021,3.3760304375396326,78.75034545887097,0.24393367471802208,0.42433234421364857,0.5756676557863515,0.5949998479966925,0.004623077648834739,0.053831508805330795,0.10648,0.005655
JELLYJELLY,24267,1765478700000,1.3549107142857144,3.3449587824984146,66.83389180829468,-11.916453650576287,0.0752136752136746,0.0752136752136746,0.7575029043056619,-0.009203606311044443,0.0582975322210011,0.1055,0.005835
JELLYJELLY,24268,1765479600000,1.2362395420519592,3.2203551046290424,49.7280140380445,-17.10587777025018,0.11037037037036974,0.11481481481481555,1.4578030473943093,-0.046111945905334406,0.0722813785188255,0.10157,0.006477857142857142
JELLYJELLY,24269,1765480500000,1.0048704892627849,2.871274571972099,38.96688589752848,-10.761128140516021,0.06352459016393444,0.2192622950819675,2.1929580245904274,-0.14951164537941397,0.09365239840407286,0.09056,0.007410714285714285
KAT,5091,1777032900000,1.115642607995707,3.076072821846554,78.12219687449361,7.0199556125155596,0.2294776119402982,0.7705223880597017,2.591084952017036,0.06578058121198471,0.06161676609379188,0.023655,0.0014120714285714285
KAT,5092,1777033800000,1.0223241325603531,3.0392717815344605,72.23102436754628,-5.891172506947328,0.305745554035567,0.23734610123118996,1.3595841273130505,-0.011963644049883704,0.0629914184301568,0.023372,0.001402
KAT,5096,1777037400000,1.0228936958168506,3.1253576072821847,70.48397374375722,4.24742418822774,0.3415233415233421,0.6584766584766578,1.4509524622403547,0.01602198266751209,0.06802647783251231,0.024034,0.0015782142857142854
KAT,5127,1777065300000,1.1551812149055642,3.843172951885566,78.18076128709781,21.352762509061904,0.13525659611481583,0.8647434038851841,2.4765214367783215,0.23203268300817093,0.04621232162198584,0.029554,0.0013226428571428567
KAT,5128,1777066200000,1.2037010471955245,3.995318595578674,75.52663544923699,-2.6541258378608177,0.48794622160408013,0.423968474733426,2.5866866716265036,0.0395885497732964,0.056224168196971756,0.030724,0.0015877142857142854
KAT,5129,1777067100000,1.032517985611511,3.6738621586475944,67.02685590857345,-8.499779540663539,0.0,0.44665012406947935,1.3216115843856049,-0.08045827366228364,0.064196541364558,0.028252,0.001727785714285714
LAB,17437,1777691700000,1.0187527256868734,7.331714270629851,70.5558469613694,6.15893254041832,0.16952789699570836,0.8304721030042916,1.117710382453828,0.0073993471164308655,0.07499738356881212,1.3887,0.10237142857142854
LAB,17438,1777692600000,1.0843111690569316,7.596219840557521,73.32859485221081,2.7727478908414156,0.12611607142857223,0.8738839285714277,1.2032709461339557,0.036076906459278524,0.07301476107080308,1.4388,0.1042285714285714
LAB,17439,1777693500000,1.1378807753971723,7.7440473047885545,73.77957923734476,0.4509843851339497,0.4533965244865736,0.5466034755134264,0.9164647839170037,0.019460661662496603,0.06832924394290084,1.4668,0.09826428571428569
LAB,17440,1777694400000,1.2326906222611744,8.069795681326223,76.78640446747966,3.0068252301348934,0.1485148514851476,0.8514851485148525,1.2078896494663374,0.04206435778565565,0.06382085044126667,1.5285,0.09659285714285712
LAB,17441,1777695300000,1.314868804664723,8.38392904281717,78.80981994794739,2.023415480467733,0.1381074168797951,0.8618925831202049,1.6094898535170132,0.038927052666012596,0.06304418955519604,1.588,0.09909285714285714
LAB,17442,1777696200000,1.4744280926708435,8.965735705612165,81.57735101572705,2.7675310677796574,0.24999999999999958,0.7500000000000004,1.9261429273918738,0.06939546599496205,0.06353114785040795,1.6982,0.10578571428571427
LAB,17443,1777697100000,1.6229364499634773,9.478908188585608,84.09287308527232,2.51552206954527,0.18392469225199182,0.8160753077480082,2.200801873714681,0.057237074549523204,0.06138014527845037,1.7954,0.10864285714285715
LAB,17444,1777698000000,1.8890515222482436,10.420780317829049,86.9936310795332,2.9007579942608857,0.18765743073047847,0.8123425692695215,2.551090189595371,0.09936504400133672,0.0564178706576716,1.9738,0.10883571428571429
LAB,17445,1777698900000,1.9260023584905661,10.479911303521462,75.6078922553903,-11.385738824142905,0.13739342265529841,0.5666260657734467,3.031139166956853,0.0056743337724187715,0.07220724602164479,1.985,0.1304857142857143
LAB,17446,1777699800000,1.7337969813554306,9.75397286310121,76.06959779018919,0.4617055347988952,0.16469770674079115,0.8353022932592089,1.3603059578768122,-0.0692695214105794,0.07254868171635362,1.8475,0.13231428571428575
LAB,17447,1777700700000,2.504163623082542,12.663534132305582,81.16445401564009,5.094856225450897,0.5912286575159024,0.40877134248409763,3.7959189287461945,0.20836272040302273,0.08213901577057928,2.3986,0.16800714285714285
LAB,17448,1777701600000,2.1787693205016043,11.50942400084473,69.74791261100555,-11.416541404634543,0.4075757575757577,0.1127272727272724,2.2580677483143026,-0.09113649628950216,0.09897883485738511,2.18,0.18679285714285718
LAB,17449,1777702500000,1.806451612903226,10.059130985692413,61.18296378781037,-8.564948823195174,0.06559220389805126,0.3841829085457274,1.4577548255070027,-0.20566163595430675,0.11584885533765489,1.9053,0.20169285714285717
LAB,17450,1777703400000,1.6108338226658834,9.389683754817591,51.88555710497238,-9.297406682837995,0.14557453416149013,0.0854037267080746,1.2822881102095347,-0.258525806720587,0.14008407173874804,1.7785,0.21613571428571435
LAB,17451,1777704300000,1.5295162006213938,9.026450556992767,56.92116509320017,5.035607988227795,0.08949416342412489,0.9105058365758751,1.5201158978755904,-0.2872092053697991,0.13437595413373143,1.7097,0.2263428571428572
LAB,17452,1777705200000,1.7414353219137624,9.801488833746898,47.75406303036446,-9.16710206283571,0.3344947735191639,0.200348432055749,1.9661604635658487,-0.22600683732177107,0.17794295215661435,1.8565,0.25684285714285715
LAB,17453,1777706100000,1.4422735346358793,8.711261285043028,53.74576171447602,5.9916986841115545,0.10318076027928617,0.8968192397207139,1.2123409999826453,-0.312098724255816,0.1667707985005016,1.65,0.2707357142857143
LAB,17454,1777707000000,1.6835311572700293,9.549126234095349,57.76247905856346,4.016717344087439,0.2166048237476807,0.7833951762523192,0.7997125937387254,-0.245935128825148,0.15829820009729206,1.8087,0.2789214285714286
LAB,17455,1777707900000,1.7743992880450903,9.875402565862416,59.318865041787824,1.5563859832243665,0.25243664717348957,0.7475633528265104,0.9088241807976583,-0.22017009922454767,0.15681530763732338,1.8705,0.2852
LAB,17456,1777708800000,1.8626958321016849,10.225964838181723,59.198713104100015,-0.12015193768780819,0.8354700854700847,0.13746438746438805,0.7917376135275579,-0.1924872842491453,0.15738045410916873,1.9369,0.2857714285714286
LAB,17457,1777709700000,1.8406245396965684,10.181616598912413,62.150995198874696,2.952282094774681,0.07003891050583747,0.9299610894941626,0.46635826311814516,-0.1959893271074793,0.14852082015405796,1.9285,0.2850857142857143
LAB,17458,1777710600000,1.9182481751824816,10.55382503563698,57.65405483022597,-4.49694036864873,0.3274877650897227,0.2524469820554651,0.8871979095920997,-0.1665971816893187,0.15728683939291419,1.999,0.2855857142857143
LAB,17459,1777711500000,1.7272464605605315,9.966738820548017,54.12716893785046,-3.5268858923755033,0.35434243176178615,0.21141439205955428,0.6549221236278402,-0.21295755857583598,0.15654875519529346,1.8878,0.2706571428571429
LAB,17460,1777712400000,1.7613835376532396,9.989440895412068,58.9277689863314,4.800600048480938,0.052964881980425316,0.9470351180195747,0.5000478064496187,-0.2111648461602602,0.14487530632838402,1.8921,0.2727857142857143
LAB,17461,1777713300000,2.0536052439912598,11.067525473839817,62.34986418607845,3.422095199747048,0.3953900709219859,0.604609929078014,0.7264769152535345,-0.12603185191361632,0.12267877605927528,2.0963,0.2462285714285714
LAB,17462,1777714200000,2.1483364811855292,11.440789821023177,65.11929090663396,2.769426720555515,0.24582104228121865,0.7541789577187814,0.6338704138668285,-0.09655632452263829,0.11203859909575546,2.167,0.2371857142857143
LAB,17463,1777715100000,2.1589316987740803,11.427590940288264,63.06465542408066,-2.0546354825533015,0.24446731857951567,0.5229027277406082,0.5482916087577868,-0.09759859918285674,0.11198336849944147,2.1645,0.23200714285714286
LAB,17464,1777716000000,2.2661408121530826,11.805078929306797,63.98781177136928,0.923156347288618,0.6671794871794867,0.3328205128205133,0.7739383835771179,-0.06778954390060865,0.10804678013472353,2.236,0.2275357142857143
LAB,17465,1777716900000,2.18197598727036,11.613431181035848,65.38405321333141,1.3962414419621325,0.4051233396584439,0.5948766603415561,0.4949410099693585,-0.08292337196698074,0.09961586860056958,2.1997,0.21487142857142857
LAB,17466,1777717800000,2.116107000569152,11.562219523784384,63.85529318273368,-1.5287600305977307,0.3148688046647229,0.3945578231292514,0.5095031575234537,-0.08696739764862838,0.08709941653965717,2.19,0.18532142857142855
LAB,17467,1777718700000,2.0956112852664575,11.469827358639987,64.21510067688331,0.35980749414962787,0.25758754863813016,0.7424124513618698,0.6645350857077517,-0.09426332027015771,0.08230612054113969,2.1725,0.17608571428571426
LAB,17468,1777719600000,2.057199211045365,11.456628477905074,62.05446783994893,-2.160632836934383,0.30150753768844046,0.31055276381909497,0.4245861175796678,-0.02951699463327384,0.07984812845857864,2.17,0.16779285714285713
LAB,17469,1777720500000,2.088636690130728,11.351037432025764,62.79243906432282,0.7379712243738936,0.2650142993326988,0.7349857006673012,0.46836068198510383,-0.03846153846153855,0.07568964820873215,2.15,0.16062857142857137
LAB,17470,1777721400000,2.1172928018353883,11.477746687080936,63.97148270169135,1.1790436373685296,0.0994845360824736,0.9005154639175263,0.8630859867564684,-0.027728085867620877,0.07632484469167068,2.174,0.16445714285714283
LAB,17471,1777722300000,2.237815366972477,11.924924766379812,62.694366979716875,-1.277115721974475,0.7679231337767949,0.0879526977087938,0.6787390648242988,0.010152057245080393,0.07724575335683842,2.2587,0.16494285714285709
LAB,17472,1777723200000,2.175965665236052,11.720606092603349,65.28362995460327,2.5892629748863953,0.1371158392435012,0.8628841607564988,0.8000633839266175,-0.01713374950192592,0.07104914970619136,2.22,0.15649285714285707
LAB,17473,1777724100000,2.2642634118648877,12.142970276120584,66.06014271838424,0.7765127637809712,0.5813777441332327,0.41862225586676727,0.9569490625951124,0.018284854119626104,0.06816108055312804,2.3,0.15153571428571425
LAB,17474,1777725000000,2.247244094488189,11.975080513172484,62.15715515229859,-3.902987566085649,0.3379099923722367,0.2471395881006864,0.7953618914202477,-0.013826086956521544,0.0684456589734303,2.2682,0.14849285714285707
LAB,17475,1777725900000,2.190743136409372,11.719550182144555,60.41064405291606,-1.7465110993825306,0.5457481162540399,0.19590958019375385,0.6499841689797811,-0.03486956521739115,0.06480550357292698,2.2198,0.13901428571428567
LAB,17476,1777726800000,2.14293841558811,11.6667546592049,62.1744398014504,1.763795748534335,0.27938144329896814,0.7206185567010319,0.6107455145310731,-0.03921739130434776,0.06020721387010843,2.2098,0.13141428571428568
LAB,17477,1777727700000,2.25597367291458,12.014149200147827,65.56651145809946,3.3920716566490583,0.13305084745762577,0.8669491525423743,0.7393172328746432,-0.010608695652173927,0.05573887593003482,2.2756,0.1259642857142857
LAB,17478,1777728600000,2.3751789292871455,12.448656353941185,66.62288224944876,1.056370791349309,0.5462058602554462,0.4537941397445538,1.204675745372168,0.02517391304347827,0.05318696706759018,2.3579,0.12154285714285708
LAB,17479,1777729500000,2.29915014164306,12.297133203104378,67.35609510858316,0.7332128591343974,0.2838983050847466,0.7161016949152533,0.7608993528722673,-0.012171847830696692,0.05244837684900226,2.3292,0.12075714285714281
LAB,17480,1777730400000,2.673096014749681,13.673512486141176,73.95761054566202,6.601515437078859,0.34194831013916555,0.6580516898608345,2.321591747893869,0.09839263751643412,0.054274454383032,2.5899,0.13496428571428568
LAB,17481,1777731300000,2.954937138013844,14.781162557415133,77.57935284986712,3.6217423042050996,0.5167057444314179,0.483294255568582,2.9042030443477143,0.08100698868682188,0.0572376087737832,2.7997,0.15015714285714285
LAB,17482,1777732200000,2.891006635606381,14.55044612216884,79.22920142556073,1.6498485756936105,0.3376404494382014,0.6623595505617986,1.6466194118336606,-0.015608815230203299,0.05777821347760886,2.756,0.15576428571428572
LAB,17483,1777733100000,3.0462427745664735,15.152315083680906,79.83747183275426,0.6082704071935296,0.5658555426805717,0.43414445731942836,1.5911748381506292,0.02510983319641391,0.061231608486978416,2.87,0.16676428571428573
LAB,17484,1777734000000,2.907134767836919,14.571564331344701,79.74634843578906,-0.09112339696520166,0.44999999999999696,0.5312500000000022,0.9586585245282696,-0.03832752613240431,0.05826315099042371,2.76,0.15862142857142855
LAB,17485,1777734900000,3.1358307120388904,15.271632965524523,82.07127705916051,2.3249286233714486,0.2697286012526095,0.7302713987473904,1.4032214525657891,0.007874564459930289,0.05872145888058194,2.8926,0.16606428571428572
LAB,17486,1777735800000,3.2447924148829186,15.600021118209177,75.10159663065645,-6.969680428504063,0.5970079476390828,0.03693314633006187,1.7518802467603811,0.021503145958653214,0.06267410194578414,2.9548,0.17227857142857145
LAB,17487,1777736700000,3.1271393643031784,15.150203262763318,76.28462437690447,1.1830277462480296,0.5132275132275147,0.4867724867724853,0.9751020674608134,-0.028834438879111968,0.06219300040933281,2.8696,0.17364285714285718
LAB,17488,1777737600000,3.6791769308795823,17.048202312443905,83.61221947581967,7.327595098915197,0.1352700862460274,0.8647299137539726,2.586413427918642,0.09283200216596721,0.06176053005205869,3.2291,0.19575000000000004
LAB,17489,1777738500000,4.079027797991558,18.424581595480703,75.62623467604872,-7.9859847997709466,0.5788514129443939,0.19762989972652706,2.7543780704451644,0.08073457000402584,0.07485748012685088,3.4898,0.22829285714285713
LAB,17490,1777739400000,3.9136522753792296,17.78575576791088,80.09108880536971,4.464854129320983,0.1206249999999992,0.8793750000000008,2.1991646383075776,-0.0346724740672818,0.07721465462563049,3.3688,0.25565
LAB,17491,1777740300000,3.9292693597783286,17.844886753603294,77.17105212254476,-2.920036682824943,0.2220083413538656,0.6175810073788909,1.1466876059064588,-0.03146312109576477,0.08264404878732651,3.38,0.2694857142857143
LAB,17492,1777741200000,3.7586759988334792,17.22981891135632,66.89097881319215,-10.280073309352616,0.012055641421948177,0.38547140649149986,1.1370378927478701,-0.06484612298699055,0.09236979615809518,3.2635,0.28308571428571433
LAB,17493,1777742100000,3.7479912344777206,17.158544955387782,67.4435320748602,0.5525532616680522,0.685412262156449,0.31458773784355104,0.6724748815195737,-0.06871453951515838,0.09496282725661916,3.25,0.29323571428571427
LAB,17494,1777743000000,3.5732595397611417,16.57779420305158,46.47013037813398,-20.97340169672622,0.07690032534753037,0.06137237503697143,1.8965159610553655,-0.10023497048541452,0.1277206607705949,3.14,0.31997857142857145
LAB,17495,1777743900000,3.0159767610748007,14.59796209281453,40.95840891123022,-5.511721466903758,0.49113207547169785,0.06830188679245282,1.9632428388024359,-0.20769098515674245,0.14682295073718113,2.765,0.33346428571428577
LAB,17496,1777744800000,2.740897174482959,13.560530067050314,46.16091801140288,5.202509100172655,0.182066040593759,0.817933959406241,2.6258310803116496,-0.26399793684451833,0.15027045004988884,2.5685,0.3679071428571429
LAB,17497,1777745700000,2.6034482758620685,13.130774510321524,35.813766666749245,-10.347151344653632,0.0526168876482904,0.19330076762037696,1.7621057323542437,-0.28732305576250783,0.20983335453504642,2.4871,0.40059285714285714
LAB,17498,1777746600000,1.7719837830280998,10.468296288474738,31.83583559211023,-3.9779310746390166,0.18474404460212873,0.10593005575266055,1.4215831569522197,-0.43182990429250956,0.25954864154250656,1.9828,0.42306428571428567
LAB,17499,1777747500000,1.601007979840403,9.80888020695845,36.06135319564574,4.225517603535508,0.2198687350835324,0.7801312649164676,0.9901269854216805,-0.46761992091237314,0.24094832417890372,1.8579,0.4299
LAB,17500,1777748400000,1.8555586359855836,10.875877725568872,35.90280814109545,-0.158545054550288,0.959567793656326,0.0031369815266647696,0.9251147187551227,-0.4097082927388388,0.24527299081977771,2.06,0.4351142857142857
LAB,17501,1777749300000,1.5614867536575718,10.260281928092498,34.97734964680508,-0.9254584942903676,0.5683890577507602,0.2353934481594059,0.8486057826221824,-0.4431199495673104,0.2594433813129212,1.9434,0.44546428571428576
LAB,17502,1777750200000,1.4961099585062243,10.163138165883533,40.8116049218045,5.834255274999421,0.020363636363636535,0.9796363636363634,0.5870365777704227,-0.44839245802051686,0.22592253531609582,1.925,0.43363571428571435
LAB,17503,1777751100000,1.7319714496677334,11.720606092603349,46.5942435896772,5.782638667872696,0.19030428055698886,0.8096957194430111,0.7238967604060672,-0.3638603931457389,0.1966998149553364,2.22,0.42215714285714295
LAB,17504,1777752000000,1.6925483833584423,12.266511799799376,45.76830911437986,-0.8259344752973377,0.5144188756189925,0.3705214098456161,0.6938462067372839,-0.3342311880336982,0.1956972700340992,2.3234,0.4123928571428572
LAB,17505,1777752900000,1.7851868943239504,12.745895148091442,52.58376414726738,6.81545503288752,0.04472843450479306,0.955271565495207,0.4096750600939637,-0.30821250501461395,0.17185472639184832,2.4142,0.41248571428571434
LAB,17506,1777753800000,2.0673881512886307,14.51507312179927,58.83586182366346,6.252097676396076,0.05242868157286038,0.9475713184271396,0.6186949962771513,-0.21218981030431538,0.1528716437287657,2.7493,0.4171714285714287
LAB,17507,1777754700000,2.158319513543394,15.082097038171163,55.72557302788028,-3.110288795783177,0.37193185099624626,0.2578688997978624,0.7369556001592811,-0.1814144077024471,0.16348589672434738,2.8567,0.4250142857142859
LAB,17508,1777755600000,2.3508211678832116,15.511324639670557,60.881212756797744,5.155639728917464,0.10007658922644909,0.8999234107735509,0.5183148397535473,-0.15811794372170318,0.1396070295097479,2.938,0.40469285714285724
LAB,17509,1777756500000,2.9639671780235464,17.598331661475108,65.86591902491534,4.984706268117598,0.19016104125303293,0.8098389587469671,0.7064504358768651,-0.044844976789500834,0.12294486948793873,3.3333,0.39921428571428585
LAB,17510,1777757400000,3.722842990438889,21.645636450029038,64.26569176831622,-1.6002272565991262,0.7313599313599314,0.21407121407121396,1.4634883392668407,0.2129881656804733,0.13672136149286815,4.0999,0.4353071428571429
LAB,17511,1777758300000,3.1884542516438206,19.842141386410432,66.05330328643288,1.7876115181166625,0.6548542978474154,0.34514570215258455,0.773675411523699,-0.08331910534403275,0.13074420671593817,3.7583,0.4329071428571429
LAB,17512,1777759200000,2.8941609914033712,18.415078401351565,64.47495010379671,-1.5783531826361639,0.545649509803922,0.28094362745098006,0.616733771478018,-0.14924754262299078,0.1315697028511709,3.488,0.42803571428571424
LAB,17513,1777760100000,2.499252615844544,17.303204688242438,61.045088648671936,-3.4298614551247795,0.0389967045038449,0.7248260710362504,0.8948511962776374,-0.20061464913778382,0.14169906394331586,3.2774,0.443107142857143
LAB,17514,1777761000000,2.3588516746411483,17.048730267673303,42.669024268781435,-18.3760643798905,0.09084255786295849,0.03869728295672857,0.9384877072847321,-0.21237103343983998,0.22984431561827817,3.2292,0.5006928571428572
LAB,17515,1777761900000,1.584639175257732,13.236365556200834,46.95911591646143,4.2900916476799935,0.13537374926427323,0.8646262507357267,0.9992408908010687,-0.3884972804214737,0.21865997858710376,2.5071,0.5280857142857143
LAB,17516,1777762800000,1.454718779790277,13.594847156961091,42.87218487152788,-4.08693104493355,0.3159539152509282,0.14098808826401096,0.726451859503264,-0.371935900875631,0.25526740132613396,2.575,0.5450214285714287
LAB,17517,1777763700000,1.1247370827617744,12.266511799799376,41.580542804360775,-1.2916420671671034,0.4468587623996222,0.3360888049126124,0.8051482852188485,-0.4333032512988122,0.2681115828792468,2.3234,0.5475642857142857
LAB,17622,1777858200000,1.0507453219156355,13.428170915321115,59.966896025994565,3.479908405909633,0.22758037225042263,0.7724196277495774,1.0920320083635613,-0.05949090909090915,0.09930224162633548,2.5864,0.25149285714285724
LAB,17625,1777860900000,1.1857577073382548,13.067338144436945,49.05197568280977,-9.512025845418385,0.05662355819643474,0.13317022020272629,1.1599545112091234,-0.08476363636363626,0.1125687085623619,2.5169,0.2554071428571429
LAB,17627,1777862700000,1.556726378644187,11.337417579564924,42.825198665777904,-1.3728757628054566,0.26240208877284504,0.5465622280243687,1.1616171407481695,-0.20592727272727274,0.12929962559681243,2.1837,0.26887857142857147
LAB,17628,1777863600000,1.8176334702258727,11.398681273038783,42.74032955021857,-0.08486911555933574,0.6313513513513512,0.3589189189189201,1.072529493618374,-0.18546412406321877,0.12855698396648851,2.1955,0.267
LAB,17629,1777864500000,1.191078901704603,11.144800373812366,43.66062385718015,0.9202943069615799,0.44743935309972926,0.5525606469002707,0.6118983253532273,-0.2036061438005491,0.11911007249141549,2.1466,0.24975
LAB,17639,1777873500000,1.007574358026972,11.283941643736046,43.479203679632164,-0.9473468291756078,0.6363636363636337,0.18019480519480668,0.7866708994810496,-0.19366327817763596,0.07314845451788125,2.1734,0.1515928571428571
LAB,17641,1777875300000,1.0495095749649694,11.3908935153938,46.33256715159617,-0.9578631014166135,0.6809895833333308,0.06770833333333168,0.6828337069288208,-0.18602062773614303,0.06435100425394431,2.194,0.1365785714285714
LAB,17642,1777876200000,1.0122524182404424,11.340532682622916,44.44243839257057,-1.8901287590256004,0.47040971168437007,0.23596358118361135,0.8029880711591632,-0.1896193514877198,0.06372555741436522,2.1843,0.13277857142857138
LAB,17644,1777878000000,1.091965340685309,11.03057992835263,38.70209064000025,-3.7457221116040316,0.37163702690378525,0.244870041039672,1.5253559632783518,-0.21176819767010457,0.06711150003646174,2.1246,0.13147142857142854
LAB,17646,1777879800000,1.0251848890665602,10.520741394527803,37.96176828719873,-2.357821437183233,0.4031657355679707,0.1108007448789572,0.7286198183527348,-0.14411218111167412,0.06485132765623731,2.0264,0.12522142857142862
LAB,20345,1780308900000,1.0219275210084033,22.870934204663595,84.14624599955512,2.593766430085026,0.06250950570342141,0.9374904942965786,2.2299195826089733,0.03724210398690553,0.05845184555489154,15.399,0.8928928571428567
LAB,20346,1780309800000,1.2299627774951127,24.73592752116441,86.43826522345232,2.2920192238971993,0.3432646401160322,0.6567353598839678,2.154899629971642,0.08154425612052729,0.06039594376543529,16.6547,0.971571428571428
LAB,20347,1780310700000,1.2061341036461175,24.61413931382742,61.82876923892712,-24.609495984525196,0.1700456245068777,0.12205413193372448,2.1501278252935787,-0.004923535098200316,0.08234669265539715,16.5727,1.1539571428571425
LAB,20352,1780315200000,1.0715549609425574,21.38719738600921,58.47274406326146,2.4443845397573725,0.5441891505386599,0.4558108494613401,0.8650347569196075,-0.13537920226722777,0.10024131134535204,14.4,1.3862571428571424
LAB,20353,1780316100000,1.1472454729470978,23.317688994504678,66.32300458941761,7.850260526156148,0.2259684744857069,0.7740315255142931,0.8181697056170446,-0.05733516664965432,0.0923453056575614,15.6998,1.4107499999999997
LAB,20354,1780317000000,1.1007380073800737,22.829496509728205,60.754368806757185,-5.568635782660422,0.09076018884285643,0.2812409673378937,0.6522356551301354,-0.07707133722012394,0.09652144014644097,15.3711,1.4116357142857139
LAB,20355,1780317900000,1.1042738425009895,22.1134709639091,61.33949192336946,0.585123116612273,0.3231732776617956,0.6768267223382044,0.2986124418696836,-0.10601812101088581,0.09281806952532204,14.889,1.3676
LAB,20356,1780318800000,1.0359653088906242,22.070251002524877,58.056827191894854,-3.282664731474604,0.15530256156416147,0.36901373592377146,0.47595644388832403,-0.10776537553963739,0.09722150323544052,14.8599,1.3951285714285713
LAB,20358,1780320600000,1.025845311430527,21.97950393583841,55.99446608457965,-1.0080452373100783,0.6323172078639272,0.2427656284515143,0.5161501053929554,-0.11143400961890626,0.09807687635891017,14.7988,1.384178571428571
LAB,20361,1780323300000,1.00237960963398,21.621119857418684,56.97170025575056,2.6722472306392078,0.3955764075067027,0.6044235924932972,0.44997976879038604,-0.1259224122920256,0.07293703323824481,14.5575,1.0402571428571428
LAB,20362,1780324200000,1.001491080626796,21.92989751967919,60.5323932350273,3.5606929792767374,0.0511862203444905,0.9488137796555095,0.4805530764473644,-0.1134394495247587,0.06122566714467025,14.7654,0.902092857142857
LAB,20363,1780325100000,1.0538930912088058,22.946680528739044,63.368993535405934,2.8366003003786346,0.3498915153591412,0.6501084846408588,0.6984733230196261,-0.07233393576587988,0.05856835325059525,15.45,0.8869357142857142
LAB,20364,1780326000000,1.0333091962346126,24.188920243576415,68.88060390287856,5.511610367472628,0.16395144545599832,0.8360485545440016,0.9232160816349989,-0.02211387776423457,0.056011182603890805,16.2864,0.9007214285714283
LAB,20365,1780326900000,1.0011847911503358,24.584583395217585,69.04911429888284,0.16851039600427953,0.328335943909898,0.671664056090102,1.188543081115258,-0.006118393006178224,0.05633789704951404,16.5528,0.90775
LAB,20370,1780331400000,1.0388304878351846,24.369671765929006,65.0903514534295,5.357730492700988,0.24673773987206865,0.7532622601279314,1.3047857872231718,-0.00874172345464208,0.053985319715398876,16.4081,0.8701785714285715
LAB,20371,1780332300000,1.0523184294429244,24.283380365364625,63.90189281493825,-1.1884586384912552,0.32083100948131565,0.5398773006134955,0.765989380599171,-0.012251703639263423,0.0541885143570537,16.35,0.8681000000000002
LAB,20416,1780372800000,1.000082161673633,20.41362683438155,79.54031359579658,1.1658727867934857,0.3668388429752068,0.6331611570247931,1.7939301100302731,0.00905186037233352,0.0364302712638182,19.4746,0.6965285714285719
LAB,20585,1780524900000,1.2339702760084923,10.520597253699506,51.722624780149175,3.8424686115694016,0.07047619047618858,0.9295238095238114,0.5743261476448875,-0.08029835091195159,0.06426575456805357,15.783,1.0119285714285715
LAB,23529,1783174500000,1.0819200484554816,2.497094079186342,76.02619549944343,2.3601688228566218,0.24028268551236898,0.759717314487631,0.48324960485963675,-0.02323103154305195,0.06261871530364883,13.749,0.8524285714285715
LAB,23530,1783175400000,1.2195082757512452,2.5085361423901196,77.03706815273515,1.0108726532917132,0.03333333333332972,0.9666666666666703,0.416855139323615,-0.018755328218243883,0.06206004140786749,13.812,0.8564285714285714
LAB,23531,1783176300000,1.30089058524173,2.6276788957500905,79.79883703685348,2.7617688841183394,0.1550960118168397,0.8449039881831603,1.237395593836955,0.02784882068769523,0.06167633104902477,14.468,0.8858571428571428
LAB,23532,1783177200000,1.473498233215548,2.669814747548129,76.17141048986403,-3.6274265469894544,0.32684824902723636,0.4708171206225687,1.1411810212599944,0.016035388443461418,0.06522221773705242,14.7,0.9232857142857142
LAB,23533,1783178100000,1.520040760869565,2.6948783145659276,78.2916871214326,2.120276631568572,0.3938506588579772,0.6061493411420228,0.8700623182282337,0.009387755102040707,0.06276046007667943,14.838,0.9143571428571426
LAB,23534,1783179000000,1.5797270306258322,2.814929168180167,81.04100055394511,2.7493134325125084,0.23940345368916757,0.7605965463108324,1.7976342354187138,0.044547782720043116,0.05215404576994677,15.499,0.7924285714285713
LAB,23535,1783179900000,1.4536098796706778,2.81456592807846,81.16022806738266,0.11922751343755067,0.5744234800838552,0.42557651991614476,0.8866917807706695,-0.00012904058326346224,0.04961946678428317,15.497,0.7553571428571427
LAB,23536,1783180800000,1.609582228116711,2.8588812204867415,82.15222168555063,0.9919936181679674,0.2755905511811017,0.7244094488188982,1.3599120307177557,0.015613910574875822,0.05032940024208376,15.741,0.778142857142857
LAB,23537,1783181700000,1.6733607964297974,2.8287322920450415,78.39781776312314,-3.7544039224274854,0.20582877959927076,0.4262295081967217,0.586638502732454,-0.010545708658916242,0.04970979217375022,15.575,0.7585714285714283
LAB,23538,1783182600000,1.570539767950227,2.776425717399201,75.1588751909611,-3.2389425721620455,0.04173354735152734,0.6741573033707852,0.8154135785867377,-0.028841877898481583,0.05058813501534265,15.287,0.7630714285714285
LAB,23539,1783183500000,1.5039774610540273,2.7440973483472573,52.226023310344736,-22.93285188061636,0.013844515441959424,0.061767838125665414,1.9616161310209301,-0.04014992694237973,0.06485138447377153,15.109,0.8655714285714285
LAB,23540,1783184400000,1.4232365145228214,2.6516527424627676,60.355691001485276,8.12966769114054,0.0786046511627909,0.9213953488372091,2.214154704551844,-0.07248586493869513,0.06240038805349595,14.6,0.9005000000000001
LAB,23541,1783185300000,1.4146626586506343,2.626044315292408,56.26546619098224,-4.090224810503038,0.03091190108191587,0.29211746522411125,0.6403569776545522,-0.08144336446223244,0.06575040558327468,14.459,0.9205714285714287
LAB,23542,1783186200000,1.387639513576545,2.603160188884853,57.568955511951444,1.3034893209692058,0.16575192096597133,0.8342480790340286,0.9514780387441976,-0.08944793850454225,0.06466446400870318,14.333,0.9170714285714286
LAB,23543,1783187100000,1.7995664498916129,3.0492190337813296,68.24132171221966,10.672366200268215,0.25230333097094243,0.7476966690290576,1.3348661652062204,0.06657772695508557,0.06706563946720692,16.789,1.0782142857142858
LAB,23544,1783188000000,1.6862483311081444,2.9233563385397745,62.644808083497416,-5.596513628722242,0.025608194622278563,0.17541613316261248,0.7234313454246407,-0.04127702662457566,0.07172441847564809,16.096,1.1082857142857143
LAB,23545,1783188900000,1.6682043396548782,2.8363603341808936,61.92722813311219,-0.7175799503852289,0.2881944444444448,0.571180555555553,0.37142232104503364,-0.06980761212698794,0.07163769867088021,15.617,1.1010714285714287
LAB,23546,1783189800000,1.6740415470359737,2.875590265165274,63.66544136927441,1.738213236162224,0.1785714285714282,0.8214285714285718,0.5353081658910472,-0.05694204538686054,0.06920211990966708,15.833,1.0856428571428574
LAB,23547,1783190700000,1.6815016137251573,2.867054122775154,60.22042222428294,-3.4450191449914698,0.21019108280254817,0.006369426751592597,0.2679963137644459,-0.05974149740901791,0.06988510249379816,15.786,1.0705000000000002
LAB,23548,1783191600000,1.605788423153693,2.8452597166727207,61.709966921063796,1.4895446967808539,0.25505050505050675,0.7449494949494933,0.22647851433965513,-0.06688903448686645,0.06474691386352166,15.666,1.0077857142857145
LAB,23549,1783192500000,1.5929905769548687,2.8487104976389395,60.09123048656128,-1.618736434502516,0.34472934472934513,0.18803418803418964,0.17312527833111246,-0.06575734111620712,0.06485621521335809,15.685,0.9987857142857146
LAB,23550,1783193400000,1.6176323259308734,2.8472575372321103,61.28434114912654,1.1931106625652603,0.238916256157635,0.761083743842365,0.20585316426366318,-0.06623384358806372,0.06131028791490924,15.677,0.9552142857142859
LAB,23551,1783194300000,1.6255594231725508,2.8768616055212495,61.76984091136674,0.4854997622402024,0.5478260869565209,0.4521739130434791,0.23543595469645884,-0.05652510572398606,0.06010113456921969,15.84,0.9406428571428574
LAB,23552,1783195200000,1.7091514143094844,2.957137667998547,63.49861176149104,1.7287708501242989,0.4510035419126327,0.5489964580873673,0.40824115967541663,-0.030198344153910428,0.06016621743036839,16.282,0.9566428571428574
LAB,23553,1783196100000,1.6695969480842594,2.9231747184889207,63.21425763165461,-0.28435412983643005,0.4266958424507636,0.522975929978121,0.3265465002655301,-0.04133658943355789,0.05386048101926417,16.095,0.8551428571428572
LAB,23554,1783197000000,1.7323755429335117,2.9705775517617146,65.23351954365383,2.019261911999216,0.35191637630662226,0.6480836236933778,0.3744404178221115,-0.025790696289237025,0.04596826968994854,16.356,0.7425714285714288
LAB,23555,1783197900000,1.6881050041017227,2.975662913185616,65.57150184046311,0.3379822968092867,0.43809523809524065,0.5619047619047594,0.41684304563275626,-0.024122937637739095,0.04483686067019402,16.384,0.726357142857143
LAB,23556,1783198800000,1.600352112676056,2.9507809662186704,64.77540848841656,-0.7960933520465545,0.212962962962959,0.532407407407414,0.21948732044782077,-0.03228304246828284,0.04191219408610714,16.247,0.6767142857142859
LAB,23557,1783199700000,1.6323744514870797,2.9416999636759895,58.24582360951607,-6.5295848789004864,0.08660130718954406,0.16013071895424713,0.516063679217383,-0.03526118291738656,0.03308404915240343,16.197,0.5188571428571429
LAB,23558,1783200600000,1.5859779792746114,2.900653832183073,50.59441497398493,-7.651408635531141,0.25398230088495627,0.17433628318584143,0.4869697092130709,-0.04872237774733468,0.03616077365911121,15.971,0.5437857142857144
LAB,23559,1783201500000,1.5328249336870026,2.774791136941518,49.48729306461332,-1.1071219093716138,0.3926788685524132,0.4309484193011647,0.6884237780546241,-0.08999940437191023,0.03652727829214172,15.278,0.5455714285714287
LAB,23560,1783202400000,1.6127062706270627,2.875590265165274,56.01181177925496,6.524518714641644,0.27960526315789536,0.7203947368421046,0.8142350399991821,-0.05694204538686054,0.0354804394475726,15.833,0.5527142857142859
LAB,23561,1783203300000,1.7116060961313009,2.940610243370868,58.955428199424894,2.9436164201699313,0.44339622641509213,0.5566037735849079,0.7329359707040008,-0.035618559771278924,0.03548305990319945,16.191,0.5645000000000001
LAB,23562,1783204200000,1.6493851777999335,2.8957500908100253,47.298252247252634,-11.65717595217226,0.020706455542022332,0.28928136419001177,2.231076156230838,-0.05033057358985049,0.044224132097178064,15.944,0.6535000000000002
LAB,23563,1783205100000,1.5626046200200867,2.7804213585179802,51.04616072494266,3.747908477690025,0.2371916508538903,0.7628083491461097,0.9257860433303592,-0.08815295729346606,0.043890185157308456,15.309,0.6664285714285716
LAB,23564,1783206000000,1.584365584198192,2.8040319651289503,48.54331419864682,-2.5028465262958406,0.4525939177101976,0.05366726296958747,0.895101378359212,-0.05767822265625,0.04542972118424836,15.439,0.677357142857143
LAB,23565,1783206900000,1.5488069414316703,2.7742462767889573,51.51459311389523,2.971278915248412,0.1080459770114955,0.8919540229885045,0.6604020596798583,-0.06768798828125,0.04490318586063268,15.275,0.6837857142857144
LAB,23566,1783207800000,1.6388703208556152,2.8679622230294224,53.07456371597857,1.5599706020833395,0.6390243902439033,0.36097560975609666,0.9590303213250153,-0.03619384765625,0.04333123040097973,15.791,0.6672142857142859
LAB,23567,1783208700000,1.6076987447698747,2.829822012350163,54.35831786438215,1.283754148403581,0.1939655172413796,0.8060344827586204,0.3939908910362676,-0.04901123046875,0.04191187288509638,15.581,0.6511428571428574
LAB,23568,1783209600000,1.541291905151267,2.822375590265165,50.19013199434412,-4.16818587003803,0.005706134094150594,0.4393723252496439,1.2374890503182994,-0.05151367187500011,0.04358713182242594,15.54,0.6602142857142858
LAB,23569,1783210500000,1.4761286131860993,2.76934253541591,50.0308212593985,-0.15931073494562042,0.2624309392265161,0.6795580110497248,0.6183436404824334,-0.06933593750000011,0.04335655753181527,15.248,0.6560714285714286
LAB,23570,1783211400000,1.5308064785439974,2.752815110788231,47.549399172055224,-2.481422087343276,0.06896551724137776,0.4160919540229902,0.6992109100721218,-0.07489013671875,0.045072420701488675,15.157,0.6717142857142857
LAB,23571,1783212300000,1.5417708854427215,2.768434435161642,48.592574530831925,1.0431753587767005,0.6277915632754338,0.3722084367245662,0.7031362279362958,-0.06964111328125,0.04381492423520443,15.243,0.6567857142857144
LAB,23572,1783213200000,1.5479891855356538,2.738648746821649,48.81937834037688,0.22680380954495405,0.2806324110671995,0.7193675889328005,0.6114686202726292,-0.07965087890625,0.03958840999086202,15.079,0.5941428571428572
LAB,23573,1783214100000,1.6382623224728485,2.8677806029785686,57.21118939695097,8.391811056574092,0.044930875576036595,0.9550691244239634,1.5480393331361921,-0.03625488281250011,0.03893176850449404,15.79,0.6132142857142856
LAB,23574,1783215000000,1.6604397421061332,2.9228114783872137,58.627064162952145,1.4158747660011741,0.36000000000000026,0.6399999999999998,1.2392778912190552,-0.01776123046875,0.03695232103536602,16.093,0.5873571428571428
LAB,23575,1783215900000,1.7679782903663503,2.964039229930984,61.09194700896329,2.464882846011143,0.2743506493506503,0.7256493506493498,1.340211535919405,-0.00390625,0.036278160573869817,16.32,0.5859285714285714
LAB,23576,1783216800000,1.7255230125523013,2.957682528151108,58.637701145487945,-2.454245863475343,0.31455399061032935,0.29342723004694826,0.9662959065930504,-0.002144607843137303,0.031223187473187464,16.285,0.49907142857142844
LAB,23577,1783217700000,1.6937317310815199,3.012713403559753,61.66656589078996,3.028864745302016,0.4403534609720167,0.5596465390279832,1.3336221705943065,0.016421568627450922,0.03128316216903606,16.588,0.5095714285714285
LAB,23578,1783218600000,1.5279069767441857,2.96131492916818,59.99134376083262,-1.6752221299573407,0.06995884773662371,0.4897119341563806,0.6278397890146713,-0.01706052568121541,0.030097027377788754,16.305,0.4869999999999998
LAB,23579,1783219500000,1.3819962004968582,2.960406828913912,58.734435853633755,-1.2569079071988654,0.30389610389610494,0.48571428571428676,0.8609988678034645,-0.017361948396431126,0.030022889791862586,16.3,0.4834285714285714
LAB,23580,1783220400000,1.4340116279069766,3.0414093715946238,63.918026826644514,5.183590973010759,0.18951612903225576,0.8104838709677442,1.2091772572134591,0.009524957800819633,0.029668344302490636,16.746,0.49264285714285705
LAB,23581,1783221300000,1.2434841323430113,3.0172539048310933,59.921402849377195,-3.996623977267319,0.013297872340422843,0.3191489361702144,0.7610329213716662,-0.007942195151080855,0.030746993423523356,16.613,0.5029285714285715
LAB,23582,1783222200000,1.2480693672944043,3.013621503814021,60.78388966912945,0.8624868197522559,0.39845758354756144,0.6015424164524386,0.8807321037282824,-0.009136510211393722,0.029239740670571678,16.593,0.4806428571428572
LAB,23583,1783223100000,1.1957839262187089,3.026879767526335,62.64363500480581,1.859745335676358,0.23175965665236875,0.7682403433476312,0.7697579363046408,-0.00477726024125158,0.028378796739018275,16.666,0.47142857142857153
LAB,23584,1783224000000,1.2217037728302893,3.026698147475481,60.80538874268622,-1.8382462621195899,0.1682539682539721,0.504761904761905,0.9385160022993881,-0.004836975994267245,0.028036655330858487,16.665,0.46285714285714274
LAB,23585,1783224900000,1.1533177812337998,3.0176171449328,58.42143375135564,-2.383954991330576,0.3633217993079503,0.17301038062284108,0.7206372101902464,-0.007822763645049524,0.02776711563961196,16.615,0.45471428571428546
LAB,23586,1783225800000,1.131865284974093,2.989102796948783,55.59743956159141,-2.8239941897642353,0.11699164345403877,0.6629526462395572,2.054354103473262,-0.01719813686850591,0.030089329762492043,16.458,0.487928571428571
LAB,23587,1783226700000,1.0958129976881583,2.9636759898292775,55.525178183324805,-0.07226137826660306,0.24250000000000196,0.7349999999999973,0.8529252840875133,-0.02555834229069609,0.02803478904515173,16.318,0.45449999999999985
LAB,23588,1783227600000,1.1906864712966678,2.9733018525245183,55.540735633324964,0.015557450000159179,0.4730538922155625,0.5269461077844375,0.6851638742959089,-0.022393407380867036,0.027081442581350045,16.371,0.43907142857142833
LAB,23589,1783228500000,1.301974448315912,3.239738467126771,68.27052828063935,12.72979264731439,0.344615384615386,0.655384615384614,3.086006434453673,0.06520960229308503,0.029583450465496985,17.838,0.5111428571428569
LAB,23590,1783229400000,1.3413974861467768,3.146385760988013,63.10027498533034,-5.170253295309017,0.12324929971988832,0.07843137254902527,1.2767133937910917,-0.028814889561610046,0.029786071533644348,17.324,0.5062142857142857
LAB,23591,1783230300000,1.338907014681892,3.1247729749364326,59.75922122699226,-3.3410537583380773,0.5023923444976021,0.03349282296650567,0.9740917948616369,-0.035486041035990734,0.029020381439880276,17.205,0.4875714285714285
LAB,23592,1783231200000,1.1727214786488211,3.095713766799855,61.87701592651791,2.1177946995256534,0.1762820512820611,0.8237179487179389,0.7607242980647898,-0.044455656463729065,0.028987639788110663,17.045,0.4925000000000001
LPT,5518,1748604600000,1.0024822695035462,2.5814857142857144,75.55649788202187,1.4902498906667319,0.6224719101123595,0.37752808988764053,1.6458428997175598,0.049043284413895716,0.07488028731045492,11.294,0.8042142857142858
LPT,5523,1748609100000,1.2119898880462259,2.8,79.62752549358851,7.369801623574304,0.14807436918990752,0.8519256308100925,1.6853280369568069,0.08464671506994859,0.05671762344249249,12.25,0.6821428571428572
LPT,5524,1748610000000,1.2303683737646,2.8370285714285717,74.90711800709221,-4.720407486496299,0.42227378190255305,0.23317865429234189,1.2019752843990417,0.013224489795918393,0.05883389863476665,12.412,0.6913571428571429
LPT,5525,1748610900000,1.1908203830863755,2.7712000000000003,75.74313073223384,0.8360127251416287,0.39928698752228203,0.6007130124777179,0.7200499289808883,-0.02320335159523046,0.05974789915966387,12.124,0.7110000000000001
LPT,5526,1748611800000,1.3363802559414992,2.921142857142857,78.74274588620965,2.9996151539758102,0.3209606986899554,0.6790393013100446,1.5699026100075049,0.029648727038349865,0.05851696757511268,12.78,0.730642857142857
LPT,5527,1748612700000,1.3320547945205483,2.9184,79.55581184170504,0.8130659554953894,0.1658914728682184,0.8341085271317816,1.0285587889652712,-0.0009389671361501595,0.05761788168391123,12.768,0.7295
LPT,5528,1748613600000,1.3680351906158355,2.9531428571428573,77.8875106380459,-1.6683012036591407,0.40787401574803217,0.44881889763779564,1.4616539450085437,0.010954616588419341,0.05759745425616548,12.92,0.7240000000000001
LPT,5529,1748614500000,1.3624976975501935,2.931657142857143,76.81991281584034,-1.0675978222055562,0.5253549695740368,0.36713995943204675,0.8902566554393284,-0.0072755417956655855,0.05645676841937032,12.826,0.7065000000000001
LPT,5530,1748615400000,1.3352887259395052,2.911771428571429,77.49038838427289,0.6704755684325505,0.2551252847380412,0.7448747152619588,0.8459126714224579,-0.014009287925696556,0.05611557999298556,12.739,0.7085714285714287
LPT,5531,1748616300000,1.3571687840290383,2.9686857142857144,79.25196606113602,1.7615776768631264,0.08717105263157755,0.9128289473684225,0.9279517111721397,0.0052631578947368585,0.05221712960406428,12.988,0.6754285714285715
LPT,5532,1748617200000,1.3562590975254727,2.96,59.45335552298218,-19.798610538153838,0.003602305475503606,0.1123919308357353,1.621229550184787,-0.0029257776408992964,0.06067588325652842,12.95,0.7110000000000001
LPT,5533,1748618100000,1.208401527550464,2.775771428571429,61.09601023009207,1.642654707109891,0.45279383429672326,0.5472061657032767,0.8656301221421937,-0.0649830612873421,0.059246908100716145,12.144,0.7055714285714286
LPT,5534,1748619000000,1.2045951859956237,2.7634285714285713,57.945785812715904,-3.1502244173761653,0.27575757575757626,0.36515151515151456,0.744075843252595,-0.0691407453033569,0.06101203226556668,12.09,0.7120714285714287
LPT,5535,1748619900000,1.1736909323116218,2.7232,58.801266561484226,0.855480748768322,0.4020887728459537,0.5979112271540463,0.7296987654389204,-0.08269171542962739,0.06056851311953353,11.914,0.7122857142857143
LPT,5536,1748620800000,1.1511054266398686,2.6909714285714283,52.39188918744674,-6.409377374037483,0.005154639175256713,0.47422680412371093,1.4068714299161453,-0.09354789036033262,0.06712877817379281,11.773,0.7560714285714284
LPT,5537,1748621700000,1.1676723349789722,2.709714285714286,51.85301897165455,-0.5388702157921941,0.786754966887418,0.15761589403973464,1.2427641440688144,-0.08723437018786562,0.06261062228617269,11.855,0.7024285714285713
LPT,5538,1748622600000,1.0725702737460963,2.5785142857142858,45.850915434941605,-6.002103536712944,0.0910425844346565,0.14537444933920715,0.8279375804890103,-0.13142901139513385,0.06444527525937002,11.281,0.6894999999999999
LPT,5542,1748626200000,1.1458754363402535,2.6697142857142855,54.39324812478825,8.128934290327514,0.33428571428571374,0.6657142857142863,0.9399476490544487,-0.10070834616569135,0.06059669873775265,11.68,0.6864999999999998
LPT,5543,1748627100000,1.1277920175759797,2.6564571428571426,56.070097250824396,1.6768491260361458,0.42296072507553106,0.5770392749244689,0.5058286060485653,-0.10517400677548505,0.058781446736506815,11.622,0.6749285714285712
LPT,5544,1748628000000,1.1372656107773529,2.6834285714285713,51.818951616905665,-4.251145633918732,0.4259567387687186,0.04326123128119761,0.6267924221418403,-0.09608869725900826,0.061486789072995957,11.74,0.6864999999999998
LPT,5545,1748628900000,1.111518708730741,2.6313142857142857,54.56888010195089,2.749928485045224,0.226262626262626,0.773737373737374,0.5036286132382105,-0.11364336310440404,0.059511278195488716,11.512,0.6784285714285714
LPT,5546,1748629800000,1.1214746543778804,2.6306285714285713,53.20510929257374,-1.3637708093771508,0.33437500000000314,0.35312499999999825,0.2489676257305379,-0.11387434554973819,0.0532775488535531,11.509,0.6021428571428571
LPT,5547,1748630700000,1.0951327433628317,2.5974857142857144,53.62539931496965,0.4202900223959105,0.1255411255411243,0.8744588744588757,0.27053428207615227,-0.12503849707422232,0.051307580817946945,11.364,0.5815714285714286
LPT,5548,1748631600000,1.1024118738404454,2.590171428571429,50.39082614631435,-3.234573168655295,0.0,0.23943661971830793,0.3936532978595653,-0.1275023098244532,0.049921605921965775,11.332,0.5549285714285715
LPT,5549,1748632500000,1.0761252083719208,2.562057142857143,47.00301640660089,-3.387809739713461,0.17374517374517384,0.35135135135134943,0.5518829154576628,-0.13697259008315366,0.051924163392939274,11.209,0.5645714285714287
LPT,5550,1748633400000,1.049657216972392,2.5284571428571425,47.41041454378319,0.4073981371822981,0.5948905109489079,0.40510948905109206,0.31222860963086463,-0.1482907299045273,0.047238934109289206,11.062,0.514857142857143
LPT,5551,1748634300000,1.074949233893299,2.5691428571428574,51.86993969213398,4.459525148350792,0.128534704370182,0.871465295629818,0.273943826381563,-0.1345857714813674,0.04367419890208095,11.24,0.48871428571428577
LPT,5552,1748635200000,1.0598086124401913,2.5584,48.32150456390544,-3.5484351282285402,0.007832898172324075,0.3812010443864213,0.34162229966128366,-0.13567567567567562,0.04266416314609085,11.193,0.46742857142857136
LPT,5553,1748636100000,1.2545554942020987,2.799771428571429,56.42881503837484,8.1073104744694,0.5391705069124418,0.4608294930875582,0.9896064304587977,0.008646245059288571,0.0457880216259016,12.249,0.5287142857142858
LPT,5554,1748637000000,1.2074183428676877,2.7341714285714285,60.278211470430186,3.849396432055343,0.15019762845849896,0.8498023715415011,0.5959983148615267,-0.023430484121152784,0.04287757505829188,11.962,0.5096428571428573
LPT,5555,1748637900000,1.2397790055248623,2.7798857142857143,60.3893820503488,0.11117057991861401,0.5576519916142554,0.44234800838574456,0.6730333547234525,-0.007102620622091549,0.043015659525410706,12.162,0.5117142857142858
LPT,5556,1748638800000,1.2102179088079104,2.758857142857143,61.05839490647971,0.6690128561309123,0.25884955752212585,0.7411504424778741,0.6765409028967362,-0.014613437831659803,0.0392370116288798,12.07,0.4690000000000002
LPT,5557,1748639700000,1.2559970701336751,2.8160000000000003,62.133805575105384,1.075410668625672,0.6747572815533979,0.32524271844660213,0.724903476877492,0.005796391542166601,0.03942748001043967,12.32,0.47478571428571453
LPT,5558,1748640600000,1.2006914119359533,2.7645714285714287,55.87854941142224,-6.255256163683143,0.11888111888111917,0.09557109557109637,0.5312721133178161,-0.01826298701298701,0.039506278295037174,12.095,0.46250000000000024
LPT,5559,1748641500000,1.18415805691499,2.7542857142857144,60.17095854068097,4.292409129258729,0.02915451895044188,0.9708454810495581,0.41406411967045986,-0.021915584415584388,0.03751186521120078,12.05,0.4516428571428573
LPT,5560,1748642400000,1.292647591452372,2.8937142857142857,64.90751955548572,4.7365610148047494,0.21198668146503968,0.7880133185349603,1.224759560600612,0.02759740259740262,0.039549511359600394,12.66,0.49314285714285727
LPT,5561,1748643300000,1.3781877373846987,3.005485714285714,68.01987003779739,3.112350482311669,0.46153846153846084,0.5384615384615392,1.311502227156737,0.03862559241706154,0.04153408139340144,13.149,0.5314285714285714
LPT,5562,1748644200000,1.4499909567733766,3.096228571428571,70.2430285181834,2.2231584803860045,0.623115577889446,0.37688442211055395,1.5871891334995272,0.03019241006920681,0.04350848385331142,13.546,0.5677857142857141
LPT,5563,1748645100000,1.3958976220729715,3.016914285714286,69.34721746270662,-0.89581105547677,0.40431266846361236,0.47978436657682105,1.0385261428666694,-0.0256164181308135,0.04284835570396081,13.199,0.5572857142857143
LPT,5564,1748646000000,1.3485012639942218,2.9728,61.6499288959382,-7.697288566768421,0.0,0.4452149791955613,1.4995505564153373,-0.03986416654362901,0.046740781033974756,13.006,0.5892142857142858
LPT,5565,1748646900000,1.3006190823015293,2.888,51.908332315480806,-9.741596580457397,0.024221453287196125,0.2422145328719715,1.4785596063184634,-0.06725232540971504,0.05204183860887818,12.635,0.6233571428571428
LPT,5566,1748647800000,1.1988698505286184,2.757257142857143,51.365508616646245,-0.5428236988345603,0.19540229885057644,0.7149425287356312,0.967641713197385,-0.10947881293370731,0.052522944013018574,12.063,0.6270714285714287
LPT,5567,1748648700000,1.207419590643275,2.7609142857142857,47.68871949069433,-3.676789125951913,0.24338624338624315,0.28218694885361567,1.0071864480495867,-0.10829765244352563,0.04922647605992363,12.079,0.5745714285714286
LPT,5568,1748649600000,1.2652727272727273,2.8477714285714284,52.860489644632864,5.171770153938532,0.4497237569060777,0.5502762430939223,2.125108911114629,-0.08024509080171272,0.05003911621070599,12.459,0.6030714285714286
LPT,5569,1748650500000,1.3067272727272727,2.899885714285714,59.923438333371834,7.06294868873897,0.008810572687225014,0.991189427312775,1.2203183425171187,-0.06341355381662483,0.0487061633264614,12.687,0.617642857142857
LPT,5570,1748651400000,1.3374311926605507,2.911771428571429,53.93276542353423,-5.990672909837606,0.09677419354838768,0.16638370118845316,1.3256950437075936,-0.05957478222353452,0.05122702248763646,12.739,0.6274285714285713
LPT,5571,1748652300000,1.356923076923077,2.8013714285714286,51.32918951432479,-2.6035759092094395,0.02967359050445043,0.37091988130563824,0.8255834545830969,-0.0952310645208917,0.05164990273758123,12.256,0.6220714285714284
LPT,5572,1748653200000,1.312358276643991,2.7970285714285716,52.67981979841289,1.3506302840881048,0.15728155339805713,0.8427184466019428,1.0657781341704542,-0.09663369260298238,0.05167935881163915,12.237,0.6282142857142856
LPT,5573,1748654100000,1.2943396226415094,2.7794285714285714,50.795834684086415,-1.883985114326478,0.022784810126583167,0.6379746835443016,1.0453397155935182,-0.10231802746198138,0.0525862171447592,12.16,0.6319285714285713
LPT,5574,1748655000000,1.3981114258734655,2.9024,56.55044943488852,5.754614750802105,0.2399527186761243,0.7600472813238757,1.4769236241156694,-0.06260150597962488,0.05026010404161664,12.698,0.6279999999999999
LPT,5575,1748655900000,1.400380228136882,2.885942857142857,55.07035568187777,-1.480093753010749,0.3399999999999993,0.41750000000000104,0.9707372277484767,-0.06791672818544214,0.04855851805742871,12.626,0.601785714285714
LPT,5576,1748656800000,1.4493599397590358,2.9739428571428568,55.982625021972936,0.9122693400951647,0.6952624839948784,0.3047375160051215,1.9539004856196625,-0.039495053890447385,0.04818048489848295,13.011,0.6007142857142854
LPT,5577,1748657700000,1.3465365121081283,2.857142857142857,51.82730179247926,-4.155323229493675,0.06681034482758741,0.338362068965517,1.0294807070478178,-0.07721836704562224,0.04981195299410667,12.5,0.6073571428571426
LPT,5578,1748658600000,1.296816479400749,2.8034285714285714,51.143466461580545,-0.6838353308987166,0.3196721311475461,0.5163934426229491,0.5030592988772705,-0.09456666174516459,0.0471956626562702,12.265,0.5732857142857141
LPT,5579,1748659500000,1.2941287521238438,2.7775999999999996,50.045860895659764,-1.0976055659207802,0.028409090909090422,0.7840909090909118,0.6239287213505448,-0.10290860770707222,0.044426962570387515,12.152,0.5364999999999996
LPT,5580,1748660400000,1.2801057002642509,2.761142857142857,36.03856527731114,-14.007295618348621,0.003134796238244169,0.06112852664576757,1.3777153179692765,-0.10822382991288937,0.05482185522619263,12.08,0.5965714285714282
MERL,22828,1764183600000,1.1146499512938886,2.428571428571429,86.38577077901626,0.6369693953390083,0.6748350612629589,0.3251649387370411,2.384449900588118,0.06155121826763632,0.04597137697105827,0.49929,0.021636428571428574
MERL,22829,1764184500000,1.1245478915790819,2.428571428571429,88.336249094368,1.950478315351745,0.2494913530010168,0.7505086469989832,1.7289954960357314,0.0,0.048704747895726076,0.49929,0.02384
MERL,22830,1764185400000,1.1515733426439136,2.3979279147818473,86.65350942374687,-1.6827396706211317,0.11671712075344688,0.8022199798183652,1.3682542457155735,-0.012617917442768745,0.049781950102206304,0.49299,0.024249285714285713
MERL,22831,1764186300000,1.2601640513552068,2.466073252590107,88.21975499170593,1.566245567959058,0.15990116484292377,0.8400988351570762,1.22831270396462,0.015441927537102718,0.05048773345388069,0.507,0.025368571428571428
MERL,22832,1764187200000,1.2520256054433947,2.447006177343256,84.05630799279088,-4.163446998915049,0.02472348731294675,0.7843201040988949,1.2505376703550803,-0.007731755424063236,0.053229357006172394,0.50308,0.026425714285714285
MERL,22833,1764188100000,1.2596262612551468,2.4291064740502946,73.82797366930792,-10.228334323482954,0.14840637450199404,0.03585657370517923,0.6689420251456499,-0.014990138067061176,0.056109907507707696,0.4994,0.026935000000000004
MERL,22834,1764189000000,1.24165670681254,2.371953888807821,60.24633385036972,-13.5816398189382,0.11293450693719183,0.46531403849022834,2.554705892540478,-0.038165680473372876,0.06403766437851563,0.48765,0.028932857142857146
MERL,22835,1764189900000,1.2086058680620444,2.2993822656744003,52.35744945248546,-7.8888843978842615,0.45492250600305584,0.07465618860510766,1.492475619154609,-0.06759368836291912,0.07170742071053453,0.47273,0.030858571428571426
MERL,22838,1764192600000,1.0097816512910853,2.1087115132058956,50.310652005079355,9.749705908855404,0.25734494015234005,0.74265505984766,0.9794981628859614,-0.14491124260355026,0.08580831101935694,0.43353,0.03598285714285714
MERL,22843,1764197100000,1.011826234451564,2.0769006274624253,52.44223155216482,2.956935022139099,0.033898305084745006,0.966101694915255,0.2990672824690943,-0.15781065088757407,0.07273119979104366,0.42699,0.03102785714285713
MERL,22844,1764198000000,1.1088707777830122,2.17739189649302,56.35380790758616,3.9115763554213387,0.21653005464480937,0.7834699453551907,0.6785446391631849,-0.11706114398422096,0.07023569437745411,0.44765,0.030995714285714272
MERL,22845,1764198900000,1.160443810137655,2.2825526533391702,62.11548338963582,5.761675482049661,0.08300274641440337,0.9169972535855966,0.7406132444738392,-0.07441814595660745,0.06711575853146957,0.46927,0.03131285714285713
MERL,22846,1764199800000,1.1639586410635157,2.2802665499294714,60.075109987844996,-2.0403734017908235,0.14303959131545457,0.4712643678160916,0.6043371459947583,-0.07534516765286003,0.06565559429712993,0.4688,0.030235714285714275
MERL,22847,1764200700000,1.2671056933352016,2.3610584172381928,63.74988137079215,3.6747713829471564,0.2884761182714178,0.7115238817285822,0.9074775805510925,-0.042583826429980265,0.06422292650840158,0.48541,0.030685714285714278
MERL,22848,1764201600000,1.3015784327420032,2.404348460528236,65.7554814991384,2.005600128346245,0.17741481272880935,0.8225851872711907,1.6066040852194157,-0.025029585798816534,0.058265784951713515,0.49431,0.02843428571428571
MERL,22849,1764202500000,1.3571958113242517,2.474488058757722,65.06818970780769,-0.6872917913307077,0.6633568225496473,0.27834721332479256,1.3917212766335672,0.003412228796844108,0.05633924898630781,0.50873,0.027392142857142858
MERL,22850,1764203400000,1.3105238757533613,2.424145143246267,66.57919711392444,1.5110074061167467,0.3604992657856081,0.6395007342143919,0.6934957208186251,-0.020344780138777052,0.049266274690312625,0.49838,0.02431142857142857
MERL,22851,1764204300000,1.324059524909881,2.446033367381682,66.99580846398779,0.4166113500633486,0.4615384615384626,0.5384615384615374,0.928581135230723,-0.011499223556700078,0.048779151576664896,0.50288,0.024167142857142856
MERL,22852,1764205200000,1.5333054432203785,2.650858504791089,72.06513650527137,5.069328041283583,0.373350708584459,0.6266492914155409,1.6252997789167476,0.07127552925913538,0.04714611341117364,0.54499,0.024613571428571426
MERL,22853,1764206100000,1.4802827380952377,2.59428960552556,61.1844303298155,-10.88070617545587,0.2601569713758056,0.07848568790397083,1.297340837786983,-0.0213398410980018,0.053881207152121545,0.53336,0.026587142857142854
MERL,22854,1764207000000,1.3144145400455538,2.421810399338489,55.69058068886451,-5.493849640950991,0.1979079497907952,0.08661087866108844,1.042641042349134,-0.08640525514229613,0.05472334500628659,0.4979,0.026052142857142857
MERL,22855,1764207900000,1.2706337509211494,2.397976555279926,59.174694340046884,3.4841136511823763,0.0893854748603348,0.9106145251396652,1.0432360432836714,-0.09539624580267525,0.0543563579277865,0.493,0.026710714285714286
MERL,22856,1764208800000,1.313087626927416,2.3933070674643706,55.750247935110096,-3.4244464049367878,0.04364089775560963,0.2668329177057361,0.9366085244679321,-0.09715774601368832,0.055669906840057584,0.49204,0.026737142857142855
MERL,22857,1764209700000,1.2794998820476526,2.3500170241743277,55.64110439598122,-0.10914353912887265,0.2009978617248747,0.7712045616535999,0.6636236990772512,-0.11348832088662175,0.056130209465070795,0.48314,0.026938571428571426
MERL,22858,1764210600000,1.4107807567261932,2.4886424436986236,59.849425589770284,4.208321193789061,0.4184210526315785,0.5815789473684214,1.1554895452799747,-0.06119378337217196,0.054873021937144356,0.51164,0.027290000000000002
MERL,22859,1764211500000,1.3392138511932616,2.4314898584561506,57.238049438486165,-2.6113761512841194,0.12909732728189635,0.47907211296016144,0.7871072925568817,-0.0827538119965503,0.053855940611394496,0.49989,0.026365714285714287
MERL,22860,1764212400000,1.3058757115303194,2.3841626538255754,54.28666382312986,-2.9513856153563083,0.010655737704917324,0.6069672131147542,1.198113713948366,-0.10060735059358883,0.05616247372911334,0.49016,0.026989999999999997
MERL,22861,1764213300000,1.3174490950226247,2.391507369035459,54.22302773308398,-0.06363609004587545,0.7498318762609278,0.2407531943510406,0.8796295686714222,-0.09783665755334958,0.0544732443958057,0.49167,0.02616785714285714
MERL,22862,1764214200000,1.2821921668075515,2.3637822851306,54.22606903564329,0.003041302559310566,0.6720297029702932,0.30940594059405846,0.5769690388090949,-0.1082955650562395,0.05039357902656472,0.48597,0.024208571428571423
MERL,22863,1764215100000,1.273836941501612,2.4011381876550417,58.09112809314726,3.86505905750397,0.027346637102733322,0.9726533628972667,0.6581377618556095,-0.09420356336813518,0.04651516380149204,0.49365,0.022944999999999993
MERL,22864,1764216000000,1.3209615203688023,2.3998735347049953,54.870560540236795,-3.2205675529104667,0.01800947867298274,0.20094786729857914,0.8323794326095225,-0.09468063634195123,0.04686100768251873,0.49339,0.022725714285714283
MERL,22865,1764216900000,1.313225821618318,2.393112505472056,54.40209159880027,-0.4684689414365266,0.7465535524920461,0.12619300106044806,0.6216776978684408,-0.09723114185581383,0.045989451676155826,0.492,0.022247857142857142
MERL,22866,1764217800000,1.2626210879284652,2.363101318157498,52.05296919868374,-2.349122400116528,0.21261444557476902,0.19023397761953584,0.7282910083469432,-0.1085524505036789,0.038849477891476754,0.48583,0.018564999999999998
MERL,22867,1764218700000,1.248437787171476,2.3802227734812007,52.132332732179165,0.07936353349542458,0.8341968911917087,0.16580310880829136,1.139222754494601,-0.10209361639663106,0.03437858577165806,0.48935,0.016435714285714286
MINA,18421,1760217300000,1.0714285714285716,2.9703504043126685,32.91844849246722,12.60774959271896,0.310344827586211,0.6896551724137889,1.5972308167481137,-0.05650684931506844,0.014507907463076722,0.1102,0.0015857142857142856
MMT,25816,1785493800000,1.3377712031558184,3.433019551049964,84.50800744404292,0.43369734954451644,0.9575163398692812,0.04248366013071881,7.538843162166727,0.31804281345565744,0.05942040587599568,0.4741,0.02120714285714286
MOODENG,3445,1746738900000,1.410555696523725,4.433037797480168,94.79820963449795,5.340852601119977,0.24414245548266197,0.755857544517338,4.482112261983616,0.2439439570511983,0.0464337422239193,0.095,0.004169285714285714
MOODENG,3446,1746739800000,1.2774258930833544,4.194587027531497,69.96789752640923,-24.83031210808872,0.009523809523809613,0.3095238095238096,2.6809339502340808,-0.05378947368421061,0.06377870937690348,0.08989,0.0050857142857142846
MOODENG,3447,1746740700000,1.0196721311475412,3.7368175454969665,65.55220131979017,-4.41569620661906,0.07524752475247631,0.45742574257425883,1.39198411028399,-0.15705263157894744,0.0693597842550519,0.08008,0.005364285714285715
MOODENG,3457,1746749700000,1.0094503854762493,3.77041530564629,64.33880825822868,1.4322172614917932,0.34097421203438366,0.6590257879656164,0.840510806056268,-0.14947368421052631,0.07928831625603386,0.0808,0.006312142857142856
MOODENG,3458,1746750600000,1.0256729810568292,3.792347176854876,64.16667109179693,-0.17213716643175303,0.6125461254612549,0.35793357933579417,0.553794189334024,-0.14452631578947372,0.07554202367480373,0.08127,0.006007857142857141
MOODENG,3461,1746753300000,1.0568099053168245,3.953336444237051,66.89972271990843,1.9060234725224063,0.5392156862745116,0.4607843137254884,1.1613603013869012,-0.10821052631578942,0.04836057059760405,0.08472,0.003990714285714286
MOODENG,3462,1746754200000,1.011951219512195,3.849276714885674,61.48073565483322,-5.418987065075207,0.007556675062969386,0.4130982367758171,0.8691062755478544,-0.13168421052631585,0.048296264613629875,0.08249,0.0038714285714285704
MOODENG,3463,1746755100000,1.028002947678703,3.8435754189944134,63.58074913994852,2.100013485115305,0.24207492795388857,0.7579250720461115,0.43358904156278294,-0.1309473684210527,0.04747919725893293,0.08256,0.0038799999999999993
MOODENG,3464,1746756000000,1.0181994661489928,3.7497745716862037,61.767494602190425,-1.8132545377580982,0.42215568862275343,0.33233532934131776,0.5604979051553429,-0.12452631578947371,0.04522750538317624,0.08317,0.003660714285714285
MOODENG,3474,1746765000000,1.0904628330995791,4.012113055181696,70.71784099437542,5.435115311965433,0.11165048543689275,0.8883495145631073,2.236282810894885,0.046454481628832145,0.03833832383528123,0.08943,0.0034021428571428558
MOODENG,3475,1746765900000,1.161161864605294,4.139075818752803,71.8364794007693,1.1186384063938846,0.41214057507987195,0.5878594249201281,2.819691629113507,0.0316448619031644,0.03967280489358989,0.09226,0.0035578571428571413
MOODENG,3476,1746766800000,1.174658327542275,4.211754149842979,74.35103543072167,2.5145560299523595,0.35000000000000014,0.6499999999999999,2.4553266768201545,0.01755907218729691,0.03994933482531393,0.09388,0.003672142857142857
MOODENG,3477,1746767700000,1.1706697459584299,4.216689098250336,71.91242696965769,-2.4386084610639784,0.48098434004474233,0.3601789709172259,1.8749851898258556,0.0011717085641242964,0.04107946262011882,0.09399,0.0037435714285714286
MOODENG,3478,1746768600000,1.254428341384863,4.396590399282189,77.33416120198618,5.42173423232849,0.21081830790568734,0.7891816920943127,2.043373220376801,0.04266411320353236,0.04166666666666668,0.098,0.004020000000000001
MOODENG,3479,1746769500000,1.4705342811281814,4.833557649170031,81.74015268853279,4.405991486546611,0.4364736387208298,0.5635263612791702,4.0845644282247475,0.09938775510204079,0.044760235382496565,0.10774,0.0045964285714285725
MOODENG,3480,1746770400000,1.472607410775176,4.879766711529834,74.16475976449567,-7.575392924037118,0.6168898043254379,0.06179196704428452,2.5597796251977756,0.00956005197698162,0.05151085117972538,0.10877,0.005133571428571431
MOODENG,3481,1746771300000,1.331056466302368,4.593091072229699,74.64088448620285,0.4761247217071798,0.30496453900709203,0.6950354609929079,2.587154092775591,-0.05874781649351846,0.05396160259973491,0.10238,0.00540857142857143
MOODENG,3482,1746772200000,1.3485364193328797,4.643337819650067,75.18522289966987,0.5443384134670168,0.517647058823528,0.482352941176472,1.0626923365666152,-0.04845085961202544,0.05504093368459818,0.1035,0.005551428571428573
MOODENG,3483,1746773100000,1.3042310275352582,4.617765814266487,76.10580130881502,0.9205784091451505,0.2457831325301196,0.7542168674698804,0.8719308738645828,-0.05369127516778538,0.05600179430029297,0.10293,0.005707142857142857
MOODENG,3484,1746774000000,1.3479796864650035,4.770749214894572,77.9281995424285,1.8223982336134839,0.40501792114695295,0.5949820788530471,1.0397556433383655,-0.022340718948239413,0.056913637860986056,0.10634,0.005923571428571429
MOODENG,3485,1746774900000,1.571902654867257,5.215343203230148,82.93431794611445,5.006118403685946,0.3617021276595748,0.6382978723404252,2.106368881830766,0.0687689620299714,0.0591139612421916,0.11625,0.006610714285714287
MOODENG,3486,1746775800000,1.57621883962056,5.239120681920143,83.31298497348979,0.37866702737534297,0.6477794793261871,0.35222052067381293,1.2586527406320114,0.0045591397849460424,0.059947959636986736,0.11678,0.006747142857142857
MOODENG,3487,1746776700000,1.6389380530973452,5.351278600269179,76.53131768331309,-6.781667290176699,0.5872042068361083,0.17616126205083357,1.7430559950733233,0.021407775303990517,0.06698216235893702,0.11928,0.00736
MOODENG,3488,1746777600000,1.5925110132158586,5.2803947958725885,79.63389842604211,3.1025807427290175,0.34527687296416976,0.6547231270358302,1.2660858509255648,-0.013246143527833598,0.06615812584202387,0.1177,0.0075764285714285725
MOODENG,3489,1746778500000,2.0560915413955576,6.1108120233288465,86.70128296669047,7.067384540648362,0.1968468468468462,0.8031531531531538,2.7103805975034487,0.14193494299128107,0.06610285194174757,0.13621,0.008715
MOODENG,3490,1746779400000,2.1859557867360206,6.594885598923283,82.07896324522451,-4.622319721465956,0.6993039443155457,0.17540603248259898,3.383296853638405,0.07921591659936866,0.07625385525253975,0.147,0.009854285714285713
MOODENG,3491,1746780300000,1.9704486626402073,6.178106774338268,78.8526404344172,-3.226322810807318,0.5483660130718961,0.3241830065359482,1.7226034157193124,-0.06319727891156457,0.0834408192106237,0.13771,0.010627857142857142
MOODENG,3492,1746781200000,1.883816529640848,5.979811574697173,65.39778167233322,-13.454858762083973,0.34907352062163693,0.1057979677226544,1.493711876183067,-0.09326530612244899,0.09556204802549768,0.13329,0.011307857142857142
MOODENG,3493,1746782100000,1.6655907036797934,5.557200538358008,66.8079143730086,1.4101327006753763,0.44174135723431446,0.5582586427656856,0.8728790500106643,-0.1573469387755102,0.09167319144897618,0.12387,0.011039285714285712
MOODENG,3494,1746783000000,1.7384982638888888,5.661283086585913,66.01772740142543,-0.790186971583168,0.7536041939711655,0.16906946264744427,0.8365098895883557,-0.14156462585034013,0.09086953930508372,0.12619,0.010890714285714283
MOODENG,3495,1746783900000,1.752888318356868,5.772543741588156,66.1839756226388,0.16624822121336535,0.5298829328404193,0.4701170671595806,1.9571653866159622,-0.12469387755102035,0.09616414234553651,0.12867,0.011546428571428569
MOODENG,3496,1746784800000,1.6048841577958672,5.598923283983849,69.03180345055021,2.8478278279114164,0.10960591133004795,0.8903940886699521,0.6565752326069475,-0.15102040816326534,0.09492488787945165,0.1248,0.011762142857142855
MOODENG,3497,1746785700000,1.6330141548709407,5.674742036787797,69.54253969206772,0.5107362415175061,0.31218697829716163,0.6878130217028384,0.4991716957927376,-0.1395238095238095,0.09543870509205124,0.12649,0.011893571428571425
MOODENG,3498,1746786600000,1.7700355722954595,5.938986092418125,73.85853491595458,4.315995223886858,0.11885245901639298,0.881147540983607,0.6613133711543314,-0.09945578231292518,0.09291375443638818,0.13238,0.012192142857142856
MOODENG,3499,1746787500000,1.9160033514872228,6.245401525347689,76.94036245364042,3.0818275376858395,0.21027592768791548,0.7897240723120845,0.9269303621697553,-0.0529931972789115,0.08810218978102186,0.13921,0.012069999999999996
MOODENG,3500,1746788400000,1.9294831554718566,6.280843427545985,70.22998308562919,-6.710379368011232,0.3579952267303095,0.12291169451073984,0.8997059288453358,-0.04761904761904745,0.091987507404017,0.14,0.012202142857142854
MOODENG,3501,1746789300000,1.8338863542098713,6.130551816958277,64.93055292558469,-5.299430160044494,0.35547576301615774,0.3016157989228013,0.9033365809657338,-0.07040816326530608,0.09453602190468795,0.13665,0.012182857142857138
MOODENG,3502,1746790200000,1.7900207900207903,6.020637056976223,66.94179871531946,2.0112457897347724,0.3328894806924097,0.6671105193075904,0.6604198294391218,-0.08707482993197269,0.0915826011497993,0.1342,0.012061428571428568
MOODENG,3503,1746791100000,1.8016649323621223,6.039479587258859,61.82783408469175,-5.113964630627713,0.3670886075949354,0.1506329113924048,0.5296193770912437,-0.0842176870748299,0.08631068720193884,0.13462,0.011039999999999996
MOODENG,3504,1746792000000,1.6535934291581111,5.79766711529834,55.48095323651171,-6.346880848180042,0.13144590495450173,0.33367037411526734,1.0228657188675785,-0.12088435374149642,0.08322849687820334,0.12923,0.010207142857142857
MOODENG,3505,1746792900000,1.5854103343465047,5.724091520861373,56.64507599450375,1.1641227579920397,0.4086859688195991,0.5913140311804008,0.7126262416259237,-0.13204081632653053,0.07872590611454394,0.12759,0.009755714285714286
MOODENG,3506,1746793800000,1.5224506086609462,5.670704351727232,54.383772913123764,-2.2613030813799853,0.41639344262295264,0.28360655737704804,0.4683089149606728,-0.14013605442176857,0.0737230891701104,0.1264,0.008996428571428572
MOODENG,3507,1746794700000,1.5579666465742417,5.711529834006281,58.89936920746003,4.5155962943362695,0.07177033492823048,0.9282296650717695,0.4655225326451267,-0.13394557823129238,0.07004909799328847,0.12731,0.008886428571428575
MOODENG,3508,1746795600000,1.72108843537415,6.039076376554175,60.62865443920177,1.7292852317417342,0.7207661290322589,0.27923387096774105,0.8450661728345327,-0.07482993197278898,0.07023670935195966,0.136,0.009050000000000002
MOODENG,3509,1746796500000,1.618667730355006,5.830373001776199,60.36749453256604,-0.26115990663572575,0.46820809248554673,0.4913294797687855,0.48221585122198624,-0.10680272108843536,0.06421132108991585,0.1313,0.008261428571428574
MOODENG,3510,1746797400000,1.6035066746363822,5.80239786856128,58.98497184554602,-1.3825226870200211,0.3624999999999993,0.46964285714285914,0.5966326160902946,-0.11108843537414959,0.06328448372301156,0.13067,0.008081428571428576
MOODENG,3511,1746798300000,1.5683211390152265,5.767317939609237,60.457993956832205,1.473022111286184,0.12762237762237935,0.8723776223776206,0.5641745224562139,-0.0722857142857144,0.062424644654609854,0.12988,0.008062142857142861
MOODENG,3512,1746799200000,1.6506532663316578,5.855683836589698,61.39505369474012,0.9370597379079157,0.28867623604465376,0.7113237639553462,0.7736869473671609,-0.058071428571428774,0.060071175940774615,0.13187,0.007812857142857147
MOODENG,3513,1746800100000,1.793506236388834,6.265541740674956,56.61584129652602,-4.779212398214099,0.7360372340425531,0.06582446808510578,2.1261162893045715,0.007857142857142785,0.06404115365154331,0.1411,0.008136428571428577
MOODENG,3514,1746801000000,1.570868457165262,5.823268206039077,54.505763985115046,-2.1100773114109757,0.32375776397515577,0.5745341614906824,1.8533532898719631,-0.07058823529411762,0.06730747368181719,0.13114,0.008457857142857147
MOODENG,3515,1746801900000,1.479138366000388,5.672735346358793,53.48642693982403,-1.0193370452910173,0.29324546952224084,0.5469522240527184,0.8416621014100736,-0.09461374911410347,0.06476571428571433,0.12775,0.008095714285714291
MOODENG,3516,1746802800000,1.4832041343669249,5.974245115452931,61.55726818082957,8.070841241005539,0.22542372881355913,0.7745762711864409,1.3548726147404868,-0.04649184975194909,0.06371051605355521,0.13454,0.008402142857142861
MOODENG,3517,1746803700000,1.4042742653606415,5.994671403197159,59.75575250270235,-1.8015156781272168,0.446351931330474,0.39484978540772336,0.9335572679915256,-0.04323175053153783,0.0637542468237582,0.135,0.00833714285714286
MOODENG,3518,1746804600000,1.4443847393874263,6.059946714031972,62.660692922589604,2.9049404198872537,0.37139272271016516,0.6286072772898348,0.9312073173396153,-0.03281360737065908,0.061418620328065346,0.13647,0.008200000000000004
MOODENG,3519,1746805500000,1.4393011527377522,6.013765541740675,60.46495139061367,-2.1957415319759335,0.3122977346278301,0.4822006472491888,0.7369376477980117,-0.04018426647767548,0.06050064281932998,0.13543,0.008000000000000002
MOODENG,3520,1746806400000,1.4172637325144999,6.292184724689165,67.9412104433896,7.476259052775923,0.10123296560674938,0.8987670343932507,1.9957539337373638,0.00425230333097093,0.06183102611674041,0.1417,0.008665
MOODENG,3521,1746807300000,1.5625622303352142,6.857015985790409,70.21847577508828,2.277265331698686,0.6896341463414644,0.31036585365853564,3.0749000477916213,0.08976711362032463,0.0656038811303992,0.15442,0.009388571428571428
MOODENG,3522,1746808200000,1.5321285140562249,6.71936056838366,73.74808223903307,3.5296064639447877,0.26413427561837644,0.7358657243816236,1.2258254237262132,-0.020075119803134256,0.06396933478440926,0.15132,0.009488571428571426
MOODENG,3523,1746809100000,1.4908400726192443,6.701598579040853,62.865345794703906,-10.882736444329161,0.17663230240549743,0.33539518900343596,1.1492114398815683,-0.022665457842248382,0.07190897597977244,0.15092,0.010157142857142856
MOODENG,3524,1746810000000,1.3518010014537234,6.465364120781528,65.00947946297111,2.1441336682672087,0.22784810126582408,0.7721518987341759,0.6748271433248375,-0.05711695376246595,0.0712946242533685,0.1456,0.010264999999999996
MOODENG,3525,1746810900000,1.3303811481891512,6.543072824156306,65.08106051276869,0.0715810497975724,0.8346055979643743,0.16539440203562567,0.5717641238647897,-0.0457842248413417,0.07036262134478279,0.14735,0.010137142857142857
MOODENG,3526,1746811800000,1.3332284455632468,6.585257548845471,66.88085110003762,1.7997905872689302,0.34010152284263695,0.659898477157363,0.44853710661216134,-0.03963217199844593,0.06911906877728191,0.1483,0.010111428571428572
MOODENG,3527,1746812700000,1.4799420009666506,6.835257548845472,69.97391288974441,3.0930617897067947,0.3986409966024939,0.601359003397506,0.8561662726254009,-0.0031731640979146825,0.0642766913294139,0.15393,0.009667857142857143
MOODENG,3528,1746813600000,1.4752459280761165,6.815719360568384,62.67573100568004,-7.29818188406437,0.3020527859237522,0.23264907135874838,0.7574154257165864,-0.006022535940940377,0.06508219876799938,0.15349,0.009478571428571428
MOODENG,3529,1746814500000,1.3996461884850437,6.625666074600356,61.57380006818393,-1.101930937496114,0.489597780859916,0.3994452149791973,0.4440612579323272,-0.03373915295946117,0.06598564329099944,0.14921,0.009559999999999999
MOODENG,3530,1746815400000,1.3561754272815225,6.488898756660747,60.429632573680166,-1.1441674945037619,0.2485089463220675,0.6003976143141135,0.37509676029770816,-0.05368475586063981,0.06297827207485826,0.14613,0.009076428571428572
MOODENG,3531,1746816300000,1.3210702341137126,6.47158081705151,56.8237492729733,-3.6058833007068642,0.2515723270440278,0.36635220125786117,0.36109624079465624,-0.05621033544877607,0.06373176608163555,0.14574,0.009031428571428574
MOODENG,3532,1746817200000,1.216599190283401,6.321047957371226,52.86291406106523,-3.960835211908069,0.15217391304347608,0.16666666666666555,0.31096758892347276,-0.07816345033026806,0.06305152730638694,0.14235,0.008757857142857145
MOODENG,3533,1746818100000,1.1800000000000002,6.388987566607461,56.73476906776206,3.8718550066968263,0.16666666666666854,0.8333333333333315,0.6598333302722031,-0.0682554073306566,0.06337434094903342,0.14388,0.009015000000000004
MOODENG,3534,1746819000000,1.1245519713261647,6.317051509769095,53.24778879959758,-3.48698026816448,0.0024813895781662498,0.3821339950372237,0.3319245018111386,-0.07874627638906884,0.05868314271405067,0.14226,0.008202142857142863
MOODENG,3535,1746819900000,1.1351882655375776,6.269982238010657,49.48385813986812,-3.7639306597294606,0.21098265895953655,0.3815028901734079,0.3838963672920276,-0.08561067219272123,0.05495910020449901,0.1412,0.007525000000000004
MOODENG,3536,1746820800000,1.090566037735849,6.150088809946715,48.034059801428455,-1.4497983384396633,0.3066406250000023,0.4707031249999979,0.38600142044048746,-0.10309545395674125,0.052155113463015414,0.1385,0.007082142857142862
MOODENG,3537,1746821700000,1.1033507073715563,6.271758436944938,53.5929893544951,5.558929553066648,0.21206581352833526,0.7879341864716648,0.32462381919304173,-0.08535163838880977,0.04592783715427922,0.14124,0.0064335714285714335
MOODENG,3538,1746822600000,1.0707130229817325,6.241563055062167,48.761275606592605,-4.831713747902498,0.06764705882352767,0.386764705882356,0.31775521083639735,-0.08975521305530376,0.04700805463324712,0.14056,0.006411428571428576
MOODENG,3539,1746823500000,1.0427264932837952,6.347690941385435,54.26115228209297,5.499876675500367,0.2987987987987976,0.7012012012012024,0.3248320625148545,-0.07427794327159698,0.04686739905951032,0.14295,0.006606428571428575
MOODENG,3544,1746828000000,1.0413492927094667,6.664298401420959,60.9401923920247,1.7953150004254113,0.6820809248554889,0.31791907514451107,0.808104228784781,-0.0250113688040019,0.04121254070073505,0.15008,0.006039285714285715
MOODENG,3546,1746829800000,1.0970075166643025,6.565719360568384,58.10616200579766,-3.678780202956837,0.149532710280375,0.40654205607476646,0.5155830720341386,-0.0394335087377381,0.04065903818174668,0.14786,0.005908571428571428
MOODENG,3547,1746830700000,1.0505809979494187,6.660746003552398,53.50231475074976,-4.603847255047896,0.5615292712066892,0.13142174432496911,1.0857531264751235,-0.025531085558370803,0.04069121518151153,0.15,0.005807857142857141
MOODENG,3548,1746831600000,1.0092744135297327,6.541740674955596,58.6635750042209,5.161260253471141,0.1742919389978199,0.8257080610021801,0.8192700697652168,-0.040198058505440004,0.039911664911664896,0.14732,0.005847857142857141
MOODENG,3549,1746832500000,1.003688020762191,6.513765541740675,53.63891868043768,-5.024656323783219,0.02391629297458806,0.5306427503736938,0.9373772366661232,-0.02673832271762211,0.04062297855401302,0.14669,0.005831428571428569
MOODENG,3748,1747011600000,1.189086294416244,12.078774617067836,82.91190709017226,6.777382772414413,0.18726591760299635,0.8127340823970036,3.6810511097919028,0.10404416176647069,0.04401322751322751,0.276,0.011883571428571429
MOODENG,3749,1747012500000,1.2714433894518469,12.458643326039388,85.24119802826488,2.329290938092612,0.1669912366114892,0.8330087633885108,2.7556314586884896,0.031449275362318785,0.0448736507936508,0.28468,0.012620714285714287
MOODENG,3750,1747013400000,1.2904853435848151,12.515973741794312,77.26623737805407,-7.974960650210804,0.18410198725159432,0.5256842894638177,2.714362759671464,0.004601658001967213,0.04779238833896037,0.28599,0.01306357142857143
MOODENG,3751,1747014300000,1.221601941747573,12.01706783369803,75.95053711449827,-1.3157002635557973,0.14671361502347058,0.6936619718309868,1.1442078924988293,-0.03986153362005673,0.047519250365047866,0.27459,0.012924285714285718
MOODENG,3752,1747015200000,1.3996706463565252,12.754485776805252,77.97042815117199,2.0198910366737124,0.641987829614606,0.358012170385394,1.7913503056837066,0.019056610370991933,0.04951164768942228,0.29144,0.013802857142857143
MOODENG,3753,1747016100000,1.372950819672131,12.669584245076587,70.37838792979558,-7.592040221376408,0.48705134029986463,0.14447978191731123,1.66154684360915,-0.006656601701894083,0.054943024980339775,0.2895,0.014871428571428568
MOODENG,3754,1747017000000,1.2522999267279982,12.107221006564552,70.33291833826782,-0.04546959152776253,0.795514511873345,0.204485488126655,0.8349005296943124,-0.05074800988196526,0.055312140376067645,0.27665,0.014968571428571428
MOODENG,3755,1747017900000,1.312749667110519,12.161925601750546,72.1395532951072,1.806634956839389,0.3447368421052575,0.6552631578947424,0.6313189013417898,-0.046458962393631564,0.05436802009382654,0.2779,0.014966428571428571
MOODENG,3756,1747018800000,1.3607332448573324,12.455579868708972,73.8818236249654,1.7422703298582007,0.23181818181818115,0.7681818181818189,1.194139130076496,-0.02343535547625586,0.056883691981185015,0.28461,0.015928571428571427
MOODENG,3757,1747019700000,1.4084887144259075,12.888840262582058,74.94616091683145,1.064337291866039,0.589441312147618,0.41055868785238203,1.527340494481302,0.010533900631347848,0.06016950435875561,0.29451,0.017028571428571424
MOODENG,3758,1747020600000,1.2841355009209576,12.482275711159737,67.67521900980483,-7.270941907026611,0.15059817030260206,0.3293455313159759,0.8744273072175254,-0.031543920410172954,0.061479508557748606,0.28522,0.016949285714285712
MOODENG,3759,1747021500000,1.286509601420042,12.40218818380744,70.27978410944868,2.6045650996438496,0.16974972796517457,0.8302502720348254,0.5500477170246247,-0.03775763131981946,0.05815309127589578,0.28339,0.01638928571428571
MOODENG,3760,1747022400000,1.2724443380416566,12.462144420131292,70.57915091061358,0.29936680116489356,0.2566782810685236,0.7433217189314764,0.6090806191552283,-0.0331058368136905,0.05763076067446973,0.28476,0.016283571428571425
MOODENG,3761,1747023300000,1.2808398950131235,12.550109409190373,64.73687063124382,-5.84228027936976,0.32926829268292984,0.2217987804878021,0.6192587743771156,-0.026280941224406495,0.059175999008223484,0.28677,0.016365714285714286
MOODENG,3762,1747024200000,1.23001579778831,12.355361050328229,66.70405759669704,1.967186965453223,0.2120853080568736,0.7879146919431264,0.49061637650373463,-0.04139078469321922,0.05232951912451431,0.28232,0.014679999999999999
MOODENG,3763,1747025100000,1.259619183060757,12.516411378555798,67.21018299207202,0.5061253953749798,0.5590452261306498,0.4409547738693502,0.46399239288896793,-0.028895453465077603,0.04894842326914781,0.286,0.013781428571428568
MOODENG,3764,1747026000000,1.2723554414949074,12.4,50.990446506700366,-16.219736485371655,0.05772994129158499,0.29517286366601475,1.2762671844259355,-0.037927404841940904,0.0537440437528314,0.28334,0.014066428571428563
MOODENG,3765,1747026900000,1.1224538893344027,11.58293216630197,41.310467565158255,-9.67997894154211,0.10646802325581547,0.24382267441860428,1.878787285270649,-0.10132083800210512,0.06324764794788576,0.26467,0.01542357142857142
MOODENG,3766,1747027800000,1.0475883206968861,11.10984682713348,46.9543558005607,5.643888235402443,0.0341630063445573,0.9658369936554427,1.293694387736023,-0.13802587348477136,0.06114145768909552,0.25386,0.015478571428571421
MOODENG,3767,1747028700000,1.0834682642487046,11.26258205689278,47.51543264362318,0.5610768430624802,0.3910411622276034,0.6089588377723967,0.8620863505159175,-0.12617568164069126,0.05704560275235544,0.25735,0.014496428571428566
MOODENG,3768,1747029600000,1.0792619334135582,11.342669584245078,49.01571862154939,1.500285977926211,0.37885462555066257,0.6211453744493374,0.5279463587947082,-0.11996197073104464,0.05627992428460081,0.25918,0.014441428571428567
MOODENG,3769,1747030500000,1.071830985915493,11.587746170678338,53.33146460999397,4.315745988444583,0.07464212678936682,0.9253578732106331,0.7433823272376475,-0.10094733625343788,0.05528173776611571,0.26478,0.014597142857142854
MOODENG,3770,1747031400000,1.0976263701600821,11.64113785557987,52.667676652499594,-0.6637879574943781,0.26499302649930406,0.5843793584379311,0.6989709600079047,-0.09680486231367347,0.05206828378070109,0.266,0.013694999999999999
MOODENG,3771,1747032300000,1.0948757763975157,11.808315098468272,54.57129358565091,1.9036169331513193,0.487074829931975,0.512925170068025,0.7189529267068347,-0.08383416522359166,0.048176189045329686,0.26982,0.012826428571428574
MOODENG,3772,1747033200000,1.1744893185716512,12.205689277899344,59.01965156546819,4.448357979817274,0.3588741204065672,0.6411258795934328,1.257343616734206,-0.05300329360632916,0.0463891217965076,0.2789,0.012725
MOODENG,3773,1747034100000,1.160378095461292,12.102844638949673,59.52213495649948,0.5024833910312907,0.13507853403141498,0.864921465968585,0.7307975939604405,-0.060982649146039125,0.04632243800666384,0.27655,0.012750714285714287
MOODENG,3774,1747035000000,1.2074540097156965,12.130853391684902,56.43909108893379,-3.083043867565685,0.18285714285714053,0.44190476190476463,0.8363743244579731,-0.058809548062884076,0.04749093091701724,0.27719,0.012885714285714289
MOODENG,3775,1747035900000,1.1667593990938716,11.929978118161927,50.05237359557608,-6.386717493357715,0.055730337078652555,0.5388764044943822,1.454272629496118,-0.07439475739363688,0.05160424313050675,0.2726,0.013537857142857143
MOODENG,3776,1747036800000,1.1447400339613485,11.607877461706783,48.468928009292995,-1.5834455862830836,0.21682098765431987,0.5902777777777783,0.8755918292253843,-0.09938541984992022,0.05332479623634934,0.26524,0.013860714285714284
MOODENG,3777,1747037700000,1.1291353683874061,11.66039387308534,49.30032655102064,0.8313985417276442,0.5924695459579216,0.40753045404207844,0.7741881725709635,-0.0953108553190044,0.053380607672231246,0.26644,0.013937142857142856
MOODENG,3778,1747038600000,1.0496492174851593,11.635010940919036,52.01024757992725,2.7099210289066136,0.13368983957219288,0.8663101604278072,0.4964275119060172,-0.07291557694319506,0.04636951057701643,0.26586,0.012281428571428572
MOODENG,3779,1747039500000,1.1524204269961675,12.04507658643326,53.92380000450635,1.9135524245790947,0.6781914893617038,0.32180851063829613,0.8015210752031546,-0.04024130836558937,0.04156300385465494,0.27523,0.011121428571428569
MOODENG,3780,1747040400000,1.0366889707540787,11.85557986870897,53.42616190554836,-0.49763809895798516,0.5225806451612861,0.3693548387096807,0.44633063051163563,-0.05534051679045937,0.03783180750482895,0.2709,0.010100714285714282
MOODENG,3781,1747041300000,1.074310948682808,11.922975929978119,56.87658653254068,3.450424626992316,0.12195121951220055,0.8780487804877994,0.6202952438940249,-0.04997035952156781,0.03650811174547098,0.27244,0.009920714285714283
MOODENG,3782,1747042200000,1.0041237113402062,11.910722100656457,50.02072926502642,-6.85585726751426,0.031136857349745566,0.37871107892831,0.7530288308779413,-0.048391608391608276,0.039535299665051524,0.27216,0.01042071428571428
MOODENG,23796,1765054800000,1.9490240134812526,3.2884434700908236,89.21900242625719,18.914625498357935,0.9359277892867712,0.06407221071322877,18.78861834050518,1.7522935779816509,0.12319076133447392,0.21,0.010286428571428573
MUBARAK,12523,1760217300000,1.1977611940298507,3.8686371100164205,39.83540243382914,9.097360908240198,0.3636363636363669,0.6363636363636331,0.9135612182295735,-0.0684064847765915,0.02218335787923416,0.02356,0.0005164285714285712
MUBARAK,45730,1790103600000,1.010487353485503,4.655714285714286,72.62387509168626,0.4348931326297105,0.8965306122448993,0.1034693877551007,0.9081301805025866,0.018449287607495535,0.051691729323308275,0.087993,0.0043214285714285715
NEIRO,36354,1776357000000,1.0490823730260348,2.769807692307692,87.50007540958478,0.9660100389872213,0.5843949044585985,0.4156050955414015,6.414330306293551,0.04143167028199568,0.06605003037163841,0.00014403,8.543571428571429e-06
NEIRO,36357,1776359700000,1.033988764044944,2.7850000000000006,89.9741922136917,1.4681781328666972,0.3277216610549948,0.6722783389450052,2.4645316779522997,0.005484968409359414,0.07855189852599553,0.00014482,1.0917142857142859e-05
NEIRO,36358,1776360600000,1.0621989232077071,2.7990384615384616,85.81588937551226,-4.158302838179438,0.5243415802075013,0.30726256983240346,2.428196832977813,0.005040740229249829,0.08449101858906784,0.00014555,1.1564285714285716e-05
NEIRO,36359,1776361500000,1.0158463048660775,2.764423076923077,85.85925205594076,0.04336268042850122,0.5696202531645576,0.43037974683544244,1.7251094556912554,-0.012366884232222541,0.08940041710114703,0.00014375,1.2247857142857144e-05
NMR,14015,1756251900000,1.0844204716507777,2.158612626656274,85.2939873953355,4.9873833623819195,0.2983870967741941,0.7016129032258059,4.233719835216048,0.12299790498073926,0.05007326923764252,16.617,0.8005714285714286
NMR,14016,1756252800000,1.202920443101712,2.273317744868797,88.29503550733543,3.0010481119999213,0.06999999999999929,0.9300000000000007,3.6101865910580226,0.053138352289823665,0.05392233537222876,17.5,0.9357142857142857
NMR,14017,1756253700000,1.2480834485358807,2.323720446869317,84.27861516535812,-4.016420341977309,0.5778474399164059,0.13166144200626706,2.956491379045754,0.02217142857142873,0.057324600708548654,17.888,0.9777857142857143
NMR,14018,1756254600000,1.19873417721519,2.2564302416212003,79.46519384499882,-4.813421320359296,0.2649572649572665,0.4196581196581188,2.004367224650651,-0.02895796064400724,0.06205226084202779,17.37,1.0357142857142858
NMR,14019,1756255500000,1.23348073278585,2.296440633930891,80.95355066901914,1.4883568240203147,0.40845070422535296,0.591549295774647,1.5673859241653365,-0.011739713774597593,0.06383855710621858,17.678,1.095214285714286
NMR,14020,1756256400000,1.333924949290061,2.3915302676019743,83.77743257242375,2.8238819034046116,0.16062176165803027,0.8393782383419698,1.95816899071486,0.02918157423971368,0.06240626300539454,18.41,1.135357142857143
NMR,14021,1756257300000,1.369130051617777,2.4445310470252015,83.89152340089574,0.11409082847198704,0.5687622789783893,0.4312377210216108,1.738822416587425,0.02216186854970137,0.06046305796840366,18.818,1.1027857142857145
NMR,14022,1756258200000,1.4448630997236878,2.5287087555209147,85.8507608779474,1.9592374770516585,0.2904439428141479,0.709556057185852,2.06891539507791,0.03443511531512389,0.059527553159628654,19.466,1.1357857142857146
NMR,14023,1756259100000,1.3900975243810954,2.4832424006235385,75.15254872146076,-10.698212156486633,0.024930747922438636,0.3421052631578948,1.6255730698414321,-0.01798006781054151,0.06554237901259811,19.116,1.1906428571428573
NMR,14024,1756260000000,1.2672135222470797,2.369706417251234,69.07725295259327,-6.075295768867491,0.07276119402985025,0.37033582089552125,1.204560399789664,-0.06287886571457924,0.07061535834234646,18.242,1.2405000000000002
NMR,14025,1756260900000,1.2895097916926535,2.38438555468953,70.95174901120666,1.8744960586133885,0.3718918918918929,0.6281081081081071,1.0531450312074397,-0.05707387239289019,0.07001673580431009,18.355,1.2610714285714288
NMR,14026,1756261800000,1.3234265734265738,2.4169914263445054,73.24152268576623,2.2897736745595694,0.016229712858928397,0.9837702871410716,0.7791530404669731,-0.04417959519161607,0.06953461748277003,18.606,1.2928571428571431
NMR,14027,1756262700000,1.380102359256023,2.476877110937906,69.78093415270087,-3.460588533065362,0.48282828282828516,0.17777777777777642,0.9732244408077807,-0.020497277304017292,0.06890061124981413,19.067,1.2576428571428573
NMR,14028,1756263600000,1.335629304946775,2.4227071966744607,70.83712891637033,1.0561947636694669,0.20805369127516526,0.7919463087248347,0.6694880178893255,-0.041919243809719675,0.06676707990576605,18.65,1.234857142857143
NMR,14029,1756264500000,1.3528162857499688,2.4472590283190434,66.45461508064994,-4.382513835720388,0.42822085889570694,0.05766871165644261,0.6312444633195177,-0.03221000719202727,0.06322284322948368,18.839,1.1424999999999998
NMR,14030,1756265400000,1.282150430335537,2.3767212262925432,65.29519494532435,-1.1594201353255897,0.4692144373673037,0.2823779193205926,0.5951382060516721,-0.060104798109524404,0.057141266128903946,18.296,1.026142857142857
NMR,14031,1756266300000,1.2744656917885266,2.363990646921278,63.840935998397924,-1.45425894692643,0.4241379310344791,0.350000000000004,0.8031607633939412,-0.06513921709647597,0.056069484636905094,18.198,0.9992142857142857
NMR,14032,1756267200000,1.2584535057185482,2.359963626916082,65.62817909121654,1.7872430928186134,0.06455862977602506,0.9354413702239749,1.0344423964992973,-0.06673173738826665,0.05353003327393437,18.167,0.9698571428571429
NMR,14033,1756268100000,1.3014532356229038,2.406988828267082,61.54684452638665,-4.081334564829888,0.49523809523809575,0.0702380952380965,0.795815490500811,-0.04813521010993538,0.05288322225441899,18.529,0.9385714285714284
NMR,14034,1756269000000,1.228468602630926,2.3326838139776567,62.27744455555316,0.73060002916651,0.292263610315187,0.707736389684813,0.4905492512383414,-0.07751977807459165,0.0485578269392327,17.957,0.8669999999999999
NMR,14035,1756269900000,1.2653846153846153,2.371914783060535,62.57800020073525,0.30055564518208655,0.5034770514603634,0.49652294853963663,0.5990114445690862,-0.0620055481352102,0.04725053680185825,18.259,0.845642857142857
NMR,14036,1756270800000,1.2904065443728308,2.400493634710314,64.26444336033876,1.6864431596035132,0.5615999999999985,0.43840000000000146,0.7218306837386872,-0.05070379122572699,0.04387451141091917,18.479,0.7953571428571428
NMR,14037,1756271700000,1.2766036336670377,2.3928293063133284,61.19182429227303,-3.072619068065727,0.49096880131363246,0.1280788177339888,0.4975970612816978,-0.05373471694236098,0.04112663009191603,18.42,0.7357142857142858
NMR,14038,1756272600000,1.26243842364532,2.3864640166276954,63.67276486133723,2.4809405690641952,0.299455535390199,0.700544464609801,0.5221979080813897,-0.056251926435836985,0.03836647259145337,18.371,0.6985
NMR,14039,1756273500000,1.2657601977750308,2.3811379579111454,58.736089716677355,-4.936675144659873,0.19741100323624625,0.17313915857605108,0.6699803035806867,-0.05835816295078611,0.037969102001876,18.33,0.6765714285714284
NMR,14040,1756274400000,1.2075123152709364,2.328526890101325,40.79738543655644,-17.938704280120916,0.04342482589102893,0.12167144612863601,2.433507385803918,-0.07916366998869828,0.05029556338091917,17.925,0.7937142857142855
NMR,14041,1756275300000,1.0228536133415687,2.127175889841517,41.88533871170867,1.0879532751522305,0.4252669039145903,0.5747330960854097,1.2245473516438183,-0.15878968457823905,0.05053064819058402,16.375,0.8032857142857142
NMR,14049,1756282500000,1.0623383023284458,2.1745908028059233,48.370667640933,-0.06750292910890465,0.9048106448311155,0.08495394063459602,1.9031779513451523,-0.11141780349275443,0.06360325273615695,16.74,1.007857142857143
NMR,14050,1756283400000,1.0100737100737098,2.1254871395167574,51.72737897544171,3.3567113345087094,0.18644067796609579,0.8135593220339042,0.7781563861745523,-0.11695180527821258,0.061559543573932056,16.362,1.0011428571428571
NMR,14051,1756284300000,1.0937078376057894,2.2174590802805922,53.559811333182395,1.8324323577406858,0.5848670756646199,0.41513292433538007,1.3526247866418561,-0.07874143234929032,0.062280276397139046,17.07,1.0275
NMR,14052,1756285200000,1.0603639045979838,2.1770589763574955,55.204050885908195,1.6442395527258,0.07082152974504355,0.9291784702549565,0.8719126886577905,-0.09552593232230555,0.06215640843685611,16.759,1.0385714285714287
NMR,14053,1756286100000,1.1189043115096426,2.240841777084957,55.05481957757476,-0.1492313083334338,0.8333333333333343,0.1339563862928327,1.016063831177378,-0.06902693075719146,0.062314946345136846,17.25,1.0402857142857145
NMR,14054,1756287000000,1.084923076923077,2.2005715770329957,53.72028239066735,-1.3345371869074114,0.40691927512355636,0.38385502471169597,0.7532138179462147,-0.08328372747443036,0.05488867042651906,16.94,0.9092857142857146
NMR,14055,1756287900000,1.0621087516877377,2.182385035074045,53.220994688998104,-0.4992877016692461,0.46399999999999864,0.4399999999999977,0.653242440583886,-0.09085989501596403,0.05234347976478729,16.8,0.864714285714286
NMR,14056,1756288800000,1.086827824370992,2.1979734996102884,54.48855896244114,1.2675642734430355,0.47719298245614367,0.5228070175438564,0.8528341292044679,-0.08436603712322077,0.05027201894693487,16.92,0.8369285714285717
NMR,14057,1756289700000,1.1794523926985692,2.2955313068329435,60.84433164275122,6.355772680310082,0.28479853479853506,0.7152014652014649,0.8966579766252253,-0.04066232356134647,0.04943219223173141,17.671,0.8581428571428573
NMR,14058,1756290600000,1.1496932515337424,2.275915822291504,60.89389358153185,0.0495619387806272,0.33478260869565135,0.6652173913043486,0.6932856606346666,-0.0463230090904142,0.04752307464503711,17.52,0.8252857142857145
NMR,14059,1756291500000,1.1397955413228233,2.2568199532346065,50.623428861086,-10.270464720445851,0.008007117437722706,0.19928825622775778,0.938534321218256,-0.05220949263502439,0.04819574888779044,17.373,0.7939285714285719
NMR,14060,1756292400000,1.07242442936459,2.1819953234606393,47.95104864644583,-2.672380214640171,0.4785185185185186,0.11407407407407652,0.6806518428835703,-0.06292887029288707,0.04822608097501612,16.797,0.7812142857142862
NMR,14061,1756293300000,1.0854986389507548,2.18952974798649,51.810458566657395,3.8594099202115686,0.39473684210526194,0.6052631578947381,0.6675716960889345,-0.04617735272480328,0.04759894913648308,16.855,0.7894285714285719
NMR,14062,1756294200000,1.1073067857585905,2.206677058976357,52.80630069833682,0.9958421316794244,0.49504950495049194,0.5049504950495081,0.6490531623714864,-0.03870748684284997,0.04345555565067761,16.987,0.7251428571428573
NMR,14063,1756295100000,1.1263444183459015,2.234346583528189,57.46507433865824,4.658773640321421,0.015714285714284633,0.9842857142857153,0.6846052406827772,-0.02665383962424317,0.0410353797694539,17.2,0.7053571428571431
NMR,14064,1756296000000,1.1327708152376226,2.2327877370745646,51.68579510098857,-5.7792792376696696,0.0,0.2003034901365731,0.7092769031883225,-0.02733291834078433,0.04288886792938172,17.188,0.714571428571429
NMR,14065,1756296900000,1.0622139764996903,2.165887243439854,48.85002084413688,-2.8357742568516926,0.025477707006363037,0.37367303609341757,0.7187357119157891,-0.056476713259012046,0.04141880222598259,16.673,0.6783571428571429
NMR,14066,1756297800000,1.0419861263234758,2.1796570537802027,48.70764906704346,-0.14237177709341609,0.6822107081174424,0.28324697754749795,0.6317467394389503,-0.0504781845962311,0.04089988476446556,16.779,0.6692857142857144
NMR,14067,1756298700000,1.0113678034470115,2.1375681995323457,44.49779765037891,-4.209851416664556,0.09209209209209095,0.48648648648648773,1.1843458107371967,-0.06881330994284429,0.04358209222718067,16.455,0.6947857142857143
NMR,14068,1756299600000,1.0038200862600122,2.112366848532086,45.079257152742585,0.5814595023636784,0.4195046439628474,0.5804953560371526,0.78393280433578,-0.079791749193594,0.04362548021084604,16.261,0.6975714285714283
NMR,14069,1756300500000,1.0188865572151586,2.12457781241881,46.01818432903165,0.938927176289063,0.5596153846153857,0.4403846153846142,0.6456624466177595,-0.07447229924735432,0.043513446215139424,16.355,0.6989999999999997
NMR,14070,1756301400000,1.012446087492298,2.1214601195115614,46.01818432903165,0.0,0.5959821428571411,0.40401785714285887,0.7892089168776132,-0.07583045668043686,0.0429709732498577,16.331,0.6902857142857141
NMR,14072,1756303200000,1.0596313250030929,2.1626396466614706,49.91302948662142,4.140130484037215,0.43767313019390464,0.5623268698060954,1.068798953745972,-0.0578914605851395,0.04028025611420173,16.648,0.6578571428571427
NMR,14073,1756304100000,1.0394494285363152,2.1557547414912963,46.50120144563139,-3.411828040990031,0.4228295819935674,0.16398713826366373,0.6649754517160062,-0.060890724916529915,0.038693623639191266,16.595,0.6219999999999996
NMR,14078,1756308600000,1.3891848077813802,2.680306573135879,75.72161653508056,14.00478600462516,0.20670897552130493,0.793291024478695,4.3309487819279315,0.17654102754176892,0.043242411005206094,20.633,0.8626428571428565
NMR,14079,1756309500000,1.442673346237049,2.78695765133801,77.75655770621488,2.034941171134321,0.4792553191489363,0.5207446808510637,2.8081377744310023,0.03979062666602062,0.0468683751416199,21.454,0.9632857142857139
NMR,14080,1756310400000,1.509081253319172,3.0687191478306053,82.73397835713641,4.97742065092153,0.3284398388025336,0.6715601611974664,4.282459493648216,0.10110002796681283,0.052044810451535806,23.623,1.170071428571428
NMR,14081,1756311300000,1.0591652515863794,2.99298519095869,83.36771182616165,0.6337334690252447,0.18413391557496386,0.8158660844250362,2.3963933796280705,-0.02467933793337007,0.052523682049288735,23.04,1.1968571428571424
NMR,14082,1756312200000,1.0076128806440323,2.9803845154585606,73.24832680323058,-10.11938502293107,0.09679334916864617,0.27434679334916834,1.604405566195495,-0.028785505651272025,0.05851480134432114,22.943,1.2709999999999995
NMR,14097,1756325700000,1.1935043668122272,3.132112236944661,74.54571531775714,11.246771293865883,0.06590574374079601,0.934094256259204,1.0047053362912157,0.02065783346738348,0.04372806284472672,24.111,1.0464999999999998
NMR,14098,1756326600000,1.2507506141388407,3.2135619641465314,69.19742569853778,-5.348289619219358,0.41993801652892504,0.27737603305785075,0.9339016138157737,0.026004728132387633,0.045573625996951764,24.738,1.0636428571428571
NMR,14099,1756327500000,1.0793228751218646,3.0476747207066768,65.08458312283352,-4.1128425757042635,0.117813383600377,0.4278982092365699,0.546897519034149,-0.05162098795375536,0.04616572278688319,23.461,1.0550714285714284
NMR,14100,1756328400000,1.0580337808575142,3.0865159781761498,65.62892217238085,0.5443390495473324,0.7820895522388054,0.21791044776119467,0.6851742766041619,-0.03953431967014298,0.046052058849133805,23.76,1.058
ONE,18421,1760217300000,1.1183391003460206,3.3860619469026547,35.897036126499884,16.207879959729283,0.378787878787876,0.621212121212124,4.153145086939035,-0.050116369278510486,0.015190531314229013,0.006122,9.185714285714285e-05
ONE,51130,1789655400000,1.0604343720491025,2.1933322164516666,71.50586135315055,-1.9505371460411567,0.7030201342281885,0.21140939597315428,4.065429317265831,0.05819592628516013,0.046941126681087166,0.0013092,5.7042857142857126e-05
ONE,51132,1789657200000,1.043212775951151,2.186295861953426,74.40403720182046,5.18219803417702,0.3383128295254823,0.6616871704745176,2.25413279295881,-0.0032080659945004086,0.05046528678585529,0.001305,6.391428571428572e-05
ONE,51133,1789658100000,1.005638214565388,2.145417992963645,65.91399751603282,-8.490039685787636,0.15474919957310546,0.38100320170757584,1.3760058809793434,-0.021845401772074502,0.05502325255310697,0.0012806,6.727142857142858e-05
ONE,51135,1789659900000,1.019930401771591,2.1393868319651532,69.49979258278928,2.0548448759715683,0.30212765957446885,0.6978723404255311,1.1275198579642525,-0.024595172624503503,0.056801212724557675,0.001277,7.172857142857143e-05
ONE,51136,1789660800000,1.1426095178064921,2.2779360026805158,73.1500153181646,3.6502227353753227,0.44572953736654813,0.5542704626334519,2.35059447993081,0.038573174457684045,0.05792390260930272,0.0013597,7.585714285714284e-05
ONE,51137,1789661700000,1.2097868981846882,2.3452839671636787,74.81463452902975,1.6646192108651405,0.5862068965517232,0.4137931034482768,1.306957752692266,0.029565345296756584,0.06109670922958262,0.0013999,8.14785714285714e-05
ONE,51138,1789662600000,1.2079428117553612,2.328530742167867,77.58346153423741,2.768827005207669,0.17321688500727542,0.8267831149927246,1.0020225175737845,-0.007143367383384502,0.0604862119013062,0.0013899,8.334999999999995e-05
ONE,51139,1789663500000,1.4055205047318609,2.5550343441112413,83.31421557541113,5.730754041173711,0.12432065217391285,0.8756793478260871,2.3548630068944756,0.08943495963997439,0.060255413553794185,0.0015251,9.079285714285708e-05
ONE,51140,1789664400000,1.5202020202020203,2.675154967331211,83.72472430854346,0.4105087331323318,0.6920353982300887,0.3079646017699112,1.9825286016908972,0.0470133106025834,0.06326315591428192,0.0015968,9.607142857142852e-05
ONE,51141,1789665300000,1.51821349382325,2.6637627743340593,84.22417168078053,0.49944737223707136,0.6000000000000009,0.3999999999999991,1.1129690598913238,-0.004258517034068099,0.062494757151245674,0.00159,9.578571428571424e-05
ONE,51142,1789666200000,1.6003187250996014,2.733623722566594,85.097402262235,0.8732305814544645,0.6105610561056104,0.38943894389438954,1.0314467093123378,0.021856212424849808,0.06196406790231016,0.0016317,9.652142857142854e-05
ONE,51143,1789667100000,1.5527192008879025,2.697269224325683,85.59542579811207,0.49802353587708126,0.6585365853658541,0.34146341463414587,0.7206475311498892,-0.013299013299013285,0.059720682574009115,0.00161,9.389285714285713e-05
ONE,51144,1789668000000,1.5821596244131455,2.7642821243089295,86.3797192929502,0.7842934948381242,0.6013215859030825,0.39867841409691746,0.8513774493089474,0.011215296929582674,0.05758072315048621,0.00165,9.18642857142857e-05
ONE,51145,1789668900000,1.5234082397003745,2.7089964818227505,75.17052310660593,-11.209196186344272,0.16155572176514485,0.39715781600598454,0.9628611583587937,-0.020000000000000018,0.06385055975006508,0.001617,9.809999999999999e-05
ONE,51146,1789669800000,1.6414504532666458,2.831295024292176,78.74932517914624,3.578802072540313,0.493716337522442,0.506283662477558,1.1429994788661,0.0242424242424244,0.06339480115529882,0.00169,0.00010190714285714285
ONE,51147,1789670700000,1.550093926111459,2.7291003518177246,76.25226393405985,-2.4970612450863854,0.38939670932358195,0.33272394881169853,0.392587388558688,-0.03609467455621307,0.06224265530387979,0.001629,9.912142857142856e-05
ONE,51148,1789671600000,1.4914356898162566,2.680515999329871,64.72886667787539,-11.523397256184467,0.07142857142857317,0.1945488721804513,0.6156420526043525,-0.053254437869822535,0.06736728898783974,0.0016,0.00010201428571428573
ONE,51149,1789672500000,1.3868954758190326,2.5632434243591886,65.3348738894694,0.6060072115940187,0.16258351893095374,0.8374164810690462,0.43770784189551626,-0.0946745562130179,0.06689714698514855,0.00153,0.00010186428571428571
ONE,51150,1789673400000,1.385669781931464,2.565923940358519,57.89943428518827,-7.435439604281136,0.11097256857855173,0.16209476309226944,0.45590566943050814,-0.09372781065088764,0.06798981542903967,0.0015316,9.956428571428571e-05
ONE,51151,1789674300000,1.3746289642243399,2.5464901993633773,61.76557261183321,3.8661383266449363,0.12998266897747154,0.8700173310225284,0.3366376122593305,-0.10059171597633132,0.06321133412042504,0.00152,9.560714285714287e-05
ONE,51152,1789675200000,1.4180747170981243,2.613335567096666,64.28430642412667,2.518733812293462,0.17101827676239983,0.8289817232376002,0.4588271854311626,-0.07698224852071012,0.06217444308988143,0.0015599,9.61714285714286e-05
ONE,51153,1789676100000,1.3985439900867411,2.5942368906014406,63.39271372932131,-0.891592694805361,0.03791469194312884,0.7985781990521319,0.2888333334371677,-0.08372781065088764,0.05757884972170689,0.0015485,8.867142857142861e-05
ONE,51154,1789677000000,1.45667701863354,2.650527726587368,64.7999031329482,1.4071894036268944,0.4867617107942964,0.5132382892057036,0.3554211708792561,-0.063846153846154,0.05397711645305024,0.0015821,8.410714285714289e-05
ONE,51155,1789677900000,1.4287925696594428,2.628581001842855,60.326634172812554,-4.473268960135648,0.20000000000000265,0.11428571428571264,0.257774389946684,-0.07159763313609468,0.052953404749419446,0.001569,8.078571428571431e-05
ONE,51156,1789678800000,1.4026356589147286,2.596247277600938,55.86755248884759,-4.4590816839649605,0.3956228956228968,0.005050505050504257,0.3281446394819163,-0.08301775147929003,0.05123536064096913,0.0015497,7.637142857142858e-05
ONE,51157,1789679700000,1.34666046799938,2.536940861115765,57.8609812730603,1.9934287842127034,0.027965284474446666,0.9720347155255533,0.7302543969691729,-0.10396449704142008,0.05271838787122631,0.0015143,7.967857142857144e-05
ONE,51158,1789680600000,1.3613615169412494,2.5453174736136703,56.12829536226466,-1.732685910795638,0.19761904761904628,0.4976190476190514,0.22220735877923642,-0.10100591715976337,0.05085626561397486,0.0015193,7.619285714285714e-05
ONE,51159,1789681500000,1.3297213622291024,2.5213603618696596,53.78913826202205,-2.339157100242609,0.153153153153152,0.4459459459459446,0.32181213051235136,-0.10946745562130178,0.047159068977496436,0.001505,6.981428571428572e-05
ONE,51160,1789682400000,1.4964163290744783,2.6842017088289496,63.425918189719845,9.636779927697795,0.13145896656534992,0.8685410334346501,1.4992203142801377,-0.05195266272189358,0.04244972643609781,0.0016022,6.727857142857141e-05
ONE,51161,1789683300000,2.1891637958033194,3.411961802647009,78.95622853511888,15.530310345399037,0.22978994271164857,0.7702100572883515,3.97347700540495,0.20508875739644972,0.050321897155896016,0.0020366,9.703571428571428e-05
ONE,51162,1789684200000,2.060790748554462,3.281286647679678,73.9073372893086,-5.048891245810282,0.23589341692789892,0.3605015673981192,1.7892124503549087,-0.038299125994304184,0.052503995737879595,0.0019586,9.855e-05
ONE,51163,1789685100000,1.9216783216783218,3.499748701625063,77.28842025973594,3.381082970427343,0.37583643122676647,0.6241635687732335,1.5987575731677208,0.025729156437199308,0.05762721608589108,0.002089,0.00011455714285714287
ONE,51164,1789686000000,1.8647066648929096,3.60763947059809,70.21971882770633,-7.068701432029613,0.4888366627497063,0.27878965922444154,2.6470291563227866,0.030828147438966003,0.0697850291644516,0.0021534,0.0001331428571428572
ONE,51165,1789686900000,1.3206495395055744,3.2082425866979394,67.7506945139614,-2.4690243137449244,0.12500000000000192,0.35387323943662113,1.0052446727700948,-0.11070864679112113,0.07085054114282674,0.001915,0.00013307857142857147
ONE,51166,1789687800000,1.4305804142163128,3.185123136203719,67.44869873514934,-0.3019957788120706,0.18515624999999974,0.7937500000000002,1.5491865422694335,-0.11711711711711714,0.07294111371879669,0.0019012,0.00013675000000000004
ONE,51167,1789688700000,1.006066411238825,3.157815379460546,57.86209363089208,-9.586605104257252,0.0772946859903371,0.09661835748792214,1.177082158159959,-0.12468654221231557,0.08214692946733997,0.0018849,0.0001440857142857143
ONE,51326,1789831800000,1.0105518323114215,4.724409448818897,75.86962805445344,7.660097310623442,0.13438368860055586,0.8656163113994442,4.26939410035304,0.07412203854650712,0.03635153810718123,0.00282,0.00010145714285714282
ONE,51328,1789833600000,1.0211187932118166,5.387167029653208,82.27172246290299,2.4332036189755115,0.5553083280356004,0.4446916719643996,5.143292470236223,0.07476854172933578,0.04054250856184494,0.0032156,0.00012328571428571426
ONE,51331,1789836300000,1.0229446628718972,5.775339252806165,74.98340737882388,-12.257552541959583,0.30537229029217705,0.17656299088909883,2.153397025178216,0.027388686892769742,0.0524972641323263,0.0034473,0.00016721428571428573
ONE,51336,1789840800000,1.0324261047702663,5.817389847545653,75.38505883970703,4.959242621478353,0.30338508526342556,0.6966149147365744,1.1244735805477741,0.007281060540133,0.06617559346296074,0.0034724,0.0002219
ONE,51337,1789841700000,1.3630378556313194,6.734796448316301,83.69768371219025,8.312624872483227,0.159047358335615,0.840952641664385,2.529441417592881,0.1577007257228431,0.0679155108941471,0.00402,0.00026512857142857145
ONE,51338,1789842600000,1.407177852547075,6.831965153292009,83.77164618373514,0.07396247154488833,0.38879851266558296,0.611201487334417,1.845426352811208,0.014427860696517358,0.07354730062940873,0.004078,0.0002876214285714287
ONE,51339,1789843500000,1.3646372277704248,6.584855084603785,78.84725167677722,-4.924394506957924,0.11549622751015556,0.3731863029599527,0.6973820559143835,-0.03616969102501233,0.07614874334298795,0.0039305,0.0002910785714285714
ONE,51340,1789844400000,1.4294150212216272,6.616686212095828,79.2639821658351,0.41673048905788335,0.5521472392638024,0.44785276073619756,0.5910643072470876,-0.03151054438450229,0.07491791418554176,0.0039495,0.00028847142857142856
ONE,51341,1789845300000,1.441697817436392,6.78472105880382,81.08427721238735,1.8202950465522463,0.3129870129870124,0.6870129870129875,0.6493693128862855,-0.006915154487493802,0.07303223489270003,0.0040498,0.00029048571428571434
ONE,51342,1789846200000,1.525252525252525,7.036354498240911,82.79411773144929,1.7098405190619417,0.29411764705882276,0.7058823529411772,0.8848742159166588,0.029916625796959195,0.07045209716092715,0.0042,0.0002896285714285715
ONE,51343,1789847100000,1.494290179108066,6.952588373261853,76.60494442545979,-6.189173305989499,0.13947001394700165,0.4776847977684793,0.6893768987130291,-0.011904761904761862,0.07471947831179872,0.00415,0.0002988928571428572
ONE,51344,1789848000000,1.465846153846154,6.713017255821746,63.409967668967376,-13.194976756492416,0.01173020527859303,0.4942211488701055,1.0473825666204128,-0.045952380952380856,0.08489187047536986,0.004007,0.0003152714285714286
ONE,51345,1789848900000,1.483493077742279,6.641648517339587,67.59129791631119,4.181330247343816,0.1673177083333337,0.8326822916666663,0.5431075803724565,-0.05609523809523809,0.08036763900551276,0.0039644,0.00031447857142857143
ONE,51346,1789849800000,1.488679945564766,6.74015748031496,66.96248396389109,-0.6288139524201029,0.6055798687089706,0.31400437636761425,0.4612003136770351,-0.04209523809523796,0.07904275671990796,0.0040232,0.0003080928571428572
ONE,51347,1789850700000,1.4638728323699417,6.569777182107555,66.99946187907483,0.036977915183740606,0.1292596944770828,0.8707403055229173,0.3516263608342349,-0.06630952380952382,0.07704467605736999,0.0039215,0.0003004357142857143
ONE,51348,1789851600000,1.4763566132951218,6.6590718713352315,67.54484640522185,0.5453845261470178,0.18541142651814524,0.8145885734818548,0.5755112838789126,-0.05361904761904768,0.07973083197389885,0.0039748,0.00031279999999999996
ONE,51349,1789852500000,1.5806189941345314,6.928631261517841,69.04425205807681,1.4994056528549606,0.6365591397849447,0.3634408602150553,0.6134674227085735,-0.015309523809523773,0.08018406600295909,0.0041357,0.00031975
ONE,51350,1789853400000,1.9047231270358305,7.76863796280784,76.37404726680214,7.329795208725329,0.37625570776255657,0.6237442922374434,1.5325360349693697,0.10407142857142859,0.07713485175386356,0.0046371,0.00033861428571428567
ONE,51351,1789854300000,1.8260025062656644,7.556207069860948,75.42246367013716,-0.9515835966649746,0.33793686583991017,0.6045659526493787,0.8286829023083498,-0.02734467662979012,0.07134357633213467,0.0045103,0.00031177142857142853
ONE,51352,1789855200000,1.8872709013306554,7.7064834980733785,71.41608396635455,-4.006379703782613,0.6573306659045443,0.10488711060303114,1.0779247437697757,-0.008000690086476414,0.07138858155933828,0.0046,0.00030602857142857136
ONE,51353,1789856100000,1.7114430869722996,7.51063829787234,73.57961741257404,2.163533446219489,0.37992125984252034,0.6200787401574797,0.6073930856923355,-0.0332104116797135,0.06995976174804563,0.0044831,0.00030823571428571425
ONE,51354,1789857000000,1.4410145081012389,7.723404255319148,73.75207449148499,0.17245707891095208,0.767955801104971,0.232044198895029,0.9279589065797201,-0.005822604645144613,0.07100635747448113,0.0046101,0.00031352857142857144
ONE,51355,1789857900000,1.592733220398388,7.43591891439102,67.13075559406994,-6.621318897415051,0.05394896719319568,0.6167679222357242,1.0560023568994277,-0.04282849194539695,0.07625243612675867,0.0044385,0.00032642142857142853
ONE,51356,1789858800000,1.716917080530584,7.240408778689897,65.00768966701594,-2.123065927054,0.15101289134438073,0.6813996316758757,0.8997129902400612,-0.06799508313385527,0.07654711590678347,0.0043218,0.0003242
ONE,51357,1789859700000,1.4880903849513714,7.157480314960629,52.17434646875646,-12.833343198259477,0.09069381955955441,0.13426474070565916,1.0694073805831257,-0.07866985831662032,0.08546306894017236,0.0042723,0.00033387857142857136
ONE,51358,1789860600000,1.1511033808022613,6.630256324342436,45.70185102989286,-6.472495438863604,0.10832824272042388,0.45062105477499503,2.027050641795684,-0.14653555023613885,0.08881989261890555,0.0039576,0.0003275499999999999
ONE,51360,1789862400000,1.0759527643585614,6.479309767130172,48.212229810042295,3.6446292429676177,0.24182015167930654,0.7581798483206934,1.4311360845558205,-0.16596579758901042,0.09234803908517267,0.0038675,0.00034685
ONE,51362,1789864200000,1.0650219298245616,6.310269726922432,41.341733835107405,-4.788152137169881,0.2660642570281128,0.14658634538152635,0.6612079142689524,-0.1877250867999396,0.09975509739150246,0.0037666,0.00035030000000000006
ONE,51394,1789893000000,1.121101918356214,7.8170547830457355,68.36362246353377,6.204099050106116,0.4572490706319707,0.5427509293680294,2.908517221437952,0.09790818607496643,0.05250994786611038,0.004666,0.0002333857142857142
ONE,51395,1789893900000,1.0863640548752413,7.592561568101859,66.74454859653815,-1.6190738669956204,0.42843137254901925,0.4009803921568637,1.1974693703538946,-0.02871838834119167,0.05200754164425984,0.004532,0.00022934285714285704
ONE,51396,1789894800000,1.00986336078183,7.442117607639471,57.629783806085136,-9.114764790453016,0.10546875000000026,0.1920572916666664,1.3834871671247038,-0.04796399485640801,0.054365079365079345,0.0044422,0.00022800714285714277
OPN,9622,1780507800000,1.0675675675675675,2.2315405651777573,88.48501439443578,3.1056448321644865,0.3901734104046239,0.6098265895953761,4.240883415655655,0.13860465116279075,0.06830955469087766,0.2448,0.0158
OPN,9623,1780508700000,1.0841666666666665,2.2798541476754783,89.99912799902688,1.5141136045911026,0.20481927710843364,0.7951807228915664,2.6415341763217275,0.021650326797385544,0.07107871720116617,0.2501,0.017414285714285712
OPN,9624,1780509600000,1.160100586756077,2.349134001823154,90.38665186627664,0.3875238672497545,0.45360824742267974,0.5463917525773203,2.4122739600162983,0.030387844862055147,0.07349480571658153,0.2577,0.018292857142857142
OPN,9625,1780510500000,1.2024793388429753,2.4293527803099364,83.83810449048323,-6.5485473757934045,0.5102639296187689,0.2697947214076249,2.3963619295195175,0.03414823438106329,0.08387535477767263,0.2665,0.02026428571428571
OPN,9626,1780511400000,1.0981193785772687,2.3391066545123063,85.25634583679329,1.4182413463100545,0.32258064516129054,0.6774193548387095,1.562822301753889,-0.03714821763602261,0.08471097936381256,0.2566,0.021228571428571427
OPN,9627,1780512300000,1.1426242868785659,2.3965360072926165,83.16064582079619,-2.095700015997096,0.7935483870967757,0.05161290322580609,1.3037844077744456,-0.013508442776735463,0.08872453090825372,0.2629,0.022021428571428574
OPN,9628,1780513200000,1.1220504475183075,2.377392889699179,84.4630760737427,1.3024302529465075,0.24999999999999756,0.7500000000000024,1.4435317216036874,-0.021388367729831326,0.0901653077180833,0.2608,0.02306428571428571
OPN,9629,1780514100000,1.2334983498349836,2.4676390154968093,85.16232905427418,0.6992529805314831,0.4510638297872341,0.5489361702127659,1.055487047976734,0.01575984990619128,0.08881199538638981,0.2707,0.023099999999999992
OPN,9630,1780515000000,1.2149377593360997,2.4329990884229717,85.72546784297703,0.5631387887028438,0.20121951219512316,0.7987804878048769,0.8759770693146349,-0.01403768008865891,0.08229460221114243,0.2669,0.021692857142857146
OPN,9631,1780515900000,1.1586655817737999,2.418413855970829,76.84167608861816,-8.883791754358867,0.07391304347826,0.49565217391304334,1.0573049858014774,-0.019948282231252334,0.08615349963398838,0.2653,0.021857142857142853
OPN,9632,1780516800000,1.1204918032786884,2.3582497721057427,77.12532789723059,0.2836518086124329,0.21311475409835862,0.7868852459016413,0.9245125011429286,-0.04432951606944957,0.08552926665171563,0.2587,0.021792857142857145
OPN,9633,1780517700000,1.0957015409570157,2.355515041020966,74.61989321059058,-2.5054346866400152,0.3303571428571457,0.4285714285714279,0.5558825445446892,-0.04543775397118577,0.08441043083900227,0.2584,0.02127142857142857
OPN,9634,1780518600000,1.0263578274760379,2.3126709206927982,71.83745612568514,-2.782437084905439,0.1808510638297852,0.4893617021276622,0.4541838105966326,-0.0628001477650536,0.08322332548929573,0.2537,0.02071428571428571
OPN,9637,1780521300000,1.00546875,2.340018231540565,68.70265159682916,1.11904641038646,0.6605504587155953,0.3394495412844047,0.19873553445210387,-0.051717768747691184,0.0707987403378185,0.2567,0.017664285714285716
OPN,9638,1780522200000,1.0606060606060606,2.4175022789425706,73.54915643615291,4.846504839323757,0.11377245508982117,0.8862275449101789,0.3343364455592475,-0.020317694865164437,0.06635559654929198,0.2652,0.017471428571428575
OPN,9639,1780523100000,1.0999231360491932,2.4904284412032816,73.73956212373318,0.19040568758026666,0.5568862275449089,0.4431137724550911,0.6286074346085545,0.009235315847802017,0.0614951550912142,0.2732,0.01622857142857143
OPN,9640,1780524000000,1.0625476735316552,2.4649042844120324,71.70146656542994,-2.0380955583032403,0.5641025641025642,0.2564102564102569,0.41148743118927716,-0.01024890190336758,0.06012882799279437,0.2704,0.015735714285714287
OPN,9643,1780526700000,1.0064672594987876,2.2625341841385596,50.42735724689788,-8.069272578088714,0.15238095238095284,0.2619047619047609,0.9091188187926427,-0.09150805270863838,0.0632021609675241,0.2482,0.014707142857142858
OPN,9645,1780528500000,1.0346248969497114,2.249772105742935,55.30424287442805,7.81186764559677,0.24615384615384622,0.7538461538461538,1.200833459547432,-0.09663250366032217,0.05826446280991736,0.2468,0.0141
OPN,9646,1780529400000,1.0394088669950738,2.2643573381950777,54.58052690700785,-0.7237159674201976,0.6018518518518522,0.2962962962962944,0.6814154024106663,-0.0907759882869692,0.05633009017560513,0.2484,0.013564285714285714
OPN,9647,1780530300000,1.0116375727348297,2.2060164083865086,47.74047073232885,-6.840056174678999,0.06711409395973161,0.10067114093959743,0.8797901897825297,-0.11420204978038073,0.06049243844519435,0.242,0.013828571428571428
OPN,9699,1780577100000,1.0739817123857023,2.2743846855059253,69.25543358157535,11.131866458118068,0.10135135135135148,0.8986486486486485,2.1974579599992907,0.09670329670329658,0.05583888727904955,0.2495,0.013764285714285715
OPN,9700,1780578000000,1.1395154553049291,2.3345487693710116,62.76507218212047,-6.490361399454876,0.431718061674009,0.15859030837004373,2.3479374631388885,0.026452905811623184,0.06006630500301387,0.2561,0.014235714285714286
ORDI,36318,1776324600000,1.0417479516191959,2.509832134292566,78.61975692649878,5.9544287017980935,0.1039999999999992,0.8960000000000008,2.649775048760085,0.07343589743589729,0.042035459232911444,5.233,0.2177857142857142
ORDI,36319,1776325500000,1.0766835344492018,2.5587529976019185,75.47898458499657,-3.1407723415022133,0.44927536231884163,0.35362318840579704,2.628727877086468,0.019491687368622168,0.04548122065727697,5.335,0.23249999999999987
ORDI,36322,1776328200000,1.078197226502311,2.5875299760191846,71.90802471622973,1.676316496177492,0.6545454545454539,0.3454545454545461,1.7130091693196137,0.011246485473289436,0.051847604128786806,5.395,0.26478571428571424
ORDI,36323,1776329100000,1.0285493827160495,2.521822541966427,72.09198661502586,0.18396189879612734,0.5640000000000001,0.43599999999999994,1.0621965521652559,-0.025393883225208413,0.053672631843435036,5.258,0.2746428571428571
ORDI,36324,1776330000000,1.0479846449136279,2.5587529976019185,73.96478742721382,1.8728008121879611,0.4496124031007739,0.5503875968992261,1.3921684849842328,-0.011121408711770031,0.053335340650918335,5.335,0.2783571428571428
ORDI,36325,1776330900000,1.0614439324116742,2.574580335731415,63.36894151690612,-10.595845910307702,0.3616504854368933,0.06553398058252245,1.5396257834056744,-0.005004633920296486,0.059717324617986865,5.368,0.29757142857142854
ORDI,36336,1776340800000,1.1677018633540373,2.8455635491606714,75.10957352619263,6.4479475878641495,0.13550600343053124,0.8644939965694688,2.1552380986190465,0.08108600583090375,0.047269266435648404,5.933,0.27671428571428575
ORDI,36337,1776341700000,1.3076640997433078,3.018225419664269,77.82830463019476,2.7187311040021314,0.475225225225226,0.5247747747747741,2.4811601710020663,0.060677566155401985,0.04777563771315827,6.293,0.2905714285714286
ORDI,36338,1776342600000,1.6955093099671412,3.5410071942446044,85.24860473498053,7.420300104785767,0.23813002191380547,0.7618699780861945,3.313926552582545,0.17320832671221997,0.05242008947549545,7.383,0.36992857142857144
ORDI,36339,1776343500000,1.5807030129124824,3.4508393285371706,81.053870699937,-4.194734035043538,0.23310810810810773,0.530405405405405,2.4053786651515487,-0.02546390356223749,0.055339845928251315,7.195,0.38278571428571434
ORDI,36340,1776344400000,1.520987654320988,3.4278177458033574,82.0396002991009,0.9857295991639035,0.15287769784172653,0.8471223021582734,1.8419776160810597,-0.03196532574834077,0.057733543714852134,7.147,0.4077142857142858
ORDI,36341,1776345300000,1.6240418118466895,3.611990407673861,82.9800761162615,0.9404758171606034,0.5719298245614034,0.42807017543859655,1.9924970079140012,0.020046051740484794,0.06052344601962923,7.531,0.4360714285714286
ORDI,36342,1776346200000,1.5470505617977528,3.479136690647482,76.43891940384512,-6.541156712416381,0.10958904109588855,0.3926940639269422,1.1075425984271208,-0.036781303943699384,0.06481519339275493,7.254,0.45292857142857146
ORDI,36343,1776347100000,1.5202393523407252,3.434052757793765,66.45572957417559,-9.983189829669527,0.18901098901098867,0.38901098901098907,1.7808081509095148,-0.04926304607621823,0.07637146318248682,7.16,0.504357142857143
ORDI,36344,1776348000000,1.4505689900426746,3.3050359712230217,68.85159979784771,2.3958702236721194,0.12854757929883126,0.8714524207011687,1.1983045219560287,-0.08498207409374581,0.0774980083022349,6.891,0.5280714285714286
ORDI,36345,1776348900000,1.4481546572934971,3.34052757793765,69.44475985595699,0.5931600581092766,0.261333333333333,0.738666666666667,0.7199197320634368,-0.07515602177665648,0.07761759137905927,6.965,0.533
ORDI,36346,1776349800000,1.5131124913733611,3.493045563549161,70.31764463277082,0.8728847768138337,0.7606263982102924,0.23937360178970762,0.8193181054513029,-0.03293055371132647,0.07920618917306228,7.283,0.5499285714285714
ORDI,36347,1776350700000,1.4803418803418804,3.4796163069544366,72.88598187124867,2.5683372384778522,0.1979695431472088,0.8020304568527912,0.5770152688407921,-0.03664851945292791,0.07857441429964769,7.255,0.5639285714285714
ORDI,36348,1776351600000,1.5045359385903696,3.4426858513189447,66.1669905938227,-6.718991277425971,0.0,0.2147239263803665,0.5494329767583565,-0.046872925242331664,0.08318198703925372,7.178,0.5757857142857142
ORDI,36349,1776352500000,1.5634000702493855,3.500239808153477,68.9586188640366,2.7916282702138915,0.37958115183246227,0.6204188481675378,0.4788219844390503,-0.030938786349754333,0.07973677378123065,7.298,0.5703571428571428
ORDI,36350,1776353400000,1.802174675552438,3.8316546762589927,75.9376987216119,6.9790798575753,0.08604407135361997,0.9139559286463801,1.1854261840231384,0.06081529677333686,0.07547561834902167,7.989,0.5967857142857144
ORDI,36351,1776354300000,2.0591510090466247,4.216786570743405,80.25030470629777,4.312605984685874,0.20019531250000006,0.7998046874999999,1.644774806863943,0.10051320565777955,0.0743233126486882,8.792,0.6382142857142856
ORDI,36352,1776355200000,2.35431969220007,4.599520383693045,82.72203717946897,2.471732473171201,0.37406296851574267,0.6259370314842574,1.9152051498644151,0.09076433121019112,0.06992787214984991,9.59,0.6357142857142856
ORDI,36353,1776356100000,2.340220385674931,4.652278177458033,74.530403804076,-8.191633375392968,0.5170068027210873,0.13265306122449028,1.3680651661163843,0.011470281543274119,0.07804476629361422,9.7,0.6774285714285714
ORDI,36354,1776357000000,1.9939839572192515,4.296402877697842,69.97320834636292,-4.557195457713078,0.3232558139534891,0.38488372093023226,1.268009766186204,-0.07649484536082463,0.08294493500330491,8.958,0.6991428571428571
ORDI,36355,1776357900000,1.717948717948718,4.117985611510791,66.50137519207746,-3.471833154285463,0.16202270381836942,0.6326109391124873,0.9827968071531273,-0.11484536082474217,0.08841346988370076,8.586,0.7276428571428573
ORDI,36356,1776358800000,1.737870195337114,4.167865707434053,69.29617583414586,2.7948006420683953,0.16689655172413617,0.8331034482758638,0.6279922914452544,-0.10412371134020615,0.08730807062000898,8.69,0.748142857142857
ORDI,36357,1776359700000,1.8600064662140317,4.242685851318945,68.82192402240804,-0.4742518117378154,0.5207547169811323,0.42830188679245057,0.5022333892895435,-0.08804123711340195,0.08439658199695656,8.846,0.7209999999999999
ORDI,36358,1776360600000,1.907948476280239,4.4393285371702635,72.88761577054562,4.065691748137581,0.2503401360544234,0.7496598639455766,0.7763677408454709,-0.045773195876288586,0.0805461073318216,9.256,0.7307142857142855
ORDI,36359,1776361500000,1.9040199439077594,4.469544364508394,67.34539588044971,-5.542219890095907,0.3828125000000012,0.12968750000000018,0.6171808362332818,-0.0392783505154638,0.08555613525939934,9.319,0.749642857142857
ORDI,36360,1776362400000,1.874114616870573,4.281534772182254,62.24808971415369,-5.097306166296022,0.1990291262135919,0.42354368932038866,0.6876875362781476,-0.07969072164948454,0.09188019741734837,8.927,0.7765714285714285
ORDI,36361,1776363300000,1.7784219001610309,4.137649880095924,62.63129234757768,0.3832026334239842,0.35051546391752847,0.6494845360824716,0.34910814703630905,-0.11061855670103082,0.09140770900280969,8.627,0.776142857142857
ORDI,36362,1776364200000,1.8474847805190646,4.262350119904077,62.84996183554224,0.21866948796456143,0.6672597864768669,0.33274021352313304,0.48134423815568345,-0.0838144329896906,0.0931625939849624,8.887,0.793
ORDI,36363,1776365100000,1.8699710331509491,4.2767386091127095,64.8338975012271,1.9839356656848608,0.41972920696325094,0.580270793036749,0.38346326815678516,-0.08072164948453608,0.09225779967159277,8.917,0.802642857142857
ORDI,36364,1776366000000,1.9824000000000002,4.470023980815348,68.87989111279758,4.045993611570481,0.2876106194690266,0.7123893805309733,0.6730581153652538,-0.039175257731958624,0.08580821917808219,9.32,0.783
ORDI,36365,1776366900000,1.9739102768055998,4.482973621103118,60.517067697053285,-8.362823415744295,0.25780346820809125,0.19537572254335311,0.6672877619380212,-0.036391752577319525,0.08919695493501989,9.347,0.7716428571428571
ORDI,36366,1776367800000,1.769515581610614,4.305035971223022,61.043619968137,0.526552271083716,0.6174496644295324,0.3825503355704676,0.4006544546260877,-0.07463917525773178,0.08141215106732348,8.976,0.7082857142857143
ORDI,36367,1776368700000,1.7946484131922835,4.307913669064748,62.975287548566016,1.9316675804290142,0.3219814241486057,0.6780185758513942,0.2626470067325319,-0.07402061855670106,0.07291700189875454,8.982,0.6473571428571427
ORDI,36368,1776369600000,1.7736612702366128,4.272901678657075,55.73531625345052,-7.239971295115495,0.03409090909091035,0.4727272727272727,0.7270592422201478,-0.08154639175257716,0.07682483295271927,8.909,0.6487857142857143
ORDI,36369,1776370500000,1.6328339957199636,4.130455635491606,56.38382287326674,0.6485066198162173,0.3506097560975623,0.6493902439024377,0.31596296610942165,-0.11216494845360814,0.07096622337295516,8.612,0.603
ORDI,36370,1776371400000,1.7278637770897833,4.22589928057554,57.82967468155254,1.445851808285802,0.431330472103006,0.568669527896994,0.3366894769078815,-0.09164948453608246,0.06788617886178862,8.811,0.5845
ORDI,36371,1776372300000,1.7263945154253664,4.196163069544365,55.08028866725992,-2.749386014292618,0.3629242819843363,0.22454308093994804,0.2840817601870541,-0.09804123711340196,0.06791292001893044,8.749,0.5740000000000001
ORDI,36372,1776373200000,1.6340030911901087,4.086810551558753,53.51941961118046,-1.5608690560794614,0.23232323232323468,0.46464646464646336,0.2887668753543783,-0.1215463917525772,0.0649024498582021,8.521,0.5427142857142859
ORDI,36373,1776374100000,1.5783206106870233,4.049880095923262,37.3650974097913,-16.154322201389164,0.04364023416711055,0.27780734433209114,2.041528615928156,-0.12948453608247412,0.08906650003023649,8.444,0.631214285714286
ORDI,36374,1776375000000,1.1967312348668284,3.4810551558753,37.34605479553826,-0.019042614253038437,0.3380566801619431,0.6497975708502022,0.5271536983521093,-0.22349416925216647,0.08576469402157477,7.258,0.6076428571428573
ORDI,36375,1776375900000,1.1652505127453852,3.544364508393285,41.593449035833785,4.247394240295527,0.060606060606060726,0.9393939393939392,1.0266760701564694,-0.2093719910131593,0.08531584062196311,7.39,0.6270714285714288
ORDI,36376,1776376800000,1.2397884219806055,3.6556354916067146,44.51313738481546,2.9196883489816727,0.17999999999999886,0.8200000000000012,0.8719380849977396,-0.18455119289611632,0.08209407619300207,7.622,0.6190714285714287
ORDI,36377,1776377700000,1.2017872585759584,3.663309352517986,45.1011318516501,0.587994466834644,0.18042813455657544,0.8195718654434245,0.5466242140397728,-0.18283941371563062,0.07989180630690067,7.638,0.6055000000000001
ORDI,36378,1776378600000,1.393141457440294,3.7486810551558754,47.224951320921306,2.1238194692712042,0.30746268656716347,0.6925373134328365,0.6100101461649142,-0.16379587033272702,0.07532736937637756,7.816,0.5810000000000001
ORDI,36379,1776379500000,1.4291411042944784,3.798081534772182,46.502054627319,-0.7228966936023085,0.6509433962264154,0.1949685534591206,0.6506744583108353,-0.1527762918583503,0.07072015808802967,7.919,0.5419285714285714
ORDI,36380,1776380400000,1.3924551262549438,3.771702637889688,47.129584811424614,0.6275301841056162,0.4700854700854702,0.5299145299145298,0.8059956970973371,-0.1586605327912699,0.06949882173937245,7.864,0.5350714285714285
ORDI,36381,1776381300000,1.6359461114513167,4.129016786570744,57.816640286260935,10.68705547483632,0.2054644808743176,0.7945355191256824,1.5776794651495483,-0.07895581469990365,0.06856158922421837,8.609,0.5773571428571429
ORDI,36382,1776382200000,1.5570489844683393,4.1059952038369305,59.24212432266051,1.425484036399574,0.055427251732099635,0.9445727482679004,0.7773155001638303,-0.08409115224136088,0.06388995799795845,8.561,0.5454285714285714
ORDI,36383,1776383100000,1.4997086247086249,4.114628297362111,59.09381109973466,-0.14831322292585014,0.0760233918128684,0.9025341130604274,0.7650891919350249,-0.08216540066331435,0.0654992211446661,8.579,0.5586428571428571
ORDI,36384,1776384000000,1.542034097589653,4.147721822541967,58.11454927632447,-0.9792618234101909,0.24691358024691254,0.6522633744855949,0.9016509307327504,-0.07478335294746974,0.06605394841035837,8.648,0.5600714285714286
ORDI,36385,1776384900000,1.90842713720718,4.585131894484412,67.8199749856249,9.705425709300428,0.21811460258780083,0.7818853974121992,2.0531478414199764,0.022788060340216187,0.06542256542256543,9.56,0.61
ORDI,36386,1776385800000,1.8051801801801801,4.7788968824940055,68.42604351512796,0.6060685295030623,0.7151741293532349,0.28482587064676507,2.01127896595688,0.04225941422594137,0.06882674254066308,9.964,0.6462142857142856
ORDI,36387,1776386700000,1.8617909588252233,4.766906474820144,72.50177000976,4.075726494632036,0.12998266897746844,0.8700173310225315,1.1621422303147757,-0.0025090325170614713,0.056084173328698854,9.939,0.5532142857142855
ORDI,36388,1776387600000,2.038917089678511,5.168345323741007,76.17619100524946,3.67442099548947,0.40104166666666685,0.5989583333333331,2.06552326007502,0.08149337615415497,0.05644307573861995,10.776,0.5864999999999999
ORDI,36389,1776388500000,1.9108085579327594,5.024460431654677,62.281749308376135,-13.89444169687333,0.08548707753479153,0.1033797216699793,1.4348736895625298,-0.027839643652561197,0.06384105762630934,10.476,0.6112142857142856
ORDI,36390,1776389400000,1.809851403412218,4.897362110311751,58.23534765257567,-4.046401655800466,0.3856882959369319,0.43844754396604024,1.9560567831394833,-0.05243132887899027,0.07505192707131318,10.211,0.6968571428571428
ORDI,36391,1776390300000,1.5514526201466197,4.506954436450839,56.28668467181087,-1.9486629807648015,0.14231257941550188,0.6759847522236334,1.213033929104697,-0.12796956198960652,0.07981998312341781,9.397,0.7297142857142856
ORDI,36392,1776391200000,1.382697201017812,4.491127098321344,56.102892371912304,-0.18379229989856327,0.6666666666666702,0.29429429429429105,0.590251374433768,-0.1310319227913882,0.07991800071984102,9.364,0.7295714285714286
ORDI,36393,1776392100000,1.3187817258883245,4.3817745803357315,51.06151154271448,-5.041380829197827,0.014362657091560394,0.33213644524236835,0.954427963910816,-0.15219005196733493,0.0851943013627176,9.136,0.746642857142857
ORDI,36394,1776393000000,1.1266620013995805,4.372661870503598,53.11265329103798,2.051141748323502,0.5207756232686989,0.4792243767313012,0.4581069779160163,-0.15395322939866363,0.08369998240084477,9.117,0.7473571428571429
ORDI,36395,1776393900000,1.1765821284664613,4.4043165467625895,53.993624910729395,0.8809716196914152,0.6524822695035435,0.3475177304964565,0.528773825279951,-0.14782850779510026,0.07802454240947407,9.183,0.7021428571428572
ORDI,36397,1776395700000,1.1798715203426124,4.3942446043165475,51.36954900126719,-3.916589392771691,0.1620253164556958,0.20253164556961975,0.4538883799626331,-0.1497772828507794,0.07814594131989862,9.162,0.691357142857143
ORDI,36398,1776396600000,1.2012701514411335,4.322302158273382,45.30689850778773,-6.06265049347946,0.17857142857142932,0.3430735930735928,1.2324023393875703,-0.1636971046770601,0.08597773434180339,9.012,0.7226428571428575
ORDI,36399,1776397500000,1.0777616279069768,4.113669064748201,45.16404047463951,-0.1428580331482152,0.6477272727272719,0.30681818181818077,0.44892328289985806,-0.20406458797327398,0.07912965043057969,8.577,0.664214285714286
ORDI,36401,1776399300000,1.0524946795932841,4.163069544364508,49.1812694481456,2.359225834171859,0.13666666666666838,0.8633333333333316,0.550008876814008,-0.19450631031922794,0.07165181155226301,8.68,0.6190000000000001
ORDI,36402,1776400200000,1.0349162011173183,4.192805755395684,45.13771413029753,-4.043555317848067,0.19360902255639384,0.2988721804511258,0.6272592774258349,-0.18875278396436512,0.07031049963299936,8.742,0.5884285714285716
PIEVERSE,14844,1776623400000,1.1128974633797788,2.9770953939088853,88.64365707602317,6.343406166549499,0.17300299017513868,0.8269970098248614,3.24249635084782,0.16600946372239767,0.07549305286327086,1.1828,0.08623571428571432
PIEVERSE,14845,1776624300000,1.147694524495677,3.001258494840171,89.16383281855144,0.5201757425282665,0.23594548551958985,0.7640545144804102,2.5785454322136157,0.008116334122421298,0.0790638913760748,1.1924,0.09208571428571431
PIEVERSE,14846,1776625200000,1.55622161671208,3.5419078781776996,92.58930066129103,3.425467842739593,0.13045218087234878,0.8695478191276512,2.84326796722561,0.1801408923180141,0.07824613913658,1.4072,0.10755714285714288
PIEVERSE,14847,1776626100000,1.528739800543971,3.5101938082053867,84.66608070944902,-7.9232199518420146,0.11340206185567027,0.5549828178694155,1.8633500148142905,-0.008953951108584435,0.0897453977414491,1.3946,0.11818571428571431
PIEVERSE,14848,1776627000000,1.439468414345531,3.3727661716586965,78.09295063906444,-6.573130070384579,0.210575139146569,0.2968460111317254,1.1284514191564472,-0.04775440591245017,0.09577485479241533,1.34,0.12107857142857147
PIEVERSE,14849,1776627900000,1.473475993526344,3.462119305310848,80.4943233940951,2.401372755030664,0.2195439739413671,0.780456026058633,1.0877653730010777,-0.02252700397953389,0.09547409662926135,1.3755,0.1281071428571429
PIEVERSE,14850,1776628800000,1.4532374100719423,3.433173923986912,67.57299659409077,-12.921326800004337,0.08937397034596392,0.3908566721581546,1.3200000475935685,-0.030699260943718,0.11698403561737171,1.364,0.14226428571428573
PIEVERSE,14851,1776629700000,1.248619768477293,3.1779511704002013,67.80764621853204,0.2346496244412748,0.4182741116751258,0.5817258883248743,0.7802241542583178,-0.10275724843661171,0.11857002502982528,1.2626,0.1448214285714286
PIEVERSE,14852,1776630600000,1.6035087719298247,3.735212685627989,75.07220671555837,7.264560497026324,0.24329429542878742,0.7567057045712126,1.5460306677250983,0.054576463899943084,0.11257698345610434,1.484,0.15981428571428571
PIEVERSE,14853,1776631500000,1.510020732550104,3.6566826076013093,71.8732274975446,-3.1989792180137613,0.28981723237598006,0.3951261966927753,0.9183836832787918,-0.021024258760107717,0.11802521919633176,1.4528,0.16326428571428572
PIEVERSE,14854,1776632400000,1.4831710234067996,3.6581928014095144,73.12032489922714,1.247097401682538,0.33366633366633436,0.6663336663336656,0.6651671415698688,-0.020619946091644192,0.1158299798792757,1.4534,0.16447857142857147
PIEVERSE,14855,1776633300000,1.4594413781568822,3.7012333249433675,65.08429555377315,-8.036029345453997,0.23867924528301881,0.31415094339622646,0.716161415545408,-0.009097035040431356,0.1255646474120552,1.4705,0.16638571428571433
PIEVERSE,14856,1776634200000,1.197983804329863,3.3475962748552734,63.56226809710249,-1.5220274566706564,0.04498594189315967,0.7741330834114338,0.6049919897094687,-0.10377358490566035,0.12613085666152518,1.33,0.16471428571428576
PIEVERSE,14857,1776635100000,1.2483144219700706,3.4412282909640073,62.05639625349546,-1.5058718436070322,0.4267123287671237,0.4534246575342471,0.43705485480903034,-0.0787061994609165,0.1288865709403227,1.3672,0.16592857142857145
PIEVERSE,14858,1776636000000,1.0663675742574261,3.3619431160332245,63.77974124329475,1.723344989799294,0.14886731391585797,0.851132686084142,0.47836745465010977,-0.09993261455525593,0.11788226902834666,1.3357,0.15582857142857146
PIEVERSE,14859,1776636900000,1.0990177439797213,3.334759627485527,58.52729739534729,-5.252443847947461,0.030185004868548006,0.3544303797468353,0.4739175745451579,-0.10721024258760115,0.12297677691766365,1.3249,0.15477857142857146
PIEVERSE,14860,1776637800000,1.0497765449221759,3.3478479738233076,60.06054513902814,1.5332477436808531,0.4762419006479484,0.5237580993520516,0.48329923656153617,-0.10370619946091642,0.11161964007998224,1.3301,0.14354285714285717
PIEVERSE,14863,1776640500000,1.1065040650406508,3.260760130883464,56.77979147352713,2.745578861558023,0.4083011583011578,0.5916988416988422,0.606119643575041,-0.12702156334231796,0.10730244858875564,1.2955,0.13447142857142858
PIEVERSE,14866,1776643200000,1.081044650379107,3.108733954190788,46.511641192457496,-4.772075276947881,0.3111653447223924,0.2977425259304462,0.9428520687432915,-0.16772237196765494,0.10526785714285715,1.2351,0.11790000000000002
PIEVERSE,14878,1776654000000,1.100490948143602,3.4460105713566573,56.66463020194607,-5.523363865137647,0.3586550435865495,0.20734744707347505,1.857788089039144,0.025005615033315776,0.09061730667464282,1.3691,0.11252857142857145
PIEVERSE,14880,1776655800000,1.0046465316959838,3.040523533853511,49.71203515463071,0.2360307477716006,0.5294117647058825,0.47058823529411753,1.4870021357693564,-0.11766854137754734,0.10138613364136308,1.208,0.1153571428571429
PIEVERSE,14883,1776658500000,1.0760904684975765,3.234583438207903,58.30695932821375,6.2926806075158055,0.11210398050365405,0.887896019496346,1.073861629619218,-0.06135417427507128,0.08614916115112765,1.2851,0.10952142857142859
PIEVERSE,14884,1776659400000,1.2178613005155499,3.3566574377045053,60.67147884812455,2.3645195199108002,0.21212121212121082,0.7878787878787892,0.9577636550871367,-0.02592944269958375,0.08196890628397478,1.3336,0.10770714285714286
PIEVERSE,14885,1776660300000,1.4825629901551807,3.74477724641329,67.15467039888694,6.483191550762385,0.16046615867324088,0.8395338413267591,1.6549441255790314,0.08669929150536859,0.07631837859110588,1.4878,0.11081428571428573
PIEVERSE,14886,1776661200000,1.93754141815772,4.4628744022149505,69.07236973193359,1.9176993330466559,0.6301085199722929,0.36989148002770716,2.9553441576621156,0.19175964511359056,0.09032129049460073,1.7731,0.1355
PIEVERSE,14887,1776662100000,1.7679069005081138,4.25044047319406,73.48281242505237,4.410442693118782,0.25825571549534343,0.7417442845046566,1.6362498685353122,-0.047600248152952385,0.09118475675580794,1.6887,0.14842142857142857
PIEVERSE,14888,1776663000000,1.7633349745609719,4.237855524792349,70.92834112183832,-2.554471303214058,0.41735228122662754,0.35751682872101787,1.6088424206918504,-0.05042016806722682,0.09577901757774082,1.6837,0.1530357142857143
PIEVERSE,14889,1776663900000,1.681355366382908,4.043292222501888,60.84880289588313,-10.079538225955183,0.05199115044247827,0.22068584070796476,1.4205917310607517,-0.09401612994190955,0.10778378905298044,1.6064,0.15795714285714285
PIEVERSE,14890,1776664800000,1.6110160793705095,3.841933048074503,53.07600142174208,-7.772801474141055,0.2554438860971523,0.21482412060301476,1.7101632470100017,-0.13913484857030056,0.12583890827224908,1.5264,0.1684857142857143
PIEVERSE,14891,1776665700000,1.292821368948247,3.4568336269821294,45.36616245803271,-7.709838963709366,0.13353917406406784,0.2632188344268625,1.8347006789428706,-0.22542439794709823,0.1483841739655693,1.3734,0.1754642857142857
PIEVERSE,14892,1776666600000,1.078379275988044,3.150264283916436,45.117959368638715,-0.24820308939399638,0.5878839590443684,0.36348122866894184,1.3154631259674956,-0.2941176470588235,0.1464437431727151,1.2516,0.1723642857142857
PIEVERSE,14893,1776667500000,1.0620142219282287,3.138434432418827,41.5401193165386,-3.5778400521001146,0.3607496095783443,0.21759500260281142,1.0899231649580463,-0.29676837177824156,0.1611734973033532,1.2469,0.17674285714285712
PIPPIN,3752,1747015200000,1.1422764227642275,5.072184793070259,92.46383755261294,0.8026430459524931,0.6391382405745053,0.3608617594254947,4.241453929583172,0.08058232519991781,0.06253270538984824,0.0527,0.0030728571428571432
PIPPIN,3753,1747016100000,1.0874897792313982,4.914340712223292,81.26464612044111,-11.19919143217183,0.2859281437125752,0.36826347305389184,2.6613466255117917,-0.031119544592030257,0.07429547395388557,0.05106,0.00348
PIPPIN,3772,1747033200000,1.044158972300281,4.900866217516843,71.43542314896781,-0.13979709570142518,0.36315789473684396,0.6368421052631561,1.1002943163538008,-0.03377609108159385,0.04618753732828987,0.05092,0.00232
PIPPIN,3773,1747034100000,1.0103544404619673,4.858517805582291,66.53705147241315,-4.89837167655466,0.09960159362549816,0.48207171314741176,0.9650686152422863,-0.011359185272228789,0.04746412595131587,0.05048,0.0023342857142857145
PIPPIN,3774,1747035000000,1.175206611570248,5.066410009624639,72.25440624045778,5.717354768044629,0.13316582914572941,0.8668341708542706,1.960050481528781,0.03377847604084838,0.047920607506099736,0.05264,0.002497142857142857
PIPPIN,3775,1747035900000,1.162875710804224,5.125120307988451,53.705146130000706,-18.549260110457077,0.1251461988304095,0.22339181286549725,3.0990040912744012,0.011588145896656465,0.06378153063413737,0.05325,0.002972857142857143
PIPPIN,3779,1747039500000,1.043316831683168,4.767083734359962,58.92883324770934,5.193591571384843,0.11484593837535043,0.8851540616246496,0.7541168339108272,-0.0698591549295775,0.06104583527221963,0.04953,0.002998571428571428
PIPPIN,3780,1747040400000,1.041940789473684,4.779595765158807,57.629888636001844,-1.2989446117074976,0.35668789808917467,0.37579617834394874,0.6776617642428563,-0.06741784037558674,0.059484681300622136,0.04966,0.0028957142857142858
PIPPIN,3800,1747058400000,1.1306252489048187,5.149181905678537,65.26822541609187,5.3941020879002295,0.3111702127659568,0.6888297872340432,2.4718558864626825,0.030431432973805794,0.04747345144822694,0.0535,0.002484285714285716
PIPPIN,3801,1747059300000,1.220440881763527,5.332050048123195,50.83959240255998,-14.428633013531886,0.3717472118959102,0.12887236679058317,3.428554228435736,0.03551401869158877,0.06129832540831096,0.0554,0.0029650000000000015
PIPPIN,3802,1747060200000,1.0484319174275507,4.966313763233879,58.750437946552104,7.910845543992124,0.009029345372460121,0.9909706546275399,1.513025401408837,-0.06859205776173283,0.06080294802172229,0.0516,0.0031350000000000015
PIPPIN,3803,1747061100000,1.054552590266876,5.0384985563041385,54.106287765241476,-4.6441501813106285,0.27516778523489943,0.20469798657718077,1.3688177786394364,-0.05505415162454874,0.064354313153833,0.05235,0.0032164285714285728
PYTH,14207,1756424700000,1.0386347886347886,2.242614827520488,80.49311623920048,3.2940383918229372,0.3567567567567577,0.6432432432432423,2.5994968053060297,0.056900345803206465,0.040293836390506835,0.23534,0.009270000000000002
PYTH,14208,1756425600000,1.0619981003367585,2.275586049170955,77.88343693391404,-2.609679305286434,0.48015435501653886,0.40848952590959164,3.0996737784618884,0.014702133084048663,0.0441092646994344,0.2388,0.010060000000000003
PYTH,14209,1756426500000,1.005140268339432,2.1931579950447873,68.3918113730823,-9.491625560831736,0.18617021276595688,0.11436170212765845,1.3182583582859237,-0.036222780569514335,0.04771529796511629,0.23015,0.010505000000000002
PYTH,14211,1756428300000,1.1482254697286014,2.3533447684391082,75.3922195577529,5.074740972093025,0.45454545454545553,0.5454545454545445,2.1371606123207645,0.0341708542713568,0.04745787297826561,0.24696,0.01121714285714286
PYTH,14212,1756429200000,1.1165325720218013,2.331332189822756,76.51458629720989,1.122366739456993,0.34883720930232526,0.6511627906976747,1.4216812349927812,-0.009353741496598622,0.04838834719861646,0.24465,0.011591428571428574
PYTH,14213,1756430100000,1.116246862286852,2.329807509052792,69.40760682892736,-7.106979468282532,0.34285714285714336,0.19233449477351808,0.8831904888289217,-0.010001619695497288,0.05099061522419188,0.24449,0.01187571428571429
PYTH,14214,1756431000000,1.0422595946528679,2.2565275395464073,69.04411173341781,-0.36349509550954906,0.6591695501730109,0.26470588235294146,0.48552800797575973,-0.04114026563006157,0.05041926467426361,0.2368,0.011725000000000003
PYTH,14215,1756431900000,1.0076704300611912,2.2198399085191536,66.06335337574316,-2.9807583576746453,0.05542986425339267,0.6380090497737573,0.9792089017493295,-0.05672983479105942,0.05130421265350537,0.23295,0.011787142857142859
PYTH,14216,1756432800000,1.0109766637856525,2.217171717171717,66.82895135265967,0.76559797691651,0.23394495412843702,0.766055045871563,0.5632189879727856,-0.057863621639131946,0.050995685978813085,0.23267,0.011787142857142857
PYTH,14217,1756433700000,1.0132841960918753,2.23851724795121,63.26818884892201,-3.5607625037376636,0.4334112149532726,0.18341121495327262,0.49878987513171064,-0.0487933268545514,0.05295717795717795,0.23491,0.012069999999999999
PYTH,14254,1756467000000,1.034794473818864,2.2736801982085,68.79757888996804,5.90657729378561,0.18392857142857175,0.8160714285714282,1.7080275708472532,0.02434207701884694,0.030311997970744922,0.2386,0.007170000000000004
PYTH,14255,1756467900000,1.0392890551917682,2.2851153039832286,59.02717396088861,-9.770404929079426,0.28086164043081996,0.10107705053852496,1.7963754450817024,0.005029337803855949,0.03350388419180734,0.2398,0.00767071428571429
PYTH,14258,1756470600000,1.0151013828794433,2.2633886030112444,61.68734324482259,7.697999249003843,0.2743902439024401,0.7256097560975598,2.1179837366050522,-0.009507923269391205,0.03600742622630451,0.23752,0.00842285714285715
PYTH,14259,1756471500000,1.0386120088450417,2.284162378502001,64.6547774590309,2.9674342142083034,0.1660735468564633,0.8339264531435366,1.0246177607064904,-0.0004170141784821668,0.03283076554163422,0.2397,0.007823571428571435
PYTH,14260,1756472400000,1.0827960637936882,2.339622641509434,56.13477514694068,-8.520002312090213,0.38494394020288286,0.1890016017084899,2.5278619602399157,0.023853211009174258,0.03798587120342865,0.24552,0.008749285714285722
RAVE,11083,1775760300000,1.0474209101116174,3.0190884300740164,88.91849714738933,11.306322769086563,0.15315315315315273,0.8468468468468473,4.117777025615079,0.23552739084514074,0.059692587098737246,0.62,0.03587285714285714
RAVE,11086,1775763000000,1.17691570564716,3.208024931827036,83.43478795717482,2.998616981811921,0.4362170087976545,0.5637829912023455,1.9450075611893143,0.06258064516129047,0.05319245574392224,0.6588,0.03346071428571429
RAVE,11087,1775763900000,1.1847951291755803,3.2326158940397356,83.99496183911069,0.5601738819358673,0.6698860822189193,0.3301139177810807,1.0038622045663739,0.007665452337583423,0.05442166188083275,0.66385,0.0346557142857143
RAVE,11088,1775764800000,1.1895669740314752,3.2723022984028054,84.20134476033033,0.2063829212196424,0.7047826086956517,0.2952173913043484,1.2375796797814171,0.012276869774798582,0.055846917396684445,0.672,0.03571857142857144
RAVE,11089,1775765700000,1.2148717449816782,3.32586677054928,85.52988417450965,1.3285394141793176,0.5327659574468093,0.4672340425531906,0.9095412817487197,0.016369047619047672,0.05760445706643046,0.683,0.037901428571428586
RAVE,11090,1775766600000,1.168023069528997,3.2948967666536815,72.88236600195363,-12.647518172556019,0.3422343324250673,0.02089009990917318,0.9386741956192746,-0.00931185944363111,0.06393633665047099,0.67664,0.0398157142857143
RAVE,11091,1775767500000,1.2325283863745402,3.398909232567199,78.33399976081245,5.451633758858819,0.26146666666666557,0.7385333333333345,1.588537329308057,0.02196193265007307,0.06379284566610444,0.698,0.04327642857142859
RAVE,11092,1775768400000,1.2107823011085492,3.4086482275029217,79.04961712851366,0.7156173677012134,0.36120495495495525,0.6387950450450448,1.2401999058536286,0.002865329512893977,0.06378022489756124,0.7,0.043827857142857155
RAVE,11093,1775769300000,1.2073719663823224,3.4147837943124273,74.55235344916913,-4.4972636793445275,0.2984758679085524,0.3865368331922092,0.8847027256781131,0.0018000000000000238,0.06824643643379885,0.70126,0.045880714285714295
RAVE,11094,1775770200000,1.1867868801492305,3.425107128944293,76.29080680063237,1.7384533514632352,0.4091189155884147,0.5908810844115854,0.7092275726265947,0.003023129794940571,0.06835551783385434,0.70338,0.04717214285714288
RAVE,11095,1775771100000,1.1931914893617024,3.388147643163226,72.17573609662873,-4.115070704003642,0.2289105553200539,0.17337855023314655,0.38005766291216897,-0.010790753220165428,0.07021607383138682,0.69579,0.04748642857142859
RAVE,11096,1775772000000,1.2151185015290524,3.3861024542267244,73.66139025834684,1.4856541617181165,0.1911021233569278,0.8088978766430722,0.5502691817031242,-0.011387869999146871,0.07108370098800725,0.69537,0.049026428571428596
RAVE,11097,1775772900000,1.5086668567988086,3.85498636540709,79.24361900684357,5.582228748496732,0.3827919227392455,0.6172080772607546,2.0677169589617317,0.1255082601154427,0.06308786506016781,0.79166,0.04746857142857146
RAVE,11098,1775773800000,2.5437513775622658,5.480424620179197,88.26331205951743,9.019693052673858,0.4228649058181151,0.5771350941818849,3.604351864915243,0.4216456559634185,0.07465605171084624,1.12546,0.07193857142857144
RAVE,11099,1775774700000,2.2174291397314767,5.041098558628749,85.66080667274073,-2.6025053867766985,0.6855758266818701,0.1889965792474343,1.8458846275569742,-0.08016277788637538,0.08203130287266347,1.03524,0.0779207142857143
RAVE,11100,1775775600000,2.0016420869996283,4.717617841838722,79.21206046980818,-6.448746202932554,0.08875309180852604,0.7377661380280326,2.502985621543091,-0.13918753220905222,0.09595857058524047,0.96881,0.08777714285714287
RAVE,11101,1775776500000,2.010452418096724,4.6983346318659915,77.01300003113806,-2.1990604386701165,0.5902064896755157,0.2626548672566379,1.223089956229316,-0.142706093508432,0.10078730060223033,0.96485,0.09094642857142857
RAVE,11102,1775777400000,1.9872902737479503,4.612436696532918,78.79743634287999,1.7844363117419277,0.15467904098994603,0.845320959010054,0.8216461906822462,-0.15837968475112396,0.09846093343922006,0.94721,0.09227857142857143
RAVE,11103,1775778300000,2.2864116136803068,5.0488410596026485,81.12274185268757,2.3253055098075777,0.46727976766698887,0.5327202323330111,1.3510426397220445,-0.07875002221313954,0.09741442097596502,1.03683,0.09629999999999998
RAVE,11104,1775779200000,2.930408279890787,6.02843786521231,83.85029919348786,2.7275573408002884,0.6857977790765633,0.3142022209234367,2.598158670402299,0.09999466884651609,0.10423826966355615,1.238,0.11069999999999999
RAVE,11105,1775780100000,2.4648185580902875,5.258472925594079,72.05762947345792,-11.792669720029934,0.15591728992520873,0.1630444346678394,1.2647794450684748,-0.1277221324717286,0.11519775666877496,1.07988,0.11344214285714282
RAVE,11106,1775781000000,2.4052456474692336,5.1335703155434365,72.65975674517117,0.6021272717132433,0.6917686186007835,0.30823138139921646,0.8094470703898311,-0.14844103392568664,0.11738930253172361,1.05423,0.1169185714285714
RAVE,11107,1775781900000,2.31481422010983,5.026295286326452,73.28145713230197,0.6217003871308009,0.22820817707856964,0.7717918229214303,0.9483365414691771,-0.16623586429725368,0.12048009077048538,1.0322,0.1213535714285714
RAVE,11108,1775782800000,2.651530396961927,5.478184651343982,76.61564049702277,3.3341833647208006,0.44071947306198256,0.5592805269380174,0.937716302209377,-0.09127625201938605,0.11884077462791305,1.125,0.1274935714285714
RAVE,11109,1775783700000,2.580585844248016,5.404703934553954,74.46343070413532,-2.1522097928874473,0.4792043399638322,0.33867217773185376,0.859490897365437,-0.10346526655896615,0.12405528561038565,1.10991,0.1313385714285714
RAVE,11110,1775784600000,2.441457068516913,5.2169848071679015,70.57065855720734,-3.8927721469279817,0.1851592088651997,0.4619161172674971,0.8208130858896417,-0.13460420032310172,0.1300207440188079,1.07136,0.13431142857142855
RAVE,11111,1775785500000,2.517917924346542,5.334777950915466,72.07029296283895,1.4996344056316104,0.5979559748427665,0.40204402515723353,0.7529976588101812,-0.11506462035541187,0.12437792463229333,1.09555,0.13153214285714285
RAVE,11112,1775786400000,2.455564864342334,5.2220490845344765,65.89003674663111,-6.180256216207837,0.22977598008711766,0.11652146857498419,0.6697843980356737,-0.13376413570274637,0.1071108566702348,1.0724,0.10878285714285715
RAVE,11113,1775787300000,2.372627115922012,5.112972341254383,66.92707487202227,1.0370381253911631,0.3432073544433087,0.6567926455566914,0.5938316415055891,-0.1518578352180937,0.1024056441499928,1.05,0.1054614285714286
RAVE,11114,1775788200000,2.3956022572484916,5.0983638488507985,66.91629724385021,-0.010777628172064624,0.48480585256049247,0.5151941474395075,0.579955248531285,-0.1542810985460421,0.09057570414475355,1.047,0.09327214285714287
RAVE,11115,1775789100000,2.536533904632064,5.305317491234905,62.865322849210116,-4.050974394640093,0.6693854748603348,0.042011173184357424,0.9263245955317314,-0.11995153473344111,0.09326076808343485,1.0895,0.09361142857142857
RAVE,11116,1775790000000,2.3740769034886684,5.161667315932997,64.86280134214923,1.9974784929391092,0.36371518370001094,0.6362848162999891,0.8030430072180611,-0.14378029079159926,0.09312213642715182,1.06,0.09558428571428572
RAVE,11117,1775790900000,2.2514819527637258,5.1015777171795875,65.42011160301641,0.5573102608671832,0.4194092827004217,0.5805907172995783,0.36585322488258387,-0.1537479806138934,0.08786734446865166,1.04766,0.090745
RAVE,11118,1775791800000,2.2619897320310547,5.074065056486171,65.85818828173714,0.4380766787207335,0.14317389927146232,0.8568261007285377,0.46565386853867485,-0.15831179321486255,0.0719697126168514,1.04201,0.07466785714285716
RAVE,11119,1775792700000,2.2446376086548687,5.053077522399689,61.07166383202499,-4.786524449712154,0.003499562554684149,0.19976669582968773,0.4255329110545412,-0.16179321486268172,0.06829854266652718,1.0377,0.06899928571428575
RAVE,11120,1775793600000,2.3211842968237613,5.178272302298403,65.6326009489687,4.5609371169437125,0.08480136070951265,0.9151986392904874,1.0276399479016252,-0.1410258481421648,0.06518652442660662,1.06341,0.06886500000000004
RAVE,11121,1775794500000,2.3494211490114534,5.25491819244254,60.41680677457035,-5.215794174398354,0.35759195221628487,0.14633762967620131,0.6274462813643452,-0.12831179321486264,0.06400999180359865,1.07915,0.06560000000000003
RAVE,11122,1775795400000,2.2372093023255815,5.083755356447215,61.652070428094795,1.2352636535244486,0.1964864864864887,0.8035135135135113,0.5250936168140355,-0.15670436187399028,0.057666205969042816,1.044,0.059784285714285755
RAVE,11123,1775796300000,2.3138495904690988,5.20120763537203,61.767699190544924,0.11562876245012887,0.8029661016949123,0.19703389830508766,0.6425028228487697,-0.137221324717286,0.05487707513145944,1.06812,0.05695142857142861
RAVE,11124,1775797200000,2.266146202980837,5.154168289832489,61.92599666023231,0.15829746968738334,0.5475447062162957,0.45245529378370425,0.6171176402668133,-0.14502423263327946,0.052326100912953914,1.05846,0.05437571428571431
RAVE,11125,1775798100000,2.3615108465527297,5.334777950915466,62.388715960803054,0.46271930057074684,0.8806294994140286,0.11937050058597143,1.4758724916974144,-0.026177777777777744,0.051871408710183364,1.09555,0.05409928571428574
RAVE,11126,1775799000000,2.140014914243102,5.12607128944293,63.05643122425787,0.6677152634548165,0.1632358252076511,0.8367641747923489,0.6354893573603067,-0.06427555555555564,0.04911962208965559,1.05269,0.0514857142857143
RAVE,11127,1775799900000,2.0849763464872324,5.112534086482275,60.01220660988531,-3.0442246143725598,0.06211393273849934,0.46499656829100816,0.5503716200711577,-0.06674666666666673,0.04773322431300621,1.04991,0.04937142857142858
RAVE,11128,1775800800000,2.0926173301273483,5.073091156992598,46.758264504147725,-13.253942105737586,0.07746478873239376,0.14043082021541048,1.7092778800314863,-0.07394666666666672,0.05603821403614898,1.04181,0.05373000000000001
RAVE,11129,1775801700000,2.0789675742720455,5.076938059992209,55.06267794601102,8.304413441863296,0.2910776361529554,0.7089223638470447,1.5799370712276157,-0.06064455676586389,0.05258229013978514,1.0426,0.05350142857142858
RAVE,11130,1775802600000,1.8975337472233296,4.954421503700818,52.50421529063648,-2.558462655374541,0.011224891689640807,0.6656163844033081,1.194210115985641,-0.07129752179270699,0.05051747624664084,1.01744,0.050540714285714286
RAVE,11131,1775803500000,2.0102215127838923,5.234320218153488,59.37640435103104,6.872189060394561,0.20461966380457147,0.7953803361954286,1.1454976835475645,-0.01883072429373367,0.05095260599513909,1.07492,0.05390785714285716
RAVE,11132,1775804400000,2.2623871670905182,5.684553954031944,65.93141036761415,6.555006016583107,0.30956226780810825,0.6904377321918918,3.0957305053817805,0.06556524120304874,0.05358234166524322,1.16738,0.06049714285714287
RAVE,11133,1775805300000,2.2701928374655647,5.780483054148812,67.49061008737542,1.559199719761267,0.39136192319445806,0.6086380768055419,2.24883425191242,0.016875396186331715,0.056639910852645685,1.18708,0.06505999999999999
RAVE,11134,1775806200000,2.2913716380733815,5.726723802103623,63.56073539155316,-3.9298746958222566,0.3241738288342816,0.37077835613122057,1.5978130621154263,-0.009300131414900381,0.05789853617371721,1.17604,0.06508142857142857
RAVE,11135,1775807100000,2.2050372975579315,5.5025321386832875,60.698315806939675,-2.862419584613484,0.10222851078882057,0.5677396533427683,1.0714191325973315,-0.04808437510530039,0.058409959012368624,1.13,0.06457571428571426
RAVE,11136,1775808000000,2.1803744097144144,5.509592910011688,62.26336151826745,1.5650457113277767,0.16755407653910176,0.8324459234608982,1.2734360912243532,-0.046862890453886696,0.05905733496737436,1.13145,0.06622571428571426
RAVE,11137,1775808900000,2.2489263204863628,5.672964550058435,63.54507301033901,1.2817114920715582,0.47153846153846296,0.5284615384615371,1.0859576954348051,-0.018600262829800762,0.06009734964643059,1.165,0.06817142857142854
RAVE,11138,1775809800000,2.19520728625774,5.603282041293339,58.02099986084011,-5.5240731494989035,0.28390045708481404,0.15185373285931825,0.9762767636210385,-0.030655052734440802,0.06348802525398713,1.15069,0.0698742857142857
RAVE,11139,1775810700000,2.068243355252252,5.4076743280093496,57.48538025065119,-0.5356196101889168,0.34782608695652073,0.5340112201963506,0.7361670111167438,-0.0644943895946356,0.06165070222287029,1.11052,0.06764499999999997
RAVE,11140,1775811600000,2.1353573149644247,5.385956369302688,56.412132088369,-1.0732481622821908,0.32948192322027264,0.43123369362653835,0.6552246976016407,-0.06825150790174195,0.06195780292314943,1.10606,0.0675835714285714
RAVE,11141,1775812500000,2.2633899178427273,5.551227113361901,60.193573825541876,3.7814417371728766,0.3136666666666648,0.6863333333333351,0.8431753824108137,-0.039660343026586276,0.06224500717356456,1.14,0.06978785714285711
RAVE,11142,1775813400000,2.295978905735003,5.599922088040514,58.04265978945537,-2.1509140360865047,0.593891869583158,0.1566240198101526,0.8133705397424768,-0.031236310947872048,0.05982359403960116,1.15,0.06635214285714283
RAVE,11143,1775814300000,2.13319197611807,5.468591741332295,58.77207002849237,0.7294102390370014,0.41654210264075286,0.5834578973592471,0.4277491999560054,-0.05395592546416417,0.055282216773958705,1.12303,0.06162142857142855
RAVE,11144,1775815200000,2.291003195972509,5.6661472536034285,60.28983027314012,1.5177602446477465,0.645283018867924,0.3547169811320759,0.8787219964530151,-0.019779627320820836,0.055201437224208484,1.1636,0.062155714285714266
RAVE,11145,1775816100000,2.765883011474951,6.552152317880795,73.13553883637222,12.845708563232101,0.37762237762237805,0.622377622377622,3.868475968640747,0.13349563635138328,0.05701826354318847,1.34555,0.07197928571428569
RAVE,11146,1775817000000,2.5193873863857466,6.165611608881964,52.18792777295588,-20.94761106341634,0.01230028310175431,0.47626175523087455,3.7446471716511525,-0.05899446323064916,0.07698531901857933,1.26617,0.08508571428571425
RAVE,11147,1775817900000,2.4631843405759093,6.108297623685236,60.43432361185869,8.246395838902806,0.27836787564766874,0.7216321243523313,1.6832663696857733,-0.06774181561443282,0.07355181758361495,1.2544,0.08910214285714282
RAVE,11148,1775818800000,2.560689942968424,6.232421114141021,60.060363970025655,-0.3739596418330322,0.5717604114816653,0.4024390243902429,1.3840261449633198,-0.04879788933893203,0.07601164751827905,1.27989,0.09181142857142853
RAVE,11149,1775819700000,2.4136577273983963,6.012465913517725,60.990644554894146,0.9302805848684912,0.29826784959865127,0.7017321504013487,0.5174834929548597,-0.0823678049868084,0.0746798998150792,1.23472,0.09115428571428567
RAVE,11150,1775820600000,2.582164549972391,6.317978184651345,64.95164295206973,3.9609983971755867,0.20430446194225743,0.7956955380577425,0.7959616186647496,-0.03574003195719222,0.0732902973395931,1.29746,0.09366499999999997
RAVE,11151,1775821500000,2.5794245280411285,6.305999220880405,62.881615467637964,-2.070027484431769,0.34668916069169137,0.2770982707718293,0.5520638297499715,-0.03756828062873929,0.07329881790904061,1.295,0.09240928571428568
RAVE,11152,1775822400000,2.5510971093793176,6.257304246201792,61.95864021370853,-0.9229752539294367,0.45830188679245193,0.4003773584905668,0.7510575634838436,-0.04500018579762932,0.07339151488622449,1.285,0.09197571428571426
RAVE,11153,1775823300000,2.8636035535813433,6.776733541098559,66.71800496875275,4.759364755044224,0.46844933979165315,0.5315506602083468,1.3988927000424092,0.03427594663892086,0.07622879289407178,1.39167,0.1007035714285714
RAVE,11154,1775824200000,3.0909340508483885,7.255551227113362,73.47275869288768,6.754753724134929,0.2262493746178219,0.7737506253821781,2.096993779405212,0.07065611818893847,0.07702782624123958,1.49,0.11163642857142853
RAVE,11155,1775825100000,3.2247654681009106,7.4778924814959105,75.92132077205991,2.448562079172234,0.19404069767441828,0.8059593023255817,2.264241221848376,0.030644295302013402,0.0776556606631625,1.53566,0.11717928571428568
RAVE,11156,1775826000000,3.218604902278372,7.609758472925595,70.59311471445554,-5.328206057604376,0.47472059606173483,0.12116373957778959,1.8472519846315183,0.01763411171743745,0.08319603889271707,1.56274,0.12177071428571426
RAVE,11157,1775826900000,3.116256131371294,7.518942345149981,73.5553705360832,2.9622558216276644,0.1182068842835544,0.8817931157164456,1.0389685409727965,-0.011934166911962363,0.08385671357646794,1.54409,0.12836785714285712
RAVE,11158,1775827800000,3.3847354084574084,8.073626801714063,77.56679105844401,4.011420522360808,0.12648251587726633,0.8735174841227337,2.021630947685026,0.06095703699911681,0.08135303808694122,1.658,0.1335385714285714
RAVE,11159,1775828700000,3.516897920051133,8.258911180366187,65.34572065417301,-12.221070404271003,0.17324784154393116,0.4245810055865918,2.3892555536827644,0.022949336550060373,0.09262886680580454,1.69605,0.14031142857142853
RAVE,11160,1775829600000,3.1912977635955544,7.547234125438256,50.32329373492293,-15.02242691925008,0.11740644332510779,0.12768331023292,2.097732442381513,-0.08617080864361315,0.10797609648104282,1.5499,0.13948999999999998
RAVE,11161,1775830500000,2.942909217615053,7.1633229450720695,52.36747228183866,2.044178546915731,0.6428244763559863,0.35717552364401367,1.038256639905475,-0.13265528728516263,0.10829011649755729,1.47106,0.14407999999999999
RAVE,11162,1775831400000,2.661715702735515,6.902804830541489,52.46233611796685,0.09486383612819083,0.763421617752326,0.23657838224767405,0.6367936059297475,-0.16419916865658446,0.1076779387669317,1.41756,0.1434528571428571
RAVE,11163,1775832300000,2.4479481641468683,6.607615894039736,48.387470714419536,-4.074865403547314,0.19148623853210972,0.31728440366972394,0.9216158374932981,-0.19994103947407216,0.11852298517989385,1.35694,0.14980357142857142
RAVE,11164,1775833200000,2.6013905562224893,7.0119789637709395,56.518724718706366,8.13125400428683,0.13060767292075054,0.8693923270792494,0.8040644462925979,-0.15098021874355116,0.10994421486353212,1.43998,0.1557535714285714
RAVE,11165,1775834100000,2.961580764803683,7.541780288274251,60.4916940384029,3.9729693196965314,0.3134373351420606,0.6865626648579394,0.8901294173422911,-0.08683116653400547,0.1073814752713896,1.54878,0.1618442857142857
RAVE,11166,1775835000000,2.4225890879806724,7.450331125827815,59.5231644054893,-0.9685296329136008,0.33411180849511096,0.4485476572763117,0.6361183895349677,-0.09790395330326351,0.1092011518791752,1.53,0.16295214285714282
RAVE,11167,1775835900000,2.3257714247957186,7.352941176470589,58.40313241382631,-1.1200319916629837,0.25068870523416026,0.5007974481658696,0.5907769786610695,-0.10969605848884179,0.10647652868286249,1.51,0.1571135714285714
RAVE,11168,1775836800000,2.3016366443643848,7.809553954031944,59.48738476007428,1.0842523462479647,0.7390064013359312,0.26099359866406885,1.0888037438769766,-0.05440877332625815,0.10318785223964318,1.60377,0.15453000000000003
RAVE,11169,1775837700000,2.24395093770931,7.546893260615505,60.76649278242869,1.2791080223544142,0.44167217448777407,0.5583278255122259,0.5080698337989469,-0.08621208101176259,0.09784274552838665,1.54983,0.1490242857142857
RAVE,11170,1775838600000,2.239449405704393,7.471902999610441,53.351243151151166,-7.415249631277526,0.07635651057503791,0.2179877018717492,0.5598598574270708,-0.09529200200465793,0.1068176096829089,1.53443,0.15154214285714288
RAVE,11171,1775839500000,2.1835458969625776,7.390241527074407,57.27656536865173,3.9253222175005646,0.22982300884955797,0.770176991150442,0.5531934843836357,-0.1051796822027653,0.10161820293952306,1.51766,0.15158285714285716
RAVE,11172,1775840400000,2.1529264334285187,7.473461238800157,56.63599409003292,-0.6405712786188076,0.6201359756979586,0.2453348763199776,0.34488939110213523,-0.09510332832168866,0.09927674343759817,1.53475,0.14718571428571428
RAVE,11173,1775841300000,2.084088179616097,7.377873003506039,57.271510636881764,0.6355165468488408,0.5788471995649813,0.42115280043501874,0.23599846009509473,-0.10667727956133366,0.08522388759095748,1.51512,0.12731
RAVE,11174,1775842200000,2.188403449811718,7.668874172185431,58.27082684019642,0.9993162033146561,0.7687132043734236,0.23128679562657645,0.48614799582701174,-0.07144246926682585,0.07421120807843955,1.57488,0.1121257142857143
RAVE,11175,1775843100000,2.17525666070909,7.439959096221271,57.5927062516339,-0.6781205885625212,0.4725336322869962,0.3007286995515718,0.2559844687154265,-0.09915981250552752,0.06590884031466367,1.52787,0.09905571428571432
RAVE,11176,1775844000000,2.136965334657069,7.385372029606544,57.888335549524776,0.29562929789087633,0.2164876226062569,0.7835123773937431,0.3335026180696876,-0.10576928746204428,0.06244663197409337,1.51666,0.0941314285714286
RAVE,11177,1775844900000,2.145985549191443,7.569146864043631,56.27405089256586,-1.6142846569589153,0.47051756932625804,0.35839423365702316,0.4391598249646428,-0.08351758497685802,0.061419627939345335,1.5544,0.09153428571428575
RAVE,11178,1775845800000,2.052225423626363,7.376558239189716,57.858951370377206,1.5849004778113454,0.08420208500400939,0.9157979149959906,0.31163730828984626,-0.10683647298133903,0.053881628063013276,1.51485,0.08145285714285717
RAVE,11179,1775846700000,1.575579073482428,7.537105570705104,58.61419668487678,0.7552453144995752,0.4517468004150801,0.5482531995849199,0.40579929155497063,-0.08739718758291326,0.05001314319511074,1.54782,0.07610500000000002
RAVE,11180,1775847600000,1.7658681284368658,7.764121542656799,58.35627347920763,-0.25792320566915095,0.7311193358007404,0.24947484245273516,0.6889302572892703,-0.005817542415682997,0.05156747872999578,1.59444,0.07835214285714288
RAVE,11181,1775848500000,1.7488945147679322,7.931047915855084,62.7679630193385,4.4116895401308724,0.4537133891213386,0.5462866108786615,1.0653120362970958,0.015557093598209226,0.05176733241578772,1.62872,0.08162000000000003
RAVE,11182,1775849400000,1.5515777760114458,7.815884300740164,62.172123269874824,-0.5958397494636785,0.4569866538028607,0.465991316931983,0.5896269153428968,-0.014520605137776865,0.0482208520933344,1.60507,0.07579642857142861
RAVE,11183,1775850300000,1.4679962311557788,7.652999610440203,60.9670616429016,-1.205061626973226,0.0,0.7134724857684986,0.2962882025140075,-0.035058205216366156,0.04719773046429305,1.57162,0.07374928571428574
RAVE,11184,1775851200000,1.4817849213546386,7.729353330736268,62.61183301309645,1.644771370194853,0.07773744706593959,0.9222625529340605,0.5874697101415913,-0.02543101331106634,0.042916916475848575,1.5873,0.06790142857142858
RAVE,11185,1775852100000,1.445027053316311,7.833706661472537,62.685267854000024,0.07343484090357322,0.42365343436007163,0.5763465656399284,0.5788203582297041,-0.012273441721106115,0.04053444297346738,1.60873,0.0641664285714286
RAVE,11186,1775853000000,1.5672190641359158,7.784914296844566,62.5048392561577,-0.18042859784232235,0.34550252914009394,0.6292060699362205,0.5777323507507212,-0.01842551205854892,0.03949579831932774,1.59871,0.06247642857142859
RAVE,11187,1775853900000,1.4530432347174926,8.103428126217375,65.67899463882253,3.1741553826648286,0.536409679234665,0.463590320765335,0.994997020390374,0.021734859275995833,0.04095103762896349,1.66412,0.06619571428571432
RAVE,11188,1775854800000,1.3813030254522172,7.968250876509545,64.29365123650655,-1.385343402315982,0.3123716226892091,0.5563280139042491,0.7115109984690576,-0.01668148931567437,0.040273726323419176,1.63636,0.06477142857142859
RAVE,11189,1775855700000,1.4668144225620279,8.07552590572653,66.82520578673756,2.5315545502310073,0.2628949814126388,0.7371050185873612,0.7769609070995501,-0.0034432613032714388,0.041797958485003034,1.65839,0.06837142857142857
RAVE,11190,1775856600000,1.4003767569917405,8.066322555512272,62.875268354481,-3.9499374322565544,0.3848011891490155,0.19453734671125944,0.6138115997592006,-0.0045789967069682636,0.04287086932842133,1.6565,0.06915714285714288
RAVE,11191,1775857500000,1.4028153602744386,7.91293338527464,57.95279128990148,-4.922477064579525,0.16928571428571293,0.399714285714287,0.628981432614108,-0.023507920101915714,0.04233922276790792,1.625,0.06702214285714288
RAVE,11192,1775858400000,1.3619399739016966,7.932557460070121,57.66915000701472,-0.28364128288675516,0.5326162387231081,0.4470275271801999,0.8748700888797681,-0.021086219743768564,0.04460208844165537,1.62903,0.0705257142857143
RAVE,11193,1775859300000,1.149065681401345,7.8739774055317495,56.224443751262704,-1.444706255752017,0.5158501440922205,0.36080691642651275,0.8010737257434517,-0.02831526572602938,0.04537138642210369,1.617,0.07135285714285715
RAVE,11210,1775874600000,1.0152072792953768,10.041128368897278,70.64357840880152,2.490553679069194,0.30121832358674633,0.6987816764132536,3.1510782815432816,0.0551149074639008,0.05953250133215268,2.0752,0.11986214285714288
RAVE,11211,1775875500000,1.0611002630110784,9.98238841978287,66.43152597945935,-4.212052429342165,0.4232061068702292,0.1932061068702289,1.4320579185685092,-0.003059946029298488,0.06418769447508826,2.06885,0.12601071428571428
RAVE,11222,1775885400000,1.0246906513256437,10.239903498190591,70.63917790593806,2.425001949871472,0.28985194767859684,0.7101480523214031,1.2742106931845971,0.022658057054741665,0.050356372609229386,2.12222,0.10483642857142857
RAVE,11223,1775886300000,1.0768620929692942,10.36496984318456,70.36315500365973,-0.2760229022783278,0.6801848049281303,0.29774127310061854,1.3364135602190181,0.012213625354581703,0.04390349617878059,2.14814,0.09130785714285715
RAVE,11224,1775887200000,1.232673835274976,10.329119420989144,72.04508437293376,1.6819293692740303,0.31158524015666816,0.6884147598433318,1.0523523658160345,-0.003458806223058164,0.039602703785733245,2.14071,0.0835807142857143
RAVE,11225,1775888100000,1.1405236466564452,10.508757539203861,72.39686590046357,0.35178152752980907,0.6239779231398174,0.37602207686018263,1.0685663118427156,0.013872466412803597,0.03836389366341325,2.17794,0.08121214285714289
RAVE,11226,1775889000000,1.138996061811567,10.310672127198265,66.23795865980723,-6.158907240656333,0.30773340456791615,0.10418057967143057,0.9215093061330475,-0.017429313938859603,0.03879501349724372,2.13998,0.08041857142857148
RAVE,11227,1775889900000,1.0062287334593574,10.14234518348624,63.52011140020629,-2.717847259600944,0.3801535823454855,0.47647804368895674,1.5767317320373953,-0.025413923248574277,0.041360545543514544,2.12259,0.08488714285714294
RAVE,11234,1775896200000,1.0080138834625063,10.485363192105137,63.520231180955385,-8.463651007627426,0.20945454545454523,0.25790909090908926,1.3995285175689505,0.0,0.042670816500084946,2.21,0.0908192857142858
RAVE,11242,1775903400000,1.0649644414686668,10.828106466764718,58.51281569692492,2.6537373665738,0.5891733804215882,0.4108266195784119,1.6524216238740117,0.03268778280542972,0.07532526632996875,2.28224,0.1638678571428571
RAVE,11368,1776016800000,1.719886038152885,23.531666666666666,90.47902298731337,1.4650159707850463,0.5805052487106079,0.41949475128939206,2.9360093761185175,0.3124186651794012,0.08435892004410028,5.36522,0.3612628571428572
RAVE,11369,1776017700000,1.1901434214608893,20.74267543859649,90.94166683388227,0.4626438465688949,0.39999576432716355,0.6000042356728365,1.3196085636757673,-0.11852076895262442,0.09703710926022772,4.72933,0.42226571428571436
RAVE,11370,1776018600000,1.1029613686124615,19.883684210526315,91.40367830017146,0.46201146628919787,0.4362091348990901,0.5637908651009099,0.9894047647277413,-0.15502439788116795,0.09750243877228007,4.53348,0.4312142857142858
RAVE,11371,1776019500000,1.0759579929988328,19.507631578947365,69.86567608444545,-21.53800221572601,0.06195559923169625,0.05373654352972805,1.0167583203583075,-0.17100510323900986,0.11007273393395868,4.44774,0.4429392857142858
RAVE,11372,1776020400000,1.1108853592423724,19.22951754385965,74.26084164727855,4.3951655628331,0.16389037195230585,0.8361096280476942,1.1105529432275845,-0.18282381710349238,0.10758734699963524,4.38433,0.46179071428571433
RAVE,11373,1776021300000,1.1104148312350204,19.54188596491228,75.14660634076446,0.8857646934859105,0.5105132037867467,0.4894867962132533,0.48795637282899856,-0.16954943133739164,0.10576903828249423,4.45555,0.46042214285714284
RAVE,11374,1776022200000,1.1608417888012021,20.175438596491226,77.83128548766896,2.6846791469045,0.1438145100972328,0.8561854899027672,0.6588765719020659,-0.14262602465509344,0.10341233592909257,4.6,0.4707257142857143
RAVE,11375,1776023100000,1.159646227848338,20.263070175438596,77.84554292319416,0.014257435525195206,0.44544244843646336,0.5545575515635367,0.5386758892414125,-0.1389020394317474,0.10412438059301796,4.61998,0.47408142857142854
RAVE,11376,1776024000000,1.440531140142296,22.958333333333332,84.11033681683185,6.2647938936376875,0.059805300162249206,0.9401946998377508,1.1869494576458672,-0.024364331751540513,0.10292923879455414,5.2345,0.5330921428571428
RAVE,11377,1776024900000,1.5140461469700917,23.68407894736842,82.04194826601598,-2.068388550815868,0.404048538536156,0.5010707030034594,1.0091212010709563,0.006476901226790233,0.10925233459983243,5.39997,0.5601771428571428
RAVE,11378,1776025800000,1.467073812194816,23.245570175438598,83.03482167040958,0.992873404393606,0.1872963643988523,0.8127036356011477,0.6272580546465522,-0.018514917675468423,0.1070088416180409,5.29999,0.5609328571428571
RAVE,11379,1776026700000,1.4388645784821392,23.198201754385963,77.87091646719642,-5.163905203213162,0.16200788763578516,0.39510828201757503,0.6802315947081731,-0.020514928786641407,0.10511815796368637,5.28919,0.5376099999999998
RAVE,11380,1776027600000,1.637743954716842,25.09859649122807,82.60182589346167,4.730909426265242,0.12472317572804802,0.875276824271952,1.418975827316946,0.0597244058763291,0.09907209829711368,5.72248,0.5580107142857141
RAVE,11381,1776028500000,1.7404843173431734,26.05864035087719,83.81208801374999,1.21026212028832,0.27470340305963226,0.7252965969403677,1.1682634383550676,0.038250898211964035,0.09929457914749064,5.94137,0.5759671428571427
RAVE,11382,1776029400000,1.718267680258005,25.87719298245614,81.38558468206969,-2.426503331680294,0.3480237224333272,0.4092119748570624,0.7836196630012427,-0.006963040510858609,0.08072545787418013,5.9,0.46285071428571417
RAVE,11383,1776030300000,1.7077827818513418,25.526315789473685,79.86840488899898,-1.51717979307071,0.27292157787207266,0.6003457488605995,0.5176632779224906,-0.020427948436135046,0.07344676718540423,5.82,0.4181214285714285
RAVE,11384,1776031200000,1.6372181838308553,25.077631578947365,77.05624795053605,-2.812156938462934,0.03928881864875456,0.8435401027261948,1.0144715329474845,-0.03764619944558245,0.07922854549476364,5.7177,0.44516142857142843
RAVE,11385,1776032100000,1.6174573950372855,24.81671052631579,66.57404206003358,-10.48220589050247,0.10281476919918928,0.10858799681831043,0.6493520163760368,-0.04765904160151613,0.0830416993942263,5.65821,0.4410178571428571
RAVE,11386,1776033000000,1.6506219752314006,25.27065789473684,72.19058310791264,5.616541047879068,0.039056612138138214,0.9609433878618617,0.7752183506236751,-0.030238816973189753,0.07832548217847625,5.76171,0.4492185714285713
RAVE,11387,1776033900000,1.6458953656175224,25.41127192982456,66.58353331676498,-5.607049791147659,0.16127875544767659,0.2937882716389918,0.5743934524919448,-0.024842755122135074,0.08320697097165475,5.79377,0.46077857142857137
RAVE,11388,1776034800000,1.5758856710306115,24.775614035087717,67.92094435463565,1.337411037870666,0.042296881274261136,0.9577031187257389,0.5767418726818446,-0.049236118942264206,0.0813046530843983,5.64884,0.45824928571428564
RAVE,11389,1776035700000,1.7631350852927619,26.286140350877194,71.3629430013846,3.4419986467489423,0.17802866764528072,0.8219713323547193,0.8436996623619972,0.008730309676051151,0.08130956590378965,5.99324,0.4806021428571428
RAVE,11390,1776036600000,1.8300447893242895,26.93706140350877,71.56945566402467,0.20651266264007972,0.5545114733672525,0.4454885266327476,0.8939150335935321,0.024762899533474325,0.07457512384865991,6.14165,0.4420835714285714
RAVE,11391,1776037500000,1.9523645038871082,28.11583333333333,74.93660792887815,3.3671522648534733,0.36010266256538853,0.6398973374346114,1.426354664335288,0.043760227300481125,0.07058656315394733,6.41041,0.439515
RAVE,11392,1776038400000,2.081641847671441,28.499780701754386,75.44974428584311,0.5131363569649636,0.500101184988644,0.499898815011356,1.3199465598319402,0.013655912804329207,0.07156982279043488,6.49795,0.44913928571428574
RAVE,11393,1776039300000,2.0740391806447227,27.763157894736842,73.50707199112664,-1.9426722947164734,0.2814444557788431,0.4230847699683783,0.6771177138649043,-0.02584661316261283,0.07117649316160149,6.33,0.4424964285714287
RAVE,11394,1776040200000,2.052207358805396,28.40078947368421,71.96612089529053,-1.5409510958361068,0.6189662228856205,0.26865204516455105,0.8759492618929361,-0.0034734031502242635,0.06814440339620198,6.47538,0.4205600000000001
RAVE,11395,1776041100000,2.0089721459584475,27.447236842105262,72.37550534869861,0.40938445340808016,0.43398973258754603,0.566010267412454,0.4876955005554198,-0.03693164767349699,0.06341807782708365,6.25797,0.3932764285714287
RAVE,11396,1776042000000,1.9602194067044123,27.19688596491228,65.55235262104466,-6.823152727653948,0.0,0.5998981047483178,1.0126263240507152,-0.04571595657091854,0.06798904261332817,6.20089,0.4082442857142858
RAVE,11397,1776042900000,1.8570685480820153,26.49956140350877,52.49800786152216,-13.0543447595225,0.05881524596319906,0.18750782325697823,0.8704507801957253,-0.07018367331235242,0.0780735799829998,6.0419,0.43117071428571435
RAVE,11398,1776043800000,1.7656510247369943,25.562499999999996,55.47592360105948,2.977915739537316,0.4555131964809373,0.5444868035190626,0.7293475652392467,-0.10306327380173752,0.07233160851403309,5.82825,0.4103314285714286
RAVE,11399,1776044700000,1.7780377625182653,25.515789473684208,57.609311629363326,2.133388028303848,0.1267080745341606,0.8732919254658393,0.5287528821123607,-0.10470225224878627,0.06929928148657406,5.8176,0.40089357142857146
RAVE,11400,1776045600000,1.9326061346064876,26.9675,63.12420310047169,5.514891471108363,0.07142857142857224,0.9285714285714277,0.8473289765171447,-0.05376464885079135,0.06407326453384513,6.14859,0.3914671428571429
RAVE,11401,1776046500000,1.9571975222110667,27.387280701754385,63.75428368982262,0.630080589350932,0.3020880035867552,0.6979119964132448,0.7648388977599977,-0.03903538808393425,0.06306952949131692,6.2443,0.3878757142857143
RAVE,11402,1776047400000,2.014095464958242,27.526491228070174,61.289885144924256,-2.4643985448983656,0.5006986864694394,0.145167085878549,0.8497760409376257,-0.03415077062765959,0.06341556472702824,6.27604,0.3844207142857143
RAVE,11403,1776048300000,1.8921380769890752,26.61223684210526,55.63394578266567,-5.655939362258586,0.01831302116741393,0.292270686337395,0.7948870365267335,-0.06623011872975326,0.06389750012460774,6.06759,0.3736035714285714
RAVE,11404,1776049200000,1.8582515991471213,26.457631578947364,57.43661406288188,1.80266828021621,0.39178745979364066,0.6082125402063593,0.6549631453836746,-0.07165490654744966,0.06115730511416326,6.03234,0.3631857142857142
RAVE,11405,1776050100000,1.8928266722281206,26.768289473684213,59.73569592178877,2.299081858906888,0.2731958762886636,0.7268041237113364,0.7546538358402746,-0.06075454566440186,0.0558764812468932,6.10317,0.3385064285714286
RAVE,11406,1776051000000,1.9293613796807856,26.789780701754385,59.571660794908034,-0.16403512688073363,0.27705963938973327,0.6914840499306535,0.7181100315470693,-0.060000461684069695,0.05280745349824698,6.10807,0.3196149999999999
RAVE,11407,1776051900000,1.9320305125883692,26.70359649122807,58.07395087141371,-1.4977099234943267,0.2380826271186454,0.43511652542372714,0.5614830184534595,-0.06302449233989182,0.05270598286123597,6.08842,0.31639928571428566
RAVE,11408,1776052800000,2.15796954213105,27.67614035087719,63.934780884738316,5.860830013324609,0.031935655568039845,0.9680643444319601,1.0682040176731302,-0.028899883809509253,0.04935195230717313,6.31016,0.31088571428571415
RAVE,11409,1776053700000,2.267164616581934,28.355263157894736,62.7658621244988,-1.1689187602395137,0.5089420180722892,0.365304969879519,1.632141721508862,-0.005070830031009832,0.05178737091678931,6.465,0.3243292857142856
RAVE,11410,1776054600000,2.1715937307959416,27.842280701754387,63.61211898753208,0.8462568630332754,0.30852781447233274,0.6914721855276672,0.8965151787769947,-0.023070352957471285,0.04741210185311041,6.34804,0.2989807142857142
RAVE,11411,1776055500000,2.1385317764541685,28.010570175438595,64.61680814275084,1.0046891552187631,0.14281659491934012,0.8571834050806598,0.8960455250091225,-0.0171654137074001,0.04223084969188783,6.38641,0.2684285714285713
RAVE,11412,1776056400000,2.266185573359886,27.910701754385965,64.67202930484586,0.055221162095023146,0.061455386988945614,0.9385446130110544,0.8495276239182765,-0.02066959579559713,0.039256587321806556,6.36364,0.24962714285714283
RAVE,11413,1776057300000,2.2645580527033817,27.917412280701754,58.88703361193778,-5.784995692908083,0.034012505390254556,0.13421733505821767,0.8188340797963836,-0.017019850572476125,0.03940311085067755,6.36517,0.2444785714285714
RAVE,11414,1776058200000,2.2205775568340504,27.817456140350878,60.05845994399089,1.1714263320531089,0.2662193049287948,0.7337806950712052,1.1549581281604822,-0.02053933514326567,0.036782081460744125,6.34238,0.2299442857142857
RAVE,11415,1776059100000,2.201447221941099,27.748684210526314,61.67020130345697,1.6117413594660803,0.09241970021413368,0.9075802997858663,0.686640993833955,-0.021392111368909505,0.034196067663137326,6.3267,0.21597928571428568
RAVE,11416,1776060000000,2.127565699231962,27.701315789473682,60.250443219303584,-1.4197580841533863,0.0,0.777636189869383,0.7488847203859144,-0.023062645011600935,0.033322719312211424,6.3159,0.20929999999999996
RAVE,11417,1776060900000,1.5485565569425033,27.83157894736842,61.95430104130356,1.703857821999975,0.008297413793105167,0.9917025862068949,0.7472868908575365,-0.018468677494199448,0.03157058954135274,6.3456,0.20028571428571423
RAVE,11418,1776061800000,1.7699441184128828,30.32785087719298,71.03828683415874,9.08398579285518,0.2367413523321237,0.7632586476678763,2.1694944155107874,0.06956689868522803,0.03338433769528206,6.91475,0.2260964285714286
RAVE,11419,1776062700000,1.4681446907817968,30.61473684210526,72.66802466180536,1.629737827646622,0.41296056144633514,0.5870394385536648,1.4780181845031837,0.009459488773997604,0.033912795460928506,6.98016,0.23304499999999997
RAVE,11420,1776063600000,1.7388715419058096,33.50877192982456,78.26090191471346,5.592877252908096,0.41441085660946353,0.5855891433905365,3.319279577653834,0.09453078439462703,0.0383696558894092,7.64,0.2798571428571428
RAVE,11421,1776064500000,1.8374676692385763,34.21052631578947,82.29482800827643,4.033926093562968,0.1381353596598293,0.8618646403401707,2.091567165291353,0.020942408376963373,0.039503178872349984,7.8,0.3053528571428571
RAVE,11422,1776065400000,2.3239838775966373,40.43859649122807,88.63268270933155,6.337854701055122,0.16175739644970405,0.838242603550296,3.8666276240338564,0.18205128205128207,0.04492322009197078,9.22,0.4019114285714286
RAVE,11423,1776066300000,2.4809025030853453,43.421052631578945,90.73522011417383,2.1025374048422805,0.1693394575365556,0.8306605424634443,3.7591692270123573,0.07375271149674623,0.049585248973323406,9.9,0.4791392857142857
RAVE,11424,1776067200000,2.603129341229802,43.228070175438596,75.86916176806051,-14.86605834611332,0.14583333333333276,0.3379867256637175,2.399082282049675,-0.004444444444444473,0.06321098191830506,9.856,0.5662635714285714
RAVE,11425,1776068100000,2.3949790047351023,41.666666666666664,77.11845669455685,1.249294926496347,0.4979230769230777,0.5020769230769223,1.1846351565091686,-0.04040404040404044,0.06512315431983928,9.5,0.5975928571428571
RAVE,11426,1776069000000,2.378204896132765,40.92635964912281,73.4498517130276,-3.6686049815292563,0.32185532303983727,0.27227198104777384,0.8915775863430087,-0.05745353535353537,0.06974812278719854,9.33121,0.6264092857142858
RAVE,11427,1776069900000,2.3006228338761034,40.14035087719298,72.1686095933883,-1.2812421196393018,0.3926781032976132,0.4511566941084492,0.6164648371731486,-0.07555555555555571,0.07227593791706194,9.152,0.6442192857142857
RAVE,11428,1776070800000,2.230593158205325,39.617982456140346,64.23705622345068,-7.9315533699376175,0.08172276413447138,0.6194764835550044,1.9044002292341013,-0.08758585858585866,0.08570699813458202,9.0329,0.7258028571428571
RAVE,11429,1776071700000,2.166335264113426,38.55263157894736,62.37157304707551,-1.8654831763751716,0.43098610368786794,0.42008284339925195,0.9282467546338196,-0.11212121212121229,0.09225965017738343,8.79,0.7709207142857142
RAVE,11430,1776072600000,2.3024472958462407,37.49986842105263,63.749031450585974,1.3774584035104667,0.1305069711374446,0.8694930288625554,0.6540006956776219,-0.13636666666666664,0.09315347682088568,8.54997,0.7911142857142854
RAVE,11431,1776073500000,2.6315094052547705,39.779999999999994,67.09619558000264,3.3471641294166687,0.29243699665630135,0.7075630033436986,0.7514145379794231,-0.08385454545454551,0.09414938006628062,9.06984,0.8327578571428568
RAVE,11432,1776074400000,2.430361521245961,39.394692982456135,67.25976718769374,0.1635716076910967,0.31207623236210086,0.6879237676378991,0.538540963013164,-0.09272828282828294,0.09219825575528862,8.98199,0.8171328571428569
RAVE,11433,1776075300000,2.671063314075939,41.05263157894736,70.31995920036474,3.0601920126709956,0.3110730366179205,0.6889269633820795,0.7207610700146206,-0.054545454545454675,0.09064224916812848,9.36,0.8342585714285711
RAVE,11434,1776076200000,2.814077981128142,42.53048245614035,71.76017071940139,1.4402115190366516,0.4044858680003015,0.5955141319996985,0.8410996520091201,-0.02051010101010109,0.08863807727050217,9.69695,0.8311299999999997
RAVE,11435,1776077100000,2.7249261635403648,41.43179824561403,65.21251446652411,-6.547656252877275,0.16236075457478893,0.05369633310567364,0.5824878830993898,-0.04581313131313125,0.09123359249234904,9.44645,0.8251749999999998
RAVE,11436,1776078000000,2.5329311424040055,40.35087719298245,60.430663388364955,-4.781851078159157,0.24969841269841142,0.32898412698412716,0.903189664474276,-0.07070707070707083,0.08538663709240855,9.2,0.7494607142857139
RAVE,11437,1776078900000,2.4919320978856665,39.7603947368421,62.7232366193132,2.2925732309482427,0.15001878287002215,0.8499812171299779,0.5378352751555235,-0.08430606060606072,0.07651168151863713,9.06537,0.687495714285714
RAVE,11438,1776079800000,2.610557433094699,40.39105263157895,62.780112771173556,0.05687615186035799,0.6988776260672144,0.30112237393278557,0.3895560891275131,-0.06978181818181817,0.06817970197444309,9.20916,0.6129764285714281
RAVE,11439,1776080700000,2.6224916305921973,40.48245614035088,64.17866667710734,1.3985539059337881,0.3615179963915508,0.6384820036084492,0.3884275225018673,-0.06767676767676767,0.06474099619237009,9.23,0.5899057142857139
RAVE,11440,1776081600000,2.6315016729902867,41.223596491228065,62.56167704432605,-1.6169896327812907,0.4668021129622113,0.40739536773669305,0.7750836195139305,-0.05060808080808088,0.06635541121803594,9.39898,0.5994799999999996
RAVE,11441,1776082500000,2.3231102291178063,40.39473684210527,64.02000219363833,1.4583251493122802,0.25533001404315114,0.7446699859568489,0.32327048851358237,-0.06969696969696959,0.06395667447306788,9.21,0.5852035714285712
RAVE,11442,1776083400000,2.367830712303423,40.87719298245614,64.95171624501734,0.9317140513790036,0.452707446061687,0.547292553938313,0.38981646135878684,-0.05858585858585863,0.05361508755261728,9.32,0.49450642857142835
RAVE,11443,1776084300000,2.7244302059496563,44.61557017543859,72.63365173773695,7.681935492719617,0.22207759489418907,0.7779224051058109,1.8877679252741744,0.027510101010100874,0.05110990192544969,10.17235,0.509095
RAVE,11444,1776085200000,2.6751883107072714,44.811184210526314,67.60845773338664,-5.025194004350311,0.3223808107840231,0.39488551888195106,1.5604801621597093,0.004384434275265914,0.05502787451073681,10.21695,0.5353414285714286
RAVE,11445,1776086100000,2.614242636796853,43.84298245614035,68.92426461341852,1.3158068800318716,0.3943322191541914,0.6056677808458085,0.6639070580224186,-0.02160625235515501,0.05121587929712848,9.9962,0.5050157142857143
RAVE,11446,1776087000000,2.607743872007813,44.0709649122807,69.52499392742025,0.6007293140017396,0.4447914497883273,0.5552085502116727,0.7706307499384262,-0.016518628357778065,0.050233366935483886,10.04818,0.4983150000000001
RAVE,11447,1776087900000,2.6873393091627342,43.968771929824555,69.93264341446849,0.4076494870482321,0.339509340997745,0.660490659002255,0.7324741076885853,-0.01879915238892238,0.04783534504041036,10.02488,0.4763792857142858
RAVE,11448,1776088800000,2.6260354900592953,43.77197368421052,55.920822003114125,-14.011821411354362,0.024619251157069554,0.38501429190892067,1.7531482879615494,-0.02319087398881281,0.05390758651100255,9.98001,0.5005357142857144
RAVE,11449,1776089700000,2.3882554773222777,41.578947368421055,57.852133762852205,1.9313117597380796,0.18525000000000272,0.8147499999999973,0.6243166571798121,-0.07213013668462709,0.05199402517481502,9.48,0.4902064285714287
RAVE,11450,1776090600000,2.4397440455030215,42.43859649122807,59.96311997065527,2.110986207803066,0.2763959550279526,0.7236040449720474,0.6914526001448617,-0.05294632938401389,0.048805924316328506,9.676,0.4679507142857145
RAVE,11451,1776091500000,2.3740002450165387,42.27785087719298,58.43029297964476,-1.5328269910105092,0.23688130399625257,0.45052559901263817,0.5311897584581433,-0.056533505596092826,0.04697102431544468,9.63935,0.4467057142857146
RAVE,11452,1776092400000,2.4004565743296196,43.771929824561404,63.08720606485111,4.656913085206348,0.16958146487294498,0.830418535127055,1.0723723982057884,-0.023191852754491316,0.04785396835049452,9.98,0.47215357142857173
RAVE,11453,1776093300000,2.142499944471063,43.4369298245614,59.78615288677201,-3.3010531780791013,0.0960778593969601,0.469251372351431,0.5088292395756092,-0.03066766500765894,0.04902681453310716,9.90362,0.4757307142857147
RAVE,11454,1776094200000,2.12083690369663,43.2894298245614,61.61920685183448,1.8330539650624686,0.11320452818112615,0.8867954718188739,0.4021620370189906,-0.03395925398479982,0.045687347832101474,9.86999,0.4496407142857147
RAVE,11455,1776095100000,2.2017131688121725,43.39416666666666,58.168941650525966,-3.450265201308511,0.23867457087241437,0.030348610865332082,0.4558480464892068,-0.03162196154429653,0.046409903425477086,9.89387,0.4490014285714289
RAVE,11456,1776096000000,2.2120480910378153,43.37899122807017,59.707343501632444,1.538401851106478,0.14358077234392355,0.8564192276560765,1.2384040383269377,-0.03196061446909315,0.049941786082732864,9.89041,0.48845214285714306
RAVE,11457,1776096900000,2.6025848352852186,48.462982456140345,68.94624719839604,9.238903696763593,0.3603782749931686,0.6396217250068313,2.2257822487468633,0.08149300916614055,0.048655367143103034,11.04956,0.5145178571428574
RAVE,11458,1776097800000,2.6854646544876886,50.87719298245614,74.6159979745099,5.669750776113858,0.25650501672240794,0.743494983277592,1.4403596889558836,0.04981555826657358,0.04801951967640762,11.6,0.5422950000000001
RAVE,11459,1776098700000,2.7233873873873873,52.115175438596495,75.56990941104785,0.9539114365379504,0.48979502260457397,0.510204977395426,1.7553053797978877,0.02433275862068962,0.05096356961098696,11.88226,0.5828142857142858
RAVE,11460,1776099600000,2.4903781512605043,51.00850877192982,75.7606298911241,0.19072048007625142,0.438196621959895,0.5618033780401049,0.6891232029590802,-0.021235017580830684,0.05140931302298897,11.62994,0.5893378571428572
RAVE,11461,1776100500000,2.1672772362447015,51.64662280701754,76.93741556093785,1.1767856698137535,0.14699461952344395,0.853005380476556,0.9944463922576677,-0.00899071388776218,0.05546055217134998,11.77543,0.6451171428571429
RAVE,11462,1776101400000,1.9785463638620642,51.04065789473684,71.76481972103733,-5.172595839900524,0.01577258688416393,0.2882245344688028,0.5412078321358733,-0.02061813156756387,0.05159894886295995,11.63727,0.5882228571428572
RAVE,11463,1776102300000,1.8368460191191862,50.864649122807016,72.86586944892736,1.1010497278900289,0.17928935636295557,0.8207106436370444,0.5214334831534472,-0.023995435211820015,0.05160280292891103,11.59714,0.5949792857142856
RAVE,11464,1776103200000,1.8488365304907237,53.508771929824555,76.87325325639311,4.007383807465757,0.16801542883073523,0.8319845711692648,1.4747343928866419,0.026740704209468502,0.05211865655888922,12.2,0.6289007142857141
RAVE,11465,1776104100000,1.9547728531410358,56.394561403508774,80.39927336742721,3.5260201110341,0.20510935899149146,0.7948906410085085,1.7404270786440408,0.053931147540983604,0.0533587566501188,12.85796,0.6762571428571427
RAVE,11466,1776105000000,1.9520101297879076,57.261228070175434,78.79786608342219,-1.6014072840050204,0.289539072707636,0.6549125046258879,1.5633952685694248,0.015367912172693066,0.057390945145099535,13.05556,0.7230478571428568
RAVE,11467,1776105900000,2.154689542402449,55.678333333333335,75.83939279981614,-2.958473283606054,0.1380073588593784,0.6655887087501429,0.7151368376137097,-0.027643394844801716,0.05984678209499443,12.69466,0.7458099999999996
RAVE,11468,1776106800000,1.9189514099863945,54.951052631578946,76.20425176041533,0.364858960599193,0.060062340153457565,0.9399376598465424,0.2376026104066837,-0.04034449690400099,0.05960038206931836,12.52884,0.7458278571428567
RAVE,11469,1776107700000,2.082490828354112,58.852456140350874,81.46577464643957,5.261522886024238,0.0,1.0,0.9666370230033597,0.02778892671015254,0.059194481079867946,13.41836,0.7942928571428568
RAVE,11470,1776108600000,1.9532571898074007,58.96061403508772,80.11205279353061,-1.3537218529089614,0.14434558651370158,0.47992273472254326,0.2225452327953517,0.001837780473917805,0.05629573812096573,13.44302,0.7517828571428569
RAVE,11471,1776109500000,1.958548483098069,59.08052631578947,77.42409956683834,-2.6879532266922723,0.08435213149030053,0.825241026832385,1.293599919552325,0.0020337691976950456,0.05714894736364706,13.47036,0.7560599999999997
RAVE,11472,1776110400000,1.5583515632693015,58.115087719298245,67.84672880851694,-9.577370758321393,0.018664955836713588,0.2434053473382674,0.7547243448360177,-0.016341062896611525,0.05638372601146295,13.25024,0.718505714285714
RAVE,11473,1776111300000,1.5100587630695657,56.44736842105262,56.57412395349419,-11.272604855022756,0.12356190476190486,0.1861619047619052,0.7222131285082568,-0.044568964749271744,0.060622799488611614,12.87,0.7284114285714283
RAVE,11474,1776112200000,1.2921843672082614,52.699429824561406,40.36107571837717,-16.213048235117014,0.0,0.5438760096829046,2.2672675336410797,-0.10800676448142432,0.09219280223236169,12.01547,0.9571299999999997
RAVE,11475,1776113100000,1.0539756840569847,46.073377192982456,30.66077942722079,-9.700296291156384,0.038010503776588225,0.4571256859316438,1.879675451918539,-0.22015966908085594,0.12908294461428255,10.50473,1.1239471428571426
RAVE,11481,1776118500000,1.0273386307147696,47.22276315789474,45.93089678225065,-1.6322169050114184,0.1995934330600788,0.2123207459619513,0.5080584992004701,-0.200705103649791,0.13287624068282858,10.76679,1.3832828571428573
RAVE,11582,1776209400000,1.0854808193536902,72.46890350877193,65.11106550524016,0.6541399446682874,0.4892673364371493,0.5107326635628507,0.7390182215162457,-0.0076330330330329765,0.0330774667634262,16.52291,0.539931428571429
RAVE,11583,1776210300000,1.0212665168638604,72.23802631578947,65.53142553054826,0.42036002530809924,0.4623197903014423,0.5376802096985577,0.5765234677814707,-0.010794594594594531,0.030781368980189232,16.47027,0.5035028571428575
RAVE,11584,1776211200000,1.080517989541082,72.17061403508771,65.61047686523477,0.07905133468651115,0.14561191159157905,0.8483527051450017,1.46669851177749,-0.01171771771771768,0.030818222993279108,16.4549,0.5042921428571431
RAVE,11585,1776212100000,1.1703769819132979,76.78850877192983,75.45812088112481,9.84764401589004,0.13413874186767163,0.8658612581323284,2.416529957108873,0.051518318318318324,0.0325661946966499,17.50778,0.564904285714286
RAVE,11586,1776213000000,1.3799599482983287,79.3859649122807,77.87200190592807,2.41388102480326,0.4844221705148842,0.5155778294851159,1.8220508994631681,0.03382610473743686,0.033887902949671256,18.1,0.5996135714285717
RAVE,11587,1776213900000,1.5274230634856578,81.86035087719297,81.8556306174118,3.983628711483732,0.24121992728397842,0.7587800727160215,1.930774875071397,0.031169060773480473,0.034642975448961985,18.66416,0.6379400000000003
RAVE,11588,1776214800000,1.3975947379865734,83.66228070175438,82.0277051078437,0.17207449043189627,0.6407282051282068,0.3592717948717931,2.1435401950151016,0.02201224164387794,0.036072216596208365,19.075,0.6655428571428572
RAVE,11589,1776215700000,1.398296146570266,81.1823245614035,78.03346635925602,-3.9942387485876765,0.11643150106952765,0.5336263908785868,1.2529584719636861,-0.02964246395806025,0.03576788083260309,18.50957,0.6535478571428571
RAVE,11590,1776216600000,1.1929960713747363,81.67486842105264,78.93212458178925,0.8986582225332285,0.35287835463533795,0.6471216453646621,1.1504339806939374,-0.02375517693315843,0.03535272167259663,18.62187,0.6510914285714289
RAVE,11591,1776217500000,1.2724078604458704,82.37657894736843,80.74543333028039,1.8133087484911385,0.12142127924009004,0.87857872075991,1.137908702803399,-0.015367758846657753,0.03499857540675286,18.78186,0.6554235714285719
RAVE,11592,1776218400000,1.3384333032016755,82.37254385964913,71.87236146677306,-8.873071863507334,0.09064217302559166,0.26696498665410645,1.3515204221248958,-0.015415989515071948,0.036875629346336314,18.78094,0.6753428571428576
RAVE,11593,1776219300000,1.168409690629995,80.44495614035087,65.49620673302866,-6.3761547337444,0.03023028552005348,0.6099698334466365,1.6253607139975934,-0.03845609436435127,0.03927779422987572,18.34145,0.705989285714286
RAVE,11594,1776220200000,1.2390176944708493,79.34135964912281,64.11432975069769,-1.3818769823309651,0.13275951707006925,0.777909999422334,0.9695346469879697,-0.051647182175622586,0.039637916336747486,18.08983,0.7094235714285718
RAVE,11595,1776221100000,1.2359207380578954,79.65899122807018,62.04671276461513,-2.0676169860825624,0.4907196232222644,0.3008102946357399,1.6676767192798665,-0.04785058977719525,0.03947911980278273,18.16225,0.7021428571428574
RAVE,11596,1776222000000,1.1927601465783857,78.39377192982455,52.648714179049215,-9.397998585565915,0.10379205753996108,0.14703661517590794,1.3601199298489575,-0.06297352555701174,0.042354407722303915,17.87378,0.7288050000000001
RAVE,11597,1776222900000,1.1379013782363532,77.1919298245614,56.205294374467414,3.5565801954181993,0.22420065916192045,0.7757993408380796,0.46111040492940847,-0.07733892529488862,0.04256877475196995,17.59976,0.7447407142857143
RAVE,12157,1776726900000,1.245077720207254,5.701315789473684,89.16729129717218,2.9452505382841565,0.10346666666666711,0.8965333333333328,3.694412833214716,0.1311347024016707,0.06976069615663524,1.2999,0.08932857142857142
RAVE,12158,1776727800000,1.1883838383838388,5.701315789473684,66.93387451879806,-22.23341677837412,0.0693106004447745,0.15530022238695346,2.892888729512699,0.0,0.09975346481876331,1.2999,0.10693571428571427
RAVE,12160,1776729600000,1.2387947269303203,5.2140350877192985,66.21809998607287,-2.028501786209759,0.5692204301075267,0.2762096774193542,1.5966845666589917,-0.08546811293176393,0.11765133395879858,1.1888,0.12719285714285714
RAVE,12161,1776730500000,1.1312380952380954,4.907456140350877,67.41967929031534,1.2015793042424718,0.12229437229437319,0.8777056277056268,1.1206522759209028,-0.13924148011385495,0.11978924831037507,1.1189,0.13267857142857142
RAVE,12162,1776731400000,1.2099236641221371,5.078947368421052,67.602315027494,0.1826357371786571,0.5535714285714294,0.4464285714285706,0.8901641430466607,-0.10916224324948087,0.12382237645395539,1.158,0.1376285714285714
RAVE,12163,1776732300000,1.3002032520325204,4.96359649122807,64.73638893362298,-2.8659260938710247,0.2674418604651158,0.36950904392764844,0.6995650608162821,-0.12939456881298572,0.1304038098755986,1.1317,0.1412142857142857
RAVE,12164,1776733200000,1.2040485829959513,4.775438596491228,63.889878677651545,-0.846510255971431,0.09589041095890494,0.7568493150684934,0.6665804605563954,-0.1623971074698054,0.13345164978330806,1.0888,0.14340714285714284
RAVE,12165,1776734100000,1.176458752515091,4.7442982456140355,57.19424386940073,-6.695634808250816,0.062146892655368706,0.28342749529190203,0.9628899508233711,-0.1678590660820063,0.14299210137515622,1.0817,0.1437928571428571
RAVE,12166,1776735000000,1.146484375,4.820175438596491,61.473112798475505,4.2788689290747755,0.2724358974358985,0.7275641025641014,0.6780433053940842,-0.1545503500269252,0.13184509947434958,1.099,0.14153571428571426
RAVE,12167,1776735900000,1.0664761904761901,4.758333333333333,56.47683826205771,-4.996274536417793,0.1426799007444177,0.16625310173697366,0.6194846660141139,-0.16539733825678904,0.13219584778000815,1.0849,0.1345357142857143
RAVE,12168,1776736800000,1.224590163934426,5.356578947368421,65.1780612195216,8.701222957463884,0.21155682903533907,0.788443170964661,1.0887948479174976,-0.06046618970690054,0.11861269571549947,1.2213,0.13960714285714287
RAVE,12169,1776737700000,1.3539888682745822,5.564912280701754,67.22459452241941,2.0465333028978137,0.3462414578587691,0.653758542141231,1.4401823609256812,-0.02392491730133095,0.10937354012893581,1.2688,0.13378571428571429
RAVE,12170,1776738600000,1.6513416815742392,6.500438596491228,74.5037709165751,7.279176394155698,0.18885564697083013,0.8111443530291699,2.1956330350498265,0.1401646280483113,0.0989103101424979,1.4821,0.1416
RAVE,12171,1776739500000,1.6347442680776019,6.55219298245614,71.15555242513489,-3.348218491440221,0.3436464088397791,0.42928176795580153,1.4781315939557822,0.007961676000269868,0.10149267530973269,1.4939,0.14113571428571428
RAVE,12172,1776740400000,1.5576719576719578,6.360526315789473,72.36575447484715,1.2102020497122652,0.2516778523489931,0.7483221476510069,1.044944407949663,-0.0292522926568044,0.08982979617566716,1.4502,0.12825
RAVE,12173,1776741300000,2.047467166979362,7.124122807017544,77.21384190574871,4.848087430901558,0.10433539780848039,0.8956646021915197,1.7652570099761986,0.08728830577682589,0.08158298266885385,1.6243,0.13072857142857142
RAVE,12174,1776742200000,2.2003710575139146,7.565789473684211,79.38126136539096,2.1674194596422467,0.1410327595780126,0.8589672404219874,1.6922137022335875,0.06199593671119863,0.07823269340685203,1.725,0.1329642857142857
RAVE,12175,1776743100000,3.8990942028985502,11.860964912280702,86.63778786008466,7.256526494693702,0.47593114849752,0.52406885150248,4.417792673269524,0.5677101449275361,0.09021368265577935,2.7043,0.1998142857142857
RAVE,12176,1776744000000,2.7777777777777777,10.43859649122807,57.01477002038543,-29.62301783969923,0.18868355007985402,0.005817932922655583,3.044396017894299,-0.11992012720482192,0.16998910933282824,2.38,0.2564285714285714
RAVE,12177,1776744900000,1.7506920415224916,6.973245614035088,54.227662412601134,-2.787107607784293,0.17044273539804627,0.6258574101018497,2.5296970649922583,-0.4120844580852716,0.20232944585735563,1.5899,0.2852642857142857
RAVE,12178,1776745800000,1.8423636363636358,6.85657894736842,57.375117240936376,3.147454828335242,0.08023379383634377,0.9197662061636562,1.2403113133235437,-0.4219206448988648,0.1902439699558935,1.5633,0.2945357142857143
RAVE,12179,1776746700000,2.1063670411985016,7.275438596491228,53.30765648329826,-4.067460757638116,0.3134539287733182,0.2846240814019219,1.4679465736576203,-0.38660651554931036,0.2221109970629783,1.6588,0.3122214285714286
RAVE,12180,1776747600000,1.807427536231884,6.796929824561404,55.20596280671581,1.8983063234175503,0.29716117216117277,0.7028388278388272,0.8353514148551667,-0.42694967274340856,0.2162821351600985,1.5497,0.32113571428571425
RAVE,12181,1776748500000,1.8848484848484848,7.098245614035088,55.983172560882615,0.7772097541668046,0.48544152744630126,0.5145584725536987,0.7214267670293466,-0.4015456864992789,0.2178036903427554,1.6184,0.3303428571428571
RAVE,12182,1776749400000,1.8648897058823528,6.8355263157894735,56.28023506929438,0.29706250841176285,0.32299465240641745,0.6770053475935826,0.4326568320142271,-0.42369559590282146,0.210733681681794,1.5585,0.32206428571428575
RAVE,12183,1776750300000,1.8715341959334566,6.81359649122807,55.18757716503375,-1.0926579042606264,0.18494152046783693,0.5847953216374256,0.44890540477971824,-0.4255445031986096,0.21542631885385946,1.5535,0.32242857142857145
RAVE,12184,1776751200000,2.3303085299455533,8.048245614035087,62.29507092734135,7.107493762307598,0.1565982404692079,0.8434017595307921,0.8793914196631311,-0.32145102244573454,0.1839277695811149,1.835,0.3276857142857143
RAVE,12185,1776752100000,2.5027624309392262,8.342105263157894,63.43925484157661,1.1441839142352634,0.2370524852276672,0.7629475147723328,1.2067639167928463,-0.2966756646821729,0.18284826200084134,1.902,0.33530714285714286
RAVE,12186,1776753000000,2.6052631578947367,8.412280701754385,58.320317827982514,-5.118937013594099,0.28383395207559853,0.24265946675666578,0.8712783901681151,-0.2907591613356506,0.20671097914839065,1.918,0.3500857142857144
RAVE,12187,1776753900000,2.438269230769231,7.841666666666667,58.813010093635995,0.49269226565348134,0.5530973451327432,0.4469026548672567,0.5651071308415511,-0.3388677291720593,0.20128353752616698,1.7879,0.34477857142857143
RAVE,12188,1776754800000,3.0413240131578947,8.621491228070175,64.44398913376358,5.630979040127585,0.047798268724124696,0.9522017312758753,0.7325934496358304,-0.27312058573383124,0.1796686416502085,1.9657,0.3508928571428572
RAVE,12189,1776755700000,3.1436041834271924,9.035964912280702,64.04340754577848,-0.40058158798510135,0.5821138211382108,0.36368563685636923,0.800227252481335,-0.23817623784343445,0.14958895849877935,2.0602,0.29062142857142853
RAVE,12190,1776756600000,2.886517750299163,8.546929824561404,60.08438125565694,-3.9590262901215354,0.018608113137328294,0.6043915147004094,0.760801012978299,-0.2794068705395111,0.13417281806339557,1.9487,0.2472
RAVE,12191,1776757500000,3.134396809571286,9.093859649122805,63.61631601332566,3.531934757668715,0.3016042780748664,0.6983957219251337,0.7375890268661737,-0.2332951225825537,0.11709142627284219,2.0734,0.23287142857142853
RAVE,12192,1776758400000,3.1078665077473184,9.069736842105263,60.00729481079223,-3.6090212025334267,0.3081440877055592,0.3285043069694602,0.7928040840377072,-0.23532892060792077,0.12532768855274654,2.0679,0.23767142857142856
RAVE,12193,1776759300000,2.7840952746830583,8.640350877192983,55.7257940684082,-4.281500742384033,0.21558823529411736,0.44176470588235317,0.926722907874279,-0.27153052545945344,0.13295456369268302,1.97,0.2366857142857143
RAVE,12194,1776760200000,2.3938706015891036,7.868421052631579,55.20740455813336,-0.5183895102748366,0.10534846029173522,0.7730956239870338,0.5937399648509996,-0.33661206227119767,0.13018120045300113,1.794,0.22990000000000002
RAVE,12195,1776761100000,2.044966785896781,7.840789473684211,46.258752101401086,-8.948652456732276,0.04954128440366985,0.3213302752293579,1.19874940460044,-0.3389416854638908,0.16495413019746039,1.7877,0.24607857142857142
RAVE,12196,1776762000000,1.31465392412395,7.010964912280702,45.81541633521407,-0.443335766187019,0.6450450450450443,0.26786786786786754,0.8456055315716472,-0.32836134453781507,0.17018343298310792,1.5985,0.25129285714285715
RAVE,12197,1776762900000,1.1379026730637425,6.840350877192983,46.41216303722123,0.5967467020071595,0.5796344647519581,0.4203655352480419,0.7112425050833302,-0.2478055367994597,0.16726629030714765,1.5596,0.24972857142857147
RAVE,12198,1776763800000,1.3965985422323852,7.354824561403508,51.127131394290835,4.714968357069608,0.26233766233766215,0.7376623376623379,0.9158010578974147,-0.19123179318992956,0.14702498067598907,1.6769,0.23912142857142862
RAVE,12199,1776764700000,1.5538638322321172,7.798245614035087,52.52980227178307,1.402670877492234,0.6547619047619057,0.3452380952380944,0.9686339146760229,-0.1424713031735313,0.13823227132579655,1.778,0.23057142857142862
RAVE,12200,1776765600000,1.6149999999999998,7.569736842105263,49.28198831779074,-3.2478139539923276,0.33086138049058783,0.16371933827723872,0.8143683092472186,-0.16759911256872762,0.14052337835026374,1.7259,0.2219285714285715
RAVE,12201,1776766500000,1.5505930590130328,7.639473684210526,54.28223036302321,5.0002420452324685,0.09200438116100722,0.9079956188389928,0.6686822706343266,-0.1599305488569499,0.13060041407867498,1.7418,0.22528571428571434
RAVE,12202,1776767400000,1.4255491173696266,7.894736842105263,52.90964678038492,-1.372583582638292,0.5505780346820809,0.2008670520231216,0.7825568780012969,-0.13186071187421622,0.1279702007475182,1.8,0.21619285714285721
RAVE,12203,1776768300000,1.2327575009741527,7.5394736842105265,51.97535795825045,-0.9342888221344694,0.2765757290686743,0.5004703668861701,0.5715090347678685,-0.17092697983987648,0.1264224400367026,1.719,0.21060714285714285
RAVE,12204,1776769200000,1.319157720891825,7.390789473684211,52.11099146859314,0.1356335103426929,0.12549960031974458,0.8745003996802554,0.5635303363003834,-0.1872769364329121,0.12001317838744459,1.6851,0.20035
RAVE,12205,1776770100000,1.547126103952512,7.716228070175439,54.42395602153369,2.3129645529405494,0.3336864406779668,0.6663135593220332,0.6619197491556196,-0.1514903057779492,0.10826319183767963,1.7593,0.18705714285714287
RAVE,12206,1776771000000,1.4527696386214597,7.7100877192982455,50.347812588147136,-4.076143433386555,0.19595035924232543,0.20966688438928816,0.6319805195159315,-0.1521655252242693,0.10981122854175579,1.7579,0.17975000000000005
RAVE,12207,1776771900000,1.4569440417512323,7.433333333333334,51.15823805523522,0.8104254670880877,0.3531531531531543,0.6468468468468457,0.5888322382884014,-0.18259863026912315,0.09869102267628484,1.6948,0.16339285714285717
RAVE,12208,1776772800000,1.4417625596407522,7.63157894736842,53.52178626296822,2.363548207732997,0.23561430793157062,0.7643856920684293,0.7253184665989293,-0.1607986881450757,0.09578539259184989,1.74,0.16376428571428575
RAVE,12209,1776773700000,1.6012605042016808,8.146052631578947,55.075386775448976,1.553600512480756,0.658220388921626,0.34177961107837396,0.9667994900664295,-0.10422494453554543,0.08291868534764964,1.8573,0.1447428571428572
RAVE,12210,1776774600000,1.5914195220270662,7.894736842105263,50.726471649719585,-4.348915125729391,0.30617977528089896,0.21404494382022368,1.0511976968587726,-0.13186071187421622,0.0876840465720654,1.8,0.14556428571428576
RAVE,12211,1776775500000,1.3668531468531468,7.422368421052631,49.99551714877274,-0.7309545009468437,0.19961977186311708,0.7027883396704692,0.9905645936220061,-0.18380437928040905,0.09032975047318063,1.6923,0.14862857142857142
RAVE,12212,1776776400000,1.6058426966292134,7.628947368421053,49.457749572362445,-0.537767576410296,0.7578947368421053,0.15546558704453506,0.8386166686402627,-0.15885681125779771,0.0878845330560822,1.7394,0.1437
RAVE,12213,1776777300000,1.4809193408499568,7.527631578947368,51.60749107923096,2.1497415068685157,0.47876004592422355,0.5212399540757765,0.5613538450201303,-0.12878172588832493,0.08236081964136426,1.7163,0.13792142857142858
RAVE,12214,1776778200000,1.454183832930814,7.576754385964912,52.94968989584968,1.342198816618719,0.3502475247524752,0.6497524752475248,0.593468589825412,-0.06988639422818066,0.07719599139090665,1.7275,0.13117142857142858
RAVE,12215,1776779100000,1.5583527357392315,7.710964912280701,53.61428109859645,0.6645912027467702,0.5346197502837672,0.4653802497162329,0.8399645579663252,-0.05341086523448013,0.07271854387576188,1.7581,0.12442142857142859
RAVE,12216,1776780000000,1.7132922396080286,7.52938596491228,50.14912410345761,-3.465156995138841,0.043412033511042024,0.548362528560549,1.078689919810991,-0.07570128681419264,0.07476426071816443,1.7167,0.12391428571428573
RAVE,12217,1776780900000,1.6016347933374462,7.398684210526316,49.67181026016289,-0.4773138432947164,0.38866930171278063,0.5138339920948601,0.6602719402376853,-0.0917460830237441,0.0737835497835498,1.6869,0.12174285714285715
RAVE,12218,1776781800000,1.5407771463676854,7.255701754385965,43.01631977669665,-6.655490483466245,0.022828507795101392,0.3541202672605792,1.3723715178479559,-0.10929844397781718,0.0816717898236458,1.6543,0.12563571428571432
RAVE,12219,1776782700000,1.3978710274606603,6.817105263157894,34.92652875000492,-8.089791026691728,0.04698581560283695,0.4228723404255319,3.123980294065915,-0.16314004199644638,0.10527173341742879,1.5543,0.14306428571428573
RAVE,12220,1776783600000,1.3425449871465296,6.394736842105263,39.2496533691996,4.3231246191946795,0.17037387600567924,0.8296261239943208,1.7304817779677932,-0.21498950088838642,0.10353124372111717,1.458,0.14722142857142861
RAVE,12221,1776784500000,1.318833801060181,6.523245614035088,37.45874552241589,-1.7909078467837105,0.4821693907875181,0.20208023774145528,1.1052921308722545,-0.19921391266892796,0.10791154638534887,1.4873,0.1489071428571429
RAVE,12222,1776785400000,1.1668496158068056,6.060526315789473,34.267062394053966,-3.191683128361923,0.01006036217303712,0.45204560697518525,1.5089498362492493,-0.25601679857858184,0.11566143263704992,1.3818,0.1503714285714286
RAVE,12223,1776786300000,1.2472458293988038,6.262719298245614,40.29480839102763,6.027745996973664,0.3103180760279289,0.6896819239720712,1.0255634723437628,-0.23119582189199372,0.10624478914701557,1.4279,0.1474571428571429
RAVE,12224,1776787200000,1.3879658009356346,6.492543859649122,43.88012179654453,3.5853134055168994,0.271963330786859,0.7280366692131409,1.1669908610208173,-0.2029828245302321,0.09973894728515068,1.4803,0.1440928571428572
RAVE,12225,1776788100000,1.4836516672062157,6.729824561403508,46.16044183289194,2.280320036347412,0.4130605822187254,0.5869394177812747,1.015272535360798,-0.17385452000215362,0.09575544908563334,1.5344,0.14190000000000005
RAVE,12226,1776789000000,1.4695423114916033,6.578947368421052,43.81046524889155,-2.3499765840003874,0.21258907363420446,0.24346793349168586,0.6805367467366464,-0.19237602972056211,0.09684108970469762,1.5,0.13909285714285718
RAVE,12227,1776789900000,1.6547173176386658,6.528508771929824,42.75663467422096,-1.0538305746705916,0.4358108108108103,0.385979729729729,0.7891973040959889,-0.19856781349270447,0.09982241236655703,1.4885,0.14132857142857144
RAVE,12228,1776790800000,1.4988054607508534,6.4223684210526315,42.7710980330383,0.014463358817337735,0.7944078947368427,0.20559210526315727,0.4547128655988091,-0.21159748021321279,0.09879943502824862,1.4643,0.13990000000000002
RAVE,12229,1776791700000,1.5855320636030052,6.489912280701755,44.22795360420748,1.4568555711691786,0.4635416666666661,0.5364583333333339,0.47971375045436426,-0.20330587411834378,0.09787087912087913,1.4797,0.14046428571428574
RAVE,12230,1776792600000,1.5140464142383525,6.319298245614036,42.26079315461969,-1.9671604495877872,0.09650924024640925,0.21560574948665576,0.4997786010163257,-0.19955555555555549,0.0959391741867145,1.4408,0.13456428571428575
RAVE,12231,1776793500000,1.409827760891591,6.25921052631579,39.16487782972117,-3.0959153248985203,0.2032312925170072,0.33418367346938704,0.6963862991313797,-0.1882714293839941,0.10197424165395697,1.4271,0.13754285714285716
RAVE,12232,1776794400000,1.2122741331596942,5.9605263157894735,39.49316957714449,0.32829174742332157,0.05767524401064728,0.9423247559893527,0.901945418047472,-0.22700642739320853,0.09816213361499869,1.359,0.13276428571428572
RAVE,12233,1776795300000,1.3725062866722548,6.207017543859649,42.12917449234675,2.636004915202257,0.3842645381984039,0.6157354618015961,0.711390019640413,-0.19504010010807116,0.08313944470296264,1.4152,0.11485714285714288
RAVE,12234,1776796200000,1.3429967426710099,6.309649122807018,44.44789664287056,2.3187221505238114,0.5139573070607556,0.4860426929392444,0.42308752397708493,-0.18173027700358335,0.0739815858127519,1.4386,0.10411428571428574
RAVE,12235,1776797100000,1.3238265971316818,6.253947368421052,39.67678699860116,-4.771109644269401,0.16335350043215152,0.2178046672428687,0.5206937479454435,-0.18895398441499345,0.07695393568540193,1.4259,0.10276428571428574
RAVE,12236,1776798000000,1.192644483362522,6.040350877192982,40.138754011566704,0.46196701296554465,0.759753593429157,0.24024640657084295,0.38673304258786545,-0.1977631502300926,0.07132730722493445,1.3772,0.09559285714285716
RAVE,12237,1776798900000,1.0848221221065715,5.885964912280702,34.19823029095538,-5.940523720611324,0.010401188707280776,0.49034175334323976,1.1108613004249366,-0.20445788132076592,0.08135513102828092,1.342,0.10080714285714289
RAVE,12239,1776800700000,1.0684136199592031,5.781578947368421,37.168019555196416,-0.8323917168271535,0.6128048780487797,0.17378048780487895,0.4659294368680071,-0.15190117737888442,0.07452531645569622,1.3182,0.09420000000000003
RAVE,12240,1776801600000,1.0932419509085114,5.760087719298245,38.8976886327822,1.7296690775857826,0.6605691056910575,0.3394308943089424,0.4222931717920053,-0.14409541188738273,0.0716014544481128,1.3133,0.09170714285714288
RAVE,12241,1776802500000,1.194529859200518,5.947368421052632,38.774526646584725,-0.12316198619747354,0.7497527200791291,0.23837784371908965,0.5839255566189152,-0.11626694473409793,0.07073606612308728,1.356,0.09047142857142862
RAVE,12242,1776803400000,1.0530386740331492,5.70438596491228,35.666508831569615,-3.10801781501511,0.2774936061381079,0.13554987212276418,0.6117464862855508,-0.15237226277372262,0.07438303788668756,1.3006,0.09171428571428576
RAVE,12243,1776804300000,1.0789847075516317,5.783771929824561,39.81167699282797,4.145168161258354,0.5337690631808278,0.46623093681917216,0.5636137914152555,-0.1405761209593327,0.07199675963950992,1.3187,0.09141428571428575
RAVE,12244,1776805200000,1.0613312202852616,5.704824561403508,40.642165112574816,0.8304881197468461,0.37048665620094373,0.6295133437990563,0.49414061330975395,-0.15230709071949944,0.07241853753481661,1.3007,0.0924857142857143
RAVE,12245,1776806100000,1.0343915343915344,5.73377192982456,40.832263783621976,0.19009867104715994,0.5489443378119013,0.4510556621880986,0.6331809300351808,-0.14800573514077164,0.06866907238378264,1.3073,0.08780714285714286
RAVE,12246,1776807000000,1.0278450363196123,5.87719298245614,46.62004274528152,5.787778961659548,0.16200294550810176,0.8379970544918982,0.6442130912124091,-0.10666666666666658,0.06366225948618726,1.34,0.08460714285714287
RAVE,12247,1776807900000,1.427931596091205,7.846052631578947,61.97994999462136,15.359907249339834,0.5526806044297247,0.44731939557027534,2.1639949678690886,0.20181390661740006,0.07415073263683553,1.7889,0.11284999999999999
RAVE,12248,1776808800000,1.0496863854384455,7.309649122807017,67.35972376957695,5.379773774955588,0.2744458930899611,0.7255541069100389,1.2317309811358599,-0.06836603499357141,0.07353471397792725,1.6666,0.11945714285714283
RESOLV,11835,1760217300000,1.0935483870967744,3.3802083333333335,35.184860761144265,8.5919170327291,0.38888888888889317,0.6111111111111068,0.9072394536228373,-0.08333333333333337,0.020694259012016054,0.0649,0.0013285714285714305
RLS,11846,1775349900000,1.3610991841992273,2.5446552521980563,81.01878143930375,9.72935362888822,0.14421052631579032,0.8557894736842097,6.263144996790359,0.1613516367476242,0.04558533596206106,0.005499,0.0002444285714285714
RLS,11847,1775350800000,1.6214317083882301,2.7621471540953264,83.92886354130326,2.9100821019995067,0.37783711615487325,0.6221628838451267,4.492688935188285,0.08547008547008539,0.051856690618561886,0.005969,0.0002948571428571429
RLS,11848,1775351700000,1.485630987088713,2.7616844053678853,77.41927042564633,-6.509593115656926,0.43577981651376224,0.31651376146788945,3.554633579722122,-0.00016753224995813554,0.06116904287525553,0.005968,0.00033771428571428575
RLS,11849,1775352600000,1.3845172267120378,2.5941693660342433,69.82016340015088,-7.5991070254954565,0.24147727272727282,0.14772727272727268,2.2097437238294484,-0.06081420673479654,0.06710731786118142,0.005606,0.00035607142857142863
RLS,11850,1775353500000,1.414965986394558,2.6284127718648773,73.64293825126202,3.8227748511111486,0.20204603580562688,0.7979539641943731,1.552266609960621,-0.04841682023789584,0.06801081439538859,0.00568,0.0003809285714285715
RLS,11851,1775354400000,1.428694900605013,2.600647848218417,72.1091247391219,-1.533813512140128,0.08372093023255718,0.6976744186046513,1.045729260655356,-0.05846875523538286,0.06772534396296774,0.00562,0.00037621428571428577
RLS,11852,1775355300000,1.5412170910660334,2.724664507172605,75.82265868682781,3.713533947705912,0.03805496828752595,0.961945031712474,1.3242785729707582,-0.013570112246607535,0.06887320515940619,0.005888,0.00040428571428571434
RLS,11853,1775356200000,1.6578044596912527,2.868116612679315,76.1590804485653,0.3364217617374976,0.7261613691931541,0.2738386308068459,2.0453863279161992,0.03836488524040882,0.07095649647759461,0.006198,0.00041871428571428577
RLS,11854,1775357100000,1.727815699658703,2.958815363257751,77.66012657196146,1.5010461233961507,0.5100864553314122,0.48991354466858783,1.8876474738746465,0.03162310422716996,0.07436140018921476,0.006394,0.0004491428571428572
RLS,11855,1775358000000,1.667520273154076,2.892179546506247,78.1190865560653,0.4589599841038421,0.6162361623616245,0.3837638376383755,0.8433093203970298,-0.02252111354394748,0.07310772410229917,0.00625,0.0004447142857142858
RLS,11856,1775358900000,1.6716092455298739,2.834798704303563,57.281615379457534,-20.837471176607764,0.041176470588235654,0.26470588235294057,2.121724883674945,-0.04191429465123553,0.09474649234693878,0.006126,0.0005093571428571429
RLS,11857,1775359800000,1.3979903888160772,2.5400277649236465,57.591768242790465,0.3101528633329309,0.4726368159203965,0.5273631840796035,0.8803013199592011,-0.1415389427588365,0.09425817045394354,0.005489,0.0005084285714285715
RLS,11858,1775360700000,1.4105815478793176,2.5511337343822302,58.04735646906871,0.4555882262782447,0.35877862595419635,0.6412213740458037,0.8267148944151176,-0.13778542383484527,0.09307199536024044,0.005513,0.000504357142857143
RLS,11859,1775361600000,1.3555941023417173,2.5136510874595093,53.83685890884482,-4.210497560223892,0.029177718832892774,0.517241379310346,1.1815678222496433,-0.15045355020331563,0.09548299319727893,0.005432,0.0005012857142857144
RLS,11860,1775362500000,1.2793103448275862,2.4470152707080053,53.14899575473384,-0.6878631541109783,0.11046511627906912,0.808139534883721,1.1088792937779977,-0.1729746637472631,0.08770585982382233,0.005288,0.0004580000000000002
RLS,11861,1775363400000,1.2613929492691316,2.4340583063396575,50.39982933666224,-2.749166418071596,0.19999999999999812,0.1945945945945967,0.5238892286608516,-0.17735376915858625,0.08172848478072509,0.00526,0.0004177142857142859
RLS,11862,1775364300000,1.37449483610238,2.4470152707080053,51.91993327088969,1.5201039342274498,0.5560975609756108,0.44390243902438925,0.5354724695196756,-0.1729746637472631,0.07453476172069141,0.005288,0.00038564285714285735
RLS,11863,1775365200000,1.3039332538736592,2.6834798704303564,59.31580612139541,7.395872850505718,0.42313546423135506,0.5768645357686449,1.5145350703428195,-0.09305598999061615,0.07379615494087514,0.005799,0.00040742857142857166
RLS,11865,1775367000000,1.0035906642728905,2.5821378991207773,58.805369510774476,-1.1602543534062164,0.20799999999999966,0.4880000000000019,0.36981464214166077,-0.12730685017203636,0.07009478918470946,0.00558,0.0003866428571428574
RLS,14140,1777414500000,1.028201438848921,3.2614530310041645,78.07821737573289,4.453786079821938,0.15577889447236073,0.8442211055276393,1.630636011527447,0.027405247813411027,0.035448447916240654,0.007048,0.0002476428571428572
RLS,14141,1777415400000,1.2720777364961418,3.678852383155946,85.1338881335335,7.055670757800613,0.23626943005181414,0.7637305699481859,3.7792975439327043,0.1279795686719638,0.038813038813038825,0.00795,0.0002997142857142858
RLS,14142,1777416300000,1.5454017986655062,4.06015733456733,89.61759066531815,4.483702531784644,0.11852502194907785,0.8814749780509221,3.861699111968553,0.10364779874213847,0.04223372414135235,0.008774,0.00036485714285714295
RLS,14143,1777417200000,1.9293540945790078,4.701064322073114,92.58907569857342,2.971485033255277,0.24479495268138773,0.7552050473186123,4.2382569437473965,0.15785274675176653,0.04719505241457959,0.010159,0.0004611428571428572
RLS,14144,1777418100000,1.951793400286944,4.760296159185562,65.23531066036375,-27.353765038209673,0.22825607064017667,0.09227373068432711,3.7140784430028906,0.012599665321389786,0.07183643716264297,0.010287,0.0005912857142857143
RLS,14145,1777419000000,1.5596566523605153,4.139750115687182,67.76589350234497,2.5305828419812144,0.29130434782608694,0.7086956521739131,2.3023142959674052,-0.13035870516185466,0.07643877432519866,0.008946,0.0006582142857142857
RLS,14146,1777419900000,1.5222660653889517,4.141138361869505,69.26840149090295,1.50250798855798,0.168614357262104,0.831385642737896,1.3096523081957805,-0.13006707494896463,0.07762851976233533,0.008949,0.0006868571428571429
RLS,14147,1777420800000,1.6544221531506071,4.3470615455807495,69.83699526446736,0.568593773564416,0.5593635250917981,0.4406364749082019,2.0040576672505046,-0.08680859337027313,0.08257005386914754,0.009394,0.0007379285714285716
RLS,14148,1777421700000,1.5786931818181817,4.200370198981952,66.71534910051852,-3.1216461639488386,0.22742474916388095,0.41638795986621974,0.9537680511920618,-0.1176241858656556,0.08780443891580465,0.009077,0.000766357142857143
RLS,14149,1777422600000,1.5033651149747613,4.130957889865802,67.1765085756443,0.4611594751257826,0.22330097087378561,0.7766990291262144,0.9645855767275172,-0.13220569651015845,0.09120979146010436,0.008927,0.0008016428571428572
RLS,14150,1777423500000,1.5458600501812096,4.225821378991207,67.54956995599761,0.37306138035330605,0.5595463137996208,0.44045368620037917,1.0200553626837576,-0.11227763196267126,0.09098331501002392,0.009132,0.0008039285714285714
RLS,14151,1777424400000,1.4817981246552674,4.164275798241555,68.52499763723691,0.9754276812392959,0.11671087533156649,0.8832891246684336,0.6830014997353124,-0.12520657140079705,0.09109834888729362,0.008999,0.0008157857142857143
RLS,14152,1777425300000,1.4852780806979284,4.218417399352152,65.14048087765951,-3.3845167595773944,0.25996810207336757,0.4385964912280683,0.9200970656463794,-0.11383299309808481,0.09660461628740954,0.009116,0.0008466428571428572
RLS,14153,1777426200000,1.3104524180967236,4.111985192040722,62.295373900005025,-2.8451069776544884,0.2407045009784736,0.4403131115459879,0.7151323235222847,-0.13619130941965585,0.10114617940199334,0.008886,0.0008698571428571428
RLS,14154,1777427100000,1.2866930171277997,4.015733456732994,59.2695734717705,-3.0258004282345254,0.16142557651991757,0.4633123689727478,0.6682737766238649,-0.15641100418003295,0.10395393018285443,0.008678,0.0008755000000000001
RLS,14155,1777428000000,1.1642585551330802,3.950948634891254,56.18219768160228,-3.087375790168217,0.17692307692307738,0.533846153846153,1.003939085816442,-0.1700204141149022,0.10358227079538558,0.008538,0.0008530000000000001
RLS,14156,1777428900000,1.1726315789473682,3.8204534937528916,47.74589583385355,-8.43630184774873,0.028727770177838837,0.16552667578659436,1.300731091108121,-0.19743365412656755,0.10775008407757557,0.008256,0.0008238571428571428
RLS,14157,1777429800000,1.030248654191233,3.664969921332716,46.89612144736538,-0.8497743864881713,0.4754385964912271,0.4035087719298247,1.204597214730405,-0.2300962379702537,0.0991236336223144,0.00792,0.0007513571428571431
RLS,14158,1777430700000,1.11663179916318,3.74548819990745,51.03416003404909,4.138038586683706,0.4255725190839712,0.5744274809160288,0.7956925206344028,-0.2131816856226304,0.07965950959217381,0.008094,0.0006270000000000001
RLS,14159,1777431600000,1.0126806999746387,3.672373900971772,46.66098139194193,-4.373178642107156,0.11985018726591713,0.2696629213483144,0.7166996720226363,-0.22854087683484003,0.07725947521865892,0.007936,0.0005830000000000002
RLS,14164,1777436100000,1.048158640226629,3.680240629338269,49.46008960019153,7.692916522726776,0.4323271665043816,0.5676728334956184,1.5165428935896947,-0.22688830562846307,0.08005631337632939,0.007953,0.0006011428571428574
RLS,14165,1777437000000,1.0257864878803509,3.6353540027764923,51.64406172270219,2.18397212251066,0.30642201834862454,0.6935779816513754,1.2109007337688549,-0.16372152437726206,0.07974286085874073,0.007856,0.0006131428571428575
RLS,14204,1777472100000,1.0561419267909273,4.236927348449791,62.982950119708185,0.26079005523327936,0.8025936599423628,0.1974063400576373,1.3597981407978073,0.02565251484261233,0.059824232053561036,0.009156,0.0005144285714285714
RLS,14208,1777475700000,1.1096153846153847,4.568718186024988,72.13026762471236,6.2115712941784125,0.5344827586206893,0.4655172413793107,2.575801194975705,0.07830930537352554,0.05412928456406718,0.009873,0.0005042142857142858
SATS,18421,1760217300000,1.219290263876251,4.126903553299492,31.202621324437416,13.640300159954663,0.19696969696969552,0.8030303030303044,1.245484283741968,-0.0771850170261067,0.018136850783182182,2.439e-08,4.3999999999999977e-10
SNX,18516,1760302800000,1.0545954870665932,3.788512279277451,79.56098280482871,3.374489425204402,0.46164109406270754,0.5383589059372924,1.3204477496645517,0.011981566820276512,0.0566850530130824,1.8666,0.10188571428571432
SNX,18534,1760319000000,1.0277155953523076,3.8607672011365937,69.91443470800796,4.7448618550917985,0.039891205802356895,0.9601087941976431,1.9131051356512074,0.019072109718204056,0.03584978094936993,1.9022,0.06803571428571424
SNX,18535,1760319900000,1.0618435155412644,3.904404302821189,67.74490659377985,-2.1695281142281146,0.2659793814432995,0.548453608247422,1.9899245812632351,0.01130270213437079,0.03558699930847384,1.9237,0.06689999999999996
SNX,18536,1760320800000,1.0207110067257394,3.841688654353562,59.9842170022123,-7.760689591567548,0.1295180722891578,0.17469879518072348,1.503855284228341,-0.016062795654207984,0.03812469426078174,1.8928,0.06902857142857141
SNX,18560,1760342400000,1.0513026858464944,4.138826872336107,74.52355063417608,13.758755181319621,0.16715686274509797,0.832843137254902,3.151219609286369,0.08037086092715251,0.030258554970539406,2.0392,0.060671428571428564
SNX,18561,1760343300000,1.367988782051282,4.798457479196265,85.24557680676816,10.72202617259208,0.19421272158498443,0.8057872784150156,4.742780445288799,0.1593762259709688,0.037727961866495296,2.3642,0.08638571428571427
SNX,18562,1760344200000,1.3241372391653288,4.7020499289628575,79.13348614993525,-6.112090656832905,0.2355975924333631,0.35081685296646603,2.1198499411800213,-0.020091362828863812,0.04036740521659314,2.3167,0.09047142857142855
SNX,18563,1760345100000,1.2811485389610389,4.56322305662675,73.26625927586105,-5.8672268740742055,0.08747300215982476,0.3801295896328306,1.2818995590405227,-0.0490229253024278,0.04200817667885995,2.2483,0.09203571428571426
SNX,18564,1760346000000,1.2865353037766831,4.522021514105947,74.64288303739818,1.3766237615371324,0.031973539140025875,0.9680264608599741,1.396596228939662,-0.05760933931139478,0.04081357499181417,2.228,0.09081428571428571
SNX,18565,1760346900000,1.368442456283042,4.728232189973615,78.18692405784667,3.544041020448489,0.036134453781514156,0.9638655462184859,1.779737756782136,-0.014634971660603902,0.04103003606293504,2.3296,0.09540714285714284
SNX,18566,1760347800000,1.633462875843731,5.226304038968947,81.8555588768312,3.668634818984529,0.4607686148919134,0.5392313851080865,3.134391654149511,0.08916335335420023,0.04483341366954521,2.575,0.11028571428571428
SNX,18567,1760348700000,1.5251943855397356,5.075502334077532,77.42751952106042,-4.428039355770778,0.33637116818558316,0.3098591549295795,1.21336949787765,-0.028854368932038854,0.047137420368991476,2.5007,0.11395000000000001
SNX,18568,1760349600000,1.4722420291331364,4.925918408768013,71.81630395383078,-5.611215567229635,0.13289473684210512,0.12368421052631375,0.8806769674169445,-0.057475728155339856,0.04925315321858282,2.427,0.11625714285714288
SNX,18569,1760350500000,1.4674916320113605,4.937487314796022,72.89266090816055,1.0763569543297677,0.4816462736373732,0.5183537263626268,1.0397397803821582,-0.05526213592233009,0.05021284482655539,2.4327,0.11997857142857146
SNX,18570,1760351400000,1.473224380717443,4.883702049928963,71.78299276320513,-1.109668144955421,0.19603267211201755,0.6767794632438712,0.8282620347073517,-0.06555339805825244,0.05194450283792308,2.4062,0.12355000000000005
SNX,18571,1760352300000,1.4902061855670108,4.902577633448346,66.94955187115576,-4.833440892049367,0.3657817109144572,0.16420845624385147,0.8341607580930642,-0.061941747572815564,0.05458975694976556,2.4155,0.12722142857142862
SNX,18572,1760353200000,1.470010235414534,4.8979094783844115,69.59103466046814,2.641482789312377,0.18933132982719708,0.8106686701728029,1.130853743728028,-0.0628349514563108,0.05643993778415891,2.4132,0.13477857142857147
SNX,18573,1760354100000,1.453960800326664,4.87903389486503,57.18020107969298,-12.410833580775162,0.0897067280046006,0.07475560667049964,0.8866856517127119,-0.06644660194174756,0.06486847971466787,2.4039,0.14550000000000005
SNX,18574,1760355000000,1.3573834064700478,4.688451390298356,59.441846957176566,2.2616458774835877,0.3192307692307717,0.6807692307692282,0.806985848184171,-0.1029126213592233,0.05973480372850205,2.31,0.13650000000000004
SNX,18575,1760355900000,1.3433292533659729,4.662878019078547,52.88917136307633,-6.552675594100236,0.10577777777777969,0.07555555555555693,0.7505748906459659,-0.10780582524271842,0.05340371764644586,2.2974,0.11713571428571434
SNX,18576,1760356800000,1.286364095825331,4.590826060483052,55.21970167421321,2.330530311136883,0.26276694521819677,0.7372330547818032,0.9585786443541514,-0.1215922330097089,0.05216754502660666,2.2619,0.11652142857142864
SNX,18577,1760357700000,1.2888347048664026,4.572559366754617,53.961106230844095,-1.258595443369117,0.36,0.29714285714285954,0.5259780972541573,-0.1250873786407768,0.05128932439401755,2.2529,0.1136571428571429
SNX,18578,1760358600000,1.3216469629025682,4.623503145930586,55.59600216689498,1.6348959360508886,0.5393939393939419,0.46060606060605813,0.5556351255756878,-0.11533980582524272,0.04989870546863056,2.278,0.11189285714285717
SNX,18579,1760359500000,1.2914198161389172,4.553074893444286,53.30274876704561,-2.2932533998493767,0.010291595197254437,0.4751286449399627,0.46760553103440833,-0.12881553398058254,0.048609003867285616,2.2433,0.10755714285714288
SNX,18580,1760360400000,1.2836734693877552,4.542317840470875,52.39372758384427,-0.9090211832013395,0.3703170028818457,0.468299711815559,0.6200878773792743,-0.13087378640776703,0.04301096205144182,2.238,0.09467142857142859
SNX,18581,1760361300000,1.2541577390062235,4.484067383803531,49.061395449685854,-3.3323321341584133,0.1001206272617582,0.3835946924004832,0.9366091680221142,-0.14201941747572833,0.042614877477262794,2.2093,0.09197142857142857
SNX,18582,1760362200000,1.3992030244201494,4.765780393748732,56.529395694186796,7.468000244500942,0.4308900523560205,0.5691099476439795,1.7990480216826368,-0.08811650485436895,0.04421648613545515,2.3481,0.1001857142857143
SNX,18583,1760363100000,1.340934771443246,4.62532981530343,56.62486456701476,0.0954688728279649,0.26126126126126253,0.7387387387387375,0.6527620797011985,-0.11499029126213589,0.04275381038491345,2.2789,0.09693571428571428
SNX,18584,1760364000000,1.3397422785845774,4.643393545768215,55.36773853629033,-1.2571260307244287,0.31192660550458723,0.4663608562691134,0.6685548229030389,-0.1115339805825244,0.04238346765755882,2.2878,0.09548571428571427
SNX,18585,1760364900000,1.3402263374485601,4.6168053582301605,54.50797799087773,-0.8597605454126054,0.5326633165829221,0.2135678391959728,0.5794732391875731,-0.11662135922330097,0.040592085991925514,2.2747,0.0910642857142857
SNX,18586,1760365800000,1.3410028889806025,4.605033488938502,53.06026355464966,-1.4477144362280683,0.29694835680751314,0.5187793427230053,1.0196201800538172,-0.11887378640776713,0.03933877514379332,2.2689,0.08764285714285713
SNX,18587,1760366700000,1.2328470031545744,4.597117921656181,55.63115416475548,2.5708906101058204,0.0674556213017754,0.9325443786982246,0.838794902791368,-0.09425360898948298,0.03596562778610315,2.265,0.08125714285714285
SNX,18588,1760367600000,1.138522309004399,4.834787903389486,60.81979709151107,5.188642926755591,0.40261739799845975,0.5973826020015403,1.8411780381699197,-0.02079993422945703,0.036468489018064085,2.3821,0.0849642857142857
SNX,18589,1760368500000,1.1100933139286022,5.00263852242744,63.96145098366699,3.1416538921559223,0.5812542144302084,0.4187457855697916,1.4625090797862588,0.013195215192995269,0.03679535380956383,2.4648,0.08752142857142853
SOON,7505,1754754300000,1.230089827871732,3.272144908327811,84.86991755724772,0.5575822926336969,0.8761329305135959,0.12386706948640415,3.626243635113937,0.08018959649975699,0.05377087807311437,0.44439,0.02171214285714285
SOON,7506,1754755200000,1.1609613248510549,3.151461600765776,78.60801970779372,-6.261897849454002,0.5866666666666668,0.23428571428571476,2.7257329946916427,-0.03688201804721081,0.06120618720406511,0.428,0.024227857142857134
SOON,7507,1754756100000,1.1128951329653787,3.1006553272954864,70.6563333778307,-7.95168632996301,0.618244069454634,0.10687209586695982,1.7235482558550312,-0.052408920092711475,0.06885433459878307,0.4211,0.026479999999999993
SOON,7508,1754757000000,1.0072463768115942,2.9370444002650764,68.18901772522975,-2.467315652600959,0.4802391232148793,0.4008635004981739,1.2315437288920308,-0.10241004523054076,0.07069523009287738,0.39888,0.026923571428571425
SOON,7514,1754762400000,1.0343440149446756,3.127236580516899,75.50924382179626,0.9234832442788701,0.36670416197975264,0.6332958380202474,0.9105573932782197,-0.04428542496455823,0.0729450426659356,0.42471,0.03002928571428571
SOON,7515,1754763300000,1.0465791894640004,3.112289227597379,76.29360938834502,0.7843655665487574,0.6334125098970723,0.3665874901029277,0.4904658667533386,-0.04885348455185756,0.07227087323788393,0.42268,0.02996928571428571
SOON,7516,1754764200000,1.078456807917748,3.1854060820263608,78.70450894298037,2.4108995546353498,0.4314040728831724,0.5685959271168276,0.5536402181482177,-0.02650824726028944,0.06828918678833884,0.43261,0.028992857142857136
SOON,7517,1754765100000,1.1337063476750915,3.257197555408291,78.59125352490173,-0.11325541807863715,0.8091361374943461,0.1890547263681578,0.7451342440343974,-0.0045680595872995555,0.06461607332186696,0.44236,0.027424999999999995
SOON,7518,1754766000000,1.1210181747117454,3.1965981886459027,80.13520084906628,1.5439473241645487,0.18563922942206712,0.8143607705779329,0.4642588619555743,-0.023087828258961718,0.05947325675832462,0.43413,0.025629999999999997
SOON,7519,1754766900000,1.1368255682655017,3.204845004049776,77.70097676863307,-2.4342240804332107,0.320782041998554,0.49818971759594316,0.324203902645294,-0.02056751952114133,0.054413589305726026,0.43525,0.02330642857142857
SOON,7520,1754767800000,1.113093201700797,3.183565275016568,70.71688724076364,-6.984089527869429,0.20140986908358482,0.39677744209466165,0.39284046876432555,-0.027070816174981416,0.051679432894048256,0.43236,0.021725000000000005
SOON,7521,1754768700000,1.1004784688995213,3.1678079670127386,72.10441943316567,1.387532192402034,0.5363128491620114,0.4636871508379886,0.2413921982992908,-0.03188640608474547,0.04610900572828671,0.43022,0.019571428571428576
SOON,7522,1754769600000,1.2003332353229443,3.306089389588396,76.04174165075054,3.937322217584864,0.4052612868823329,0.594738713117667,0.7720525991161364,0.010373770786921366,0.04440127970749544,0.449,0.019430000000000003
SOON,7523,1754770500000,1.2504509775242556,3.398792430601576,79.17157023396045,3.129828583209914,0.3802281368821295,0.6197718631178706,0.7863509915654214,0.028040089086859732,0.044975952164305215,0.46159,0.020265714285714286
SOON,7524,1754771400000,1.1918654376128477,3.396657094470216,79.55681665510602,0.38524642114556684,0.46165723108594836,0.5383427689140516,0.5078554746927105,-0.0006282631772785985,0.04398179584437406,0.4613,0.01989428571428572
SOON,7525,1754772300000,1.0499305275424677,3.367645975995877,75.10326885889555,-4.453547796210472,0.3670705630791157,0.27227369921596534,0.3184962218240762,-0.009163976689269715,0.043061612434306167,0.45736,0.019255
SOON,7526,1754773200000,1.0204318862610093,3.3275163831823873,68.41499244389787,-6.688276414997674,0.2741087083576846,0.23085914669783536,0.46572540682368874,-0.020970991572607733,0.044926332926332926,0.45191,0.01971142857142857
SOON,7528,1754775000000,1.0056758364992908,3.226419262204551,64.98816394965492,-1.08816169935902,0.3355176933158582,0.48361730013106347,0.19989168313170505,-0.050716003379622565,0.03970154753131909,0.43818,0.017240000000000002
SOON,7529,1754775900000,1.0297204378901652,3.303806788896252,61.934429086921554,-3.0537348627333643,0.6536894522408309,0.16840199185151658,0.47292049877543924,-0.027946879265148827,0.041633468780708054,0.44869,0.01791571428571429
SOON,7533,1754779500000,1.003413889138442,3.2839997054708787,57.06786040461212,-7.359608176317451,0.32631578947368306,0.10736842105263077,0.5977101666917789,-0.033774561840594464,0.03930868916651128,0.446,0.016864999999999998
SOON,7535,1754781300000,1.010365597422608,3.1703114645460575,55.52071960155038,2.883644819154341,0.28266666666666856,0.7173333333333315,0.48087676273132324,-0.06722415996880349,0.037736574343341156,0.43056,0.01612785714285714
SOON,7536,1754782200000,1.03957003379647,3.1993962153007884,57.14865025445702,1.6279306529066346,0.47864321608039817,0.5213567839196018,0.42239427390673945,-0.05866678220931998,0.03410063352018309,0.43451,0.014687142857142859
SOON,7537,1754783100000,1.0324314220290667,3.2024151387968485,55.9269526368658,-1.221697617591218,0.5696721311475349,0.17213114754098907,0.48138296715149065,-0.05777854806213312,0.030647697217207084,0.43492,0.01314357142857143
SOON,7538,1754784000000,1.0832476395251005,3.281717104778735,61.50449850875125,5.577545871885448,0.30505520046484563,0.6949447995351544,1.216662351503615,-0.034446153512857736,0.02948188175460902,0.44569,0.012984999999999997
SOON,7539,1754784900000,1.201287412488841,3.4496723363522572,70.06001841138746,8.555519902636213,0.12861517522967003,0.87138482477033,2.323949094332852,0.01496999501722307,0.030302424808794234,0.4685,0.014082142857142857
SOON,7540,1754785800000,1.1809719818513496,3.433252337824903,61.372413404911015,-8.687605006476446,0.07757334659373469,0.2088513177523609,1.5258121086989167,-0.004759871931696913,0.03174444571327066,0.46627,0.014296428571428575
SOON,7541,1754786700000,1.1665425086134649,3.426330903468081,63.612526548832086,2.2401131439210715,0.4603087100330763,0.5396912899669237,1.0721671276552922,-0.006766275346851702,0.03237559630618409,0.46533,0.014795000000000006
SOON,7542,1754787600000,1.2362006676727488,3.600544878874899,68.8343092154578,5.221782666625707,0.39605336297943305,0.603946637020567,2.6354056658582135,0.04373532550693704,0.03542991953490332,0.48899,0.01682
SOON,7543,1754788500000,1.3071709863540617,3.7098888152566087,74.08425970551775,5.249950490059959,0.15780911062906566,0.8421908893709343,3.272881038979669,0.03036871919671147,0.035895001348195996,0.50384,0.01787642857142857
SOON,7544,1754789400000,1.2839561624146603,3.744201457919152,73.72805094156122,-0.35620876395653056,0.6018359150889258,0.36316695352840056,2.012757071512635,0.009248967926325902,0.03646246194497099,0.5085,0.01813642857142857
SOON,7545,1754790300000,1.2967922629206599,3.8645166040792285,77.08650968767132,3.3584587461101023,0.2402234636871498,0.7597765363128501,2.547036315032103,0.03213372664700098,0.039318657844728336,0.52484,0.020247142857142856
SOON,7546,1754791200000,1.443929564411492,4.077534791252486,81.4632874741143,4.376777786442972,0.21937106918238894,0.7806289308176111,2.4493356282957754,0.05512156085664199,0.0407066193140865,0.55377,0.02218714285714285
SOON,7547,1754792100000,1.4641442243489875,4.076062145644651,80.87739963784539,-0.5858878362689097,0.37594318686196,0.574789169995561,1.927913195309114,-0.00036116077071701724,0.041249445236650875,0.55357,0.02243928571428571
SOON,7548,1754793000000,1.4290150842945875,4.031367351446875,66.70792276805886,-14.169476869786521,0.09672386895475693,0.15288611544461794,1.9388586553019105,-0.011322390161980556,0.04766066296012692,0.5475,0.024541428571428558
SOON,7549,1754793900000,1.2696696955342146,3.880715705765408,60.55693945934669,-6.150983308712178,0.34845005740527996,0.2029276693455792,1.79563746102132,-0.04826913700633839,0.052529550286275074,0.52704,0.026226428571428557
SOON,7550,1754794800000,1.36570923552806,3.9419777630513217,67.2829381438368,6.725998684490115,0.09652105676170489,0.9034789432382951,1.8509189655935814,-0.03324484894450774,0.053395097388551936,0.53536,0.028388571428571405
SOON,7551,1754795700000,1.3294712082934055,3.937854355349386,62.536782713649565,-4.746155430187237,0.1459506279774832,0.2845387613685556,0.9556729933142701,-0.03425609910251537,0.0569479817859072,0.5348,0.029514999999999982
SOON,7552,1754796600000,1.2978990686593024,3.905971577939769,63.62035738932593,1.083574675676367,0.37372105546580264,0.6262789445341973,0.6499313801903859,-0.04207522978854039,0.0565624565108835,0.53047,0.02961214285714284
SOON,7553,1754797500000,1.2745474726775954,3.923054266990649,60.80291781870721,-2.817439570618724,0.4679130874178851,0.1374431531076275,0.5906432159252973,-0.03788576484822215,0.05608940621156549,0.53279,0.02892642857142855
SOON,7554,1754798400000,1.1577966452681716,3.836241808408807,60.207315427758196,-0.5956023909490114,0.3247325361862826,0.5657646318439279,0.7934405139739406,-0.05917619228199422,0.055679828827076415,0.521,0.028624999999999984
SOON,7555,1754799300000,1.095358306188925,3.789264413518887,59.01598284830174,-1.191332579456457,0.037911301859793974,0.7410586552217483,0.5177103827629712,-0.07069722086786934,0.05543611965334075,0.51462,0.028327857142857123
SOON,7556,1754800200000,1.0745535891040108,3.858110595685149,62.21581713394265,3.199834285640911,0.04686373467916634,0.9531362653208336,0.5265455283095245,-0.05381295483684556,0.05111322217490525,0.52397,0.026748571428571417
SOON,7557,1754801100000,1.0180083528104524,3.878064943671306,61.37390503097834,-0.841912102964308,0.23242867084203278,0.626304801670147,0.5723023406756729,-0.048919226393629,0.04822603496137475,0.52668,0.025140714285714273
SOON,7558,1754802000000,1.0602488539620172,3.938001619910169,63.24971130246353,1.8758062714851889,0.3378590078328969,0.6621409921671031,0.6218209482975834,-0.03421998302544382,0.04781597696332246,0.53482,0.02526357142857142
SOON,7559,1754802900000,1.0585545436930826,3.9114203666887564,58.267513002630196,-4.982198299833335,0.17857142857142952,0.14464285714285374,0.6609152655155905,-0.04073893493688718,0.045512841774740985,0.53121,0.02352285714285713
SOON,7566,1754809200000,1.0912925683322472,4.490096458287313,76.38312161899164,5.653277729285023,0.1646595646132483,0.8353404353867517,2.735439821628719,0.05538248528902745,0.03585117200740491,0.6098,0.021607142857142863
SOON,7567,1754810100000,1.059249685384851,4.457992784036522,67.00133360412946,-9.381788014862181,0.08953846153846064,0.18584615384615538,1.535081567347211,-0.007149885208265094,0.03888735362188678,0.60544,0.022515000000000007
SOON,7569,1754811900000,1.0002035347196312,4.341653781017599,53.97448101152042,-12.415728611674346,0.20529152376286264,0.16789155642658754,2.2629814119519054,-0.033060019678583075,0.047822362715900756,0.58964,0.025761428571428577
SOON,15975,1762377300000,1.8271005342399222,3.0098699718652573,96.5316540926507,7.755525480835217,0.026930061079623608,0.9730699389203764,11.518271008685629,0.7830090090090087,0.05159329050062524,1.97914,0.10084785714285714
SOON,15976,1762378200000,3.1331875857338822,4.399011482016577,97.80000896177566,1.2683548691249626,0.23214047157838505,0.767859528421615,9.05198435576743,0.46152874480835115,0.0711895236419627,2.89257,0.18612785714285712
SOON,15977,1762379100000,3.2105526034657377,4.615375256634477,71.50837637841535,-26.29163258336031,0.35487998102064844,0.12190844157494728,5.845673949876895,0.049184635116868325,0.1350233712166972,3.03484,0.26984285714285716
SOON,15978,1762380000000,2.8493534840028736,4.237654931183941,72.92068551240033,1.4123091339849765,0.8178106351622334,0.1821893648377666,3.810180407370983,-0.0818395697961013,0.15580284553533758,2.78647,0.32866142857142855
SOON,15979,1762380900000,2.5443629911837924,3.9190936050490457,75.38936506371329,2.4686795513129596,0.4534535586098221,0.5465464413901778,2.1076910667235738,-0.15086133041610106,0.15923634003797593,2.577,0.3691114285714286
SOON,15980,1762381800000,2.3063809327563707,3.660375636833701,63.20541436964171,-12.183950694071576,0.12918760469011742,0.19738113645148808,1.560105296424796,-0.206917003861818,0.21634936020988257,2.40688,0.4129135714285714
SOON,15981,1762382700000,1.660525192437449,2.938331685803361,57.43084736544388,-5.774567004197827,0.040337569699100725,0.5644748078565329,1.788410867490815,-0.3633601771427818,0.27108851674641143,1.9321,0.45325999999999994
SOON,15982,1762383600000,1.7330285301352162,2.99089042658353,56.682302073916134,-0.7485452915277477,0.7413875900417036,0.17500315935801836,1.6086654991614686,-0.35197242688247155,0.2930520173318527,1.96666,0.4806785714285714
SOON,15983,1762384500000,1.341702601196272,2.560185537221504,55.536206407631745,-1.1460956662843884,0.2282520654462974,0.5146606188239107,0.943041386969721,-0.4452920088044181,0.30969234396445006,1.68345,0.49351642857142863
SOON,15984,1762385400000,1.3882960269771445,2.6173370846323474,54.907663760810635,-0.6285426468211099,0.6803846773760275,0.1833664642991456,0.8481916830562849,-0.4329091484229811,0.32248222514183017,1.72103,0.5059842857142858
SOON,15985,1762386300000,1.1999640327578573,2.418538514181431,55.14692106576446,0.23925730495382425,0.0982109578829669,0.9017890421170331,0.5031138195809373,-0.47598225936128435,0.32488454467603334,1.59031,0.5132428571428571
SOON,15986,1762387200000,1.3167588756985182,2.534605733404304,54.45277683721976,-0.694144228544701,0.3576810639436734,0.5437065096553708,0.8162496722864163,-0.4508343108697658,0.33953099304266865,1.66663,0.5282457142857143
SOON,15987,1762388100000,1.3284652001239334,2.514409550604517,54.78709831998517,0.33432148276541085,0.69879219060225,0.30120780939775005,0.5583702644953599,-0.455210159349422,0.3337694952541212,1.65335,0.5236442857142857
SOON,15988,1762389000000,1.3367681102139914,2.5176184320583985,54.624227343022774,-0.16287097696239528,0.7765076507650753,0.17632763276327634,0.45848635580585845,-0.45451490029128394,0.3312473453206853,1.65546,0.5180542857142857
SOON,15989,1762389900000,1.225691498387918,2.3936126530301878,53.884154260770806,-0.7400730822519677,0.09632745178498162,0.6807550266721375,0.38204798582567934,-0.4813828735617034,0.29823280491870074,1.57392,0.46011357142857146
SOON,15990,1762390800000,1.2618743253224247,2.42179301954224,53.32098753360577,-0.5631667271650329,0.575002895864704,0.2475385150005804,0.3524090130449418,-0.4752771151032674,0.249252976170992,1.59245,0.3807314285714286
SOON,15991,1762391700000,1.2260245400537984,2.3534484069652497,53.41277577284742,0.09178823924164448,0.223713069281382,0.776286930718618,0.39171724571396044,-0.4900851445216222,0.197341285141987,1.54751,0.3019657142857143
SOON,15992,1762392600000,1.2463120894318314,2.3713786023876513,47.09549728891692,-6.317278483930501,0.13401514786048493,0.04052293887790035,0.4674092529599159,-0.4862002609692768,0.18938565789515138,1.5593,0.2576421428571429
SOON,15993,1762393500000,1.1083567595195505,2.258383392897879,51.099137712610506,4.003640423693589,0.07954545454545495,0.9204545454545451,0.7513919289307498,-0.5106826060022933,0.1570142445932665,1.485,0.23073714285714292
SOON,15994,1762394400000,1.1604060484892855,2.333586799482929,52.33306215463133,1.2339244420208217,0.32205193699446744,0.6779480630055326,0.38025390004569026,-0.49438850153550107,0.1283747398932316,1.53445,0.19310000000000002
SOON,15995,1762395300000,1.2174939889310967,2.370329252528325,50.416752643683296,-1.9163095109480324,0.44668966650238306,0.1547560374568751,0.4897597575916223,-0.4864276205664878,0.10931975265874191,1.55861,0.1591378571428572
SOON,15996,1762396200000,1.103421122938257,2.274944871112463,49.772624461626954,-0.6441281820563418,0.4967749937980645,0.30426693128255977,0.36312050274572655,-0.5070942784463102,0.09489909312801383,1.49589,0.1366357142857143
SOON,15997,1762397100000,1.0426521152052564,2.231586951562619,49.79042701596462,0.017802554337663423,0.3380194078128882,0.6619805921871118,0.3715358146461761,-0.5164885133977409,0.08967392652063638,1.46738,0.12914928571428572
SOON,15998,1762398000000,1.0404331828064892,2.2264010341418903,49.526685828862625,-0.2637411871019921,0.42276857295563913,0.4747906645287735,0.4137735908727639,-0.47461483525751225,0.08355831788898593,1.46397,0.11986357142857143
SOON,15999,1762398900000,1.1297102350453923,2.3439282183864347,50.88542960158221,1.3587437727195848,0.6669480081026345,0.33305199189736545,0.8856793368257021,-0.40192083818393476,0.0825182866482799,1.54125,0.1206607142857143
SOON,16000,1762399800000,1.0781700438688113,2.2693787544673407,50.15629691852376,-0.7291326830584524,0.3619299723258318,0.4716640596799436,0.8896134481362802,-0.3800147909326598,0.07543173174042042,1.49223,0.10924928571428572
SOON,16001,1762400700000,1.1029822796131703,2.288510379438826,49.28317622873292,-0.8731206897908379,0.5893583724569633,0.2440271257172668,0.8451965726904804,-0.23483977911789533,0.07502456003869765,1.50481,0.10746142857142857
SOON,16002,1762401600000,1.032070418212761,2.215360048665501,45.568147270561326,-3.715028958171594,0.19714169048591312,0.23389138423846476,0.9949469280222557,-0.25929748914403106,0.0794424703625672,1.45671,0.10827214285714284
SOON,16003,1762402500000,1.0937771062424804,2.2760094289407653,52.783318882732296,7.21517161217097,0.02139965297860088,0.9786003470213991,0.9129668610492898,-0.13041027756634105,0.07444232220448552,1.49659,0.1111892857142857
SOON,16004,1762403400000,1.1354033646105157,2.339639571135275,53.387484807692616,0.60416592496032,0.535099122521936,0.46490087747806397,0.8855243978296429,-0.10609925451619096,0.07267922379845328,1.53843,0.1094185714285714
SOON,16005,1762404300000,1.1061924755999222,2.303855220135351,51.17167148310747,-2.215813324585149,0.10279406691962686,0.46303322984937373,1.0896335085572293,-0.09104000288006342,0.07498589137330453,1.5149,0.1100942857142857
SOON,16006,1762405200000,1.1545133579828195,2.35723519124021,53.621985857965804,2.450314374858337,0.377100000000001,0.622899999999999,1.2535075568100462,-0.06997953954987013,0.06773219044344292,1.55,0.10243071428571428
SOON,16007,1762406100000,1.1305008645211667,2.3236407877727934,51.29081625973751,-2.3311695982282927,0.19501407318053948,0.293660367242995,0.9864133548997233,-0.0770480712309568,0.06363065016409285,1.52791,0.09386857142857141
SOON,16008,1762407000000,1.1069987010991773,2.2942589917116574,51.87175964421297,0.5809433844754608,0.34728094474413357,0.6527190552558664,0.7489476700490312,-0.08871854348640251,0.06200046375629126,1.50859,0.09205642857142857
SOON,16009,1762407900000,1.0996640537513995,2.2811953463614936,51.43981394296447,-0.43194570124850173,0.4231428571428578,0.3862857142857145,0.38444091725519225,-0.05805519796539915,0.058072068207203335,1.5,0.08586071428571428
SOON,16010,1762408800000,1.0930131615793899,2.2733328264010346,48.548272910994065,-2.891541031970405,0.14805553160300172,0.5014227817539006,1.199025407165923,-0.061301767716411715,0.06150668004099783,1.49483,0.08838571428571429
SOON,16011,1762409700000,1.0439916550764954,2.2350087445821614,48.98498781776567,0.4367149067716056,0.3841734884388916,0.6158265115611085,0.9600296652334724,-0.05750657346245103,0.0607242855558724,1.46963,0.08761785714285716
SOON,16012,1762410600000,1.0684435623637278,2.2506729526271765,49.24501529365673,0.26002747589105724,0.6949361877315761,0.30506381226842394,0.47927014396652645,-0.05090104534085804,0.060213233180450056,1.47993,0.08707857142857145
SOON,16013,1762411500000,1.0624162385526024,2.246749296631435,50.564691132656634,1.3196758389999061,0.22538975501113537,0.7746102449888647,0.8814667291365123,-0.0521361982792361,0.0570565861503304,1.47735,0.0834264285714286
SOON,16014,1762412400000,1.1234397059029089,2.3102881910120905,49.71466486824736,-0.8500262644092729,0.7481938788913713,0.1234730066990654,0.9459634705702366,-0.025330262220824906,0.057097120037770024,1.51913,0.08292785714285718
SOON,16015,1762413300000,1.0640157093765343,2.2379134666565283,48.47771753144007,-1.2369473368072903,0.4662561576354711,0.18940886699507342,0.49397839791538034,-0.05586387871244247,0.05490044595999569,1.47154,0.0789814285714286
SOON,16016,1762414200000,1.0193498776651517,2.1965477910425064,46.46419687763312,-2.0135206538069497,0.2118119975262837,0.1348175633889962,0.8327022163369685,-0.06816774193548392,0.05121932277104693,1.44434,0.07254500000000004
SOON,16018,1762416000000,1.0189177852348994,2.1959242643145007,46.60025772615405,1.941683601846485,0.5092717464598757,0.4907282535401243,0.7104693536715575,-0.06843225806451625,0.04708802713004396,1.44393,0.06656928571428575
SOON,16019,1762416900000,1.0336242948160206,2.2038172002129115,48.502666518890436,1.902408792736388,0.33020570191266646,0.6697942980873336,0.4602481852803875,-0.06508387096774193,0.04495024830916141,1.44912,0.06431571428571432
SOON,16020,1762417800000,1.1714690533640084,2.3540567257242793,50.82512838336837,2.322461864477937,0.6830239670009244,0.3169760329990757,1.566154580784137,-0.0013483870967743172,0.04629645117774222,1.54791,0.0672164285714286
SOON,16021,1762418700000,1.0524245841556241,2.214265074899247,44.126902860178994,-6.698225523189379,0.052552127559202404,0.3404094725917535,1.0982915247287879,-0.06065161290322585,0.05011100163255883,1.45599,0.06945785714285714
SOON,16022,1762419600000,1.0151576934433835,2.1795452817276253,48.796091685711126,4.669188825532132,0.09196940726577399,0.908030592734226,0.6819260557511784,-0.0753806451612904,0.0478134110787172,1.43316,0.06829428571428571
SOON,16023,1762420500000,1.062928453510171,2.242475857349251,50.13278558708129,1.336693901370161,0.42467138523761266,0.5753286147623874,0.7989547875261871,-0.04868387096774196,0.0495827128719546,1.47454,0.07144571428571427
SOON,16024,1762421400000,1.0539259424492529,2.240498821382405,50.467918449858374,0.33513286277708687,0.5740341243381071,0.425965875661893,0.6658042751989616,-0.04952258064516124,0.04626431692783485,1.47324,0.06680428571428569
SOON,16025,1762422300000,1.0124463997326947,2.1983119154436928,47.96677709627345,-2.501141353584927,0.03076923076922999,0.3344729344729314,0.5321518262249018,-0.06741935483870964,0.04524017125097186,1.4455,0.06433785714285711
SOON,16026,1762423200000,1.0289127037285106,2.2112386890730744,50.24748718765669,2.2807100913832414,0.3006880733944953,0.6993119266055047,0.5983942977120466,-0.06193548387096781,0.044404599141601934,1.454,0.0639821428571428
SOON,16027,1762424100000,1.0382983474765517,2.22097178921755,50.91600037397125,0.6685131863145628,0.4445145018915515,0.5554854981084485,0.5210151055857728,-0.056534294629532744,0.04247883762507281,1.4604,0.06143714285714281
SOON,16028,1762425000000,1.0352613844497576,2.2137936278609995,49.69965517379489,-1.216345200176363,0.1614583333333338,0.6672054597701131,0.933818786242877,-0.05958356752007532,0.041732893971699915,1.45568,0.059976428571428535
SOON,16029,1762425900000,1.0397018856294302,2.2142498669302717,51.23928383058158,1.5396286567866895,0.26788861473387554,0.7321113852661244,0.5315616512937555,-0.059389757802456145,0.04080618148749438,1.45598,0.05910285714285711
SOON,16030,1762426800000,1.0349124756876913,2.227556839784047,51.7126851602032,0.4734013296216233,0.3697073032111443,0.6302926967888557,0.531646846160048,-0.05373697437189484,0.040852525673978825,1.46473,0.05930642857142854
SOON,16031,1762427700000,1.1121365815803328,2.3179377994068893,53.51560374412388,1.802918583920679,0.7729437508044782,0.22705624919552184,1.668745037084099,-0.015343269311523189,0.041522055817429786,1.52416,0.06079285714285713
SOON,16032,1762428600000,1.082440891566598,2.2918409246445135,57.12881898710947,3.6132152429855893,0.3789473684210499,0.6210526315789501,0.868198494397189,-0.026429185159343893,0.040095162675829465,1.507,0.05974499999999997
SOON,16033,1762429500000,1.070389649631227,2.292494867310471,53.529604629803785,-3.5992143573056836,0.34997075453304954,0.25502047182686616,0.7205579413029507,-0.02615139123075616,0.04046364737752002,1.50743,0.05944999999999997
SOON,16034,1762430400000,1.0402993904871973,2.255204927381948,45.63721309948161,-7.892391530322172,0.18537234042552997,0.11090425531914923,1.5162545276063204,-0.041992105484168984,0.03868356141580955,1.48291,0.054777857142857114
SOON,16137,1762523100000,1.1197964263159847,4.33904646034522,70.67124689056358,-13.460086109932732,0.28815229563269884,0.21952967525195974,2.640640556509206,0.0345372730602016,0.07803083623554263,2.85314,0.19544071428571422
SOON,16834,1763150400000,1.719751280528722,8.56774389780245,97.25117666821038,1.612879601700925,0.5098327049467418,0.4901672950532582,8.076630183232211,0.3939330958036422,0.07329077254506151,5.63372,0.3403542857142857
SOON,16835,1763151300000,1.23861878239344,7.041563379210707,54.93433220621096,-42.316844461999416,0.0,0.06349420889563531,4.940763825342295,-0.17813096852523735,0.1686556475610027,4.63018,0.47707285714285713
SOON,31560,1776403800000,1.095271700776288,2.9601196410767696,93.31520346960124,0.8306323584520072,0.2774049217002241,0.7225950782997759,8.374738012695895,0.0855575868372942,0.054180266131057,0.2969,0.015414285714285715
SOON,31561,1776404700000,1.0141143260409318,2.8454636091724823,66.50907226413989,-26.806131205461355,0.015100671140939801,0.1610738255033557,5.338907191864699,-0.038733580330077455,0.08286806651292633,0.2854,0.01950714285714286
SOPH,44889,1788839100000,1.071827057182706,2.7256880733944957,89.24817897616445,5.368460074981698,0.3131782945736443,0.6868217054263557,4.654481061305181,0.1326725123903929,0.04371841579504057,0.008913,0.0003720000000000002
SOPH,44890,1788840000000,1.0673799226041427,2.77737003058104,90.34065683667535,1.092477860510897,0.4627092846270938,0.5372907153729062,2.2170786175750314,0.018961068102771206,0.04552778049018652,0.009082,0.00039964285714285725
SOPH,44892,1788841800000,1.2081468218442257,3.017125382262997,91.73587734577771,2.8772152020849546,0.24171686746987972,0.7582831325301203,3.179094019201669,0.08632459810614401,0.05203921275162762,0.009866,0.0004967142857142857
SOPH,44893,1788842700000,1.2645828747523664,3.146177370030581,92.61306353147343,0.8771861856957202,0.47607655502392443,0.5239234449760756,2.713040092675758,0.04277316034867229,0.05455005055611729,0.010288,0.0005394999999999999
SOPH,44894,1788843600000,1.2854743912678424,3.3296636085626914,94.10212096763738,1.4890574361639466,0.1886490807354117,0.8113509192645884,2.573562050656555,0.058320373250388746,0.0575344670350303,0.010888,0.0006128571428571427
SOPH,44895,1788844500000,1.4113341698034296,3.5262996941896025,95.0757178928053,0.9735969251679251,0.1545530492898909,0.8454469507101091,2.491184612298712,0.059055841293166766,0.05774218730326609,0.011531,0.0006551428571428571
SOPH,44896,1788845400000,1.38483724763082,3.540061162079511,67.07101230143974,-28.004705591365564,0.09344608879492561,0.2135306553911207,2.897933509013949,0.003902523631948762,0.08330147621008055,0.011576,0.0008093571428571427
SOPH,44897,1788846300000,1.120294599018003,3.1694189602446485,69.87344886381999,2.802436562380251,0.21303258145363407,0.7869674185463659,1.4311539148867947,-0.10469937802349683,0.08420919868830404,0.010364,0.0008584285714285713
SOPH,44898,1788847200000,1.2569289904916041,3.4116207951070336,72.31526210891195,2.4418132450919643,0.45761166818596116,0.5423883318140388,1.374867756112697,-0.03628196268140982,0.08651344900640937,0.011156,0.0009217142857142855
SOPH,44899,1788848100000,1.2273476112026356,3.307645259938838,63.964649401316926,-8.350612707595026,0.12412723041117057,0.34057408844065085,1.3114787429306767,-0.06565307532826536,0.09825549726211974,0.010816,0.0009792142857142853
SOPH,44900,1788849000000,1.0965966985938458,3.146177370030581,65.1123477461574,1.147698344840471,0.20710059171597575,0.7928994082840243,0.8877223146552246,-0.1112646855563234,0.0993158398558477,0.010288,0.0010078571428571426
SOPH,44901,1788849900000,1.159356136820926,3.281957186544343,66.84321772542629,1.7308699792688884,0.4819466248037673,0.5180533751962327,0.7716394556816322,-0.07290946786454733,0.09750599520383692,0.010732,0.0010164999999999998
SOPH,44902,1788850800000,1.1264717823792125,3.2033639143730888,64.85422580662123,-1.9889919188050555,0.08116883116883064,0.6607142857142873,0.737457595345502,-0.09511057360055286,0.10150705518911242,0.010475,0.0010420714285714282
SOPH,44903,1788851700000,1.1645338208409508,3.2587155963302754,65.89221699860308,1.0379911919818454,0.40033500837521147,0.5996649916247886,0.8364511118120208,-0.0794747753973738,0.09528380806099916,0.010656,0.0009925714285714282
SOPH,44904,1788852600000,1.2047774601878318,3.302446483180428,60.6894331841842,-5.202783814418872,0.3689788053949904,0.2398843930635833,0.9873926661571496,-0.06712163096060819,0.10187669473383756,0.010799,0.001019785714285714
SOPH,44905,1788853500000,1.1252313386798272,3.1605504587155964,62.75169735222728,2.062264168043079,0.1268498942917566,0.8731501057082434,0.533074498604644,-0.10720456116102273,0.0987000347584289,0.010335,0.001014142857142857
SOPH,44906,1788854400000,1.1393827917433068,3.201223241590214,60.90780693906928,-1.8438904131580003,0.3655303030303034,0.3655303030303034,0.7367749518988103,-0.0957152729785763,0.0944438961807954,0.010468,0.0009569999999999998
SOPH,44907,1788855300000,1.043313373253493,3.1305810397553517,60.98605405790498,0.0782471188356979,0.12071156289707707,0.8792884371029229,0.9388472130116972,-0.11567035245335178,0.09401498718201537,0.010237,0.0009534999999999998
SOPH,44908,1788856200000,1.0661386138613862,3.190825688073395,61.61127440308152,0.6252203451765368,0.5614035087719303,0.43859649122806965,0.5410086882494995,-0.09865238424326184,0.08742829159087727,0.010434,0.0008926428571428569
SOPH,44909,1788857100000,1.1018081761006293,3.270336391437309,63.39501014318533,1.7837357401038147,0.5131810193321626,0.48681898066783735,0.5347117403927214,-0.07619212163096056,0.08150218364600213,0.010694,0.0008477857142857141
SOPH,44910,1788858000000,1.135140482785912,3.3000000000000003,63.51861199566627,0.12360185248093813,0.8300220750551862,0.16997792494481376,0.8250279749775661,-0.06781271596406346,0.06828749742815993,0.010791,0.0007112142857142856
SOPH,44911,1788858900000,1.2233201581027666,3.4403669724770642,69.27659265383389,5.757980658167618,0.1718750000000004,0.8281249999999996,1.1942885813234412,-0.02816171389080857,0.06520394355306397,0.01125,0.0007227857142857141
SOPH,44912,1788859800000,1.4259296082720225,3.7308868501529053,73.55661855554287,4.2800259017089815,0.41156169111302837,0.5884383088869717,2.0970687796672536,0.05390463026952319,0.06203312170214839,0.0122,0.0007272142857142857
SOPH,44913,1788860700000,1.517846339987901,3.818348623853211,68.58902165315502,-4.967596902387854,0.5677083333333333,0.20312499999999925,1.897022473525341,0.02344262295081956,0.06405106063450347,0.012486,0.0007311428571428572
SOPH,44914,1788861600000,1.323529411764706,3.551376146788991,57.21354709407541,-11.375474559079606,0.17598533455545323,0.04674610449129303,1.7041005243212137,-0.06991830850552627,0.07195552012538677,0.011613,0.0007607857142857144
SOPH,44915,1788862500000,1.170902541524915,3.3174311926605506,57.376293432261825,0.16274633818641604,0.40472440944881927,0.5952755905511807,1.3877629329293155,-0.13118692936088427,0.0718197391316077,0.010848,0.0007606428571428572
SOPH,44916,1788863400000,1.2298919567827133,3.408256880733945,58.60105005888873,1.224756626626906,0.5456885456885467,0.45431145431145326,0.9361608730778082,-0.1074002883229217,0.07202153317254521,0.011145,0.0007721428571428572
SOPH,44917,1788864300000,1.139925004933886,3.315902140672783,56.67199572657571,-1.9290543323130223,0.28893905191873465,0.4018058690744939,0.6111645326039558,-0.13158737786320684,0.07195527104772709,0.010843,0.0007611428571428572
SOPH,44918,1788865200000,1.0991523753203234,3.256574923547401,50.46654975836663,-6.205445968209077,0.0703933747412012,0.4130434782608697,1.2335083316508877,-0.14712477975332372,0.07498512199960325,0.010649,0.000756
SOPH,44919,1788866100000,1.0326,3.1079510703363917,47.860855601310796,-2.6056941570558365,0.1268057784911732,0.5024077046548967,0.958672881226452,-0.1860483741790806,0.07781531368256223,0.010163,0.0007667142857142857
SOPH,44920,1788867000000,1.0703156212544944,3.1694189602446485,40.77244587308735,-7.088409728223446,0.34391891891891935,0.17094594594594573,1.5929236160587847,-0.169950344385712,0.09135539955283854,0.010364,0.0008347142857142857
SPK,3388,1753205400000,1.055491595671195,3.0750947295900795,74.36044574131746,13.946915956643359,0.253968253968254,0.746031746031746,2.85580014669942,0.12957104896874605,0.043284500390774396,0.08927,0.0037185714285714283
SPK,3389,1753206300000,1.2324774462179042,3.3244919049259387,79.87512369103584,5.514677949718376,0.3657448706512037,0.6342551293487964,2.838376860143426,0.08110227400022407,0.045781996382580736,0.09651,0.004230714285714286
SPK,3390,1753207200000,1.1809414466130885,3.271787805718222,80.0033892062921,0.12826551525625973,0.5456621004566192,0.45433789954338083,1.5112994486191111,-0.015853279452906488,0.04705074599231636,0.09498,0.004356428571428572
SPK,3391,1753208100000,1.2902566431978197,3.473647950396142,81.11252203529712,1.10913282900502,0.6709999999999997,0.3290000000000003,2.056695529938144,0.044865817013781006,0.051046425156698175,0.10084,0.004804999999999999
SPK,3392,1753209000000,1.1500451263537905,3.2824664140544266,76.23362508714247,-4.878896948154647,0.2094717668488159,0.48816029143898076,0.9337515356569628,-0.055037683458944886,0.054621848739495785,0.09529,0.00505142857142857
SPK,3393,1753209900000,1.1807527608744648,3.3331036858422323,77.06209373912792,0.8284686519854461,0.7304347826086972,0.26956521739130285,0.756369448503894,-0.04046013486711619,0.05617161211379626,0.09676,0.00524642857142857
SPK,3394,1753210800000,1.1024789729969013,3.2721322769548746,76.81135271652956,-0.25074102259836195,0.6393442622950813,0.3155737704918046,0.5659193573642599,-0.05801269337564452,0.05591359990202682,0.09499,0.005217857142857143
SPK,3395,1753211700000,1.1367020076697494,3.2628315535652774,77.48203575410365,0.6706830375740935,0.32579185520361864,0.6742081447963814,0.5592374164504017,-0.060690202300674345,0.05590425531914894,0.09472,0.005255000000000001
SPK,3396,1753212600000,1.0797371303395398,3.2704099207716153,77.59492608467646,0.11289033057281017,0.3155893536121671,0.6844106463878329,0.6019766893882463,-0.058508528361761236,0.05509510147699502,0.09494,0.005185000000000001
SPK,3397,1753213500000,1.1369832893579597,3.347915949018257,77.93071745167046,0.3357913669940018,0.7120822622107947,0.28791773778920526,0.7205334607460353,-0.03619595398651332,0.05439979423245681,0.09719,0.005136428571428572
SPK,3398,1753214400000,1.0069415229280607,3.286600068894247,65.03071879569927,-12.899998655971189,0.15246636771300343,0.2825112107623322,1.0233115696596484,-0.05384767949226499,0.0590600217572958,0.09541,0.005351428571428572
SPK,3435,1753247700000,1.0081300813008132,4.254219772648984,76.37349044277428,0.8471333468048243,0.6840958605664501,0.3159041394335499,1.2912781195630718,-0.00483481063658342,0.04785049613065566,0.1235,0.005759285714285715
SPK,3436,1753248600000,1.000988467874794,4.183947640372029,69.387198170267,-6.986292272507285,0.2700729927007297,0.09489051094890541,0.913189133246251,-0.021273166800967025,0.04827828872333715,0.12146,0.0056842857142857155
SPK,3457,1753267500000,1.039502885042166,4.74853599724423,77.23693752715629,11.862947532404675,0.187464709203839,0.8125352907961609,3.7481090989472654,0.10121425147787178,0.04121226279852607,0.13785,0.0055442857142857125
SPK,3458,1753268400000,1.8677025192336698,6.548398208749569,86.72966582501638,9.492728297860097,0.5214096916299557,0.4785903083700444,6.3405677185260405,0.3790351831701124,0.05762880817394553,0.1901,0.009249999999999998
SPK,3459,1753269300000,1.4059084194977842,5.610747502583534,86.49044773148762,-0.23921809352876267,0.1996842936069461,0.8003157063930539,2.7473245999044087,-0.14318779589689634,0.061909216446166856,0.16288,0.009927142857142855
SPK,3460,1753270200000,1.3567439262775758,5.814330003444712,86.60237384443838,0.11192611295075494,0.4677985948477754,0.5322014051522246,2.0992103778451976,-0.11209889531825357,0.06696872778962329,0.16879,0.010768571428571424
SPK,3461,1753271100000,1.1714856762158559,5.6138477437134,80.15037573606207,-6.451998108376301,0.29380053908355963,0.16037735849056536,1.1488427170484472,-0.14271436086270373,0.06992015895295212,0.16297,0.010959285714285713
SPK,3462,1753272000000,1.071362495044271,5.399242163279366,75.6504915692233,-4.499884166838768,0.0008169934640508369,0.7540849673202626,1.8349931902406451,-0.17548658600736455,0.07414204867532129,0.15674,0.011397857142857142
SPK,3463,1753272900000,1.0978088701161561,5.474681364106097,70.89417267029157,-4.756318898931738,0.49856733524355157,0.18433619866284537,1.1965204189256344,-0.16396633350867962,0.07859565130660282,0.15893,0.011819999999999997
SPK,3464,1753273800000,1.0093397327798677,5.335859455735446,71.26120684500995,0.36703417471838407,0.6724436741767806,0.3275563258232194,0.7266337953255615,-0.18516570226196727,0.07898669996405394,0.1549,0.011928571428571426
SPK,3465,1753274700000,1.058156595971722,5.315191181536341,72.03873689947851,0.7775300544685564,0.41544885177452956,0.5845511482254705,0.5335944843535783,-0.18832193582325096,0.07911027322096849,0.1543,0.01204928571428571
SPK,3466,1753275600000,1.0671563483735569,5.428866689631415,72.69853841230515,0.6598015128266468,0.5235732009925571,0.47642679900744295,0.7970440666534782,-0.17096265123619148,0.08055622822867571,0.1576,0.01235571428571428
SPK,3467,1753276500000,1.0482456140350878,5.308646228039959,59.29265916654447,-13.405879245760687,0.05457340507301989,0.2121445042275162,1.1605362034516506,-0.189321409784324,0.09046990129292365,0.15411,0.013014999999999995
SPK,3473,1753281900000,1.0097629009762903,4.963830520151568,56.63295659555809,-1.1098933798686232,0.011904761904760567,0.7547619047619045,0.35377336655390357,-0.241977906365071,0.06488831640855121,0.1441,0.009283571428571422
SPK,3474,1753282800000,1.0537961554418476,5.115742335514985,50.51439932703217,-6.118557268525919,0.45991561181434687,0.04219409282700426,0.6138135608290133,-0.21877958968963696,0.06496062992125981,0.14851,0.008909999999999996
SPK,3476,1753284600000,1.0457127400595074,5.210471925594213,60.14865821018476,3.882846249507665,0.2195845697329375,0.7804154302670625,0.43721472790645166,-0.20431351920042073,0.05938482478337548,0.15126,0.008850714285714281
SPK,3477,1753285500000,1.0472039694247015,5.2586978987254565,56.385239657696154,-3.7634185524886092,0.42196531791907405,0.16184971098266054,0.6305857663267385,-0.19694897422409263,0.059973277530529404,0.15266,0.008720714285714281
SPK,3478,1753286400000,1.162749140893471,5.419910437478471,63.57861498705737,7.193375329361217,0.0899581589958167,0.9100418410041833,1.2991799296045514,-0.17233035244608097,0.05980683846752414,0.15734,0.009332857142857141
SPK,3479,1753287300000,1.2507197068830145,5.92490527040992,65.3321399364904,1.7535249494330358,0.6152380952380949,0.38476190476190514,2.4795128547759524,0.019017714319568668,0.06594615467509608,0.172,0.010490714285714284
SPK,3480,1753288200000,1.142948472062396,5.773337926283156,67.01956729122347,1.6874273547330603,0.3595578673602084,0.6404421326397916,1.4439470945901176,-0.025581395348837188,0.06795564526791774,0.1676,0.011013571428571428
SPK,3481,1753289100000,1.182194081922729,5.817430244574578,67.15201611331011,0.1324488220866442,0.6868475991649268,0.3131524008350732,1.1302811542748321,-0.018139534883720887,0.06634979315201127,0.16888,0.01076857142857143
SPK,3482,1753290000000,1.1672555948174321,5.704443678952807,63.91883715462861,-3.233178958681499,0.3749999999999996,0.3193181818181825,1.0246691857888146,-0.037209302325581284,0.06748592551487108,0.1656,0.010771428571428572
SPK,3483,1753290900000,1.1837212326095434,5.785394419565966,65.816471236295,1.8976340816663892,0.630484988452655,0.36951501154734506,0.8234354252668002,-0.023546511627906996,0.06577108041813563,0.16795,0.010687142857142859
SPK,29760,1776940200000,1.04155672823219,3.192367199587416,71.25051326768046,0.5519743931206733,0.4964788732394355,0.5035211267605645,1.6970316136407986,0.011603203137767526,0.045273126608884565,0.0619,0.0027385714285714275
SPK,29761,1776941100000,1.0637953367875643,3.2867457452294992,75.05340010849746,3.8028868408169956,0.16353887399463804,0.8364611260053619,1.7507663494269337,0.029563812600969186,0.045808437443418414,0.06373,0.00289142857142857
SPK,29762,1776942000000,1.0546272493573263,3.2975760701392467,68.08365481436273,-6.969745294134725,0.19239904988123316,0.3562945368171026,1.6708005491805376,0.0032951514200534326,0.049298896432654365,0.06394,0.003018571428571427
SPK,29763,1776942900000,1.0139837398373985,3.193914388860237,63.35670379664736,-4.726951017715372,0.2564102564102565,0.22710622710622577,1.2066003798148963,-0.03143572098842662,0.05018627310502935,0.06193,0.0030021428571428556
TRUMP,48595,1787373900000,1.0586475164572113,2.527553269654666,94.51638364763797,1.6385852032307895,0.44526901669758756,0.5547309833024124,5.143482054497672,0.15127175368139212,0.051406250000000014,3.44,0.16450000000000006
TRUMP,48596,1787374800000,1.1980906921241052,2.706833210874357,79.43081826142284,-15.085565386215123,0.43525179856115104,0.387589928057554,6.250915843203095,0.07093023255813957,0.0805860805860806,3.684,0.24200000000000005
ZK,20471,1762062300000,1.1137683635121283,8.51031636863824,80.78713957685827,3.5364223518070332,0.3846153846153851,0.6153846153846149,4.809405198591891,0.07115650969529086,0.03749643570002853,0.06187,0.002254285714285715
ZK,20472,1762063200000,1.3131830601092895,9.31636863823934,85.43019621901949,4.643056642161227,0.27941176470588286,0.7205882352941172,4.2462418244137625,0.09471472442217554,0.04076175924915423,0.06773,0.002667857142857144
ZK,20473,1762064100000,1.2858117326057297,9.218707015130674,82.72390059562996,-2.7062956233895363,0.3638443935926761,0.4874141876430223,2.0653300431337995,-0.010482799350361782,0.044866140343139425,0.06702,0.0029064285714285724
ZK,20474,1762065000000,1.2958660744789885,9.243466299862447,76.67264037102917,-6.051260224600782,0.5795724465558201,0.05700712589073413,1.5369016899680126,-0.007825188247453152,0.04953570863740088,0.0672,0.003132142857142857
ZK,20475,1762065900000,1.2042755344418055,8.9353507565337,78.05561109637091,1.3829707253417354,0.23557692307692532,0.7644230769230747,1.0540198801269616,-0.04089768197253796,0.04975736222827894,0.06496,0.003207857142857143
ZK,20476,1762066800000,1.2599729546991214,9.195323246217331,76.7903876287337,-1.2652234676372132,0.7796052631578981,0.11184210526315558,1.170406540947616,-0.012992765391997563,0.05215454849125933,0.06685,0.0033457142857142856
ZK,20477,1762067700000,1.1646505376344085,8.861072902338377,74.16081210188035,-2.629575526853344,0.12019230769230749,0.5576923076923068,0.8779625283345617,-0.04887051528126374,0.053577052868391456,0.06442,0.0034021428571428575
ZK,20478,1762068600000,1.0087636932707356,8.82806052269601,65.43637863550278,-8.724433466377576,0.20000000000000123,0.09552238805970177,1.0177302527940342,-0.05241399675180858,0.057002686602032476,0.06418,0.003485714285714286
ZK,20484,1762074000000,1.0511202272010096,8.940852819807427,68.79507206168739,6.2445258174725,0.12664907651715251,0.8733509234828475,0.9506456344693546,-0.040307101727447114,0.05141262952794262,0.065,0.0033171428571428575
ZK,20485,1762074900000,1.026785714285714,9.055020632737277,63.24292716756348,-5.552144894123913,0.4489795918367356,0.030612244897956775,0.9424562044003088,-0.028052561641813023,0.05084380528966113,0.06583,0.0032021428571428574
ZK,20488,1762077600000,1.1597560975609755,9.744154057771663,74.22125577699285,12.039150466341702,0.03841387856257806,0.961586121437422,2.186630427041807,0.04591761405580996,0.04009438739340909,0.07084,0.0028278571428571432
ZK,20489,1762078500000,1.233687405159332,10.123796423658872,74.58807919797428,0.36682342098143295,0.61936936936937,0.38063063063063,1.9547404835752078,0.03896103896103886,0.04229256981550561,0.0736,0.002996428571428572
ZK,20490,1762079400000,1.2641566265060242,10.339752407152682,77.79887010981871,3.210790911844427,0.23985239852398468,0.7601476014760153,1.67043782299462,0.021331521739130554,0.04286487845442766,0.07517,0.0031664285714285713
ZK,20491,1762080300000,1.206382344169401,10.176066024759285,70.23563365676014,-7.563236453058565,0.040816326530612575,0.27113702623906694,0.9615083676441064,-0.01583078355727019,0.045647134063474294,0.07398,0.003262857142857143
ZK,20492,1762081200000,1.119241982507289,9.998624484181569,64.91789254747792,-5.317741109282224,0.29397590361445747,0.2578313253012051,1.1440020882472308,-0.03299188506052941,0.04769429679643729,0.07269,0.00332
ZK,20493,1762082100000,1.0897994768962511,9.89133425034388,66.48168364151873,1.563791094040809,0.4842519685039349,0.5157480314960651,0.6431256444693173,-0.04336836503924435,0.04654782116581777,0.07191,0.0032900000000000004
ZK,20494,1762083000000,1.0102301790281332,9.730398899587344,60.53412976338685,-5.9475538781318775,0.021943573667711803,0.29467084639498337,0.7830851600697104,-0.058933085007316754,0.04793191915399537,0.07074,0.0032828571428571425
ZK,20497,1762085700000,1.020668176670442,9.817056396148555,62.83453891844762,1.7188020088785336,0.41102756892230563,0.5889724310776944,0.9716626795302098,-0.050552081947585426,0.05064432197660363,0.07137,0.003531428571428571
