name,atr_period,rsi_period,volume_period,breakout_lookback_bars,upper_wick_min,close_position_max,volume_multiple,rsi_min,rsi_must_fall,breakout_min_pct,stop_atr,target_r,signals,trades,wins,win_rate,total_r,avg_net_r,profit_factor,max_drawdown_r,symbols,pump_episodes_24h,avg_margin_return_2x_pct,account_return_pct,account_drawdown_pct,train_trades,train_wins,train_win_rate,train_total_r,train_avg_net_r,train_profit_factor,train_max_drawdown_r,train_symbols,train_pump_episodes_24h,train_avg_margin_return_2x_pct,train_account_return_pct,validation_trades,validation_wins,validation_win_rate,validation_total_r,validation_avg_net_r,validation_profit_factor,validation_max_drawdown_r,validation_symbols,validation_pump_episodes_24h,validation_avg_margin_return_2x_pct,validation_account_return_pct
grid_0000,14,14,20,20,0.3,0.4,0.5,50.0,True,,0.3,1.0,139,52,29,0.5576923076923077,4.945636011460296,0.09510838483577486,1.2102615381751263,4.177347285381424,24,32,1.967008185585604,2.4370454970101596,2.077122287330324,42,25,0.5952380952380952,7.191217565449188,0.17121946584402822,1.413925381454308,3.2631710462743833,19,26,3.446941159836617,3.6067849168597066,10,4,0.4,-2.245581553988892,-0.2245581553988892,0.6347538278982879,4.177347285381424,5,6,-4.2487103062686495,-1.1290181630365659
grid_0001,14,14,20,20,0.3,0.4,0.5,50.0,True,,0.3,1.5,139,50,22,0.44,3.4316072041846786,0.06863214408369356,1.1221974208033083,5.102452922835074,24,32,2.2343485645325645,1.635765713240822,2.5253241020404715,40,18,0.45,3.6415477026051466,0.09103869256512866,1.165950350792499,5.102452922835074,19,26,2.3422010007245477,1.761648773486768,10,4,0.4,-0.2099404984204678,-0.02099404984204678,0.9658015385525923,4.093786931274108,5,6,1.8029388197646306,-0.12370383318585088
grid_0002,14,14,20,20,0.3,0.4,0.5,50.0,True,,0.3,2.0,139,48,17,0.3541666666666667,-3.3641492364256567,-0.07008644242553452,0.8920189648975096,8.251624423201873,24,32,0.28417733386826477,-1.7708677982012477,4.119685504836557,38,13,0.34210526315789475,-5.155808978005188,-0.1356791836317155,0.7939004809120814,7.2705259209421556,19,26,-1.0537719919529422,-2.6202213450777334,10,4,0.4,1.7916597415795312,0.17916597415795316,1.2918541542021345,4.093786931274109,5,6,5.368384771988852,0.8722073089592053
grid_0003,14,14,20,20,0.3,0.4,0.5,50.0,True,,0.3,2.5,139,48,15,0.3125,-7.252898119193716,-0.15110204414986914,0.7819297558083963,12.624998968895508,24,32,-0.24513631450757378,-3.670125022957893,6.1608066750061585,38,13,0.34210526315789475,-2.3758549301365512,-0.06252249816148821,0.9050270169797378,7.144882715346037,19,26,0.3014432874315678,-1.2731837584234906,10,2,0.2,-4.877043189057166,-0.4877043189057166,0.4083659540412084,7.364305931145833,5,6,-2.3221388018763114,-2.4278522855120666
grid_0004,14,14,20,20,0.3,0.4,0.5,50.0,True,,0.45,1.0,139,52,29,0.5576923076923077,5.083721290719741,0.09776387097537959,1.2166082271879621,4.243642387120497,24,32,2.5693772359347395,2.5077173354017157,2.112080298209562,42,25,0.5952380952380952,7.296692933193167,0.1737307841236468,1.4212768384593795,3.1218691641598237,19,26,3.6905924022309593,3.661447200982737,10,4,0.4,-2.212971642473427,-0.2212971642473427,0.6401225377770488,4.17553154864808,5,6,-2.1397264625093824,-1.1129787367758381
grid_0005,14,14,20,20,0.3,0.4,0.5,50.0,True,,0.45,1.5,139,48,22,0.4583333333333333,4.210215316689675,0.08771281909770158,1.1633291104989723,5.088805232968291,24,32,2.695087590506834,2.039492458405001,2.5186382208621794,38,18,0.47368421052631576,4.39489419715067,0.11565511045133346,1.223602400204714,5.088805232968291,19,26,2.937498232841071,2.1529624168560524,10,4,0.4,-0.1846788804609949,-0.01846788804609949,0.9698362511133612,4.082750510713648,5,6,1.7739271496367324,-0.11107848051242764
grid_0006,14,14,20,20,0.3,0.4,0.5,50.0,True,,0.45,2.0,139,48,17,0.3541666666666667,-5.789302160160711,-0.12061046167001481,0.8128071306089324,8.441489837823019,24,32,0.022885845542121714,-2.9452415510587526,4.214495522992134,38,15,0.39473684210526316,-0.3871820477988164,-0.010189001257863567,0.9829546597079561,7.126409256170213,19,26,1.1191515519404163,-0.2717287939621227,10,2,0.2,-5.402120112361894,-0.5402120112361894,0.34217596057263705,7.390476308597701,5,6,-4.142923838771398,-2.680797255146594
grid_0007,14,14,20,20,0.3,0.4,0.5,50.0,True,,0.45,2.5,139,48,17,0.3541666666666667,-3.3391955268318694,-0.06956657347566396,0.8920009490875492,8.94247872363594,24,32,0.7216138241354128,-1.7646193747705596,4.3896642372047605,38,15,0.39473684210526316,1.5625245255300246,0.04111906646131645,1.0688135394061526,7.126409256170213,19,26,1.723330201573168,0.6919639827672297,10,2,0.2,-4.901720052361894,-0.49017200523618953,0.4031104051892292,7.390476308597701,5,6,-3.084908410128058,-2.439701501857905
grid_0008,14,14,20,20,0.3,0.4,0.5,50.0,True,,0.6,1.0,139,51,25,0.49019607843137253,-0.6011610158146854,-0.011787470898327181,0.9760950583411256,5.100742353806529,24,32,0.46002932213448267,-0.3614531777470398,2.526869459112513,41,21,0.5121951219512195,1.5654596772342002,0.0381819433471756,1.082227548032763,5.100742353806529,19,26,1.1974514555284455,0.7365488671077447,10,4,0.4,-2.1666206930488854,-0.21666206930488857,0.6453882855804688,4.133737688466388,5,6,-2.563401424780765,-1.08997385477565
grid_0009,14,14,20,20,0.3,0.4,0.5,50.0,True,,0.6,1.5,139,49,18,0.3673469387755102,-7.049730879465527,-0.14387205876460257,0.766790532143592,10.99270542791498,24,32,-2.401546593102253,-3.539156641611374,5.385271987480311,39,14,0.358974358974359,-6.884710426416641,-0.17653103657478567,0.7145564333314709,10.99270542791498,19,26,-3.464741996335862,-3.4413884963940267,10,4,0.4,-0.16502045304888568,-0.01650204530488857,0.9729910334754506,4.074190412353935,5,6,1.744915479508823,-0.10125264199112305
grid_0010,14,14,20,20,0.3,0.4,0.5,50.0,True,,0.6,2.0,139,48,16,0.3333333333333333,-6.677949504620541,-0.13912394801292796,0.786333324215319,9.22145501502748,24,32,-2.0122864609410516,-3.3747953604416625,4.587019518939128,39,14,0.358974358974359,-2.296880488680766,-0.05889437150463506,0.9047417820780842,8.483515677750717,19,26,-1.3560924050068996,-1.220218902460779,9,2,0.2222222222222222,-4.381069015939776,-0.48678544621553066,0.38656830893517163,6.370643872696336,5,6,-4.855794036655711,-2.1811917722852514
grid_0011,14,14,20,20,0.3,0.4,0.5,50.0,True,,0.6,2.5,139,48,15,0.3125,-9.694293506803808,-0.20196444805841265,0.696784802567874,11.198295184058015,24,32,-3.5909446038021375,-4.821960532151248,5.48664342557923,39,13,0.3333333333333333,-3.812838289954973,-0.09776508435781983,0.8464407855766234,8.021082840579947,19,26,-2.4032073350926595,-1.9714939268412501,9,2,0.2222222222222222,-5.881455216848835,-0.6534950240943149,0.17648614836538504,6.370643872696336,5,6,-8.737806101543207,-2.907793579127571
grid_0012,14,14,20,20,0.3,0.4,0.5,50.0,True,0.01,0.3,1.0,30,25,17,0.68,8.61585468282507,0.34463418731300266,2.0593974932474395,2.0470203491447303,17,18,8.578963994723749,4.3697790848596485,1.0208913875289105,19,14,0.7368421052631579,8.701013231157395,0.45794806479775757,2.7099467097182175,2.0470203491447303,14,14,11.115571110264924,4.422071775697867,6,3,0.5,-0.0851585483323265,-0.014193091388721102,0.9720270438471783,2.0282258634285806,3,4,0.5463747955100322,-0.05007819702194105
grid_0013,14,14,20,20,0.3,0.4,0.5,50.0,True,0.01,0.3,1.5,30,24,13,0.5416666666666666,7.519608283821503,0.31331701182589594,1.7037018382562499,2.6035447023281133,17,18,9.781988019791063,3.783149847646805,1.3011880859600145,19,10,0.5263157894736842,5.090390673507732,0.26791529860567004,1.588168535291547,2.6035447023281133,14,14,9.250839427481989,2.5413258426332686,5,3,0.6,2.4292176103137715,0.4858435220627543,2.1959866317439767,1.016091221511916,3,4,11.800352670565543,1.2110473458469828
grid_0014,14,14,20,20,0.3,0.4,0.5,50.0,True,0.01,0.3,2.0,30,24,12,0.5,7.633839051388312,0.31807662714117957,1.6518472352687785,2.171138257393688,17,18,11.219070733167916,3.828427157883585,1.0827584630401899,19,9,0.47368421052631576,3.7034212610745385,0.19491690847760723,1.3825870177806419,2.171138257393688,14,14,9.339851565437854,1.8255131089714771,5,3,0.6,3.9304177903137716,0.7860835580627544,2.9350786501900905,1.016091221511916,3,4,18.360103570542158,1.9670060947972967
grid_0015,14,14,20,20,0.3,0.4,0.5,50.0,True,0.01,0.3,2.5,30,24,11,0.4583333333333333,5.725470034221781,0.23856125142590748,1.4496433732437068,2.1743746027440727,17,18,9.642226954066784,2.8373825397551844,1.0861071547721979,19,9,0.47368421052631576,5.410270293871656,0.2847510680985082,1.5589154004367785,2.1711382573936886,14,14,10.571211874313386,2.6883198724750645,5,2,0.4,0.3151997403501243,0.06303994807002485,1.103228660780349,2.1743746027440736,3,4,6.112084257129692,0.14516029424302967
grid_0016,14,14,20,20,0.3,0.4,0.5,50.0,True,0.01,0.45,1.0,30,25,17,0.68,8.65520557447961,0.34620822297918447,2.065967298088009,2.041444006151528,17,18,9.230384566790825,4.39028491374287,1.0181174294850326,19,14,0.7368421052631579,8.733180129769968,0.45964105946157735,2.7196210580354743,2.041444006151528,14,14,11.95623224020713,4.438837588086608,6,3,0.5,-0.07797455529035813,-0.012995759215059669,0.9743591602600542,2.0260305005403305,3,4,0.5985336009725263,-0.04648909875389906
grid_0017,14,14,20,20,0.3,0.4,0.5,50.0,True,0.01,0.45,1.5,30,24,14,0.5833333333333334,9.538793916034445,0.3974497465014353,1.9920661871908785,2.59154208797297,17,18,12.808897912975304,4.836440829411304,1.2952511721239346,19,11,0.5789473684210527,7.103530184094174,0.3738700096891671,1.9363892882085263,2.59154208797297,14,14,12.790005363396876,3.5788914952928907,5,3,0.6,2.435263731940272,0.4870527463880544,2.200233522677938,1.014999203681156,3,4,12.880689601373328,1.2140980811477187
grid_0018,14,14,20,20,0.3,0.4,0.5,50.0,True,0.01,0.45,2.0,30,24,12,0.5,5.085446413293537,0.2118936005538973,1.4362450062861822,2.2273244420622094,17,18,10.541121125295662,2.5235068563230323,1.1121596035418957,19,10,0.5263157894736842,5.322620582916025,0.28013792541663285,1.618308028306518,2.09114202797297,14,14,12.337792219902372,2.655060641824658,5,2,0.4,-0.2371741696224885,-0.047434833924497696,0.9222112784932942,2.2273244420622094,3,4,3.7137709657901707,-0.12815129101196865
grid_0019,14,14,20,20,0.3,0.4,0.5,50.0,True,0.01,0.45,2.5,30,23,12,0.5217391304347826,8.387309063240439,0.3646656114452363,1.7886601968531834,2.2273244420622085,17,18,13.098082658750085,4.21817994260516,1.1121596035419068,18,10,0.5555555555555556,8.124083172862926,0.45133795404794025,2.070940961621141,2.041444006151528,14,14,15.02495030079343,4.0940310355025655,5,2,0.4,0.26322589037751065,0.052645178075502175,1.086333201935618,2.22732444206221,3,4,6.161359147394049,0.11926611532631082
grid_0020,14,14,20,20,0.3,0.4,0.5,50.0,True,0.01,0.6,1.0,30,23,13,0.5652173913043478,3.177706232504615,0.13816114054367895,1.3321953416021055,3.0824934593884645,16,17,6.453777668869596,1.5736629322992357,1.535727620482552,18,10,0.5555555555555556,2.2385541144327394,0.12436411746848555,1.2969439379632595,3.0824934593884645,13,13,6.501239512152402,1.1041152498070694,5,3,0.6,0.9391521180718756,0.18783042361437513,1.463290646517206,1.0140527628821874,3,4,6.282915033051493,0.4644199509901137
grid_0021,14,14,20,20,0.3,0.4,0.5,50.0,True,0.01,0.6,1.5,30,23,12,0.5217391304347826,4.774436356303225,0.207584189404488,1.4510271681168143,2.582093399388464,16,17,9.802164484406266,2.3751760312973325,1.2905770031546027,18,9,0.5,2.3340840582313493,0.1296713365684083,1.272719187858754,2.582093399388464,13,13,8.646925026691036,1.1445842475473977,5,3,0.6,2.440352298071875,0.4880704596143749,2.20384373537338,1.0140527628821874,3,4,13.96102653218109,1.2166660161834653
grid_0022,14,14,20,20,0.3,0.4,0.5,50.0,True,0.01,0.6,2.0,30,22,11,0.5,5.650502545889832,0.2568410248131742,1.5339010817933207,2.2739757621355245,16,17,12.239356574351033,2.815899616370876,1.1351150011338684,17,9,0.5294117647058824,5.9334941980119105,0.3490290704712888,1.787124309101381,2.037087770702915,13,13,14.7889315939409,2.9713069254953206,5,2,0.4,-0.2829916521220779,-0.056598330424415554,0.9070706345701807,2.2739757621355245,3,4,3.570801507745478,-0.1509229257786293
grid_0023,14,14,20,20,0.3,0.4,0.5,50.0,True,0.01,0.6,2.5,30,22,11,0.5,7.831480851450763,0.355976402338671,1.7399759693365089,2.2739757621355245,16,17,13.674668891892606,3.930361381435188,1.1351150011338906,17,9,0.5294117647058824,7.614072443572841,0.4478866143278141,2.0100661282525967,2.037087770702915,13,13,15.869973260785022,3.830230574060911,5,2,0.4,0.2174084078779226,0.0434816815755845,1.071393008350957,2.2739757621355245,3,4,6.2106340376584,0.0964370461480124
grid_0024,14,14,20,20,0.3,0.4,1.0,50.0,True,,0.3,1.0,67,41,28,0.6829268292682927,14.295104349047717,0.3486610816840906,2.0778880494218845,3.072445605361276,22,28,8.015272625428137,7.354674270557782,1.5283696932731572,34,24,0.7058823529411765,13.420734879168494,0.39472749644613214,2.3168827908772447,3.072445605361276,19,24,8.641666389618923,6.895757743356001,7,4,0.5714285714285714,0.8743694698792226,0.12490992426846036,1.284731916603827,2.054760407305698,3,4,4.972788627930029,0.4293121980607939
grid_0025,14,14,20,20,0.3,0.4,1.0,50.0,True,,0.3,1.5,67,41,22,0.5365853658536586,11.838296357488689,0.2887389355485047,1.6276494289866772,4.094146404773638,22,28,8.421373235239038,6.0137108241769655,2.031412410292277,34,18,0.5294117647058824,8.952666543571649,0.2633137218697544,1.5666198785686012,4.094146404773638,19,24,7.800011328473181,4.510697487178406,7,4,0.5714285714285714,2.885629813917043,0.41223283055957755,1.942649223532207,2.0451003032678763,3,4,11.439416782387484,1.4381430543824791
grid_0026,14,14,20,20,0.3,0.4,1.0,50.0,True,,0.3,2.0,67,40,18,0.45,7.785169652060857,0.1946292413015214,1.3552126135739744,5.1072328327591965,22,28,4.845802023118713,3.868483619973584,2.5276656425725075,33,14,0.42424242424242425,2.8979395981438127,0.0878163514589034,1.1536900687709337,5.1072328327591965,19,24,2.1651349908042774,1.3849522024343308,7,4,0.5714285714285714,4.887230053917044,0.6981757219881491,2.5965123431042456,2.0451003032678763,3,4,17.483232318315338,2.4496055515027537
grid_0027,14,14,20,20,0.3,0.4,1.0,50.0,True,,0.3,2.5,67,39,17,0.4358974358974359,7.350127562278108,0.18846480928918224,1.335310008886965,5.1072328327591965,22,28,4.750820668946321,3.634977252935312,2.5276656425725075,33,14,0.42424242424242425,4.558908658278534,0.1381487472205616,1.2417783261114275,5.1072328327591965,19,24,2.993574919158519,2.2193739733108675,6,3,0.5,2.791218903999574,0.4652031506665957,1.9107770425770676,2.185618181183291,3,4,14.415672292779234,1.3848678822803606
grid_0028,14,14,20,20,0.3,0.4,1.0,50.0,True,,0.45,1.0,67,41,27,0.6585365853658537,12.371753092279935,0.30175007542146176,1.868114354164489,3.063577392223318,22,28,7.960715831262721,6.327069335726021,1.5239807953881024,34,23,0.6764705882352942,11.484939965369488,0.3377923519226319,2.026587166893287,3.063577392223318,19,24,8.484344048983735,5.865953212172181,7,4,0.5714285714285714,0.8868131269104458,0.12668758955863513,1.2894489448946074,2.0487988945753344,3,4,5.417378773760658,0.43556602435694813
grid_0029,14,14,20,20,0.3,0.4,1.0,50.0,True,,0.45,1.5,67,40,21,0.525,10.009121292285668,0.2502280323071417,1.5375271675606381,4.082984860182173,22,28,6.728269095145508,5.053661205355131,2.0259167423482993,33,17,0.5151515151515151,7.111702543213292,0.2155061376731301,1.4568774324741176,4.082984860182173,19,24,5.536280202141861,3.55815820956511,7,4,0.5714285714285714,2.8974187490723753,0.4139169641531965,1.9484829310371732,2.0397935124134046,3,4,12.347645305019842,1.4441189585118863
grid_0030,14,14,20,20,0.3,0.4,1.0,50.0,True,,0.45,2.0,67,39,18,0.46153846153846156,6.257079206064147,0.16043792836061918,1.30288232308304,5.094874435442838,22,28,4.947528532407243,3.0900675881019968,2.5216115098190217,33,15,0.45454545454545453,4.515339433888285,0.13682846769358442,1.2565525873314596,5.094874435442838,19,24,3.7418865768911354,2.2110864487728366,6,3,0.5,1.7417397721758614,0.29028996202931023,1.569494629081461,2.236766696499666,3,4,11.578559287745838,0.8599665357923003
grid_0031,14,14,20,20,0.3,0.4,1.0,50.0,True,,0.45,2.5,67,39,18,0.46153846153846156,8.857089468422762,0.22710485816468617,1.4289093237109298,5.094874435442838,22,28,6.0628120241893155,4.421883247654312,2.5216115098190217,33,15,0.45454545454545453,6.114549576246901,0.1852893810983909,1.347578235065048,5.094874435442838,19,24,4.368491455225924,3.0204767447674197,6,3,0.5,2.7425398921758606,0.45708998202931017,1.8967250812012246,2.2367666964996666,3,4,15.381575153487967,1.360318401902605
grid_0032,14,14,20,20,0.3,0.4,1.0,50.0,True,,0.6,1.0,67,41,24,0.5853658536585366,7.606798664725526,0.18553167474940307,1.475849395177745,3.0567125454986277,22,28,6.669370707330964,3.826084952244857,1.5205832824022547,34,20,0.5882352941176471,6.70143997695016,0.19710117579265174,1.518044746757211,3.0567125454986277,19,24,6.7851762948208005,3.3662032048339174,7,4,0.5714285714285714,0.9053586877753659,0.12933695539648085,1.296867924937289,2.0356491810601094,3,4,6.1068864252374775,0.4449053299361516
grid_0033,14,14,20,20,0.3,0.4,1.0,50.0,True,,0.6,1.5,67,40,19,0.475,4.743980871633285,0.11859952179083215,1.2365720753443032,5.085185396315982,22,28,5.924544809727482,2.3303091234676776,2.5168648414565453,33,15,0.45454545454545453,1.8370219438579198,0.0556673316320582,1.1080391263316747,5.085185396315982,19,24,4.369414411985882,0.868766483815242,7,4,0.5714285714285714,2.9069589277753654,0.4152798468250522,1.9531944370988563,2.0356491810601094,3,4,13.255873827652172,1.4489546076554616
grid_0034,14,14,20,20,0.3,0.4,1.0,50.0,True,,0.6,2.0,67,39,18,0.46153846153846156,7.30385749418916,0.18727839728690152,1.364292739346079,5.085185396315982,22,28,7.8189593255878185,3.631847621427098,2.516864841456534,33,15,0.45454545454545453,5.60534563012355,0.16985895848859242,1.3298016212784056,5.085185396315982,19,24,7.021395835865586,2.770351761805978,6,3,0.5,1.6985118640656096,0.2830853106776016,1.5562862999134934,2.2820471027043974,3,4,12.205558519060096,0.8382727555684921
grid_0035,14,14,20,20,0.3,0.4,1.0,50.0,True,,0.6,2.5,67,39,17,0.4358974358974359,5.044776532639727,0.1293532444266597,1.2429224266833885,5.085185396315982,22,28,6.234626865270109,2.4644861597712397,2.516864841456534,33,14,0.42424242424242425,4.346250809483175,0.1317045699843387,1.245360682842172,5.085185396315982,19,24,5.807758865624138,2.120139913054264,6,3,0.5,0.6985257231565514,0.11642095385942523,1.228776906508641,2.282047102704397,3,4,8.582400863322952,0.3371971944125418
grid_0036,14,14,20,20,0.3,0.4,1.0,50.0,True,0.01,0.3,1.0,29,25,17,0.68,8.618065018524426,0.3447226007409769,2.0599573501568105,2.0470203491447303,17,18,8.483165722382783,4.37093844740688,1.0208913875289105,19,14,0.7368421052631579,8.703223566856751,0.4580643982556184,2.711124371078636,2.0470203491447303,14,14,10.989520751921546,4.4232317191238435,6,3,0.5,-0.0851585483323265,-0.014193091388721102,0.9720270438471783,2.0282258634285806,3,4,0.5463747955100322,-0.05007819702194105
grid_0037,14,14,20,20,0.3,0.4,1.0,50.0,True,0.01,0.3,1.5,29,24,13,0.5416666666666666,7.521818619520859,0.31340910914670245,1.7040543187922947,2.6035447023281133,17,18,9.682198152769223,3.7843026937870006,1.3011880859600145,19,10,0.5263157894736842,5.092601009207088,0.2680316320635309,1.5885742459607686,2.6035447023281133,14,14,9.124789069138611,2.5424648943182637,5,3,0.6,2.4292176103137715,0.4858435220627543,2.1959866317439767,1.016091221511916,3,4,11.800352670565543,1.2110473458469828
grid_0038,14,14,20,20,0.3,0.4,1.0,50.0,True,0.01,0.3,2.0,29,24,12,0.5,7.6360493870876684,0.3181687244619861,1.6521590616993402,2.171138257393688,17,18,11.119280866146076,3.8295805069741284,1.082758463040201,19,9,0.47368421052631576,3.7056315967738946,0.19503324193546812,1.382902792243634,2.171138257393688,14,14,9.213801207094477,1.826644209250583,5,3,0.6,3.9304177903137716,0.7860835580627544,2.9350786501900905,1.016091221511916,3,4,18.360103570542158,1.9670060947972967
grid_0039,14,14,20,20,0.3,0.4,1.0,50.0,True,0.01,0.3,2.5,29,24,11,0.4583333333333333,5.727680369921137,0.23865334874671404,1.4498950550707572,2.1743746027440727,17,18,9.542437087044943,2.838524880103277,1.0861071547721979,19,9,0.47368421052631576,5.412480629571012,0.284867401556369,1.5592714472295608,2.1711382573936886,14,14,10.44516151597001,2.6894605570021435,5,2,0.4,0.3151997403501243,0.06303994807002485,1.103228660780349,2.1743746027440736,3,4,6.112084257129692,0.14516029424302967
grid_0040,14,14,20,20,0.3,0.4,1.0,50.0,True,0.01,0.45,1.0,29,25,17,0.68,8.65664080595155,0.346265632238062,2.0663325467716662,2.041444006151528,17,18,9.152147725516558,4.3910378593508215,1.0181174294850326,19,14,0.7368421052631579,8.734615361241907,0.4597165979601004,2.7203898581386134,2.041444006151528,14,14,11.853289028004147,4.439590883894984,6,3,0.5,-0.07797455529035813,-0.012995759215059669,0.9743591602600542,2.0260305005403305,3,4,0.5985336009725263,-0.04648909875389906
grid_0041,14,14,20,20,0.3,0.4,1.0,50.0,True,0.01,0.45,1.5,29,24,14,0.5833333333333334,9.540229147506384,0.397509547812766,1.9923635849735302,2.59154208797297,17,18,12.727401203314608,4.837196993049919,1.2952511721239346,19,11,0.5789473684210527,7.104965415566113,0.37394554818769016,1.9367557080651474,2.59154208797297,14,14,12.687062151193894,3.579638588487377,5,3,0.6,2.435263731940272,0.4870527463880544,2.200233522677938,1.014999203681156,3,4,12.880689601373328,1.2140980811477187
grid_0042,14,14,20,20,0.3,0.4,1.0,50.0,True,0.01,0.45,2.0,29,24,12,0.5,5.086881644765476,0.21195340186522812,1.4364218563984927,2.2273244420622094,17,18,10.459624415634968,2.524246337245639,1.1121596035418846,19,10,0.5263157894736842,5.324055814387964,0.28021346391515595,1.6185778860770568,2.09114202797297,14,14,12.234849007699388,2.6558010716175806,5,2,0.4,-0.2371741696224885,-0.047434833924497696,0.9222112784932942,2.2273244420622094,3,4,3.7137709657901707,-0.12815129101196865
grid_0043,14,14,20,20,0.3,0.4,1.0,50.0,True,0.01,0.45,2.5,29,23,12,0.5217391304347826,8.388744294712376,0.3647280128135815,1.7889016182076913,2.2273244420622085,17,18,13.013042613886752,4.218931646855406,1.112159603541918,18,10,0.5555555555555556,8.125518404334864,0.4514176891297146,2.071332850564827,2.041444006151528,14,14,14.916288021245837,4.094781844292328,5,2,0.4,0.26322589037751065,0.052645178075502175,1.086333201935618,2.22732444206221,3,4,6.161359147394049,0.11926611532631082
grid_0044,14,14,20,20,0.3,0.4,1.0,50.0,True,0.01,0.6,1.0,29,23,13,0.5652173913043478,3.178612811859406,0.1382005570373655,1.3323216100055373,3.0824934593884645,16,17,6.3878261360352795,1.5741257019405985,1.535727620482552,18,10,0.5555555555555556,2.2394606937875308,0.12441448298819616,1.2970999241441232,3.0824934593884645,13,13,6.416968109086332,1.1045758801890404,5,3,0.6,0.9391521180718756,0.18783042361437513,1.463290646517206,1.0140527628821874,3,4,6.282915033051493,0.4644199509901137
grid_0045,14,14,20,20,0.3,0.4,1.0,50.0,True,0.01,0.6,1.5,29,23,12,0.5217391304347826,4.775342935658015,0.20762360589817458,1.4511514475198575,2.582093399388464,16,17,9.73621295157195,2.3756424526326647,1.2905770031546027,18,9,0.5,2.33499063758614,0.1297217020881189,1.2728540169554114,2.582093399388464,13,13,8.562653623624966,1.1450450623061492,5,3,0.6,2.440352298071875,0.4880704596143749,2.20384373537338,1.0140527628821874,3,4,13.96102653218109,1.2166660161834653
grid_0046,14,14,20,20,0.3,0.4,1.0,50.0,True,0.01,0.6,2.0,29,22,11,0.5,5.651409125244625,0.25688223296566465,1.5340324874641962,2.2739757621355237,16,17,12.170407244569702,2.8163680456429807,1.1351150011338684,17,9,0.5294117647058824,5.934400777366702,0.34908239866862945,1.7873392631471645,2.037087770702915,13,13,14.699703049518002,2.9717760628031664,5,2,0.4,-0.2829916521220779,-0.056598330424415554,0.9070706345701807,2.2739757621355245,3,4,3.570801507745478,-0.1509229257786293
grid_0047,14,14,20,20,0.3,0.4,1.0,50.0,True,0.01,0.6,2.5,29,22,11,0.5,7.832387430805554,0.3560176104911615,1.7401250289546757,2.2739757621355245,16,17,13.605719562111277,3.930834888195478,1.1351150011338795,17,9,0.5294117647058824,7.614979022927631,0.44793994252515473,2.010307897582441,2.037087770702915,13,13,15.780744716362124,3.830703624625209,5,2,0.4,0.2174084078779226,0.0434816815755845,1.071393008350957,2.2739757621355245,3,4,6.2106340376584,0.0964370461480124
grid_0048,14,14,20,20,0.3,0.4,0.5,55.0,True,,0.3,1.0,123,49,27,0.5510204081632653,3.9971561254607164,0.08157461480532073,1.1776832949120406,4.177347285381424,24,32,1.506046409392147,1.9562173590416787,2.077122287330302,39,23,0.5897435897435898,6.242737679449609,0.1600701969089643,1.381869561728891,4.115883705939322,19,26,2.981625054433377,3.120466151702339,10,4,0.4,-2.245581553988892,-0.2245581553988892,0.6347538278982879,4.177347285381424,5,6,-4.2487103062686495,-1.1290181630365659
grid_0049,14,14,20,20,0.3,0.4,0.5,55.0,True,,0.3,1.5,123,47,20,0.425531914893617,1.4823271981851016,0.0315388765571298,1.054785167011734,5.102452922835074,24,32,1.33761283247555,0.6568610932530916,2.5253241020404715,37,16,0.43243243243243246,1.6922676966055694,0.04573696477312347,1.0808992871013077,5.102452922835074,19,26,1.21184905212715,0.7815317111231623,10,4,0.4,-0.2099404984204678,-0.02099404984204678,0.9658015385525923,4.093786931274108,5,6,1.8029388197646306,-0.12370383318585088
grid_0050,14,14,20,20,0.3,0.4,0.5,55.0,True,,0.3,2.0,123,46,16,0.34782608695652173,-2.8863472104791597,-0.0627466784886774,0.9042022920443308,7.773822397255377,24,32,0.32862640167677076,-1.5342499143616073,3.8887255379795205,36,12,0.3333333333333333,-4.678006952058692,-0.12994463755718588,0.805007637780675,7.1448827153460375,19,26,-1.071306478965474,-2.3856494147591167,10,4,0.4,1.7916597415795312,0.17916597415795316,1.2918541542021345,4.093786931274109,5,6,5.368384771988852,0.8722073089592053
grid_0051,14,14,20,20,0.3,0.4,0.5,55.0,True,,0.3,2.5,123,45,13,0.28888888888888886,-9.217053308824283,-0.2048234068627619,0.713656135000519,12.101891416437407,24,32,-1.6113592015959928,-4.602485030379033,5.913341484847079,36,12,0.3333333333333333,-1.8980529041900545,-0.0527236917830571,0.9208838671686044,7.144882715346037,19,26,0.3591985381626201,-1.035367035281598,9,1,0.1111111111111111,-7.319000404634229,-0.813222267181581,0.10722545556378317,7.319000404634229,5,6,-9.493590160630443,-3.604437149147177
grid_0052,14,14,20,20,0.3,0.4,0.5,55.0,True,,0.45,1.0,123,49,26,0.5306122448979592,2.1266245046038517,0.043400500093956136,1.090611647943332,4.243642387120497,24,32,1.5283015987506616,1.0069088893888578,2.11208029820954,39,22,0.5641025641025641,4.339596147077278,0.11127169607890455,1.2505479347657267,3.203871091012404,19,26,2.4688216144583652,2.143747075282798,10,4,0.4,-2.212971642473427,-0.2212971642473427,0.6401225377770488,4.17553154864808,5,6,-2.1397264625093824,-1.1129787367758381
grid_0053,14,14,20,20,0.3,0.4,0.5,55.0,True,,0.45,1.5,123,46,20,0.43478260869565216,2.2535476091716724,0.048990165416775484,1.0874230648047931,5.088805232968291,24,32,2.159090815301933,1.0491133979229517,2.5186382208621794,36,16,0.4444444444444444,2.438226489632667,0.06772851360090743,1.1240515177084447,5.088805232968291,19,26,2.2660807224311554,1.1614820350313249,10,4,0.4,-0.1846788804609949,-0.01846788804609949,0.9698362511133612,4.082750510713648,5,6,1.7739271496367324,-0.11107848051242764
grid_0054,14,14,20,20,0.3,0.4,0.5,55.0,True,,0.45,2.0,123,45,14,0.3111111111111111,-10.196272349044907,-0.2265838299787757,0.6699005214746424,10.860103830471408,24,32,-2.0780961782890444,-5.050788572338682,5.360887437644212,36,13,0.3611111111111111,-2.8442498153168208,-0.07900693931435615,0.8747844683055944,7.126409256170213,19,26,0.16034806053557735,-1.4843507115307908,9,1,0.1111111111111111,-7.352022533728086,-0.816891392636454,0.10052162840173585,7.352022533728086,5,6,-11.031873133587531,-3.6201739384214893
grid_0055,14,14,20,20,0.3,0.4,0.5,55.0,True,,0.45,2.5,123,45,14,0.3111111111111111,-8.746965835716066,-0.19437701857146814,0.7167460406096288,10.066622359928699,24,32,-1.7169942509106293,-4.370196184839969,4.949848199877183,36,13,0.3611111111111111,-1.3949433019879802,-0.038748425055221664,0.9385667333137456,7.126409256170213,19,26,0.611725469758596,-0.7781942311654189,9,1,0.1111111111111111,-7.352022533728086,-0.816891392636454,0.10052162840173585,7.352022533728086,5,6,-11.031873133587531,-3.6201739384214893
grid_0056,14,14,20,20,0.3,0.4,0.5,55.0,True,,0.6,1.0,123,48,22,0.4583333333333333,-3.563591796382997,-0.07424149575797913,0.8582951127109715,5.100742353806529,24,32,-0.8896371246012692,-1.8228598780055338,2.526869459112513,38,18,0.47368421052631576,-1.3969711033341112,-0.03676239745616086,0.9266225057276877,5.100742353806529,19,26,-0.4491728350803492,-0.7409623187782932,10,4,0.4,-2.1666206930488854,-0.21666206930488857,0.6453882855804688,4.133737688466388,5,6,-2.563401424780765,-1.08997385477565
grid_0057,14,14,20,20,0.3,0.4,0.5,55.0,True,,0.6,1.5,123,47,16,0.3404255319148936,-8.954298034018091,-0.1905169794471934,0.7037862699661868,11.86161638074097,24,32,-3.207602779143148,-4.45055161516259,5.815422047833585,37,12,0.32432432432432434,-8.789277580969204,-0.2375480427288974,0.6355921185115995,11.41422073308106,19,26,-4.546121227427464,-4.353707216752934,10,4,0.4,-0.16502045304888568,-0.01650204530488857,0.9729910334754506,4.074190412353935,5,6,1.744915479508823,-0.10125264199112305
grid_0058,14,14,20,20,0.3,0.4,0.5,55.0,True,,0.6,2.0,123,46,14,0.30434782608695654,-9.082916719173106,-0.19745471128637188,0.7093843521170657,11.626422229580045,24,32,-2.9867899973042786,-4.524863784882438,5.722659609352232,37,12,0.32432432432432434,-4.70184770323333,-0.12707696495225218,0.8050008978013877,8.905030982916795,19,26,-2.5321673931377133,-2.395931881669744,9,2,0.2222222222222222,-4.381069015939776,-0.48678544621553066,0.38656830893517163,6.370643872696336,5,6,-4.855794036655711,-2.1811917722852514
grid_0059,14,14,20,20,0.3,0.4,0.5,55.0,True,,0.6,2.5,123,46,13,0.2826086956521739,-12.599660781356372,-0.27390566915992115,0.6059115985383065,14.103662458610579,24,32,-4.801934194052992,-6.187218958454377,6.8423674684663265,37,11,0.2972972972972973,-6.718205564507537,-0.18157312336506856,0.729429288533315,8.442598145746025,19,26,-3.844559946285102,-3.377640183714925,9,2,0.2222222222222222,-5.881455216848835,-0.6534950240943149,0.17648614836538504,6.370643872696336,5,6,-8.737806101543207,-2.907793579127571
grid_0060,14,14,20,20,0.3,0.4,0.5,55.0,True,0.01,0.3,1.0,30,25,17,0.68,8.61585468282507,0.34463418731300266,2.0593974932474395,2.0470203491447303,17,18,8.578963994723749,4.3697790848596485,1.0208913875289105,19,14,0.7368421052631579,8.701013231157395,0.45794806479775757,2.7099467097182175,2.0470203491447303,14,14,11.115571110264924,4.422071775697867,6,3,0.5,-0.0851585483323265,-0.014193091388721102,0.9720270438471783,2.0282258634285806,3,4,0.5463747955100322,-0.05007819702194105
grid_0061,14,14,20,20,0.3,0.4,0.5,55.0,True,0.01,0.3,1.5,30,24,13,0.5416666666666666,7.519608283821503,0.31331701182589594,1.7037018382562499,2.6035447023281133,17,18,9.781988019791063,3.783149847646805,1.3011880859600145,19,10,0.5263157894736842,5.090390673507732,0.26791529860567004,1.588168535291547,2.6035447023281133,14,14,9.250839427481989,2.5413258426332686,5,3,0.6,2.4292176103137715,0.4858435220627543,2.1959866317439767,1.016091221511916,3,4,11.800352670565543,1.2110473458469828
grid_0062,14,14,20,20,0.3,0.4,0.5,55.0,True,0.01,0.3,2.0,30,24,12,0.5,7.633839051388312,0.31807662714117957,1.6518472352687785,2.171138257393688,17,18,11.219070733167916,3.828427157883585,1.0827584630401899,19,9,0.47368421052631576,3.7034212610745385,0.19491690847760723,1.3825870177806419,2.171138257393688,14,14,9.339851565437854,1.8255131089714771,5,3,0.6,3.9304177903137716,0.7860835580627544,2.9350786501900905,1.016091221511916,3,4,18.360103570542158,1.9670060947972967
grid_0063,14,14,20,20,0.3,0.4,0.5,55.0,True,0.01,0.3,2.5,30,24,11,0.4583333333333333,5.725470034221781,0.23856125142590748,1.4496433732437068,2.1743746027440727,17,18,9.642226954066784,2.8373825397551844,1.0861071547721979,19,9,0.47368421052631576,5.410270293871656,0.2847510680985082,1.5589154004367785,2.1711382573936886,14,14,10.571211874313386,2.6883198724750645,5,2,0.4,0.3151997403501243,0.06303994807002485,1.103228660780349,2.1743746027440736,3,4,6.112084257129692,0.14516029424302967
grid_0064,14,14,20,20,0.3,0.4,0.5,55.0,True,0.01,0.45,1.0,30,25,17,0.68,8.65520557447961,0.34620822297918447,2.065967298088009,2.041444006151528,17,18,9.230384566790825,4.39028491374287,1.0181174294850326,19,14,0.7368421052631579,8.733180129769968,0.45964105946157735,2.7196210580354743,2.041444006151528,14,14,11.95623224020713,4.438837588086608,6,3,0.5,-0.07797455529035813,-0.012995759215059669,0.9743591602600542,2.0260305005403305,3,4,0.5985336009725263,-0.04648909875389906
grid_0065,14,14,20,20,0.3,0.4,0.5,55.0,True,0.01,0.45,1.5,30,24,14,0.5833333333333334,9.538793916034445,0.3974497465014353,1.9920661871908785,2.59154208797297,17,18,12.808897912975304,4.836440829411304,1.2952511721239346,19,11,0.5789473684210527,7.103530184094174,0.3738700096891671,1.9363892882085263,2.59154208797297,14,14,12.790005363396876,3.5788914952928907,5,3,0.6,2.435263731940272,0.4870527463880544,2.200233522677938,1.014999203681156,3,4,12.880689601373328,1.2140980811477187
grid_0066,14,14,20,20,0.3,0.4,0.5,55.0,True,0.01,0.45,2.0,30,24,12,0.5,5.085446413293537,0.2118936005538973,1.4362450062861822,2.2273244420622094,17,18,10.541121125295662,2.5235068563230323,1.1121596035418957,19,10,0.5263157894736842,5.322620582916025,0.28013792541663285,1.618308028306518,2.09114202797297,14,14,12.337792219902372,2.655060641824658,5,2,0.4,-0.2371741696224885,-0.047434833924497696,0.9222112784932942,2.2273244420622094,3,4,3.7137709657901707,-0.12815129101196865
grid_0067,14,14,20,20,0.3,0.4,0.5,55.0,True,0.01,0.45,2.5,30,23,12,0.5217391304347826,8.387309063240439,0.3646656114452363,1.7886601968531834,2.2273244420622085,17,18,13.098082658750085,4.21817994260516,1.1121596035419068,18,10,0.5555555555555556,8.124083172862926,0.45133795404794025,2.070940961621141,2.041444006151528,14,14,15.02495030079343,4.0940310355025655,5,2,0.4,0.26322589037751065,0.052645178075502175,1.086333201935618,2.22732444206221,3,4,6.161359147394049,0.11926611532631082
grid_0068,14,14,20,20,0.3,0.4,0.5,55.0,True,0.01,0.6,1.0,30,23,13,0.5652173913043478,3.177706232504615,0.13816114054367895,1.3321953416021055,3.0824934593884645,16,17,6.453777668869596,1.5736629322992357,1.535727620482552,18,10,0.5555555555555556,2.2385541144327394,0.12436411746848555,1.2969439379632595,3.0824934593884645,13,13,6.501239512152402,1.1041152498070694,5,3,0.6,0.9391521180718756,0.18783042361437513,1.463290646517206,1.0140527628821874,3,4,6.282915033051493,0.4644199509901137
grid_0069,14,14,20,20,0.3,0.4,0.5,55.0,True,0.01,0.6,1.5,30,23,12,0.5217391304347826,4.774436356303225,0.207584189404488,1.4510271681168143,2.582093399388464,16,17,9.802164484406266,2.3751760312973325,1.2905770031546027,18,9,0.5,2.3340840582313493,0.1296713365684083,1.272719187858754,2.582093399388464,13,13,8.646925026691036,1.1445842475473977,5,3,0.6,2.440352298071875,0.4880704596143749,2.20384373537338,1.0140527628821874,3,4,13.96102653218109,1.2166660161834653
grid_0070,14,14,20,20,0.3,0.4,0.5,55.0,True,0.01,0.6,2.0,30,22,11,0.5,5.650502545889832,0.2568410248131742,1.5339010817933207,2.2739757621355245,16,17,12.239356574351033,2.815899616370876,1.1351150011338684,17,9,0.5294117647058824,5.9334941980119105,0.3490290704712888,1.787124309101381,2.037087770702915,13,13,14.7889315939409,2.9713069254953206,5,2,0.4,-0.2829916521220779,-0.056598330424415554,0.9070706345701807,2.2739757621355245,3,4,3.570801507745478,-0.1509229257786293
grid_0071,14,14,20,20,0.3,0.4,0.5,55.0,True,0.01,0.6,2.5,30,22,11,0.5,7.831480851450763,0.355976402338671,1.7399759693365089,2.2739757621355245,16,17,13.674668891892606,3.930361381435188,1.1351150011338906,17,9,0.5294117647058824,7.614072443572841,0.4478866143278141,2.0100661282525967,2.037087770702915,13,13,15.869973260785022,3.830230574060911,5,2,0.4,0.2174084078779226,0.0434816815755845,1.071393008350957,2.2739757621355245,3,4,6.2106340376584,0.0964370461480124
grid_0072,14,14,20,20,0.3,0.4,1.0,55.0,True,,0.3,1.0,62,37,24,0.6486486486486487,10.375832719108988,0.2804279113272699,1.7839332474811738,3.072445605361276,21,27,6.443547828129969,5.276570102532552,1.5283696932731572,31,21,0.6774193548387096,10.460991267441313,0.3374513312077843,2.026463863539499,3.072445605361276,18,23,7.58493615702415,5.3293171254844784,6,3,0.5,-0.0851585483323265,-0.014193091388721102,0.9720270438471783,2.0282258634285806,3,4,0.5463747955100322,-0.05007819702194105
grid_0073,14,14,20,20,0.3,0.4,1.0,55.0,True,,0.3,1.5,62,38,19,0.5,8.234798343708695,0.2167052195712814,1.4365971523410677,4.094146404773638,21,27,7.193061263720279,4.126957414480881,2.031412410292277,31,15,0.4838709677419355,5.349168529791651,0.17255382354166612,1.3385522300023405,4.094146404773638,18,23,6.234206791763168,2.6506935942792964,7,4,0.5714285714285714,2.885629813917043,0.41223283055957755,1.942649223532207,2.0451003032678763,3,4,11.439416782387484,1.4381430543824791
grid_0074,14,14,20,20,0.3,0.4,1.0,55.0,True,,0.3,2.0,62,37,15,0.40540540540540543,3.3559369216097155,0.09070099788134364,1.1531207639898795,5.1072328327591965,21,27,2.8362702608793358,1.6031126091735626,2.5276656425725075,30,11,0.36666666666666664,-1.5312931323073278,-0.05104310441024428,0.918789008934653,5.1072328327591965,18,23,-0.5813542191890649,-0.8262530029007009,7,4,0.5714285714285714,4.887230053917044,0.6981757219881491,2.5965123431042456,2.0451003032678763,3,4,17.483232318315338,2.4496055515027537
grid_0075,14,14,20,20,0.3,0.4,1.0,55.0,True,,0.3,2.5,62,36,14,0.3888888888888889,3.5394797595608827,0.0983188822100245,1.1614697132230105,5.1072328327591965,21,27,3.0567158611655922,1.6861096497909456,2.5276656425725075,30,11,0.36666666666666664,0.748260855561308,0.024942028518710267,1.0396834573168727,5.1072328327591965,18,23,0.7849245748428638,0.2971269517856756,6,3,0.5,2.791218903999574,0.4652031506665957,1.9107770425770676,2.185618181183291,3,4,14.415672292779234,1.3848678822803606
grid_0076,14,14,20,20,0.3,0.4,1.0,55.0,True,,0.45,1.0,62,37,23,0.6216216216216216,8.44338577856946,0.2281996156370124,1.5934125482814152,3.063577392223318,21,27,6.144311763908674,4.264118344619172,1.5239807953881024,31,20,0.6451612903225806,8.521360333859818,0.27488259141483284,1.7616861028086837,3.063577392223318,18,23,7.217688182541477,4.312612337981747,6,3,0.5,-0.07797455529035813,-0.012995759215059669,0.9743591602600542,2.0260305005403305,3,4,0.5985336009725263,-0.04648909875389906
grid_0077,14,14,20,20,0.3,0.4,1.0,55.0,True,,0.45,1.5,62,37,18,0.4864864864864865,6.459442635125236,0.17457953067906043,1.3468961762263152,4.082984860182173,21,27,5.161618650704164,3.2116867858644094,2.0259167423482993,30,14,0.4666666666666667,3.562023886052861,0.11873412953509536,1.228835263789871,4.082984860182173,18,23,3.4848790980305058,1.742405420343185,7,4,0.5714285714285714,2.8974187490723753,0.4139169641531965,1.9484829310371732,2.0397935124134046,3,4,12.347645305019842,1.4441189585118863
grid_0078,14,14,20,20,0.3,0.4,1.0,55.0,True,,0.45,2.0,62,36,15,0.4166666666666667,2.0216538770505723,0.056157052140293665,1.0978608712764044,5.094874435442838,21,27,2.7444290453391136,0.9387571998287658,2.5216115098190217,30,12,0.4,0.27991410487471047,0.009330470162490353,1.015904161555876,5.094874435442838,18,23,0.977602996857769,0.07811886791428968,6,3,0.5,1.7417397721758614,0.29028996202931023,1.569494629081461,2.236766696499666,3,4,11.578559287745838,0.8599665357923003
grid_0079,14,14,20,20,0.3,0.4,1.0,55.0,True,,0.45,2.5,62,36,15,0.4166666666666667,5.3875287271272985,0.14965357575353605,1.2608939777636534,5.094874435442838,21,27,4.478039829345503,2.6319185078990115,2.5216115098190217,30,12,0.4,2.6449888349514374,0.08816629449838123,1.1503529474338596,5.094874435442838,18,23,2.29733276451701,1.254534443108568,6,3,0.5,2.7425398921758606,0.45708998202931017,1.8967250812012246,2.2367666964996666,3,4,15.381575153487967,1.360318401902605
grid_0080,14,14,20,20,0.3,0.4,1.0,55.0,True,,0.6,1.0,62,38,21,0.5526315789473685,4.640025574319637,0.12210593616630623,1.29026052357453,3.0567125454986277,21,27,5.333923878066892,2.301049031247193,1.5205832824022547,31,17,0.5483870967741935,3.734666886544271,0.12047312537239584,1.2887028113535182,3.0567125454986277,18,23,5.15938394806063,1.8479221969636805,7,4,0.5714285714285714,0.9053586877753659,0.12933695539648085,1.296867924937289,2.0356491810601094,3,4,6.1068864252374775,0.4449053299361516
grid_0081,14,14,20,20,0.3,0.4,1.0,55.0,True,,0.6,1.5,62,37,16,0.43243243243243246,1.2392856715118654,0.033494207338158534,1.0618004986080567,5.33048341407715,21,27,4.1248653933242325,0.5586428326034287,2.6606329939648954,30,12,0.4,-1.6676732562635,-0.05558910854211665,0.9019206263616949,5.33048341407715,18,23,1.9942967586477138,-0.8775958101246428,7,4,0.5714285714285714,2.9069589277753654,0.4152798468250522,1.9531944370988563,2.0356491810601094,3,4,13.255873827652172,1.4489546076554616
grid_0082,14,14,20,20,0.3,0.4,1.0,55.0,True,,0.6,2.0,62,36,15,0.4166666666666667,4.118268485537983,0.11439634682049953,1.2054058843772408,5.085185396315982,21,27,6.38053273919388,1.9992488104580097,2.516864841456534,30,12,0.4,2.4197566214723727,0.08065855404907911,1.1423711773582743,5.085185396315982,18,23,5.215527583220637,1.1513248126569398,6,3,0.5,1.6985118640656096,0.2830853106776016,1.5562862999134934,2.2820471027043974,3,4,12.205558519060096,0.8382727555684921
grid_0083,14,14,20,20,0.3,0.4,1.0,55.0,True,,0.6,2.5,62,36,14,0.3888888888888889,1.8591875239885507,0.05164409788857086,1.0895259367911894,5.085185396315982,21,27,4.664172573849696,0.8502777662077854,2.516864841456534,30,11,0.36666666666666664,1.1606618008319995,0.038688726694399996,1.0655233175636332,5.085185396315982,18,23,3.8805269159550457,0.5113562927227644,6,3,0.5,0.6985257231565514,0.11642095385942523,1.228776906508641,2.282047102704397,3,4,8.582400863322952,0.3371971944125418
grid_0084,14,14,20,20,0.3,0.4,1.0,55.0,True,0.01,0.3,1.0,29,25,17,0.68,8.618065018524426,0.3447226007409769,2.0599573501568105,2.0470203491447303,17,18,8.483165722382783,4.37093844740688,1.0208913875289105,19,14,0.7368421052631579,8.703223566856751,0.4580643982556184,2.711124371078636,2.0470203491447303,14,14,10.989520751921546,4.4232317191238435,6,3,0.5,-0.0851585483323265,-0.014193091388721102,0.9720270438471783,2.0282258634285806,3,4,0.5463747955100322,-0.05007819702194105
grid_0085,14,14,20,20,0.3,0.4,1.0,55.0,True,0.01,0.3,1.5,29,24,13,0.5416666666666666,7.521818619520859,0.31340910914670245,1.7040543187922947,2.6035447023281133,17,18,9.682198152769223,3.7843026937870006,1.3011880859600145,19,10,0.5263157894736842,5.092601009207088,0.2680316320635309,1.5885742459607686,2.6035447023281133,14,14,9.124789069138611,2.5424648943182637,5,3,0.6,2.4292176103137715,0.4858435220627543,2.1959866317439767,1.016091221511916,3,4,11.800352670565543,1.2110473458469828
grid_0086,14,14,20,20,0.3,0.4,1.0,55.0,True,0.01,0.3,2.0,29,24,12,0.5,7.6360493870876684,0.3181687244619861,1.6521590616993402,2.171138257393688,17,18,11.119280866146076,3.8295805069741284,1.082758463040201,19,9,0.47368421052631576,3.7056315967738946,0.19503324193546812,1.382902792243634,2.171138257393688,14,14,9.213801207094477,1.826644209250583,5,3,0.6,3.9304177903137716,0.7860835580627544,2.9350786501900905,1.016091221511916,3,4,18.360103570542158,1.9670060947972967
grid_0087,14,14,20,20,0.3,0.4,1.0,55.0,True,0.01,0.3,2.5,29,24,11,0.4583333333333333,5.727680369921137,0.23865334874671404,1.4498950550707572,2.1743746027440727,17,18,9.542437087044943,2.838524880103277,1.0861071547721979,19,9,0.47368421052631576,5.412480629571012,0.284867401556369,1.5592714472295608,2.1711382573936886,14,14,10.44516151597001,2.6894605570021435,5,2,0.4,0.3151997403501243,0.06303994807002485,1.103228660780349,2.1743746027440736,3,4,6.112084257129692,0.14516029424302967
grid_0088,14,14,20,20,0.3,0.4,1.0,55.0,True,0.01,0.45,1.0,29,25,17,0.68,8.65664080595155,0.346265632238062,2.0663325467716662,2.041444006151528,17,18,9.152147725516558,4.3910378593508215,1.0181174294850326,19,14,0.7368421052631579,8.734615361241907,0.4597165979601004,2.7203898581386134,2.041444006151528,14,14,11.853289028004147,4.439590883894984,6,3,0.5,-0.07797455529035813,-0.012995759215059669,0.9743591602600542,2.0260305005403305,3,4,0.5985336009725263,-0.04648909875389906
grid_0089,14,14,20,20,0.3,0.4,1.0,55.0,True,0.01,0.45,1.5,29,24,14,0.5833333333333334,9.540229147506384,0.397509547812766,1.9923635849735302,2.59154208797297,17,18,12.727401203314608,4.837196993049919,1.2952511721239346,19,11,0.5789473684210527,7.104965415566113,0.37394554818769016,1.9367557080651474,2.59154208797297,14,14,12.687062151193894,3.579638588487377,5,3,0.6,2.435263731940272,0.4870527463880544,2.200233522677938,1.014999203681156,3,4,12.880689601373328,1.2140980811477187
grid_0090,14,14,20,20,0.3,0.4,1.0,55.0,True,0.01,0.45,2.0,29,24,12,0.5,5.086881644765476,0.21195340186522812,1.4364218563984927,2.2273244420622094,17,18,10.459624415634968,2.524246337245639,1.1121596035418846,19,10,0.5263157894736842,5.324055814387964,0.28021346391515595,1.6185778860770568,2.09114202797297,14,14,12.234849007699388,2.6558010716175806,5,2,0.4,-0.2371741696224885,-0.047434833924497696,0.9222112784932942,2.2273244420622094,3,4,3.7137709657901707,-0.12815129101196865
grid_0091,14,14,20,20,0.3,0.4,1.0,55.0,True,0.01,0.45,2.5,29,23,12,0.5217391304347826,8.388744294712376,0.3647280128135815,1.7889016182076913,2.2273244420622085,17,18,13.013042613886752,4.218931646855406,1.112159603541918,18,10,0.5555555555555556,8.125518404334864,0.4514176891297146,2.071332850564827,2.041444006151528,14,14,14.916288021245837,4.094781844292328,5,2,0.4,0.26322589037751065,0.052645178075502175,1.086333201935618,2.22732444206221,3,4,6.161359147394049,0.11926611532631082
grid_0092,14,14,20,20,0.3,0.4,1.0,55.0,True,0.01,0.6,1.0,29,23,13,0.5652173913043478,3.178612811859406,0.1382005570373655,1.3323216100055373,3.0824934593884645,16,17,6.3878261360352795,1.5741257019405985,1.535727620482552,18,10,0.5555555555555556,2.2394606937875308,0.12441448298819616,1.2970999241441232,3.0824934593884645,13,13,6.416968109086332,1.1045758801890404,5,3,0.6,0.9391521180718756,0.18783042361437513,1.463290646517206,1.0140527628821874,3,4,6.282915033051493,0.4644199509901137
grid_0093,14,14,20,20,0.3,0.4,1.0,55.0,True,0.01,0.6,1.5,29,23,12,0.5217391304347826,4.775342935658015,0.20762360589817458,1.4511514475198575,2.582093399388464,16,17,9.73621295157195,2.3756424526326647,1.2905770031546027,18,9,0.5,2.33499063758614,0.1297217020881189,1.2728540169554114,2.582093399388464,13,13,8.562653623624966,1.1450450623061492,5,3,0.6,2.440352298071875,0.4880704596143749,2.20384373537338,1.0140527628821874,3,4,13.96102653218109,1.2166660161834653
grid_0094,14,14,20,20,0.3,0.4,1.0,55.0,True,0.01,0.6,2.0,29,22,11,0.5,5.651409125244625,0.25688223296566465,1.5340324874641962,2.2739757621355237,16,17,12.170407244569702,2.8163680456429807,1.1351150011338684,17,9,0.5294117647058824,5.934400777366702,0.34908239866862945,1.7873392631471645,2.037087770702915,13,13,14.699703049518002,2.9717760628031664,5,2,0.4,-0.2829916521220779,-0.056598330424415554,0.9070706345701807,2.2739757621355245,3,4,3.570801507745478,-0.1509229257786293
grid_0095,14,14,20,20,0.3,0.4,1.0,55.0,True,0.01,0.6,2.5,29,22,11,0.5,7.832387430805554,0.3560176104911615,1.7401250289546757,2.2739757621355245,16,17,13.605719562111277,3.930834888195478,1.1351150011338795,17,9,0.5294117647058824,7.614979022927631,0.44793994252515473,2.010307897582441,2.037087770702915,13,13,15.780744716362124,3.830703624625209,5,2,0.4,0.2174084078779226,0.0434816815755845,1.071393008350957,2.2739757621355245,3,4,6.2106340376584,0.0964370461480124
grid_0096,14,14,20,20,0.3,0.4,0.5,60.0,True,,0.3,1.0,94,44,28,0.6363636363636364,11.174463395918874,0.25396507717997435,1.6855670738659918,3.1108943520623704,23,29,4.706791943214262,5.688735542127632,1.5521724147946503,35,24,0.6857142857142857,12.353592016588712,0.35295977190253464,2.1012379959083956,1.1402218901228267,18,23,7.001065348218939,6.325610688572714,9,4,0.4444444444444444,-1.17912862066984,-0.13101429118553776,0.7679647446551026,3.110894352062372,5,6,-4.215382409581702,-0.5989856463749832
grid_0097,14,14,20,20,0.3,0.4,0.5,60.0,True,,0.3,1.5,94,43,21,0.4883720930232558,8.080309205312322,0.18791416756540283,1.3680985355401152,5.127225380085225,23,29,5.73745231774789,4.0368251535841,2.537459128384034,34,18,0.5294117647058824,9.765468747382238,0.28721966904065405,1.6171364460801776,5.127225380085225,18,23,7.811728395097534,4.933944467205609,9,3,0.3333333333333333,-1.6851595420699166,-0.18723994911887962,0.7249906103153374,4.093786931274108,5,6,-2.0987017522396467,-0.8549371875579359
grid_0098,14,14,20,20,0.3,0.4,0.5,60.0,True,,0.3,2.0,94,42,17,0.40476190476190477,4.206853009288388,0.1001631668878187,1.1682097471206738,7.169655172596187,23,29,2.4690002834660767,2.0223793660281597,3.530220071574275,33,14,0.42424242424242425,4.3908123713583045,0.13305492034419103,1.2325405201855668,7.169655172596187,18,23,2.9224188607606587,2.139213958706754,9,3,0.3333333333333333,-0.1839593620699176,-0.020439929118879707,0.9699787761178467,4.093786931274109,5,6,0.8064655000526098,-0.11438759723160219
grid_0099,14,14,20,20,0.3,0.4,0.5,60.0,True,,0.3,2.5,94,41,15,0.36585365853658536,1.8883955472395564,0.04605842798145254,1.072507521487112,7.408378655535802,23,29,2.059126386510906,0.8370816663675784,3.6629017443135847,33,14,0.42424242424242425,8.171566539226943,0.24762322846142246,1.432771927618253,7.169655172596187,18,23,4.89654781392183,4.065818616777328,8,1,0.125,-6.283170991987387,-0.7853963739984233,0.12273286030265704,6.283170991987387,5,6,-9.645237001559162,-3.1025912190241756
grid_0100,14,14,20,20,0.3,0.4,0.5,60.0,True,,0.45,1.0,94,44,27,0.6136363636363636,9.276154321855397,0.21082168913307722,1.53599398629958,4.135076014762571,23,29,5.444701075801969,4.690028241975863,2.0563293660807225,35,24,0.6857142857142857,12.436226506679123,0.35532075733368923,2.1106082915613946,1.1218700372863317,18,23,8.51039701047409,6.369444445261951,9,3,0.3333333333333333,-3.1600721848237265,-0.35111913164708064,0.4827000380268922,4.135076014762572,5,6,-6.47744978125628,-1.5788520961490415
grid_0101,14,14,20,20,0.3,0.4,0.5,60.0,True,,0.45,1.5,94,42,21,0.5,8.835303737940247,0.21036437471286304,1.4273732871735243,5.109431110210226,23,29,4.731702856929985,4.433827607401852,2.528742632799963,33,18,0.5454545454545454,10.498496500199593,0.31813625758180586,1.7210306211978206,5.109431110210226,18,23,6.706502881993418,5.322790889378282,9,3,0.3333333333333333,-1.6631927622593454,-0.18479919580659393,0.7279298095807969,4.082750510713648,5,6,-2.5092305683026064,-0.8440369595885011
grid_0102,14,14,20,20,0.3,0.4,0.5,60.0,True,,0.45,2.0,94,41,16,0.3902439024390244,-0.10485184390575086,-0.0025573620464817417,0.995765886005714,7.14703513341215,23,29,1.7568096683975258,-0.1389244324810135,3.519252488822877,33,15,0.45454545454545453,6.216820315250105,0.1883884944015183,1.3528217877990392,7.14703513341215,18,23,4.895522807699585,3.0782272017839896,8,1,0.125,-6.321672159155856,-0.790209019894482,0.11502087727877602,6.321672159155856,5,6,-11.190382031223468,-3.121077769379099
grid_0103,14,14,20,20,0.3,0.4,0.5,60.0,True,,0.45,2.5,94,41,16,0.3902439024390244,2.345254789423091,0.05720133632739245,1.0947371113301767,7.14703513341215,23,29,2.544458939338331,1.075838327873635,3.519252488822877,33,15,0.45454545454545453,8.666926948578947,0.2626341499569378,1.4921008243476626,7.14703513341215,18,23,5.874117356444221,4.332125090390626,8,1,0.125,-6.321672159155856,-0.790209019894482,0.11502087727877602,6.321672159155856,5,6,-11.190382031223468,-3.121077769379099
grid_0104,14,14,20,20,0.3,0.4,0.5,60.0,True,,0.6,1.0,94,43,22,0.5116279069767442,1.5306441786366665,0.03559637624736433,1.0762762505883705,5.118346820474894,23,29,3.0967106978537893,0.7164369023333617,2.535492936525585,34,19,0.5588235294117647,4.67796826787324,0.13758730199627175,1.334969754194994,5.118346820474894,18,23,5.613741446724824,2.3255828703013792,9,3,0.3333333333333333,-3.1473240892365735,-0.34970267658184157,0.48419475161662856,4.125666347897516,5,6,-6.412072131214567,-1.5725744460284519
grid_0105,14,14,20,20,0.3,0.4,0.5,60.0,True,,0.6,1.5,94,42,18,0.42857142857142855,1.3573930544014803,0.03231888224765426,1.059293786223621,7.128640279248861,23,29,1.9467853265056438,0.6091292890267663,3.510332799887872,33,15,0.45454545454545453,3.003516963638053,0.09101566556478947,1.1788776498912175,7.128640279248861,18,23,3.274024793106883,1.4568686369909267,9,3,0.3333333333333333,-1.6461239092365738,-0.18290265658184154,0.730221824064031,4.074190412353935,5,6,-2.9197593843655674,-0.8355662453937263
grid_0106,14,14,20,20,0.3,0.4,0.5,60.0,True,,0.6,2.0,94,41,16,0.3902439024390244,2.2347756284275975,0.054506722644575484,1.0934569975769002,7.128640279248861,23,29,2.8815269462194903,1.033485531411782,3.510332799887883,33,15,0.45454545454545453,8.592147021373927,0.26036809155678564,1.511933659226777,7.128640279248861,18,23,6.667479432790949,4.306881053043798,8,1,0.125,-6.35737139294633,-0.7946714241182913,0.10819164011121656,6.35737139294633,5,6,-12.735527060887776,-3.138235453485927
grid_0107,14,14,20,20,0.3,0.4,0.5,60.0,True,,0.6,2.5,94,41,15,0.36585365853658536,1.1577842470929256,0.028238640172998097,1.0470071702748682,7.862239962364921,23,29,2.4130219772535115,0.482877879053456,3.869321830962813,33,14,0.42424242424242425,7.515155640039255,0.22773198909209855,1.4294050670993594,7.128640279248861,18,23,6.0853975016514,3.738434200009344,8,1,0.125,-6.35737139294633,-0.7946714241182913,0.10819164011121656,6.35737139294633,5,6,-12.735527060887776,-3.138235453485927
grid_0108,14,14,20,20,0.3,0.4,0.5,60.0,True,0.01,0.3,1.0,29,24,16,0.6666666666666666,7.625831045067969,0.31774296021116527,1.9376651058400323,2.0470203491447303,16,17,7.864525051729008,3.8556811884002284,1.0208913875289105,18,13,0.7222222222222222,7.710989593400293,0.4283883107444607,2.5153845803487362,2.0470203491447303,13,13,10.303908470468668,3.9077162992895653,6,3,0.5,-0.0851585483323265,-0.014193091388721102,0.9720270438471783,2.0282258634285806,3,4,0.5463747955100322,-0.05007819702194105
grid_0109,14,14,20,20,0.3,0.4,0.5,60.0,True,0.01,0.3,1.5,29,23,13,0.5652173913043478,8.531184886064402,0.37092108200280016,1.8818481429886476,2.6035447023281133,16,17,11.350141700068827,4.310741374331251,1.3011880859600145,18,10,0.5555555555555556,6.101967275750631,0.33899818198614623,1.7983660320391288,2.6035447023281133,13,13,11.225083097153071,3.0626044387153994,5,3,0.6,2.4292176103137715,0.4858435220627543,2.1959866317439767,1.016091221511916,3,4,11.800352670565543,1.2110473458469828
grid_0110,14,14,20,20,0.3,0.4,0.5,60.0,True,0.01,0.3,2.0,29,23,12,0.5217391304347826,8.645415653631211,0.3758876371144005,1.808019817272007,2.1711382573936886,16,17,12.84970627054902,4.356248856086875,1.082758463040201,18,9,0.5,4.714997863317438,0.2619443257398577,1.5439314168304763,2.1711382573936886,13,13,11.319040353884262,2.343152802847137,5,3,0.6,3.9304177903137716,0.7860835580627544,2.9350786501900905,1.016091221511916,3,4,18.360103570542158,1.9670060947972967
grid_0111,14,14,20,20,0.3,0.4,0.5,60.0,True,0.01,0.3,2.5,29,23,11,0.4782608695652174,6.7370466364646795,0.2929150711506383,1.5747459724891057,2.1743746027440736,16,17,11.204304066269579,3.3601661682539197,1.0861071547721979,18,9,0.5,6.421846896114556,0.3567692720063642,1.7408368746140443,2.1711382573936886,13,13,12.618809568808437,3.210345726707775,5,2,0.4,0.3151997403501243,0.06303994807002485,1.103228660780349,2.1743746027440736,3,4,6.112084257129692,0.14516029424302967
grid_0112,14,14,20,20,0.3,0.4,0.5,60.0,True,0.01,0.45,1.0,29,24,17,0.7083333333333334,9.665761338378843,0.40274005576578503,2.3596469110410627,2.041444006151528,16,17,10.823599974412824,4.920424612959784,1.0181174294850326,18,14,0.7777777777777778,9.7437358936692,0.5413186607594,3.395219184331229,2.041444006151528,13,13,14.231955432226256,4.969223859100813,6,3,0.5,-0.07797455529035813,-0.012995759215059669,0.9743591602600542,2.0260305005403305,3,4,0.5985336009725263,-0.04648909875389906
grid_0113,14,14,20,20,0.3,0.4,0.5,60.0,True,0.01,0.45,1.5,29,23,14,0.6086956521739131,10.549349679933677,0.4586673773884207,2.2260238524852807,2.59154208797297,16,17,14.626971092501934,5.368846304252184,1.2952511721239346,18,11,0.6111111111111112,8.114085947993406,0.4507825526663003,2.2339818963560045,2.59154208797297,13,13,15.112049284482103,4.1049105824896515,5,3,0.6,2.435263731940272,0.4870527463880544,2.200233522677938,1.014999203681156,3,4,12.880689601373328,1.2140980811477187
grid_0114,14,14,20,20,0.3,0.4,0.5,60.0,True,0.01,0.45,2.0,29,23,12,0.5217391304347826,6.096002177192766,0.2650435729214246,1.5725686835639023,2.2273244420622103,16,17,12.260595314053614,3.044166236957735,1.1121596035419068,18,10,0.5555555555555556,6.3331763468152555,0.35184313037862525,1.8335530635949908,2.09114202797297,13,13,14.634713188571235,3.1763881103406666,5,2,0.4,-0.2371741696224885,-0.047434833924497696,0.9222112784932942,2.2273244420622094,3,4,3.7137709657901707,-0.12815129101196865
grid_0115,14,14,20,20,0.3,0.4,0.5,60.0,True,0.01,0.45,2.5,29,22,12,0.5454545454545454,9.397864827139669,0.4271756739608939,1.9764697749362439,2.2273244420622085,16,17,15.011940289426777,4.747445617216228,1.1121596035418846,17,10,0.5882352941176471,9.134638936762157,0.5373317021624797,2.3892196251868345,2.041444006151528,13,13,17.61505239002464,4.622666227455885,5,2,0.4,0.26322589037751065,0.052645178075502175,1.086333201935618,2.22732444206221,3,4,6.161359147394049,0.11926611532631082
grid_0116,14,14,20,20,0.3,0.4,0.5,60.0,True,0.01,0.6,1.0,29,22,13,0.5909090909090909,4.187417827146392,0.19033717396119965,1.4894093381245048,3.0824934593884645,15,16,8.189314099530797,2.0890654978960477,1.535727620482552,17,10,0.5882352941176471,3.2482657090745164,0.19107445347497154,1.4975187950661786,3.0824934593884645,12,12,8.75001970731883,1.6171352481789025,5,3,0.6,0.9391521180718756,0.18783042361437513,1.463290646517206,1.0140527628821874,3,4,6.282915033051493,0.4644199509901137
grid_0117,14,14,20,20,0.3,0.4,0.5,60.0,True,0.01,0.6,1.5,29,22,12,0.5454545454545454,5.784147950945002,0.2629158159520455,1.6040264775273694,2.582093399388464,15,16,11.689900315773682,2.894645614816538,1.2905770031546027,17,9,0.5294117647058824,3.3437956528731263,0.1966938619337133,1.442954291743724,2.582093399388464,12,12,11.021922016830324,1.6578095927055614,5,3,0.6,2.440352298071875,0.4880704596143749,2.20384373537338,1.0140527628821874,3,4,13.96102653218109,1.2166660161834653
grid_0118,14,14,20,20,0.3,0.4,0.5,60.0,True,0.01,0.6,2.0,29,21,11,0.5238095238095238,6.660214140531609,0.31715305431102897,1.6956771339350554,2.2739757621355245,15,16,14.33304135435236,3.3376055085936107,1.1351150011338684,16,9,0.5625,6.943205792653687,0.4339503620408554,2.063525556258981,2.037087770702915,12,12,17.69624130641701,3.4938013816383062,5,2,0.4,-0.2829916521220779,-0.056598330424415554,0.9070706345701807,2.2739757621355245,3,4,3.570801507745478,-0.1509229257786293
grid_0119,14,14,20,20,0.3,0.4,0.5,60.0,True,0.01,0.6,2.5,29,21,11,0.5238095238095238,8.841192446092538,0.4210091640996447,1.923486135984058,2.2739757621355245,15,16,15.836701877491153,4.457722247953355,1.1351150011338684,16,9,0.5625,8.623784038214616,0.5389865023884135,2.320948131193752,2.037087770702915,12,12,18.84484807743889,4.357083359315417,5,2,0.4,0.2174084078779226,0.0434816815755845,1.071393008350957,2.2739757621355245,3,4,6.2106340376584,0.0964370461480124
grid_0120,14,14,20,20,0.3,0.4,1.0,60.0,True,,0.3,1.0,54,36,23,0.6388888888888888,9.39285103824928,0.26091252884025773,1.7096652786200655,3.072445605361276,20,26,6.044558009138408,4.761676170741569,1.5283696932731572,30,20,0.6666666666666666,9.478009586581605,0.3159336528860535,1.930010750433077,3.072445605361276,17,22,7.144194651864082,4.814165214904786,6,3,0.5,-0.0851585483323265,-0.014193091388721102,0.9720270438471783,2.0282258634285806,3,4,0.5463747955100322,-0.05007819702194105
grid_0121,14,14,20,20,0.3,0.4,1.0,60.0,True,,0.3,1.5,54,36,18,0.5,7.778197859199533,0.2160610516444315,1.4360343187676028,4.094146404773638,20,26,7.502267962564499,3.893698240048904,2.031412410292277,30,15,0.5,6.367787088931939,0.21225956963106465,1.4305889716427507,4.094146404773638,17,22,7.564114438113758,3.1761342174333462,6,3,0.5,1.4104107702675943,0.23506846171126572,1.4624376530621943,2.033856724828659,3,4,7.193035584818212,0.6954748092260488
grid_0122,14,14,20,20,0.3,0.4,1.0,60.0,True,,0.3,2.0,54,35,15,0.42857142857142855,5.401336737100559,0.15432390677430166,1.2718412895942175,5.1072328327591965,20,26,3.710741831064802,2.65024844318964,2.5276656425725075,29,12,0.41379310344827586,2.489725786832963,0.0858526133390677,1.1480261350110785,5.1072328327591965,17,22,1.8592757268439917,1.1855046054141116,6,3,0.5,2.9116109502675944,0.4852684917112658,1.9546428337444377,2.033856724828659,3,4,12.659494668132055,1.4475826784552392
grid_0123,14,14,20,20,0.3,0.4,1.0,60.0,True,,0.3,2.5,54,34,14,0.4117647058823529,5.584879575051724,0.16426116397210952,1.2810297193533675,5.1072328327591965,20,26,3.9352896100628136,2.7341034771664274,2.5276656425725075,29,12,0.41379310344827586,5.2696798347016,0.18171309774833103,1.3133077316393762,5.1072328327591965,17,22,3.559980188154731,2.5851905127682873,5,2,0.4,0.3151997403501243,0.06303994807002485,1.103228660780349,2.1743746027440736,3,4,6.112084257129692,0.14516029424302967
grid_0124,14,14,20,20,0.3,0.4,1.0,60.0,True,,0.45,1.0,54,36,23,0.6388888888888888,9.460174979346085,0.262782638315169,1.7157055828535155,3.063577392223318,20,26,7.285192257200685,4.796867506987024,1.5239807953881024,30,20,0.6666666666666666,9.538149534636442,0.31793831782121473,1.937231543432936,3.063577392223318,17,22,8.622523988446316,4.845609285827046,6,3,0.5,-0.07797455529035813,-0.012995759215059669,0.9743591602600542,2.0260305005403305,3,4,0.5985336009725263,-0.04648909875389906
grid_0125,14,14,20,20,0.3,0.4,1.0,60.0,True,,0.45,1.5,54,35,18,0.5142857142857142,8.49971825410351,0.24284909297438603,1.512670287640487,4.082984860182173,20,26,6.3599505654740325,4.272706390207648,2.0259167423482993,29,15,0.5172413793103449,7.080813386829485,0.24416597885618915,1.5231887067051755,4.082984860182173,17,22,6.08576204370838,3.548129542386702,6,3,0.5,1.4189048672740248,0.23648414454567082,1.4659249847066664,2.0303512579759477,3,4,7.685195087341353,0.6997488520778417
grid_0126,14,14,20,20,0.3,0.4,1.0,60.0,True,,0.45,2.0,54,34,15,0.4411764705882353,4.061929496028846,0.1194685145890837,1.2181829874762071,5.094874435442838,20,26,3.812017042326564,1.9764123870797068,2.5216115098190217,29,13,0.4482758620689655,4.299103665651334,0.14824495398797705,1.2761478320576767,5.094874435442838,17,22,3.8289560210397355,2.107264164323275,5,2,0.4,-0.2371741696224885,-0.047434833924497696,0.9222112784932942,2.2273244420622094,3,4,3.7137709657901707,-0.12815129101196865
grid_0127,14,14,20,20,0.3,0.4,1.0,60.0,True,,0.45,2.5,54,34,15,0.4411764705882353,7.427804346105576,0.2184648337089874,1.3991535745703867,5.094874435442838,20,26,5.623803581020332,3.686980864794931,2.5216115098190217,29,13,0.4482758620689655,7.164578455728064,0.2470544295078642,1.460450402101858,5.094874435442838,17,22,5.531121586817967,3.5634647434980016,5,2,0.4,0.26322589037751065,0.052645178075502175,1.086333201935618,2.22732444206221,3,4,6.161359147394049,0.11926611532631082
grid_0128,14,14,20,20,0.3,0.4,1.0,60.0,True,,0.6,1.0,54,36,20,0.5555555555555556,4.674618047456482,0.1298505013182356,1.312308620017648,3.0567125454986277,20,26,5.812927235590475,2.3213066014697192,1.5205832824022547,30,17,0.5666666666666667,4.749962755868804,0.15833209186229347,1.3982758506061943,3.0567125454986277,17,22,6.619727014590607,2.3675605904600605,6,3,0.5,-0.07534470841232199,-0.012557451402053665,0.9752288432629661,2.0275778404912366,3,4,1.7789283405898144,-0.045184225084160534
grid_0129,14,14,20,20,0.3,0.4,1.0,60.0,True,,0.6,1.5,54,35,16,0.45714285714285713,3.4991488968042215,0.09997568276583489,1.1967021050777864,5.085185396315982,20,26,3.556290286642871,1.7045136196226274,2.5168648414565453,29,13,0.4482758620689655,2.0732934252165434,0.07149287673160495,1.1405866050938633,5.085185396315982,17,22,2.6002080170108144,0.9942753333977095,6,3,0.5,1.4258554715876772,0.2376425785979462,1.468779959672382,2.027577840491237,3,4,8.177354589864478,0.703246083879816
grid_0130,14,14,20,20,0.3,0.4,1.0,60.0,True,,0.6,2.0,54,34,15,0.4411764705882353,6.378131710830338,0.18759210914206878,1.3586143203128054,5.085185396315982,20,26,5.3827619939045395,3.1615405296556265,2.516864841456534,29,13,0.4482758620689655,6.6611233629524165,0.2296939090673247,1.4519000841759062,5.085185396315982,17,22,5.6951689742767915,3.317470278640622,5,2,0.4,-0.2829916521220779,-0.056598330424415554,0.9070706345701807,2.2739757621355245,3,4,3.570801507745478,-0.1509229257786293
grid_0131,14,14,20,20,0.3,0.4,1.0,60.0,True,,0.6,2.5,54,34,14,0.4117647058823529,6.941259064629037,0.20415467837144222,1.375140344514073,5.085185396315982,20,26,6.182778778539003,3.436973942282129,2.516864841456534,29,12,0.41379310344827586,6.723850656751114,0.23185691919831422,1.4349792453715857,5.085185396315982,17,22,6.177976147656349,3.3373184847668824,5,2,0.4,0.2174084078779226,0.0434816815755845,1.071393008350957,2.2739757621355245,3,4,6.2106340376584,0.0964370461480124
grid_0132,14,14,20,20,0.3,0.4,1.0,60.0,True,0.01,0.3,1.0,28,24,16,0.6666666666666666,7.628041380767325,0.3178350575319718,1.9381918692264635,2.0470203491447303,16,17,7.7647351847071695,3.8568348402345354,1.0208913875289105,18,13,0.7222222222222222,7.713199929099649,0.42851110717220275,2.5164776908576054,2.0470203491447303,13,13,10.170855314439548,3.908870529141395,6,3,0.5,-0.0851585483323265,-0.014193091388721102,0.9720270438471783,2.0282258634285806,3,4,0.5463747955100322,-0.05007819702194105
grid_0133,14,14,20,20,0.3,0.4,1.0,60.0,True,0.01,0.3,1.5,28,23,13,0.5652173913043478,8.533395221763758,0.37101718355494606,1.8822782004642102,2.6035447023281133,16,17,11.246013143176471,4.31190008107456,1.3011880859600145,18,10,0.5555555555555556,6.1041776114499875,0.3391209784138882,1.7988862605135887,2.6035447023281133,13,13,11.092029941123952,3.0637492808780697,5,3,0.6,2.4292176103137715,0.4858435220627543,2.1959866317439767,1.016091221511916,3,4,11.800352670565543,1.2110473458469828
grid_0134,14,14,20,20,0.3,0.4,1.0,60.0,True,0.01,0.3,2.0,28,23,12,0.5217391304347826,8.647625989330567,0.3759837386665464,1.8083934004271984,2.1711382573936886,16,17,12.745577713656667,4.357408068337376,1.082758463040212,18,9,0.5,4.7172081990167944,0.26206712216759975,1.5443252022580138,2.1711382573936886,13,13,11.185987197855141,2.34428965318223,5,3,0.6,3.9304177903137716,0.7860835580627544,2.9350786501900905,1.016091221511916,3,4,18.360103570542158,1.9670060947972967
grid_0135,14,14,20,20,0.3,0.4,1.0,60.0,True,0.01,0.3,2.5,28,23,11,0.4782608695652174,6.739256972164036,0.29301117270278426,1.5750429728851383,2.1743746027440736,16,17,11.100175509377223,3.361314315798003,1.0861071547721757,18,9,0.5,6.424057231813912,0.3568920684341063,1.741280881508049,2.1711382573936886,13,13,12.485756412779317,3.211492210013289,5,2,0.4,0.3151997403501243,0.06303994807002485,1.103228660780349,2.1743746027440736,3,4,6.112084257129692,0.14516029424302967
grid_0136,14,14,20,20,0.3,0.4,1.0,60.0,True,0.01,0.45,1.0,28,24,17,0.7083333333333334,9.66719656985078,0.40279985707711585,2.360123393296088,2.041444006151528,16,17,10.74210326475213,4.921181382356066,1.0181174294850326,18,14,0.7777777777777778,9.745171125141137,0.5413983958411743,3.3964174766451194,2.041444006151528,13,13,14.123293152678663,4.969980980476052,6,3,0.5,-0.07797455529035813,-0.012995759215059669,0.9743591602600542,2.0260305005403305,3,4,0.5985336009725263,-0.04648909875389906
grid_0137,14,14,20,20,0.3,0.4,1.0,60.0,True,0.01,0.45,1.5,28,23,14,0.6086956521739131,10.550784911405618,0.4587297787567659,2.2263952144666677,2.59154208797297,16,17,14.5419310476386,5.369606308021746,1.2952511721239346,18,11,0.6111111111111112,8.115521179465345,0.45086228774807463,2.2344696107646467,2.59154208797297,13,13,15.003387004934508,4.105661469751354,5,3,0.6,2.435263731940272,0.4870527463880544,2.200233522677938,1.014999203681156,3,4,12.880689601373328,1.2140980811477187
grid_0138,14,14,20,20,0.3,0.4,1.0,60.0,True,0.01,0.45,2.0,28,23,12,0.5217391304347826,6.097437408664705,0.2651059742897698,1.5727807014977804,2.2273244420622103,16,17,12.175555269190278,3.04490947328917,1.1121596035418846,18,10,0.5555555555555556,6.334611578287194,0.35192286546039964,1.8338994885341693,2.09114202797297,13,13,14.526050909023642,3.177132300361185,5,2,0.4,-0.2371741696224885,-0.047434833924497696,0.9222112784932942,2.2273244420622094,3,4,3.7137709657901707,-0.12815129101196865
grid_0139,14,14,20,20,0.3,0.4,1.0,60.0,True,0.01,0.45,2.5,28,22,12,0.5454545454545454,9.399300058611606,0.42724091175507295,1.9767645607001836,2.2273244420622085,16,17,14.923034787978748,4.748201138950692,1.1121596035418957,17,10,0.5882352941176471,9.136074168234094,0.537416127543182,2.389741242925475,2.041444006151528,13,13,17.49999821168013,4.623420849182369,5,2,0.4,0.26322589037751065,0.052645178075502175,1.086333201935618,2.22732444206221,3,4,6.161359147394049,0.11926611532631082
grid_0140,14,14,20,20,0.3,0.4,1.0,60.0,True,0.01,0.6,1.0,28,22,13,0.5909090909090909,4.188324406501183,0.19037838211369013,1.4895671689654024,3.0824934593884645,15,16,8.120364769749468,2.08953061571171,1.535727620482552,17,10,0.5882352941176471,3.249172288429307,0.1911277816723122,1.4977267629916544,3.0824934593884645,12,12,8.660791162895933,1.6175982158801894,5,3,0.6,0.9391521180718756,0.18783042361437513,1.463290646517206,1.0140527628821874,3,4,6.282915033051493,0.4644199509901137
grid_0141,14,14,20,20,0.3,0.4,1.0,60.0,True,0.01,0.6,1.5,28,22,12,0.5454545454545454,5.785054530299792,0.262957024104536,1.6041783485993664,2.582093399388464,15,16,11.62095098599235,2.8951144028554365,1.2905770031546027,17,9,0.5294117647058824,3.3447022322279167,0.19674719013105393,1.4431276041866148,2.582093399388464,12,12,10.932693472407426,1.658272745719147,5,3,0.6,2.440352298071875,0.4880704596143749,2.20384373537338,1.0140527628821874,3,4,13.96102653218109,1.2166660161834653
grid_0142,14,14,20,20,0.3,0.4,1.0,60.0,True,0.01,0.6,2.0,28,21,11,0.5238095238095238,6.6611207198864015,0.3171962247564952,1.6958377206639828,2.2739757621355245,15,16,14.260808723152872,3.3380763147579096,1.1351150011338906,16,9,0.5625,6.944112372008479,0.4340070232505298,2.0638121481393656,2.037087770702915,12,12,17.601435977967682,3.4942728994310723,5,2,0.4,-0.2829916521220779,-0.056598330424415554,0.9070706345701807,2.2739757621355245,3,4,3.570801507745478,-0.1509229257786293
grid_0143,14,14,20,20,0.3,0.4,1.0,60.0,True,0.01,0.6,2.5,28,21,11,0.5238095238095238,8.84209902544733,0.4210523345451109,1.9236682970455792,2.2739757621355245,15,16,15.764469246291664,4.458198157369941,1.1351150011338906,16,9,0.5625,8.624690617569408,0.5390431635980879,2.321270475100362,2.037087770702915,12,12,18.75004274898956,4.357558810221196,5,2,0.4,0.2174084078779226,0.0434816815755845,1.071393008350957,2.2739757621355245,3,4,6.2106340376584,0.0964370461480124
grid_0144,14,14,20,20,0.3,0.5,0.5,50.0,True,,0.3,1.0,164,57,32,0.5614035087719298,5.793127819955354,0.10163382140272549,1.2266368838566335,4.320498103740071,25,33,1.796697924342063,2.8657912976528754,2.1521033205854856,46,27,0.5869565217391305,7.070079669603395,0.15369738412181286,1.3641903515650724,3.2140839550187206,20,27,2.966685855473466,3.5389719918506035,11,5,0.45454545454545453,-1.276951849648039,-0.11608653178618536,0.7923024553645518,4.177347285381424,5,6,-3.0959788785710782,-0.6501713135134146
grid_0145,14,14,20,20,0.3,0.5,0.5,50.0,True,,0.3,1.5,164,55,24,0.43636363636363634,3.26693740636868,0.05939886193397599,1.104717019996882,6.648337780058005,25,33,2.2316264595137607,1.5424979013850315,3.3050103795151275,44,19,0.4318181818181818,2.007848140448291,0.04563291228291569,1.0801252088798214,5.102452922835074,20,27,2.0891602722273532,0.9269420335157319,11,5,0.45454545454545453,1.2590892659203892,0.1144626605382172,1.2051005691773926,4.093786931274108,5,6,2.8014912086593906,0.6099024259200059
grid_0146,14,14,20,20,0.3,0.5,0.5,50.0,True,,0.3,2.0,164,53,21,0.39622641509433965,3.474387035382656,0.06555447236571048,1.107806957618122,8.911879970003952,25,33,2.2163508517901835,1.6247155687825865,4.399159726350355,42,16,0.38095238095238093,-0.2867025305377322,-0.006826250727088875,0.9890105837334933,6.905958150205807,20,27,1.1104774435281406,-0.23638560831327204,11,5,0.45454545454545453,3.761089565920388,0.34191723326548984,1.61266633873932,4.093786931274109,5,6,6.438776592427075,1.8655109765659983
grid_0147,14,14,20,20,0.3,0.5,0.5,50.0,True,,0.3,2.5,164,53,17,0.32075471698113206,-5.42160144389195,-0.10229436686588583,0.8510000671362872,13.692862584962878,25,33,0.7519857818055544,-2.802821910962938,6.661843584562721,42,14,0.3333333333333333,-3.0143881391756384,-0.07177114617084854,0.8928912905384182,8.183203623104767,20,27,0.9899585704391876,-1.5994627954597718,11,3,0.2727272727272727,-2.40721330471631,-0.21883757315602823,0.7079809852513385,7.364305931145833,5,6,-0.156637592977408,-1.222919253989252
grid_0148,14,14,20,20,0.3,0.5,0.5,50.0,True,,0.45,1.0,164,57,32,0.5614035087719298,5.955218131410819,0.10447751107738278,1.2334883829600658,5.265011943413851,25,33,2.3582491877305,2.949077064933392,2.611979003771081,46,27,0.5869565217391305,7.194669324845595,0.15640585488794773,1.3716988505607952,3.147456353778759,20,27,3.170094477225615,3.603473955545411,11,5,0.45454545454545453,-1.239451193434777,-0.11267738122134335,0.7984381988989395,4.17553154864808,5,6,-1.0367402047036185,-0.631636050054496
grid_0149,14,14,20,20,0.3,0.5,0.5,50.0,True,,0.45,1.5,164,53,24,0.4528301886792453,4.072648293457393,0.07684242063127156,1.1410496655517068,5.088805232968291,25,33,2.6596314371200958,1.959690318601326,2.5186382208621794,42,19,0.4523809523809524,2.7834066648797373,0.06627158725904139,1.1223404690118362,5.088805232968291,20,27,2.5736071216896836,1.3263367065873277,11,5,0.45454545454545453,1.289241628577655,0.11720378441615044,1.2105728637814157,4.082750510713648,5,6,2.988087914218033,0.625063169754192
grid_0150,14,14,20,20,0.3,0.5,0.5,50.0,True,,0.45,2.0,164,53,19,0.3584905660377358,-4.9305019144228455,-0.09302833800797819,0.855120183391882,10.370679510480533,25,33,0.7389275327594836,-2.5410279667208324,5.075075555464248,42,16,0.38095238095238093,-1.5027023710995995,-0.03577862788332376,0.9417998540400979,8.157425437195617,20,27,1.4363364018394893,-0.8352951482792026,11,3,0.2727272727272727,-3.4277995433232444,-0.31161814030211327,0.582591853747159,7.390476308597701,5,6,-1.923906331000539,-1.7201007364385568
grid_0151,14,14,20,20,0.3,0.5,0.5,50.0,True,,0.45,2.5,164,53,20,0.37735849056603776,0.18913783294609976,0.0035686383574735792,1.0057315631932273,11.016193767055901,25,33,2.0962393412611475,-0.0326453009590888,5.378438064955516,42,17,0.40476190476190477,2.6161372562693437,0.06228898229212723,1.1055437083284232,8.157425437195617,20,27,2.774926839398484,1.2148572535537916,11,3,0.2727272727272727,-2.4269994233232426,-0.22063631121120403,0.7044607429803437,7.390476308597701,5,6,-0.49511292435413634,-1.2325290855153104
grid_0152,14,14,20,20,0.3,0.5,0.5,50.0,True,,0.6,1.0,164,55,25,0.45454545454545453,-4.711311426030346,-0.0856602077460063,0.8389248892503643,6.677206550543797,25,33,-0.6809252313095516,-2.393330594095766,3.345725992165538,44,20,0.45454545454545453,-3.5218111207383513,-0.08004116183496252,0.8477997060926045,6.231981294377128,20,27,-0.5311768823300261,-1.797497872548337,11,5,0.45454545454545453,-1.1895003052919955,-0.10813639139018144,0.8053139878542491,4.133737688466388,5,6,-1.2799186272276541,-0.6067388392753337
grid_0153,14,14,20,20,0.3,0.5,0.5,50.0,True,,0.6,1.5,164,53,19,0.3584905660377358,-8.661298121973875,-0.16342071928252594,0.74004356059961,13.04613691645364,25,33,-2.5018734529003184,-4.319715302215432,6.378096045696724,42,14,0.3333333333333333,-9.973798116681875,-0.23747138373052093,0.6334298239641827,12.018689492101704,20,27,-3.988591043363339,-4.925113736920938,11,5,0.45454545454545453,1.3124999947080027,0.11931818133709116,1.2148174227229762,4.074190412353935,5,6,3.1746846197766714,0.6367595676426641
grid_0154,14,14,20,20,0.3,0.5,0.5,50.0,True,,0.6,2.0,164,52,17,0.3269230769230769,-7.789116687128891,-0.14979070552170942,0.7731973068945159,12.31054270529272,25,33,-2.030688334475485,-3.9186425785337042,6.053140926540024,42,14,0.3333333333333333,-5.385968178946004,-0.1282373375939525,0.8019954776484519,9.509499741937441,20,27,-2.0305592799864463,-2.738074764158538,10,3,0.3,-2.403148508182886,-0.24031485081828854,0.6635142135649909,6.370643872696336,5,6,-2.031230363329449,-1.2138026380955846
grid_0155,14,14,20,20,0.3,0.5,0.5,50.0,True,,0.6,2.5,164,52,16,0.3076923076923077,-10.305060629312155,-0.1981742428713876,0.7060798468386902,13.826500506566926,25,33,-3.3741137995366466,-5.123186217475251,6.767658898301598,42,13,0.30952380952380953,-6.901925980220211,-0.16433157095762407,0.7527861357954265,8.586184537010347,20,27,-3.0028802864946518,-3.4778056528176227,10,3,0.3,-3.4031346490919447,-0.34031346490919445,0.5234974306228826,6.370643872696336,5,6,-4.933294554313023,-1.7046655184188464
grid_0156,14,14,20,20,0.3,0.5,0.5,50.0,True,0.01,0.3,1.0,32,27,18,0.6666666666666666,8.578443282241015,0.31772012156448204,1.9367556079910204,2.0470203491447303,18,20,8.265955090285166,4.347615632924873,1.0208913875289105,21,15,0.7142857142857143,8.663601830573342,0.4125524681225401,2.4171741486583467,2.0470203491447303,15,16,10.471549460220919,4.399897219144955,6,3,0.5,-0.0851585483323265,-0.014193091388721102,0.9720270438471783,2.0282258634285806,3,4,0.5463747955100322,-0.05007819702194105
grid_0157,14,14,20,20,0.3,0.5,0.5,50.0,True,0.01,0.3,1.5,32,26,14,0.5384615384615384,7.982596943237452,0.3070229593552866,1.6816550468658173,2.6035447023281133,18,20,9.766947349739121,4.019445885307005,1.3011880859600145,21,11,0.5238095238095238,5.553379332923679,0.26444663490112763,1.5737276439164927,2.6035447023281133,15,16,9.282803225732831,2.7747944647420253,5,3,0.6,2.4292176103137715,0.4858435220627543,2.1959866317439767,1.016091221511916,3,4,11.800352670565543,1.2110473458469828
grid_0158,14,14,20,20,0.3,0.5,0.5,50.0,True,0.01,0.3,2.0,32,26,13,0.5,8.597227770804261,0.33066260656939456,1.6750383922685244,2.1711382573936886,18,20,11.496032587034136,4.323273903306846,1.082758463040212,21,10,0.47619047619047616,4.666809980490488,0.2222290466900232,1.4359561902532674,2.1711382573936886,15,16,9.86172997191318,2.310813957133284,5,3,0.6,3.9304177903137716,0.7860835580627544,2.9350786501900905,1.016091221511916,3,4,18.360103570542158,1.9670060947972967
grid_0159,14,14,20,20,0.3,0.5,0.5,50.0,True,0.01,0.3,2.5,32,26,12,0.46153846153846156,7.18925881363773,0.2765099543706819,1.5225442708514427,2.1743746027440736,18,20,10.443031831272549,3.583486693184379,1.0861071547721757,21,10,0.47619047619047616,6.874059073287606,0.32733614634702884,1.642149266349903,2.1711382573936877,15,16,11.474209825116086,3.4333425487951263,5,2,0.4,0.3151997403501243,0.06303994807002485,1.103228660780349,2.1743746027440736,3,4,6.112084257129692,0.14516029424302967
grid_0160,14,14,20,20,0.3,0.5,0.5,50.0,True,0.01,0.45,1.0,32,27,18,0.6666666666666666,8.622246799330838,0.3193424740492902,1.943255160763485,2.041444006151528,18,20,8.859080553409036,4.370447398997013,1.0181174294850326,21,15,0.7142857142857143,8.700221354621196,0.4142962549819616,2.42628479457273,2.041444006151528,15,16,11.219236825533752,4.418990846769577,6,3,0.5,-0.07797455529035813,-0.012995759215059669,0.9743591602600542,2.0260305005403305,3,4,0.5985336009725263,-0.04648909875389906
grid_0161,14,14,20,20,0.3,0.5,0.5,50.0,True,0.01,0.45,1.5,32,26,15,0.5769230769230769,10.006235200885673,0.38485520003406426,1.940749720280027,2.59154208797297,18,20,12.583044593498729,5.077479806793339,1.2952511721239346,21,12,0.5714285714285714,7.570971468945399,0.36052245090216184,1.8795829309095238,2.59154208797297,15,16,12.512176734480967,3.817039126849897,5,3,0.6,2.435263731940272,0.4870527463880544,2.200233522677938,1.014999203681156,3,4,12.880689601373328,1.2140980811477187
grid_0162,14,14,20,20,0.3,0.5,0.5,50.0,True,0.01,0.45,2.0,32,26,13,0.5,6.053287758144762,0.23281875992864468,1.477438071984862,2.2273244420622103,18,20,10.924714048997762,3.0144318250084012,1.1121596035419068,21,11,0.5238095238095238,6.290461927767251,0.2995458060841547,1.6532332259490463,2.09114202797297,15,16,12.641605259285287,3.146615544463782,5,2,0.4,-0.2371741696224885,-0.047434833924497696,0.9222112784932942,2.2273244420622094,3,4,3.7137709657901707,-0.12815129101196865
grid_0163,14,14,20,20,0.3,0.5,0.5,50.0,True,0.01,0.45,2.5,32,25,13,0.52,8.827839777541838,0.35311359110167345,1.7573480068001146,2.2273244420622103,18,20,12.81573110403136,4.4438461794195305,1.112159603541918,20,11,0.55,8.564613887164327,0.42823069435821626,1.9950407590153352,2.041444006151528,15,16,14.479324093190689,4.31942844957709,5,2,0.4,0.26322589037751065,0.052645178075502175,1.086333201935618,2.22732444206221,3,4,6.161359147394049,0.11926611532631082
grid_0164,14,14,20,20,0.3,0.5,0.5,50.0,True,0.01,0.6,1.0,32,25,14,0.56,3.148193132330119,0.12592772529320478,1.2974325916639606,3.0824934593884645,17,19,6.264052814357665,1.5561148796635171,1.535727620482552,20,11,0.55,2.2090410142582435,0.11045205071291217,1.2581431541898198,3.0824934593884645,14,15,6.259337259684207,1.0866483170917318,5,3,0.6,0.9391521180718756,0.18783042361437513,1.463290646517206,1.0140527628821874,3,4,6.282915033051493,0.4644199509901137
grid_0165,14,14,20,20,0.3,0.5,0.5,50.0,True,0.01,0.6,1.5,32,25,13,0.52,5.245323316128729,0.20981293264514914,1.452008485354397,2.582093399388464,17,19,9.830723342489268,2.612327458338104,1.2905770031546027,20,10,0.5,2.804971018056854,0.14024855090284266,1.2928756072173413,2.582093399388464,14,15,8.798147545066312,1.3788850167535616,5,3,0.6,2.440352298071875,0.4880704596143749,2.20384373537338,1.0140527628821874,3,4,13.96102653218109,1.2166660161834653
grid_0166,14,14,20,20,0.3,0.5,0.5,50.0,True,0.01,0.6,2.0,32,24,12,0.5,6.621789565715336,0.2759078985714723,1.5707351949620865,2.3217052077702967,17,19,12.572417145939871,3.3100070007962223,1.1661474613030132,19,10,0.5263157894736842,6.904781217837414,0.3634095377809165,1.806918372887959,2.0387135556482185,14,15,14.941263366517342,3.4661611584073215,5,2,0.4,-0.2829916521220779,-0.056598330424415554,0.9070706345701807,2.2739757621355245,3,4,3.570801507745478,-0.1509229257786293
grid_0167,14,14,20,20,0.3,0.5,0.5,50.0,True,0.01,0.6,2.5,32,24,12,0.5,8.17310037586061,0.3405458489941921,1.704443412187713,2.2739757621355245,17,19,13.250888744854842,4.104283508085582,1.1351150011338795,19,10,0.5263157894736842,7.955691967982688,0.4187206298938257,1.9297317055344758,2.0387135556482185,14,15,15.1035873520118,4.003985136943311,5,2,0.4,0.2174084078779226,0.0434816815755845,1.071393008350957,2.2739757621355245,3,4,6.2106340376584,0.0964370461480124
grid_0168,14,14,20,20,0.3,0.5,1.0,50.0,True,,0.3,1.0,75,44,30,0.6818181818181818,15.22632265280452,0.34605278756373903,2.065749257216158,3.072445605361276,22,29,7.858277286603727,7.851701182226778,1.5283696932731572,36,25,0.6944444444444444,13.383323478584444,0.37175898551623443,2.1932228822660407,3.072445605361276,19,25,8.40342624490692,6.873057887041734,8,5,0.625,1.842999174220076,0.23037489677750947,1.6001589777001684,2.054760407305698,3,4,5.405106974239355,0.9157062729686194
grid_0169,14,14,20,20,0.3,0.5,1.0,50.0,True,,0.3,1.5,75,44,24,0.5454545454545454,13.770314781245498,0.3129616995737613,1.6924578069292038,4.094146404773638,22,29,8.573550826378163,7.03554487388709,2.031412410292277,36,19,0.5277777777777778,9.4156552029876,0.2615459778607666,1.55962451775566,4.094146404773638,19,25,7.899258438508882,4.748650023265166,8,5,0.625,4.3546595782579,0.5443324472822375,2.422537447594415,2.0451003032678763,3,4,11.607866571789923,2.183221311314254
grid_0170,14,14,20,20,0.3,0.5,1.0,50.0,True,,0.3,2.0,75,43,20,0.46511627906976744,10.717988195817664,0.24925553943762002,1.4671826293199224,5.1072328327591965,22,29,5.59567268345152,5.391204431531094,2.5276656425725075,35,15,0.42857142857142855,3.8613283175597624,0.11032366621599318,1.1942263272463278,5.1072328327591965,19,25,2.8882458389542487,1.8681533353569924,8,5,0.625,6.856659878257901,0.8570824847822375,3.239866347059463,2.0451003032678763,3,4,17.440665128127083,3.4584420948281958
grid_0171,14,14,20,20,0.3,0.5,1.0,50.0,True,,0.3,2.5,75,42,19,0.4523809523809524,11.283746226034914,0.2686606244294027,1.4917689812534094,5.1072328327591965,22,29,5.878232411914324,5.675957134795961,2.5276656425725075,35,15,0.42857142857142855,6.022697437694484,0.17207706964841382,1.3029440408161213,5.1072328327591965,19,25,3.968381515648988,2.960994360750613,7,4,0.5714285714285714,5.26104878834043,0.7515783983343471,2.7166845815755813,2.185618181183291,3,4,15.427486893241005,2.6368847648583937
grid_0172,14,14,20,20,0.3,0.5,1.0,50.0,True,,0.45,1.0,75,44,29,0.6590909090909091,13.312314766169811,0.30255260832204106,1.8716432802179648,3.063577392223318,22,29,7.836773459713613,6.824323298353874,1.5239807953881024,36,24,0.6666666666666666,11.451981190220714,0.31811058861724195,1.9380053378079367,3.063577392223318,19,25,8.24731273438112,5.845835272943778,8,5,0.625,1.8603335759490958,0.23254169699363697,1.607198489028292,2.0487988945753344,3,4,5.989346723709828,0.9244464110343742
grid_0173,14,14,20,20,0.3,0.5,1.0,50.0,True,,0.45,1.5,75,43,23,0.5348837209302325,11.950483086175545,0.277918211306408,1.6084132488036211,4.082984860182173,22,29,7.069908578730487,6.071183384891854,2.0259167423482993,35,18,0.5142857142857142,7.579143828064518,0.21654696651612906,1.4569256974995004,4.082984860182173,19,25,5.784081605435458,3.7962581713429255,8,5,0.625,4.371339258111025,0.5464174072638781,2.430977373711831,2.0397935124134046,3,4,12.695401586896242,2.191721795783419
grid_0174,14,14,20,20,0.3,0.5,1.0,50.0,True,,0.45,2.0,75,42,20,0.47619047619047616,9.199241119954022,0.21902955047509579,1.4243227793435047,5.094874435442838,22,29,5.816084280415153,4.606242685749984,2.5216115098190217,35,16,0.45714285714285713,5.483180778739512,0.15666230796398603,1.294455507807647,5.094874435442838,19,25,4.415369008692954,2.700515419286642,7,4,0.5714285714285714,3.7160603412145106,0.5308657630306444,2.215035931010828,2.236766696499666,3,4,12.819660639026154,1.855616068413135
grid_0175,14,14,20,20,0.3,0.5,1.0,50.0,True,,0.45,2.5,75,42,20,0.47619047619047616,11.772340811762817,0.28029382885149556,1.5432143555511757,5.094874435442838,22,29,6.690235412530963,5.942863273574606,2.5216115098190217,35,16,0.45714285714285713,6.555080290548303,0.18728800830138007,1.352173077720217,5.094874435442838,19,25,4.665645556342501,3.243549564832149,7,4,0.5714285714285714,5.217260521214511,0.7453229316020732,2.7058816091904743,2.2367666964996666,3,4,16.813184693473268,2.6145107564781833
grid_0176,14,14,20,20,0.3,0.5,1.0,50.0,True,,0.6,1.0,75,43,25,0.5813953488372093,7.565135005104463,0.1759333722117317,1.4448898796828435,3.0567125454986277,22,29,6.258972870509782,3.8018721730043836,1.5205832824022547,35,20,0.5714285714285714,5.682655929572207,0.16236159798777736,1.407218455472046,3.0567125454986277,19,25,6.138077688770138,2.8396640105183835,8,5,0.625,1.8824790755322558,0.23530988444153197,1.6172665755981412,2.0356491810601094,3,4,6.787889290620725,0.9356391541571085
grid_0177,14,14,20,20,0.3,0.5,1.0,50.0,True,,0.6,1.5,75,42,20,0.47619047619047616,5.2027172720122214,0.12387422076219577,1.2469043992635187,5.085185396315982,22,29,5.680735559395286,2.5611714322392176,2.5168648414565453,34,15,0.4411764705882353,0.8182378964799675,0.024065820484704945,1.045401951410434,5.085185396315982,19,25,3.7743353140759317,0.35494903295323343,8,5,0.625,4.384479375532254,0.5480599219415317,2.4376747158001,2.0356491810601094,3,4,13.782936602002545,2.1984191318373147
grid_0178,14,14,20,20,0.3,0.5,1.0,50.0,True,,0.6,2.0,75,41,19,0.4634146341463415,8.262993954568097,0.20153643791629505,1.392202136685333,5.085185396315982,22,29,7.621121499453155,4.123612393296949,2.516864841456534,34,15,0.4411764705882353,4.586561582745597,0.13489887008075285,1.254598267481273,5.085185396315982,19,25,6.348317284312115,2.2468477872142234,7,4,0.5714285714285714,3.6764323718225,0.5252046245460714,2.2040828234829024,2.2820471027043974,3,4,13.803313401566783,1.835523193818589
grid_0179,14,14,20,20,0.3,0.5,1.0,50.0,True,,0.6,2.5,75,41,18,0.43902439024390244,6.504313053018665,0.15864178178094307,1.2985573093464142,5.085185396315982,22,29,6.2584020048619635,3.205771711192318,2.516864841456534,34,14,0.4117647058823529,3.3274667621052227,0.09786666947368307,1.1776306297593315,5.085185396315982,19,25,5.17037551907777,1.5999480657571397,7,4,0.5714285714285714,3.176846290913441,0.4538351844162059,2.040461421526979,2.282047102704397,3,4,11.543102078670907,1.5805358920024881
grid_0180,14,14,20,20,0.3,0.5,1.0,50.0,True,0.01,0.3,1.0,31,27,18,0.6666666666666666,8.58065361794037,0.31780198584964336,1.937223187762457,2.0470203491447303,18,20,8.177252986265753,4.348774749275597,1.0208913875289105,21,15,0.7142857142857143,8.665812166272698,0.4126577222034618,2.4180484234753914,2.0470203491447303,15,16,10.357503897910243,4.4010569162511,6,3,0.5,-0.0851585483323265,-0.014193091388721102,0.9720270438471783,2.0282258634285806,3,4,0.5463747955100322,-0.05007819702194105
grid_0181,14,14,20,20,0.3,0.5,1.0,50.0,True,0.01,0.3,1.5,31,26,14,0.5384615384615384,7.984807278936808,0.3071079722668003,1.6819725131329044,2.6035447023281133,18,20,9.674833626334346,4.020601356275733,1.3011880859600145,21,11,0.5238095238095238,5.5555896686230355,0.26455188898204934,1.574087091387026,2.6035447023281133,15,16,9.168757663422157,2.7759361098479873,5,3,0.6,2.4292176103137715,0.4858435220627543,2.1959866317439767,1.016091221511916,3,4,11.800352670565543,1.2110473458469828
grid_0182,14,14,20,20,0.3,0.5,1.0,50.0,True,0.01,0.3,2.0,31,26,13,0.5,8.599438106503618,0.3307476194809083,1.675329148093085,2.1711382573936886,18,20,11.403918863629361,4.324432749264284,1.0827584630401899,21,10,0.47619047619047616,4.669020316189844,0.2223343007709449,1.4362527497540618,2.1711382573936886,15,16,9.747684409602504,2.3119504482413733,5,3,0.6,3.9304177903137716,0.7860835580627544,2.9350786501900905,1.016091221511916,3,4,18.360103570542158,1.9670060947972967
grid_0183,14,14,20,20,0.3,0.5,1.0,50.0,True,0.01,0.3,2.5,31,26,12,0.46153846153846156,7.191469149337086,0.2765949672821956,1.5227889161742183,2.1743746027440736,18,20,10.350918107867773,3.584637321422157,1.0861071547721868,21,10,0.47619047619047616,6.876269408986962,0.32744140042795056,1.6424884096816874,2.1711382573936877,15,16,11.360164262805412,3.4344915091986117,5,2,0.4,0.3151997403501243,0.06303994807002485,1.103228660780349,2.1743746027440736,3,4,6.112084257129692,0.14516029424302967
grid_0184,14,14,20,20,0.3,0.5,1.0,50.0,True,0.01,0.45,1.0,31,27,18,0.6666666666666666,8.623682030802776,0.3193956307704731,1.9435603215415462,2.041444006151528,18,20,8.78663903371064,4.371200201521019,1.0181174294850326,21,15,0.7142857142857143,8.701656586093133,0.41436459933776826,2.426855802150128,2.041444006151528,15,16,11.126097728778673,4.419743999427506,6,3,0.5,-0.07797455529035813,-0.012995759215059669,0.9743591602600542,2.0260305005403305,3,4,0.5985336009725263,-0.04648909875389906
grid_0185,14,14,20,20,0.3,0.5,1.0,50.0,True,0.01,0.45,1.5,31,26,15,0.5769230769230769,10.00767043235761,0.3849104012445234,1.9410116311226604,2.59154208797297,18,20,12.50781686150424,5.07823770899638,1.2952511721239346,21,12,0.5714285714285714,7.572406700417338,0.36059079525796844,1.879896390127907,2.59154208797297,15,16,12.419037637725886,3.8177879377541357,5,3,0.6,2.435263731940272,0.4870527463880544,2.200233522677938,1.014999203681156,3,4,12.880689601373328,1.2140980811477187
grid_0186,14,14,20,20,0.3,0.5,1.0,50.0,True,0.01,0.45,2.0,31,26,13,0.5,6.0547229896167,0.23287396113910383,1.4776053373905635,2.2273244420622103,18,20,10.849486317003276,3.015174846871549,1.1121596035419068,21,11,0.5238095238095238,6.291897159239189,0.2996141504399613,1.6534796633019253,2.09114202797297,15,16,12.548466162530206,3.1473595197408555,5,2,0.4,-0.2371741696224885,-0.047434833924497696,0.9222112784932942,2.2273244420622094,3,4,3.7137709657901707,-0.12815129101196865
grid_0187,14,14,20,20,0.3,0.5,1.0,50.0,True,0.01,0.45,2.5,31,25,13,0.52,8.829275009013775,0.35317100036055105,1.7575644152651289,2.2273244420622103,18,20,12.737494262757092,4.444599511353831,1.1121596035418957,20,11,0.55,8.566049118636265,0.42830245593181326,1.9953734792600273,2.041444006151528,15,16,14.381528041597855,4.320180884111968,5,2,0.4,0.26322589037751065,0.052645178075502175,1.086333201935618,2.22732444206221,3,4,6.161359147394049,0.11926611532631082
grid_0188,14,14,20,20,0.3,0.5,1.0,50.0,True,0.01,0.6,1.0,31,25,14,0.56,3.1490997116849093,0.1259639884673964,1.2975437277289517,3.0824934593884645,17,19,6.203377404150094,1.5565775693559658,1.535727620482552,20,11,0.55,2.209947593613034,0.11049737968065172,1.2582764568230782,3.0824934593884645,14,15,6.183492996924744,1.0871088678943597,5,3,0.6,0.9391521180718756,0.18783042361437513,1.463290646517206,1.0140527628821874,3,4,6.282915033051493,0.4644199509901137
grid_0189,14,14,20,20,0.3,0.5,1.0,50.0,True,0.01,0.6,1.5,31,25,13,0.52,5.24622989548352,0.20984919581934075,1.4521219297991548,2.582093399388464,17,19,9.770047932281697,2.612794960135445,1.2905770031546027,20,10,0.5,2.8058775974116443,0.14029387987058223,1.2929980007589648,2.582093399388464,14,15,8.722303282306848,1.3793468989867108,5,3,0.6,2.440352298071875,0.4880704596143749,2.20384373537338,1.0140527628821874,3,4,13.96102653218109,1.2166660161834653
grid_0190,14,14,20,20,0.3,0.5,1.0,50.0,True,0.01,0.6,2.0,31,24,12,0.5,6.622696145070126,0.27594567271125525,1.5708579394548734,2.3217052077702967,17,19,12.509213593640318,3.3104776812217462,1.1661474613030354,19,10,0.5263157894736842,6.905687797192204,0.36345725248380023,1.8071098293612768,2.0387135556482185,14,15,14.86142730045475,3.4666325502712425,5,2,0.4,-0.2829916521220779,-0.056598330424415554,0.9070706345701807,2.2739757621355245,3,4,3.570801507745478,-0.1509229257786293
grid_0191,14,14,20,20,0.3,0.5,1.0,50.0,True,0.01,0.6,2.5,31,24,12,0.5,8.1740069552154,0.340583623133975,1.704576605257292,2.2739757621355245,17,19,13.187685192555291,4.104757807235138,1.1351150011338795,19,10,0.5263157894736842,7.956598547337478,0.41876834459670936,1.929936174996038,2.0387135556482185,14,15,15.023751285949208,4.004458979133441,5,2,0.4,0.2174084078779226,0.0434816815755845,1.071393008350957,2.2739757621355245,3,4,6.2106340376584,0.0964370461480124
grid_0192,14,14,20,20,0.3,0.5,0.5,55.0,True,,0.3,1.0,147,54,30,0.5555555555555556,4.844647933955777,0.0897157024806625,1.1974515597252604,4.32049810374007,25,33,1.368956112912248,2.38295067441614,2.1521033205854745,43,25,0.5813953488372093,6.1215997836038145,0.14236278566520497,1.332917299194245,4.115883705939322,20,27,2.5111487851521685,3.052971533047155,11,5,0.45454545454545453,-1.276951849648039,-0.11608653178618536,0.7923024553645518,4.177347285381424,5,6,-3.0959788785710782,-0.6501713135134146
grid_0193,14,14,20,20,0.3,0.5,0.5,55.0,True,,0.3,1.5,147,52,22,0.4230769230769231,1.3176574003691033,0.0253395653917135,1.043670988011611,7.109107758272684,25,33,1.4209582725572976,0.5644915900908654,3.523601996192016,41,17,0.4146341463414634,0.058568134448714115,0.0014284910841149473,1.0024369386791108,5.386657446903193,20,27,1.0505713872616138,-0.045135552996455885,11,5,0.45454545454545453,1.2590892659203892,0.1144626605382172,1.2051005691773926,4.093786931274108,5,6,2.8014912086593906,0.6099024259200059
grid_0194,14,14,20,20,0.3,0.5,0.5,55.0,True,,0.3,2.0,147,51,20,0.39215686274509803,3.9521890613291513,0.07749390316331671,1.1266627366965871,8.434077944057455,25,33,2.3322136783594996,1.8695128565596297,4.168872967098814,40,15,0.375,0.1910994954087637,0.004777487385219101,1.007624590955822,6.428156124259312,20,27,1.2029088769909162,0.003928591684587701,11,5,0.45454545454545453,3.761089565920388,0.34191723326548984,1.61266633873932,4.093786931274109,5,6,6.438776592427075,1.8655109765659983
grid_0195,14,14,20,20,0.3,0.5,0.5,55.0,True,,0.3,2.5,147,50,15,0.3,-7.385756633522513,-0.1477151326704503,0.7908659841418839,13.169755032504774,25,33,-0.41778749079523503,-3.7435763934742905,6.415699688733978,40,13,0.325,-2.5365861132291414,-0.06341465283072854,0.9064606971697489,8.183203623104767,20,27,1.0763640602475155,-1.3624320250546718,10,2,0.2,-4.849170520293374,-0.4849170520293374,0.4084962750641078,7.319000404634229,5,6,-6.394393694966237,-2.4140339399127186
grid_0196,14,14,20,20,0.3,0.5,0.5,55.0,True,,0.45,1.0,147,54,29,0.5370370370370371,2.998121345294931,0.055520765653609826,1.1175484238165314,5.265011943413852,25,33,1.4018401068669348,1.441806701447157,2.6119790037710255,43,24,0.5581395348837209,4.237572538729707,0.09854819857510949,1.2189260924577139,3.147456353778759,20,27,2.0256629772687043,2.0866226121485365,11,5,0.45454545454545453,-1.239451193434777,-0.11267738122134335,0.7984381988989395,4.17553154864808,5,6,-1.0367402047036185,-0.631636050054496
grid_0197,14,14,20,20,0.3,0.5,0.5,55.0,True,,0.45,1.5,147,51,22,0.43137254901960786,2.115980585939389,0.04148981541057625,1.0732836062569215,5.088805232968291,25,33,2.1747929279789404,0.9700858049770611,2.5186382208621794,40,17,0.425,0.8267389573617336,0.020668473934043346,1.0363380720001119,5.088805232968291,20,27,1.95113680676319,0.3428794222377851,11,5,0.45454545454545453,1.289241628577655,0.11720378441615044,1.2105728637814157,4.082750510713648,5,6,2.988087914218033,0.625063169754192
grid_0198,14,14,20,20,0.3,0.5,0.5,55.0,True,,0.45,2.0,147,50,16,0.32,-9.337472103307041,-0.18674944206614083,0.7253136505422542,11.975624153772191,25,33,-1.108993787455524,-4.655344168637199,5.895694859828293,40,14,0.35,-3.9597701386176043,-0.09899425346544008,0.8466368294431,8.157425437195617,20,27,0.5892725020700881,-2.041064516365354,10,2,0.2,-5.377701964689436,-0.5377701964689436,0.3420685826316673,7.352022533728086,5,6,-7.902058945557973,-2.668750573252787
grid_0199,14,14,20,20,0.3,0.5,0.5,55.0,True,,0.45,2.5,147,49,16,0.32653061224489793,-6.890941430721667,-0.1406314577698299,0.790935829979234,10.977739992186287,24,32,-0.6875880296824898,-3.4911239546363104,5.360149042696227,39,14,0.358974358974359,-2.0136395260322324,-0.05163178271877516,0.9187630609575898,8.157425437195617,19,26,1.0305693029348897,-1.089976084112354,10,2,0.2,-4.877301904689435,-0.48773019046894356,0.40328969954903315,7.352022533728086,5,6,-7.3884016268902695,-2.427608219532762
grid_0200,14,14,20,20,0.3,0.5,0.5,55.0,True,,0.6,1.0,147,52,22,0.4230769230769231,-7.67374220659866,-0.14757196551151266,0.7376422902203472,9.63963733111211,25,33,-1.9925954833027861,-3.824935582415856,4.76336211943309,41,17,0.4146341463414634,-6.484241901306663,-0.15815224149528445,0.7197738636992499,6.484241901306663,20,27,-2.183801469079041,-3.237841988036305,11,5,0.45454545454545453,-1.1895003052919955,-0.10813639139018144,0.8053139878542491,4.133737688466388,5,6,-1.2799186272276541,-0.6067388392753337
grid_0201,14,14,20,20,0.3,0.5,0.5,55.0,True,,0.6,1.5,147,51,17,0.3333333333333333,-10.565865276526438,-0.20717382895149877,0.6828807093590635,14.950704071006204,25,33,-3.248643932577146,-5.223735291108844,7.262667750727514,40,12,0.3,-11.878365271234438,-0.296959131780861,0.5634306612632,13.271740514291125,20,27,-5.015059284474446,-5.823413714759374,11,5,0.45454545454545453,1.3124999947080027,0.11931818133709116,1.2148174227229762,4.074190412353935,5,6,3.1746846197766714,0.6367595676426641
grid_0202,14,14,20,20,0.3,0.5,0.5,55.0,True,,0.6,2.0,147,50,15,0.3,-10.194083901681454,-0.20388167803362908,0.7031697205839592,14.715509919845283,25,33,-2.9279676628710307,-5.062237935045866,7.171330705271317,40,12,0.3,-7.790935393498566,-0.1947733848374642,0.7135815901602045,10.262150704126862,20,27,-3.1521519877564264,-3.8957216693456753,10,3,0.3,-2.403148508182886,-0.24031485081828854,0.6635142135649909,6.370643872696336,5,6,-2.031230363329449,-1.2138026380955846
grid_0203,14,14,20,20,0.3,0.5,0.5,55.0,True,,0.6,2.5,147,50,14,0.28,-13.210427903864723,-0.2642085580772944,0.6232131830660049,16.731867781119494,25,33,-4.479550990396813,-6.484123784603357,8.105007723773793,40,11,0.275,-9.807293254772777,-0.24518233136931938,0.6487214047429598,10.361223908423156,20,27,-4.36611509941776,-4.862344984522227,10,3,0.3,-3.4031346490919447,-0.34031346490919445,0.5234974306228826,6.370643872696336,5,6,-4.933294554313023,-1.7046655184188464
grid_0204,14,14,20,20,0.3,0.5,0.5,55.0,True,0.01,0.3,1.0,32,27,18,0.6666666666666666,8.578443282241015,0.31772012156448204,1.9367556079910204,2.0470203491447303,18,20,8.265955090285166,4.347615632924873,1.0208913875289105,21,15,0.7142857142857143,8.663601830573342,0.4125524681225401,2.4171741486583467,2.0470203491447303,15,16,10.471549460220919,4.399897219144955,6,3,0.5,-0.0851585483323265,-0.014193091388721102,0.9720270438471783,2.0282258634285806,3,4,0.5463747955100322,-0.05007819702194105
grid_0205,14,14,20,20,0.3,0.5,0.5,55.0,True,0.01,0.3,1.5,32,26,14,0.5384615384615384,7.982596943237452,0.3070229593552866,1.6816550468658173,2.6035447023281133,18,20,9.766947349739121,4.019445885307005,1.3011880859600145,21,11,0.5238095238095238,5.553379332923679,0.26444663490112763,1.5737276439164927,2.6035447023281133,15,16,9.282803225732831,2.7747944647420253,5,3,0.6,2.4292176103137715,0.4858435220627543,2.1959866317439767,1.016091221511916,3,4,11.800352670565543,1.2110473458469828
grid_0206,14,14,20,20,0.3,0.5,0.5,55.0,True,0.01,0.3,2.0,32,26,13,0.5,8.597227770804261,0.33066260656939456,1.6750383922685244,2.1711382573936886,18,20,11.496032587034136,4.323273903306846,1.082758463040212,21,10,0.47619047619047616,4.666809980490488,0.2222290466900232,1.4359561902532674,2.1711382573936886,15,16,9.86172997191318,2.310813957133284,5,3,0.6,3.9304177903137716,0.7860835580627544,2.9350786501900905,1.016091221511916,3,4,18.360103570542158,1.9670060947972967
grid_0207,14,14,20,20,0.3,0.5,0.5,55.0,True,0.01,0.3,2.5,32,26,12,0.46153846153846156,7.18925881363773,0.2765099543706819,1.5225442708514427,2.1743746027440736,18,20,10.443031831272549,3.583486693184379,1.0861071547721757,21,10,0.47619047619047616,6.874059073287606,0.32733614634702884,1.642149266349903,2.1711382573936877,15,16,11.474209825116086,3.4333425487951263,5,2,0.4,0.3151997403501243,0.06303994807002485,1.103228660780349,2.1743746027440736,3,4,6.112084257129692,0.14516029424302967
grid_0208,14,14,20,20,0.3,0.5,0.5,55.0,True,0.01,0.45,1.0,32,27,18,0.6666666666666666,8.622246799330838,0.3193424740492902,1.943255160763485,2.041444006151528,18,20,8.859080553409036,4.370447398997013,1.0181174294850326,21,15,0.7142857142857143,8.700221354621196,0.4142962549819616,2.42628479457273,2.041444006151528,15,16,11.219236825533752,4.418990846769577,6,3,0.5,-0.07797455529035813,-0.012995759215059669,0.9743591602600542,2.0260305005403305,3,4,0.5985336009725263,-0.04648909875389906
grid_0209,14,14,20,20,0.3,0.5,0.5,55.0,True,0.01,0.45,1.5,32,26,15,0.5769230769230769,10.006235200885673,0.38485520003406426,1.940749720280027,2.59154208797297,18,20,12.583044593498729,5.077479806793339,1.2952511721239346,21,12,0.5714285714285714,7.570971468945399,0.36052245090216184,1.8795829309095238,2.59154208797297,15,16,12.512176734480967,3.817039126849897,5,3,0.6,2.435263731940272,0.4870527463880544,2.200233522677938,1.014999203681156,3,4,12.880689601373328,1.2140980811477187
grid_0210,14,14,20,20,0.3,0.5,0.5,55.0,True,0.01,0.45,2.0,32,26,13,0.5,6.053287758144762,0.23281875992864468,1.477438071984862,2.2273244420622103,18,20,10.924714048997762,3.0144318250084012,1.1121596035419068,21,11,0.5238095238095238,6.290461927767251,0.2995458060841547,1.6532332259490463,2.09114202797297,15,16,12.641605259285287,3.146615544463782,5,2,0.4,-0.2371741696224885,-0.047434833924497696,0.9222112784932942,2.2273244420622094,3,4,3.7137709657901707,-0.12815129101196865
grid_0211,14,14,20,20,0.3,0.5,0.5,55.0,True,0.01,0.45,2.5,32,25,13,0.52,8.827839777541838,0.35311359110167345,1.7573480068001146,2.2273244420622103,18,20,12.81573110403136,4.4438461794195305,1.112159603541918,20,11,0.55,8.564613887164327,0.42823069435821626,1.9950407590153352,2.041444006151528,15,16,14.479324093190689,4.31942844957709,5,2,0.4,0.26322589037751065,0.052645178075502175,1.086333201935618,2.22732444206221,3,4,6.161359147394049,0.11926611532631082
grid_0212,14,14,20,20,0.3,0.5,0.5,55.0,True,0.01,0.6,1.0,32,25,14,0.56,3.148193132330119,0.12592772529320478,1.2974325916639606,3.0824934593884645,17,19,6.264052814357665,1.5561148796635171,1.535727620482552,20,11,0.55,2.2090410142582435,0.11045205071291217,1.2581431541898198,3.0824934593884645,14,15,6.259337259684207,1.0866483170917318,5,3,0.6,0.9391521180718756,0.18783042361437513,1.463290646517206,1.0140527628821874,3,4,6.282915033051493,0.4644199509901137
grid_0213,14,14,20,20,0.3,0.5,0.5,55.0,True,0.01,0.6,1.5,32,25,13,0.52,5.245323316128729,0.20981293264514914,1.452008485354397,2.582093399388464,17,19,9.830723342489268,2.612327458338104,1.2905770031546027,20,10,0.5,2.804971018056854,0.14024855090284266,1.2928756072173413,2.582093399388464,14,15,8.798147545066312,1.3788850167535616,5,3,0.6,2.440352298071875,0.4880704596143749,2.20384373537338,1.0140527628821874,3,4,13.96102653218109,1.2166660161834653
grid_0214,14,14,20,20,0.3,0.5,0.5,55.0,True,0.01,0.6,2.0,32,24,12,0.5,6.621789565715336,0.2759078985714723,1.5707351949620865,2.3217052077702967,17,19,12.572417145939871,3.3100070007962223,1.1661474613030132,19,10,0.5263157894736842,6.904781217837414,0.3634095377809165,1.806918372887959,2.0387135556482185,14,15,14.941263366517342,3.4661611584073215,5,2,0.4,-0.2829916521220779,-0.056598330424415554,0.9070706345701807,2.2739757621355245,3,4,3.570801507745478,-0.1509229257786293
grid_0215,14,14,20,20,0.3,0.5,0.5,55.0,True,0.01,0.6,2.5,32,24,12,0.5,8.17310037586061,0.3405458489941921,1.704443412187713,2.2739757621355245,17,19,13.250888744854842,4.104283508085582,1.1351150011338795,19,10,0.5263157894736842,7.955691967982688,0.4187206298938257,1.9297317055344758,2.0387135556482185,14,15,15.1035873520118,4.003985136943311,5,2,0.4,0.2174084078779226,0.0434816815755845,1.071393008350957,2.2739757621355245,3,4,6.2106340376584,0.0964370461480124
grid_0216,14,14,20,20,0.3,0.5,1.0,55.0,True,,0.3,1.0,70,40,26,0.65,11.30705102286579,0.2826762755716447,1.7928968780026004,3.072445605361276,21,28,6.388732315220481,5.763975880293937,1.5283696932731572,33,22,0.6666666666666666,10.423579866857263,0.3158660565714322,1.9293397138733164,3.072445605361276,18,24,7.389082073859225,5.306949910780134,7,4,0.5714285714285714,0.8834711560085268,0.12621016514407524,1.2902033958219548,2.0282258634285806,3,4,1.6727977387806896,0.4339941190026231
grid_0217,14,14,20,20,0.3,0.5,1.0,55.0,True,,0.3,1.5,70,41,21,0.5121951219512195,10.166816767465498,0.24797114066989023,1.5112513224344355,4.094146404773638,21,28,7.446250286273396,5.130605619525808,2.031412410292277,33,16,0.48484848484848486,5.812157189207598,0.1761259754305333,1.3454486803104615,4.094146404773638,18,24,6.437373610996663,2.8844112275850042,8,5,0.625,4.3546595782579,0.5443324472822375,2.422537447594415,2.0451003032678763,3,4,11.607866571789923,2.183221311314254
grid_0218,14,14,20,20,0.3,0.5,1.0,55.0,True,,0.3,2.0,70,40,17,0.425,6.2887554653665205,0.157218886634163,1.274118356895226,5.1072328327591965,21,28,3.793096102905057,3.092622888875507,2.5276656425725075,32,12,0.375,-0.5679044128913793,-0.0177470129028556,0.9714341855259327,5.1072328327591965,18,24,0.3812038465995501,-0.3535904838170567,8,5,0.625,6.856659878257901,0.8570824847822375,3.239866347059463,2.0451003032678763,3,4,17.440665128127083,3.4584420948281958
grid_0219,14,14,20,20,0.3,0.5,1.0,55.0,True,,0.3,2.5,70,39,16,0.41025641025641024,7.473098423317689,0.19161790829019712,1.3256930743410387,5.1072328327591965,21,28,4.401167338806575,3.6887086714838313,2.5276656425725075,32,12,0.375,2.2120496349772583,0.0691265510930393,1.1112669633230599,5.1072328327591965,18,24,1.989159936274043,1.0248010829977616,7,4,0.5714285714285714,5.26104878834043,0.7515783983343471,2.7166845815755813,2.185618181183291,3,4,15.427486893241005,2.6368847648583937
grid_0220,14,14,20,20,0.3,0.5,1.0,55.0,True,,0.45,1.0,70,40,25,0.625,9.383947452459337,0.23459868631148337,1.615345037259415,3.063577392223318,21,28,6.144205460256208,4.751724617703346,1.5239807953881024,33,21,0.6363636363636364,8.488401558711043,0.2572242896579104,1.6952653728009415,3.063577392223318,18,24,7.035875588819973,4.292789583525747,7,4,0.5714285714285714,0.8955458937482917,0.1279351276783274,1.294487716612934,2.0260305005403305,3,4,1.9406177113127403,0.44004483532396055
grid_0221,14,14,20,20,0.3,0.5,1.0,55.0,True,,0.45,1.5,70,40,20,0.5,8.40080442901511,0.21002011072537777,1.427694903910084,4.082984860182173,21,28,5.646379878891119,4.21136808480278,2.0259167423482993,32,15,0.46875,4.029465170904085,0.12592078659075268,1.2429253521944932,4.082984860182173,18,24,3.8841244518898375,1.976330620062705,8,5,0.625,4.371339258111025,0.5464174072638781,2.430977373711831,2.0397935124134046,3,4,12.695401586896242,2.191721795783419
grid_0222,14,14,20,20,0.3,0.5,1.0,55.0,True,,0.45,2.0,70,39,17,0.4358974358974359,4.963815790940447,0.12727732797283198,1.228960202814159,5.094874435442838,21,28,3.84926596527595,2.423292360533136,2.5216115098190217,32,13,0.40625,1.2477554497259358,0.03899235780393549,1.0670064474243488,5.094874435442838,18,24,1.8869921303930934,0.5573343071615611,7,4,0.5714285714285714,3.7160603412145106,0.5308657630306444,2.215035931010828,2.236766696499666,3,4,12.819660639026154,1.855616068413135
grid_0223,14,14,20,20,0.3,0.5,1.0,55.0,True,,0.45,2.5,70,39,17,0.4358974358974359,8.30278007046735,0.21289179667865005,1.3831174612916,5.094874435442838,21,28,5.275632108701417,4.126826406678896,2.5216115098190217,32,13,0.40625,3.0855195492528393,0.09642248591415122,1.165770191647092,5.094874435442838,18,24,2.7517924807825738,1.473783424051689,7,4,0.5714285714285714,5.217260521214511,0.7453229316020732,2.7058816091904743,2.2367666964996666,3,4,16.813184693473268,2.6145107564781833
grid_0224,14,14,20,20,0.3,0.5,1.0,55.0,True,,0.6,1.0,70,40,22,0.55,4.598361914698575,0.11495904786746436,1.2704201151186418,3.0567125454986277,21,28,4.959518544947323,2.2771918982598116,1.5205832824022547,32,17,0.53125,2.715882839166319,0.08487133872394746,1.1946198447900045,3.0567125454986277,18,24,4.502425858528973,1.3291170049993806,8,5,0.625,1.8824790755322558,0.23530988444153197,1.6172665755981412,2.0356491810601094,3,4,6.787889290620725,0.9356391541571085
grid_0225,14,14,20,20,0.3,0.5,1.0,55.0,True,,0.6,1.5,70,39,17,0.4358974358974359,1.6980220718908015,0.04353902748437953,1.0805827220040813,5.33048341407715,21,28,3.9545928373974197,0.7855081733819658,2.6606329939648954,31,12,0.3870967741935484,-2.6864573036414523,-0.086659913020692,0.8509352787363602,5.33048341407715,18,24,1.4182460594348067,-1.3825174307566135,8,5,0.625,4.384479375532254,0.5480599219415317,2.4376747158001,2.0356491810601094,3,4,13.782936602002545,2.1984191318373147
grid_0226,14,14,20,20,0.3,0.5,1.0,55.0,True,,0.6,2.0,70,38,16,0.42105263157894735,5.07740494591692,0.13361591962939265,1.2409984903237636,5.085185396315982,21,28,6.242782799753531,2.4832664022837125,2.516864841456534,31,12,0.3870967741935484,1.4009725740944203,0.045192663680465185,1.077767448167501,5.085185396315982,18,24,4.535566212247313,0.6360680322055279,7,4,0.5714285714285714,3.6764323718225,0.5252046245460714,2.2040828234829024,2.2820471027043974,3,4,13.803313401566783,1.835523193818589
grid_0227,14,14,20,20,0.3,0.5,1.0,55.0,True,,0.6,2.5,70,38,15,0.39473684210526316,3.318724044367489,0.08733484327282866,1.1523341993340497,5.085185396315982,21,28,4.772480187168298,1.5798852289176102,2.516864841456534,31,11,0.3548387096774194,0.14187775345404718,0.00457670172432411,1.007573880220801,5.085185396315982,18,24,3.2436300826354505,-0.0006405391339781019,7,4,0.5714285714285714,3.176846290913441,0.4538351844162059,2.040461421526979,2.282047102704397,3,4,11.543102078670907,1.5805358920024881
grid_0228,14,14,20,20,0.3,0.5,1.0,55.0,True,0.01,0.3,1.0,31,27,18,0.6666666666666666,8.58065361794037,0.31780198584964336,1.937223187762457,2.0470203491447303,18,20,8.177252986265753,4.348774749275597,1.0208913875289105,21,15,0.7142857142857143,8.665812166272698,0.4126577222034618,2.4180484234753914,2.0470203491447303,15,16,10.357503897910243,4.4010569162511,6,3,0.5,-0.0851585483323265,-0.014193091388721102,0.9720270438471783,2.0282258634285806,3,4,0.5463747955100322,-0.05007819702194105
grid_0229,14,14,20,20,0.3,0.5,1.0,55.0,True,0.01,0.3,1.5,31,26,14,0.5384615384615384,7.984807278936808,0.3071079722668003,1.6819725131329044,2.6035447023281133,18,20,9.674833626334346,4.020601356275733,1.3011880859600145,21,11,0.5238095238095238,5.5555896686230355,0.26455188898204934,1.574087091387026,2.6035447023281133,15,16,9.168757663422157,2.7759361098479873,5,3,0.6,2.4292176103137715,0.4858435220627543,2.1959866317439767,1.016091221511916,3,4,11.800352670565543,1.2110473458469828
grid_0230,14,14,20,20,0.3,0.5,1.0,55.0,True,0.01,0.3,2.0,31,26,13,0.5,8.599438106503618,0.3307476194809083,1.675329148093085,2.1711382573936886,18,20,11.403918863629361,4.324432749264284,1.0827584630401899,21,10,0.47619047619047616,4.669020316189844,0.2223343007709449,1.4362527497540618,2.1711382573936886,15,16,9.747684409602504,2.3119504482413733,5,3,0.6,3.9304177903137716,0.7860835580627544,2.9350786501900905,1.016091221511916,3,4,18.360103570542158,1.9670060947972967
grid_0231,14,14,20,20,0.3,0.5,1.0,55.0,True,0.01,0.3,2.5,31,26,12,0.46153846153846156,7.191469149337086,0.2765949672821956,1.5227889161742183,2.1743746027440736,18,20,10.350918107867773,3.584637321422157,1.0861071547721868,21,10,0.47619047619047616,6.876269408986962,0.32744140042795056,1.6424884096816874,2.1711382573936877,15,16,11.360164262805412,3.4344915091986117,5,2,0.4,0.3151997403501243,0.06303994807002485,1.103228660780349,2.1743746027440736,3,4,6.112084257129692,0.14516029424302967
grid_0232,14,14,20,20,0.3,0.5,1.0,55.0,True,0.01,0.45,1.0,31,27,18,0.6666666666666666,8.623682030802776,0.3193956307704731,1.9435603215415462,2.041444006151528,18,20,8.78663903371064,4.371200201521019,1.0181174294850326,21,15,0.7142857142857143,8.701656586093133,0.41436459933776826,2.426855802150128,2.041444006151528,15,16,11.126097728778673,4.419743999427506,6,3,0.5,-0.07797455529035813,-0.012995759215059669,0.9743591602600542,2.0260305005403305,3,4,0.5985336009725263,-0.04648909875389906
grid_0233,14,14,20,20,0.3,0.5,1.0,55.0,True,0.01,0.45,1.5,31,26,15,0.5769230769230769,10.00767043235761,0.3849104012445234,1.9410116311226604,2.59154208797297,18,20,12.50781686150424,5.07823770899638,1.2952511721239346,21,12,0.5714285714285714,7.572406700417338,0.36059079525796844,1.879896390127907,2.59154208797297,15,16,12.419037637725886,3.8177879377541357,5,3,0.6,2.435263731940272,0.4870527463880544,2.200233522677938,1.014999203681156,3,4,12.880689601373328,1.2140980811477187
grid_0234,14,14,20,20,0.3,0.5,1.0,55.0,True,0.01,0.45,2.0,31,26,13,0.5,6.0547229896167,0.23287396113910383,1.4776053373905635,2.2273244420622103,18,20,10.849486317003276,3.015174846871549,1.1121596035419068,21,11,0.5238095238095238,6.291897159239189,0.2996141504399613,1.6534796633019253,2.09114202797297,15,16,12.548466162530206,3.1473595197408555,5,2,0.4,-0.2371741696224885,-0.047434833924497696,0.9222112784932942,2.2273244420622094,3,4,3.7137709657901707,-0.12815129101196865
grid_0235,14,14,20,20,0.3,0.5,1.0,55.0,True,0.01,0.45,2.5,31,25,13,0.52,8.829275009013775,0.35317100036055105,1.7575644152651289,2.2273244420622103,18,20,12.737494262757092,4.444599511353831,1.1121596035418957,20,11,0.55,8.566049118636265,0.42830245593181326,1.9953734792600273,2.041444006151528,15,16,14.381528041597855,4.320180884111968,5,2,0.4,0.26322589037751065,0.052645178075502175,1.086333201935618,2.22732444206221,3,4,6.161359147394049,0.11926611532631082
grid_0236,14,14,20,20,0.3,0.5,1.0,55.0,True,0.01,0.6,1.0,31,25,14,0.56,3.1490997116849093,0.1259639884673964,1.2975437277289517,3.0824934593884645,17,19,6.203377404150094,1.5565775693559658,1.535727620482552,20,11,0.55,2.209947593613034,0.11049737968065172,1.2582764568230782,3.0824934593884645,14,15,6.183492996924744,1.0871088678943597,5,3,0.6,0.9391521180718756,0.18783042361437513,1.463290646517206,1.0140527628821874,3,4,6.282915033051493,0.4644199509901137
grid_0237,14,14,20,20,0.3,0.5,1.0,55.0,True,0.01,0.6,1.5,31,25,13,0.52,5.24622989548352,0.20984919581934075,1.4521219297991548,2.582093399388464,17,19,9.770047932281697,2.612794960135445,1.2905770031546027,20,10,0.5,2.8058775974116443,0.14029387987058223,1.2929980007589648,2.582093399388464,14,15,8.722303282306848,1.3793468989867108,5,3,0.6,2.440352298071875,0.4880704596143749,2.20384373537338,1.0140527628821874,3,4,13.96102653218109,1.2166660161834653
grid_0238,14,14,20,20,0.3,0.5,1.0,55.0,True,0.01,0.6,2.0,31,24,12,0.5,6.622696145070126,0.27594567271125525,1.5708579394548734,2.3217052077702967,17,19,12.509213593640318,3.3104776812217462,1.1661474613030354,19,10,0.5263157894736842,6.905687797192204,0.36345725248380023,1.8071098293612768,2.0387135556482185,14,15,14.86142730045475,3.4666325502712425,5,2,0.4,-0.2829916521220779,-0.056598330424415554,0.9070706345701807,2.2739757621355245,3,4,3.570801507745478,-0.1509229257786293
grid_0239,14,14,20,20,0.3,0.5,1.0,55.0,True,0.01,0.6,2.5,31,24,12,0.5,8.1740069552154,0.340583623133975,1.704576605257292,2.2739757621355245,17,19,13.187685192555291,4.104757807235138,1.1351150011338795,19,10,0.5263157894736842,7.956598547337478,0.41876834459670936,1.929936174996038,2.0387135556482185,14,15,15.023751285949208,4.004458979133441,5,2,0.4,0.2174084078779226,0.0434816815755845,1.071393008350957,2.2739757621355245,3,4,6.2106340376584,0.0964370461480124
grid_0240,14,14,20,20,0.3,0.5,0.5,60.0,True,,0.3,1.0,112,49,30,0.6122448979591837,10.016472567911864,0.2044178075084053,1.5168658604246286,3.186158934288938,24,31,3.9190559679005754,5.0719849875059175,1.5917442545224536,39,25,0.6410256410256411,10.226971484240849,0.26223003805745765,1.7152943325981689,3.186158934288938,19,25,5.680534582434843,5.195665393959037,10,5,0.5,-0.21049891632898665,-0.021049891632898665,0.9585768940351277,3.110894352062372,5,6,-2.9507106287830682,-0.11757177065232494
grid_0241,14,14,20,20,0.3,0.5,0.5,60.0,True,,0.3,1.5,112,48,23,0.4791666666666667,7.923031946515189,0.16506316555239983,1.316170360153787,5.119832841066355,24,31,5.272257458998203,3.9452156684443906,2.5338381333922855,38,19,0.5,8.139161724244248,0.21418846642748027,1.429921655395297,5.119832841066355,19,25,6.820254176433252,4.077083358673916,10,4,0.4,-0.2161297777290596,-0.02161297777290596,0.9647287293682937,4.093786931274108,5,6,-0.610130067254983,-0.1267019462633301
grid_0242,14,14,20,20,0.3,0.5,0.5,60.0,True,,0.3,2.0,112,47,21,0.44680851063829785,11.052781820115566,0.23516557064075677,1.4238837720918034,5.296955317970058,24,31,4.316169709508597,5.553009083660121,2.6426200517622234,37,17,0.4594594594594595,9.267311357844626,0.2504678745363413,1.4645877648392929,5.119832841066355,19,25,4.823218704043818,4.643447273875534,10,4,0.4,1.785470462270939,0.17854704622709391,1.2913796171049727,4.093786931274109,5,6,2.44008842972828,0.8692009232112108
grid_0243,14,14,20,20,0.3,0.5,0.5,60.0,True,,0.3,2.5,112,46,17,0.3695652173913043,3.7270847615601914,0.08102358177304766,1.1277979473118767,9.497203053770535,24,31,2.8561272326332796,1.7487453758414429,4.666431969880913,37,15,0.40540540540540543,7.540425869206722,0.20379529376234387,1.3427205132643767,8.200583541336048,19,25,5.055280384259257,3.725748431607867,9,2,0.2222222222222222,-3.8133411076465307,-0.42370456751628116,0.46757475636720897,6.283170991987387,5,6,-6.184835724051295,-1.9059906394119586
grid_0244,14,14,20,20,0.3,0.5,0.5,60.0,True,,0.45,1.0,112,49,29,0.5918367346938775,8.14382894849783,0.16620059078566998,1.3996888473549443,4.181441741117082,24,31,4.539821821505585,4.0924545746355845,2.0814739169711993,39,25,0.6410256410256411,10.330380684282908,0.26488155600725394,1.7240934054030486,3.1606081526502363,19,25,6.942440895172465,5.249969633834173,10,4,0.4,-2.1865517357850766,-0.2186551735785076,0.6420641480261162,4.135076014762572,5,6,-4.83039256579525,-1.0997770956377662
grid_0245,14,14,20,20,0.3,0.5,0.5,60.0,True,,0.45,1.5,112,47,23,0.48936170212765956,8.705210793078422,0.18521725091656221,1.3663439850385983,5.101957031839767,24,31,4.359431336173986,4.356072665155275,2.5250813591899512,37,19,0.5135135135135135,8.894483046299118,0.24039143368376,1.5039568721983159,5.101957031839767,19,25,5.739098712293778,4.474438988800911,10,4,0.4,-0.18927225322069563,-0.018927225322069564,0.9690382623449653,4.082750510713648,5,6,-0.7453379554692422,-0.1132969219948099
grid_0246,14,14,20,20,0.3,0.5,0.5,60.0,True,,0.45,2.0,112,46,18,0.391304347826087,0.7614224802025746,0.016552662613099456,1.0273294849667676,8.258760692627424,24,31,2.2752027400132677,0.28074356298635195,4.064713298471679,37,16,0.43243243243243246,5.1087740703197815,0.13807497487350762,1.2465917111272997,8.170577236067093,19,25,4.70043550118081,2.4995801883830104,9,2,0.2222222222222222,-4.347351590117206,-0.4830390655685785,0.39140858628512265,6.321672159155856,5,6,-7.695198611453299,-2.164727525048038
grid_0247,14,14,20,20,0.3,0.5,0.5,60.0,True,,0.45,2.5,112,45,17,0.37777777777777777,0.7049554395828588,0.015665676435174598,1.0253101711291863,8.904274949202792,23,30,2.2019030338840477,0.243598966184555,4.371304738947812,36,15,0.4166666666666667,4.551906969700064,0.12644186026944618,1.2197995728178672,8.170577236067093,18,24,4.533495856699577,2.2083880467428596,9,2,0.2222222222222222,-3.846951530117205,-0.4274390589019117,0.46146024270755615,6.321672159155856,5,6,-7.124468257378074,-1.922336432563354
grid_0248,14,14,20,20,0.3,0.5,0.5,60.0,True,,0.6,1.0,112,47,22,0.46808510638297873,-2.5722556971040773,-0.0547288446192357,0.8935370478139232,6.242335226570576,24,31,1.405133563975851,-1.333826208309019,3.0901850360384064,37,18,0.4864864864864865,-0.40205199562439375,-0.010866270152010658,0.9777370875954101,6.242335226570576,19,25,3.032297765932234,-0.24480147429805088,10,4,0.4,-2.1702037014796836,-0.2170203701479684,0.6443320015525421,4.125666347897516,5,6,-4.615373983262765,-1.0916972249124024
grid_0249,14,14,20,20,0.3,0.5,0.5,60.0,True,,0.6,1.5,112,46,19,0.41304347826086957,-0.24692365363195345,-0.00536790551373813,0.9904936152810795,8.14737380896067,24,31,1.3181864004688386,-0.201360768838299,4.001819105151483,36,15,0.4166666666666667,-0.07832019215226804,-0.002175560893118572,0.9960589129506904,8.14737380896067,19,25,1.92894535717782,-0.09848333326446523,10,4,0.4,-0.1686034614796854,-0.016860346147968542,0.9723680981490785,4.074190412353935,5,6,-0.8805458436834946,-0.10297885258040429
grid_0250,14,14,20,20,0.3,0.5,0.5,60.0,True,,0.6,2.0,112,45,17,0.37777777777777777,1.1308589803941658,0.02513019956431475,1.041892698449143,8.14737380896067,24,31,2.2873702706106753,0.4684874910753978,4.00181910515145,36,15,0.4166666666666667,5.510309865583605,0.15306416293287786,1.277380195469978,8.14737380896067,19,25,5.0396121102215465,2.707837881925368,9,2,0.2222222222222222,-4.37945088518944,-0.4866056539099377,0.38565317806229243,6.35737139294633,5,6,-8.721597087832812,-2.1803111009155662
grid_0251,14,14,20,20,0.3,0.5,0.5,60.0,True,,0.6,2.5,112,45,16,0.35555555555555557,0.5542676590594935,0.012317059090210905,1.0200011518085985,9.925343588443432,24,31,1.9920094472005994,0.16851299710716194,4.858402661966698,36,14,0.3888888888888889,4.433318484248933,0.12314773567358141,1.2153857338258434,8.14737380896067,19,25,4.5060370066769595,2.148105420974189,9,2,0.2222222222222222,-3.87905082518944,-0.43100564724327106,0.45584900731524225,6.35737139294633,5,6,-8.064100790704842,-1.937962936961668
grid_0252,14,14,20,20,0.3,0.5,0.5,60.0,True,0.01,0.3,1.0,31,26,17,0.6538461538461539,7.588419644483917,0.29186229401861213,1.828646226813139,2.0470203491447303,17,19,7.594434185042383,3.8336269077612117,1.0208913875289105,20,14,0.7,7.673578192816242,0.3836789096408121,2.255228120501925,2.0470203491447303,14,15,9.708852001902088,3.885650968730836,6,3,0.5,-0.0851585483323265,-0.014193091388721102,0.9720270438471783,2.0282258634285806,3,4,0.5463747955100322,-0.05007819702194105
grid_0253,14,14,20,20,0.3,0.5,0.5,60.0,True,0.01,0.3,1.5,31,25,14,0.56,8.99417354548035,0.3597669418192141,1.840652846989729,2.6035447023281133,17,19,11.209047108792586,4.54823864540399,1.3011880859600145,20,11,0.55,6.56495593516658,0.32824779675832905,1.7573877385796406,2.6035447023281133,14,15,11.061220718349347,3.2972599208004327,5,3,0.6,2.4292176103137715,0.4858435220627543,2.1959866317439767,1.016091221511916,3,4,11.800352670565543,1.2110473458469828
grid_0254,14,14,20,20,0.3,0.5,0.5,60.0,True,0.01,0.3,2.0,31,25,13,0.52,9.608804373047162,0.3843521749218864,1.8195608723212753,2.1711382573936886,17,19,13.0072957555794,4.853611202070307,1.082758463040212,20,10,0.5,5.678386582733388,0.2839193291366694,1.5858118557382934,2.1711382573936886,14,15,11.669093801838713,2.8309207240912126,5,3,0.6,3.9304177903137716,0.7860835580627544,2.9350786501900905,1.016091221511916,3,4,18.360103570542158,1.9670060947972967
grid_0255,14,14,20,20,0.3,0.5,0.5,60.0,True,0.01,0.3,2.5,31,25,12,0.48,8.20083541588063,0.32803341663522523,1.6433741072869223,2.1743746027440736,17,19,11.912174969587351,4.110063213206971,1.086107154772209,20,10,0.5,7.885635675530505,0.3942817837765253,1.8135231375062428,2.1711382573936877,14,15,13.362197647701766,3.959155796759828,5,2,0.4,0.3151997403501243,0.06303994807002485,1.103228660780349,2.1743746027440736,3,4,6.112084257129692,0.14516029424302967
grid_0256,14,14,20,20,0.3,0.5,0.5,60.0,True,0.01,0.45,1.0,31,26,18,0.6923076923076923,9.632802563230069,0.3704924062780795,2.184789337445655,2.041444006151528,17,19,10.315460006083889,4.900486354604405,1.0181174294850326,20,15,0.75,9.710777118520426,0.4855388559260213,2.9080535528541116,2.041444006151528,14,15,13.2305379276173,4.94927632731772,6,3,0.5,-0.07797455529035813,-0.012995759215059669,0.9743591602600542,2.0260305005403305,3,4,0.5985336009725263,-0.04648909875389906
grid_0257,14,14,20,20,0.3,0.5,0.5,60.0,True,0.01,0.45,1.5,31,25,15,0.6,11.0167909647849,0.440671638591396,2.1444955994803907,2.59154208797297,17,19,14.246637785884163,5.611109383389201,1.2952511721239346,20,12,0.6,8.581527232844628,0.4290763616422315,2.1296090309173747,2.59154208797297,14,15,14.588124832011871,4.344267632278109,5,3,0.6,2.435263731940272,0.4870527463880544,2.200233522677938,1.014999203681156,3,4,12.880689601373328,1.2140980811477187
grid_0258,14,14,20,20,0.3,0.5,0.5,60.0,True,0.01,0.45,2.0,31,25,13,0.52,7.063843522043994,0.28255374088175966,1.605396316623969,2.2273244420622085,17,19,12.52197401960316,3.5375843381741046,1.1121596035418957,20,11,0.55,7.301017691666481,0.365050884583324,1.8470666056871086,2.09114202797297,14,15,14.724024783056407,3.670439344591969,5,2,0.4,-0.2371741696224885,-0.047434833924497696,0.9222112784932942,2.2273244420622094,3,4,3.7137709657901707,-0.12815129101196865
grid_0259,14,14,20,20,0.3,0.5,0.5,60.0,True,0.01,0.45,2.5,31,24,13,0.5416666666666666,9.838395541441065,0.4099331475600445,1.9241664088121417,2.2273244420622103,17,19,14.55833595070505,4.974257886259537,1.1121596035418957,19,11,0.5789473684210527,9.575169651063554,0.5039562974243977,2.2604307724702823,2.041444006151528,14,15,16.768066688418468,4.849208308559527,5,2,0.4,0.26322589037751065,0.052645178075502175,1.086333201935618,2.22732444206221,3,4,6.161359147394049,0.11926611532631082
grid_0260,14,14,20,20,0.3,0.5,0.5,60.0,True,0.01,0.6,1.0,31,24,14,0.5833333333333334,4.1579047269718945,0.17324603029049565,1.4342527966897258,3.0824934593884645,16,18,7.847056006859103,2.0714284033661823,1.535727620482552,19,11,0.5789473684210527,3.2187526089000187,0.16940803204736948,1.426453931924819,3.0824934593884645,13,14,8.258672052597948,1.59957968518607,5,3,0.6,0.9391521180718756,0.18783042361437513,1.463290646517206,1.0140527628821874,3,4,6.282915033051493,0.4644199509901137
grid_0261,14,14,20,20,0.3,0.5,0.5,60.0,True,0.01,0.6,1.5,31,24,13,0.5416666666666666,6.255034910770506,0.2606264546154377,1.590389031429045,2.582093399388464,16,18,11.56233780699619,3.1330003897567904,1.2905770031546027,19,10,0.5263157894736842,3.814682612698631,0.2007727690894016,1.445243394290349,2.582093399388464,13,14,10.931103931947533,1.8932992450738428,5,3,0.6,2.440352298071875,0.4880704596143749,2.20384373537338,1.0140527628821874,3,4,13.96102653218109,1.2166660161834653
grid_0262,14,14,20,20,0.3,0.5,0.5,60.0,True,0.01,0.6,2.0,31,23,12,0.5217391304347826,7.631501160357111,0.3318043982763962,1.7204628119210699,2.3217052077702967,16,18,14.498523274271033,3.8342200804754256,1.1661474613030465,18,10,0.5555555555555556,7.914492812479189,0.43969404513773275,2.0486571425388673,2.0387135556482185,13,14,17.534001542750353,3.9911665916468886,5,2,0.4,-0.2829916521220779,-0.056598330424415554,0.9070706345701807,2.2739757621355245,3,4,3.570801507745478,-0.1509229257786293
grid_0263,14,14,20,20,0.3,0.5,0.5,60.0,True,0.01,0.6,2.5,31,23,12,0.5217391304347826,9.182811970502385,0.399252694369669,1.8669165337977909,2.2739757621355245,16,18,15.206493638356221,4.632526885952637,1.1351150011338795,18,10,0.5555555555555556,8.965403562624463,0.49807797570135914,2.1879010701564483,2.0387135556482185,13,14,17.70534352743895,4.53171958329881,5,2,0.4,0.2174084078779226,0.0434816815755845,1.071393008350957,2.2739757621355245,3,4,6.2106340376584,0.0964370461480124
grid_0264,14,14,20,20,0.3,0.5,1.0,60.0,True,,0.3,1.0,61,39,25,0.6410256410256411,10.324069342006082,0.2647197267181046,1.7239661635031913,3.072445605361276,20,27,6.019028494794694,5.246698110607806,1.5283696932731572,32,21,0.65625,9.440598185997553,0.29501869331242353,1.8416995820086859,3.072445605361276,17,23,6.969766472672757,4.791907395321449,7,4,0.5714285714285714,0.8834711560085268,0.12621016514407524,1.2902033958219548,2.0282258634285806,3,4,1.6727977387806896,0.4339941190026231
grid_0265,14,14,20,20,0.3,0.5,1.0,60.0,True,,0.3,1.5,61,39,20,0.5128205128205128,9.710216282956338,0.24897990469118822,1.5147670172603716,4.094146404773638,20,27,7.744655906875914,4.8950981305598384,2.031412410292277,32,16,0.5,6.830775748347888,0.21346174213587152,1.431961925964667,4.094146404773638,17,23,7.690510992551387,3.411048186921306,7,4,0.5714285714285714,2.8794405346084515,0.41134864780120733,1.944094976461253,2.033856724828659,3,4,7.9921755152166085,1.4350980573719863
grid_0266,14,14,20,20,0.3,0.5,1.0,60.0,True,,0.3,2.0,61,38,17,0.4473684210526316,8.334155280857365,0.21931987581203588,1.398872715510948,5.1072328327591965,20,27,4.648889698708815,4.155109823354608,2.5276656425725075,31,13,0.41935483870967744,3.453114506248913,0.11139079052415847,1.1935133191412524,5.1072328327591965,17,23,2.6954240563010745,1.6677551702027005,7,4,0.5714285714285714,4.881040774608451,0.6972915392297787,2.600368550704244,2.033856724828659,3,4,13.299951829371663,2.4465521531264134
grid_0267,14,14,20,20,0.3,0.5,1.0,60.0,True,,0.3,2.5,61,37,16,0.43243243243243246,9.51849823880853,0.2572567091569873,1.4554798388946435,5.1072328327591965,20,27,5.281178431179209,4.757341614867117,2.5276656425725075,31,13,0.41935483870967744,6.73346861411755,0.21720866497153385,1.37734510642301,5.1072328327591965,17,23,4.6240260055474405,3.3294649665867926,6,3,0.5,2.7850296246909805,0.46417160411516334,1.9121037919355455,2.1743746027440736,3,4,8.676465963610015,1.3818678425771669
grid_0268,14,14,20,20,0.3,0.5,1.0,60.0,True,,0.45,1.0,61,39,25,0.6410256410256411,10.400736653235965,0.2666855552111785,1.7304226824989575,3.063577392223318,20,27,7.197323189868,5.286965258804988,1.5239807953881024,32,21,0.65625,9.505190759487672,0.2970372112339896,1.8488058303631176,3.063577392223318,17,23,8.347227513301963,4.8256852447923215,7,4,0.5714285714285714,0.8955458937482917,0.1279351276783274,1.294487716612934,2.0260305005403305,3,4,1.9406177113127403,0.44004483532396055
grid_0269,14,14,20,20,0.3,0.5,1.0,60.0,True,,0.45,1.5,61,38,20,0.5263157894736842,10.441080047993387,0.27476526442087856,1.5932203698566372,4.082984860182173,20,27,6.775620391346888,5.282664446452312,2.0259167423482993,31,16,0.5161290322580645,7.54825467168071,0.24349208618324872,1.5185905458358064,4.082984860182173,17,23,6.330087380229117,3.7862064463454193,7,4,0.5714285714285714,2.8928253763126746,0.41326076804466777,1.9499154244265755,2.0303512579759477,3,4,8.74869515486845,1.4418659775184528
grid_0270,14,14,20,20,0.3,0.5,1.0,60.0,True,,0.45,2.0,61,37,17,0.4594594594594595,7.004091409918723,0.1892997678356411,1.35665200708538,5.094874435442838,20,27,4.890013687909653,3.47620863929039,2.5216115098190217,31,14,0.45161290322580644,5.266945010502561,0.16990145195169545,1.3174867890149327,5.094874435442838,17,23,4.583722028290266,2.5961959907840004,6,3,0.5,1.737146399416161,0.28952439990269346,1.569751746978384,2.2273244420622094,3,4,6.472520595943151,0.8577439348583793
grid_0271,14,14,20,20,0.3,0.5,1.0,60.0,True,,0.45,2.5,61,37,17,0.4594594594594595,10.343055689445627,0.2795420456606926,1.5268935172844422,5.094874435442838,20,27,6.371609192908335,5.197256507586268,2.5216115098190217,31,14,0.45161290322580644,7.605109170029466,0.24532610225901494,1.4586556513940743,5.094874435442838,17,23,5.791609757008164,3.787713309084073,6,3,0.5,2.7379465194161616,0.4563244199026936,1.8979955938630324,2.22732444206221,3,4,9.36827294505922,1.358102181425358
grid_0272,14,14,20,20,0.3,0.5,1.0,60.0,True,,0.6,1.0,61,38,21,0.5526315789473685,4.6329543878354205,0.12191985231145841,1.2898000309935196,3.0567125454986277,20,27,5.393605655594951,2.2974447443123713,1.5205832824022547,31,17,0.5483870967741935,3.7311787084908516,0.12036060349970487,1.2882310172615097,3.0567125454986277,17,23,5.894468887766639,1.8461084019672835,7,4,0.5714285714285714,0.9017756793445679,0.12882509704922399,1.296477711114697,2.0275778404912366,3,4,3.1754970559774764,0.44315521665660995
grid_0273,14,14,20,20,0.3,0.5,1.0,60.0,True,,0.6,1.5,61,37,17,0.4594594594594595,3.9578852971831564,0.10696987289684208,1.2104378208374844,5.085185396315982,20,27,3.407547598324412,1.9339641023567555,2.5168648414565453,30,13,0.43333333333333335,1.054509377838591,0.03515031259461972,1.0668840519862468,5.085185396315982,17,23,1.9847585858787071,0.4798185504669039,7,4,0.5714285714285714,2.9033759193445654,0.41476798847779506,1.9545458663272515,2.027577840491237,3,4,9.50521479452029,1.4472016101019447
grid_0274,14,14,20,20,0.3,0.5,1.0,60.0,True,,0.6,2.0,61,36,16,0.4444444444444444,7.337268171209276,0.20381300475581324,1.3901914970494524,5.085185396315982,20,27,5.2927909881224675,3.6510735507171876,2.516864841456534,30,13,0.43333333333333335,5.642339315574464,0.18807797718581548,1.3580382404858764,5.085185396315982,17,23,4.976554177902485,2.791179325963977,6,3,0.5,1.6949288556348123,0.2824881426058021,1.5565841317993594,2.2739757621355245,3,4,6.873975039222382,0.8365447603498888
grid_0275,14,14,20,20,0.3,0.5,1.0,60.0,True,,0.6,2.5,61,36,15,0.4166666666666667,8.400795585007975,0.23335543291688815,1.4303271059523028,5.085185396315982,20,27,6.212736470114788,4.185295015659429,2.516864841456534,30,12,0.4,5.705066609373161,0.19016888697910533,1.346251621345118,5.085185396315982,17,23,5.443267778836057,2.8109264269114087,6,3,0.5,2.695728975634813,0.44928816260580207,1.8852288793609122,2.2739757621355245,3,4,10.060079926508438,1.3367923396012449
grid_0276,14,14,20,20,0.3,0.5,1.0,60.0,True,0.01,0.3,1.0,30,26,17,0.6538461538461539,7.590629980183273,0.2919473069301258,1.8290877063582316,2.0470203491447303,17,19,7.502320461637608,3.834780314611752,1.0208913875289105,20,14,0.7,7.675788528515598,0.3837894264257799,2.256043820584412,2.0470203491447303,14,15,9.58910416147588,3.8868049534761084,6,3,0.5,-0.0851585483323265,-0.014193091388721102,0.9720270438471783,2.0282258634285806,3,4,0.5463747955100322,-0.05007819702194105
grid_0277,14,14,20,20,0.3,0.5,1.0,60.0,True,0.01,0.3,1.5,30,25,14,0.56,8.996383881179707,0.35985535524718837,1.8410331898612324,2.6035447023281133,17,19,11.113248836451621,4.549399990319425,1.3011880859600145,20,11,0.55,6.567166270865936,0.32835831354329686,1.757835991414709,2.6035447023281133,14,15,10.94147287792314,3.298407369568057,5,3,0.6,2.4292176103137715,0.4858435220627543,2.1959866317439767,1.016091221511916,3,4,11.800352670565543,1.2110473458469828
grid_0278,14,14,20,20,0.3,0.5,1.0,60.0,True,0.01,0.3,2.0,30,25,13,0.52,9.611014708746518,0.38444058834986067,1.8199039706282476,2.1711382573936886,17,19,12.911497483238437,4.854775939131484,1.082758463040212,20,10,0.5,5.6805969184327445,0.2840298459216372,1.5861735504363934,2.1711382573936886,14,15,11.549345961412504,2.832062992660056,5,3,0.6,3.9304177903137716,0.7860835580627544,2.9350786501900905,1.016091221511916,3,4,18.360103570542158,1.9670060947972967
grid_0279,14,14,20,20,0.3,0.5,1.0,60.0,True,0.01,0.3,2.5,30,25,12,0.48,8.203045751579985,0.3281218300631995,1.6436591273792578,2.1743746027440736,17,19,11.816376697246385,4.111219690772949,1.0861071547721868,20,10,0.5,7.887846011229861,0.39439230056149316,1.8139367689855033,2.1711382573936877,14,15,13.242449807275557,3.9603105980128728,5,2,0.4,0.3151997403501243,0.06303994807002485,1.103228660780349,2.1743746027440736,3,4,6.112084257129692,0.14516029424302967
grid_0280,14,14,20,20,0.3,0.5,1.0,60.0,True,0.01,0.45,1.0,30,26,18,0.6923076923076923,9.634237794702006,0.3705476074885387,2.185175079213197,2.041444006151528,17,19,10.2402322740894,4.901242980190168,1.0181174294850326,20,15,0.75,9.712212349992363,0.48561061749961815,2.908873873068202,2.041444006151528,14,15,13.132741876024465,4.950033304815471,6,3,0.5,-0.07797455529035813,-0.012995759215059669,0.9743591602600542,2.0260305005403305,3,4,0.5985336009725263,-0.04648909875389906
grid_0281,14,14,20,20,0.3,0.5,1.0,60.0,True,0.01,0.45,1.5,30,25,15,0.6,11.01822619625684,0.4407290478502736,2.1448153939030234,2.59154208797297,17,19,14.168400944609896,5.611871134552415,1.2952511721239346,20,12,0.6,8.58296246431657,0.4291481232158284,2.1300114397046954,2.59154208797297,14,15,14.490328780419038,4.345020245972875,5,3,0.6,2.435263731940272,0.4870527463880544,2.200233522677938,1.014999203681156,3,4,12.880689601373328,1.2140980811477187
grid_0282,14,14,20,20,0.3,0.5,1.0,60.0,True,0.01,0.45,2.0,30,25,13,0.52,7.065278753515932,0.2826111501406372,1.6055938117302637,2.2273244420622085,17,19,12.443737178328893,3.5383311334285628,1.1121596035418957,20,11,0.55,7.302452923138419,0.3651226461569209,1.8473742231517716,2.09114202797297,14,15,14.626228731463573,3.671187098102191,5,2,0.4,-0.2371741696224885,-0.047434833924497696,0.9222112784932942,2.2273244420622094,3,4,3.7137709657901707,-0.12815129101196865
grid_0283,14,14,20,20,0.3,0.5,1.0,60.0,True,0.01,0.45,2.5,30,24,13,0.5416666666666666,9.839830772913006,0.4099929488713752,1.924425856038644,2.2273244420622103,17,19,14.476839241044354,4.975015043944175,1.1121596035419068,19,11,0.5789473684210527,9.576604882535495,0.5040318359229208,2.2608579100061994,2.041444006151528,14,15,16.665123476215484,4.8499645642873235,5,2,0.4,0.26322589037751065,0.052645178075502175,1.086333201935618,2.22732444206221,3,4,6.161359147394049,0.11926611532631082
grid_0284,14,14,20,20,0.3,0.5,1.0,60.0,True,0.01,0.6,1.0,30,24,14,0.5833333333333334,4.158811306326687,0.1732838044302786,1.434388609502209,3.0824934593884645,16,18,7.78385245455955,2.0718934408271883,1.535727620482552,19,11,0.5789473684210527,3.219659188254811,0.1694557467502532,1.4266252883003037,3.0824934593884645,13,14,8.178835986535354,1.600042572904159,5,3,0.6,0.9391521180718756,0.18783042361437513,1.463290646517206,1.0140527628821874,3,4,6.282915033051493,0.4644199509901137
grid_0285,14,14,20,20,0.3,0.5,1.0,60.0,True,0.01,0.6,1.5,30,24,13,0.5416666666666666,6.255941490125297,0.26066422875522066,1.5905251304191377,2.582093399388464,16,18,11.499134254696637,3.1334702637401346,1.2905770031546027,19,10,0.5263157894736842,3.8155891920534213,0.20082048379228531,1.4453963380810584,2.582093399388464,13,14,10.851267865884937,1.8937634709783824,5,3,0.6,2.440352298071875,0.4880704596143749,2.20384373537338,1.0140527628821874,3,4,13.96102653218109,1.2166660161834653
grid_0286,14,14,20,20,0.3,0.5,1.0,60.0,True,0.01,0.6,2.0,30,23,12,0.5217391304347826,7.632407739711903,0.33184381477008273,1.7206100736449845,2.3217052077702967,16,18,14.432571741436718,3.8346931492158953,1.1661474613030465,18,10,0.5555555555555556,7.915399391833981,0.4397444106574434,2.048903257326005,2.0387135556482185,13,14,17.449730139684284,3.991640375435712,5,2,0.4,-0.2829916521220779,-0.056598330424415554,0.9070706345701807,2.2739757621355245,3,4,3.570801507745478,-0.1509229257786293
grid_0287,14,14,20,20,0.3,0.5,1.0,60.0,True,0.01,0.6,2.5,30,23,12,0.5217391304347826,9.183718549857177,0.39929211086335553,1.8670763311181786,2.2739757621355245,16,18,15.140542105521906,4.633003591779206,1.1351150011338795,18,10,0.5555555555555556,8.966310141979255,0.49812834122106975,2.1881639129694204,2.0387135556482185,13,14,17.621072124372876,4.532195829847274,5,2,0.4,0.2174084078779226,0.0434816815755845,1.071393008350957,2.2739757621355245,3,4,6.2106340376584,0.0964370461480124
grid_0288,14,14,20,20,0.3,0.6,0.5,50.0,True,,0.3,1.0,176,57,30,0.5263157894736842,1.7893518814436238,0.031392138270940735,1.0647853010949253,6.338496877145926,25,33,1.0723363340854486,0.8267057646049958,3.134577175767217,46,26,0.5652173913043478,5.0843025044975185,0.11052831531516341,1.248828998371344,5.160614624811968,20,27,2.5137180292578627,2.515886484480445,11,4,0.36363636363636365,-3.2949506230538956,-0.2995409657321723,0.5415275724906402,6.1953460587872815,5,6,-4.955259845726466,-1.6477258089469204
grid_0289,14,14,20,20,0.3,0.6,0.5,50.0,True,,0.3,1.5,176,55,19,0.34545454545454546,-9.309527510380121,-0.1692641365523659,0.7439767418680905,12.37701912646709,25,33,-1.6356257951686708,-4.639463646900788,6.046775719993036,44,16,0.36363636363636365,-5.514176827326234,-0.12532220062105082,0.8040093825378769,8.013075678458083,20,27,-1.028413817246065,-2.7943171502360586,11,3,0.2727272727272727,-3.795350683053889,-0.3450318802776262,0.5386790024278788,6.735280067913626,5,6,-4.0644737068590935,-1.8981878863157498
grid_0290,14,14,20,20,0.3,0.6,0.5,50.0,True,,0.3,2.0,176,54,17,0.3148148148148148,-9.620778534759388,-0.17816256545850723,0.7426728045035204,15.100262819056926,25,33,-2.004184502050847,-4.8038370642964345,7.319353174060916,43,14,0.32558139534883723,-7.3266280317055,-0.1703866984117558,0.7487456233335809,10.953247922619266,20,27,-2.0347206849617336,-3.681322142013521,11,3,0.2727272727272727,-2.2941505030538902,-0.2085591366412628,0.7211483504344262,6.234880007913627,5,6,-1.8848157870355615,-1.165417702200977
grid_0291,14,14,20,20,0.3,0.6,0.5,50.0,True,,0.3,2.5,176,54,16,0.2962962962962963,-9.955642476854399,-0.1843637495713778,0.7408629001849513,19.255444923588897,25,33,-2.106985801766269,-4.976599644999336,9.218658853309147,43,14,0.32558139534883723,-4.046273923836861,-0.09409939357760146,0.86123984619449,10.876246486230501,20,27,-0.8439997928131855,-2.107026676462742,11,2,0.18181818181818182,-5.909368553017538,-0.5372153230015944,0.3617177196631994,8.379198437358394,5,6,-7.044112927673776,-2.9313370215578782
grid_0292,14,14,20,20,0.3,0.6,0.5,50.0,True,,0.45,1.0,176,57,31,0.543859649122807,3.9539560114414676,0.06936764932353447,1.1490317648875905,7.278234103487543,25,33,1.922977484210579,1.9239375215742482,3.587509521400334,46,27,0.5869565217391305,7.2066293649499364,0.15666585575978118,1.3724329041571375,5.14148079886423,20,27,3.1465944360240248,3.6096705451945876,11,4,0.36363636363636365,-3.2526733535084698,-0.29569757759167903,0.5470331615701299,6.188753708721773,5,6,-3.1939661324638307,-1.627003555507922
grid_0293,14,14,20,20,0.3,0.6,0.5,50.0,True,,0.45,1.5,176,54,22,0.4074074074074074,-2.1599798591635038,-0.039999627021546386,0.9327743232760952,7.126009323292383,25,33,0.08988735568595384,-1.1675816164337438,3.5090568605487538,43,18,0.4186046511627907,-0.908906745655031,-0.021137366178024,0.963570084317923,7.126009323292383,20,27,0.06499912221091211,-0.5273436936629183,11,4,0.36363636363636365,-1.251073113508473,-0.11373391940986113,0.8257757323651064,5.6883536487217725,5,6,0.18717772290657153,-0.6436320759336756
grid_0294,14,14,20,20,0.3,0.6,0.5,50.0,True,,0.45,2.0,176,54,20,0.37037037037037035,-3.110526941904408,-0.05760235077600757,0.9089934497810874,12.231139252850273,25,33,-0.25685836343184587,-1.6551778157584351,5.973477584351139,43,17,0.3953488372093023,0.31258401316682205,0.007269395655042366,1.0120355446540867,7.126009323292385,20,27,0.39586509922377455,0.06370164898670261,11,3,0.2727272727272727,-3.4231109550712295,-0.3111919050064755,0.5829246665556559,7.385787720345686,5,6,-2.8084137174492714,-1.7177852072420174
grid_0295,14,14,20,20,0.3,0.6,0.5,50.0,True,,0.45,2.5,176,54,19,0.35185185185185186,-4.497297437088657,-0.08328328587201213,0.8722053975061299,11.875853389425643,25,33,-0.7324600018152899,-2.343228285326826,5.808986810221494,43,16,0.37209302325581395,-2.074986602017428,-0.04825550237249828,0.9231036190257361,8.1466505074799,20,27,-0.5669073646324209,-1.1268892311025902,11,3,0.2727272727272727,-2.4223108350712286,-0.22021007591556627,0.7048631749004589,7.385787720345686,5,6,-1.3796203108028686,-1.230202068858921
grid_0296,14,14,20,20,0.3,0.6,0.5,50.0,True,,0.6,1.0,176,54,22,0.4074074074074074,-8.99493681060056,-0.1665729039000104,0.7057681526257933,10.96083193511401,25,33,-2.457165768328452,-4.459576215833605,5.391810257784968,43,18,0.4186046511627907,-5.7736082276339165,-0.13426995878218415,0.7533989433046271,8.2274220544046,20,27,-2.1493577049714707,-2.8946774767733996,11,4,0.36363636363636365,-3.2213285829666427,-0.2928480529969676,0.5499786115313499,6.1655659661410365,5,6,-3.6604154705421057,-1.6115478517523152
grid_0297,14,14,20,20,0.3,0.6,0.5,50.0,True,,0.6,1.5,176,52,19,0.36538461538461536,-6.9359560773051525,-0.13338377071740684,0.7804440390454424,10.379542027897374,25,33,-1.7671331011901086,-3.4883972179148626,5.126871803796429,41,15,0.36585365853658536,-5.71622773433851,-0.13942018864240271,0.7660415977250112,8.127954591564288,20,27,-2.2567640130341604,-2.8784422260333176,11,4,0.36363636363636365,-1.2197283429666455,-0.11088439481514953,0.8296032744505346,5.665165906141036,5,6,0.05785484295590202,-0.6280325458752345
grid_0298,14,14,20,20,0.3,0.6,0.5,50.0,True,,0.6,2.0,176,52,18,0.34615384615384615,-4.748350407151161,-0.09131443090675313,0.8543759163946065,9.466818650753794,25,33,-0.9710193539162832,-2.4463613385575234,4.636377628718735,41,15,0.36585365853658536,-1.3056781739905656,-0.031845809121721115,0.9465444157071348,8.127954591564288,20,27,-0.31341841133865983,-0.7317443438749849,11,3,0.2727272727272727,-3.4426722331605966,-0.31297020301459977,0.5792087647617584,7.410167597674047,5,6,-3.422077412614698,-1.7272560934506132
grid_0299,14,14,20,20,0.3,0.6,0.5,50.0,True,,0.6,2.5,176,52,17,0.3269230769230769,-7.264294349334429,-0.13969796825643133,0.7820134800598694,12.016006798872947,25,33,-2.3144448189774445,-3.669362533157705,5.850348528811078,41,14,0.34146341463414637,-2.8216359752647726,-0.0688203896406042,0.8877768636159873,8.127954591564288,20,27,-1.3094545643470656,-1.4867344882105282,11,3,0.2727272727272727,-4.442658374069655,-0.4038780340063324,0.45698237347154347,7.410167597674047,5,6,-6.060317586236129,-2.2155676533593183
grid_0300,14,14,20,20,0.3,0.6,0.5,50.0,True,0.01,0.3,1.0,33,28,19,0.6785714285714286,9.564024998933565,0.3415723213904844,2.0443799367729643,2.0470203491447303,19,21,8.618422835412058,4.8618311436662065,1.0208913875289105,22,16,0.7272727272727273,9.64918354726589,0.43859925214844947,2.578393576513166,2.0470203491447303,16,17,10.819890482658066,4.914370368763787,6,3,0.5,-0.0851585483323265,-0.014193091388721102,0.9720270438471783,2.0282258634285806,3,4,0.5463747955100322,-0.05007819702194105
grid_0301,14,14,20,20,0.3,0.6,0.5,50.0,True,0.01,0.3,1.5,33,27,14,0.5185185185185185,6.9665784199299985,0.25802142296037034,1.5474016922591176,2.6035447023281133,19,21,8.71279744960663,3.4910174662887483,1.3011880859600145,22,11,0.5,4.537360809616226,0.20624367316437395,1.4242312949221907,2.6035447023281133,16,17,8.01108035393415,2.2526889902155567,5,3,0.6,2.4292176103137715,0.4858435220627543,2.1959866317439767,1.016091221511916,3,4,11.800352670565543,1.2110473458469828
grid_0302,14,14,20,20,0.3,0.6,0.5,50.0,True,0.01,0.3,2.0,33,27,13,0.48148148148148145,7.5812092474968065,0.28078552768506687,1.5512833777251587,2.207826813043736,19,21,10.377842492927755,3.793302009817645,1.1083675386557967,22,10,0.45454545454545453,3.650791457183034,0.16594506623559246,1.311480067863012,2.207826813043736,16,17,8.563692248015391,1.791065546557724,5,3,0.6,3.9304177903137716,0.7860835580627544,2.9350786501900905,1.016091221511916,3,4,18.360103570542158,1.9670060947972967
grid_0303,14,14,20,20,0.3,0.6,0.5,50.0,True,0.01,0.3,2.5,33,27,12,0.4444444444444444,6.173240290330277,0.22863852927149175,1.4178392309410173,2.319695702683573,19,21,9.363841765157337,3.0572729872391458,1.1631350730361034,22,10,0.45454545454545453,5.858040549980153,0.2662745704536433,1.4997992598185856,2.319695702683573,16,17,10.102877562436348,2.907891589009215,5,2,0.4,0.3151997403501243,0.06303994807002485,1.103228660780349,2.1743746027440736,3,4,6.112084257129692,0.14516029424302967
grid_0304,14,14,20,20,0.3,0.6,0.5,50.0,True,0.01,0.45,1.0,33,28,19,0.6785714285714286,9.609190829532494,0.3431853867690176,2.051224704148009,2.041444006151528,19,21,9.255027651838168,4.885486348946588,1.0181174294850326,22,16,0.7272727272727273,9.687165384822851,0.4403256993101296,2.588081053080942,2.041444006151528,16,17,11.615889665710615,4.934269345049103,6,3,0.5,-0.07797455529035813,-0.012995759215059669,0.9743591602600542,2.0260305005403305,3,4,0.5985336009725263,-0.04648909875389906
grid_0305,14,14,20,20,0.3,0.6,0.5,50.0,True,0.01,0.45,1.5,33,27,15,0.5555555555555556,8.991578991087327,0.3330214441143454,1.771736228496599,2.59154208797297,19,21,11.357537485983046,4.544392219813709,1.2952511721239346,22,12,0.5454545454545454,6.556315259147055,0.2980143299612298,1.681380038427449,2.59154208797297,16,17,11.011366550667072,3.2903461096851716,5,3,0.6,2.435263731940272,0.4870527463880544,2.200233522677938,1.014999203681156,3,4,12.880689601373328,1.2140980811477187
grid_0306,14,14,20,20,0.3,0.6,0.5,50.0,True,0.01,0.45,2.0,33,27,13,0.48148148148148145,5.038631548346419,0.18661598327208953,1.3679621230861156,2.2273244420622094,19,21,9.760626591278413,2.491810660257898,1.1121596035419068,22,11,0.5,5.275805717968907,0.23980935081676844,1.4956419132501506,2.09114202797297,16,17,11.134911960707559,2.6233237745543647,5,2,0.4,-0.2371741696224885,-0.047434833924497696,0.9222112784932942,2.2273244420622094,3,4,3.7137709657901707,-0.12815129101196865
grid_0307,14,14,20,20,0.3,0.6,0.5,50.0,True,0.01,0.45,2.5,33,26,13,0.5,7.813183567743492,0.3005070602978267,1.6166237639469896,2.2273244420622103,19,21,11.534139626590742,3.913973193913689,1.1121596035418846,21,11,0.5238095238095238,7.549957677365982,0.3595217941602849,1.7846593621990354,2.041444006151528,16,17,12.813373074018527,3.790186670182205,5,2,0.4,0.26322589037751065,0.052645178075502175,1.086333201935618,2.22732444206221,3,4,6.161359147394049,0.11926611532631082
grid_0308,14,14,20,20,0.3,0.6,0.5,50.0,True,0.01,0.6,1.0,33,26,14,0.5384615384615384,2.8730041535930257,0.11050015975357791,1.2645552987929392,3.0824934593884645,18,20,5.790079122923185,1.4163792619723115,1.535727620482552,21,11,0.5238095238095238,1.9338520355211504,0.09208819216767382,1.2189444435960965,3.0824934593884645,15,16,5.672737239559302,0.9475586595200536,5,3,0.6,0.9391521180718756,0.18783042361437513,1.463290646517206,1.0140527628821874,3,4,6.282915033051493,0.4644199509901137
grid_0309,14,14,20,20,0.3,0.6,0.5,50.0,True,0.01,0.6,1.5,33,26,13,0.5,4.9701343373916345,0.19115901297660132,1.4183731423788082,2.582093399388464,18,20,9.219570015357418,2.471138550342644,1.2905770031546027,21,10,0.47619047619047616,2.529782039319759,0.12046581139617904,1.2567645840499295,2.582093399388464,15,16,8.090651797066068,1.2393932575872402,5,3,0.6,2.440352298071875,0.4880704596143749,2.20384373537338,1.0140527628821874,3,4,13.96102653218109,1.2166660161834653
grid_0310,14,14,20,20,0.3,0.6,0.5,50.0,True,0.01,0.6,2.0,33,25,12,0.48,6.3466005869782425,0.2538640234791297,1.5343426298679088,2.3217052077702967,18,20,11.827149933584725,3.167858124196843,1.1661474613030465,20,10,0.5,6.629592239100321,0.33147961195501596,1.7506191508723528,2.0387135556482185,15,16,13.891237040044535,3.323797422292163,5,2,0.4,-0.2829916521220779,-0.056598330424415554,0.9070706345701807,2.2739757621355245,3,4,3.570801507745478,-0.1509229257786293
grid_0311,14,14,20,20,0.3,0.6,0.5,50.0,True,0.01,0.6,2.5,33,25,12,0.48,7.897911397123519,0.31591645588494066,1.6649529442677649,2.2739757621355245,18,20,12.478482668543098,3.9610417507818685,1.1351150011338684,20,10,0.5,7.680502989245596,0.38402514946227967,1.8696059160408425,2.0387135556482185,15,16,14.04544482626427,3.8608813846712,5,2,0.4,0.2174084078779226,0.0434816815755845,1.071393008350957,2.2739757621355245,3,4,6.2106340376584,0.0964370461480124
grid_0312,14,14,20,20,0.3,0.6,1.0,50.0,True,,0.3,1.0,80,45,29,0.6444444444444445,12.20144946954758,0.27114332154550175,1.7469467733501574,4.089637181236408,22,29,6.822632622728407,6.231253787211299,2.0291922573266175,37,24,0.6486486486486487,10.358450295327504,0.27995811608993254,1.7809301219486304,4.089637181236408,19,25,7.129124654834149,5.267314385993149,8,5,0.625,1.842999174220076,0.23037489677750947,1.6001589777001684,2.054760407305698,3,4,5.405106974239355,0.9157062729686194
grid_0313,14,14,20,20,0.3,0.6,1.0,50.0,True,,0.3,1.5,80,44,21,0.4772727272727273,6.249421382256347,0.1420323041421897,1.2723024432756667,5.11133798064877,22,29,5.261918099208892,3.089712563740843,2.529676520275459,36,16,0.4444444444444444,1.894761803998446,0.05263227233329018,1.095266325775093,5.11133798064877,19,25,3.851707327524219,0.8871233856141858,8,5,0.625,4.3546595782579,0.5443324472822375,2.422537447594415,2.0451003032678763,3,4,11.607866571789923,2.183221311314254
grid_0314,14,14,20,20,0.3,0.6,1.0,50.0,True,,0.3,2.0,80,44,19,0.4318181818181818,6.864052209823157,0.1560011865868899,1.274686467325848,6.124424408634328,22,29,5.835786186933233,3.381267384556663,3.0234058295188104,36,14,0.3888888888888889,0.007392331565257537,0.0002053425434793483,1.0003371262331864,6.124424408634328,19,25,3.2569242000012664,-0.07459488922210156,8,5,0.625,6.856659878257901,0.8570824847822375,3.239866347059463,2.0451003032678763,3,4,17.440665128127083,3.4584420948281958
grid_0315,14,14,20,20,0.3,0.6,1.0,50.0,True,,0.3,2.5,80,43,18,0.4186046511627907,6.817541290400571,0.15854747186978072,1.2727873611269418,6.124424408634328,22,29,5.555530008031216,3.347157831565384,3.0234058295187993,36,14,0.3888888888888889,1.556492502060141,0.043235902835003906,1.0709836199269616,6.124424408634328,19,25,3.635982835907091,0.6920251606761241,7,4,0.5714285714285714,5.26104878834043,0.7515783983343471,2.7166845815755813,2.185618181183291,3,4,15.427486893241005,2.6368847648583937
grid_0316,14,14,20,20,0.3,0.6,1.0,50.0,True,,0.45,1.0,80,45,29,0.6444444444444445,12.293048162379185,0.2731788480528707,1.7546024325820293,4.07813146846697,22,29,7.220056348431865,6.279917040700611,2.0235270288695206,37,24,0.6486486486486487,10.432714586430087,0.28196525909270503,1.7887460158428128,4.07813146846697,19,25,7.486155726750143,5.3064156605378665,8,5,0.625,1.8603335759490958,0.23254169699363697,1.607198489028292,2.0487988945753344,3,4,5.989346723709828,0.9244464110343742
grid_0317,14,14,20,20,0.3,0.6,1.0,50.0,True,,0.45,1.5,80,44,23,0.5227272727272727,10.765118966330634,0.2446617946893326,1.516973269502527,5.097538936425826,22,29,7.539593958963883,5.442622295775479,2.5229167700247412,36,18,0.5,6.393779708219609,0.17760499189498913,1.3598365965256285,5.097538936425826,19,25,6.393858930534471,3.1811779299389498,8,5,0.625,4.371339258111025,0.5464174072638781,2.430977373711831,2.0397935124134046,3,4,12.695401586896242,2.191721795783419
grid_0318,14,14,20,20,0.3,0.6,1.0,50.0,True,,0.45,2.0,80,43,20,0.46511627906976744,8.32893044825597,0.1936960569361854,1.3643272059328535,6.109428511686492,22,29,6.787505209998647,4.148815793666483,3.016096991760886,36,16,0.4444444444444444,4.61287010704146,0.1281352807511517,1.2329411041045168,6.109428511686492,19,25,5.614586098798854,2.2514219772752586,7,4,0.5714285714285714,3.7160603412145106,0.5308657630306444,2.215035931010828,2.236766696499666,3,4,12.819660639026154,1.855616068413135
grid_0319,14,14,20,20,0.3,0.6,1.0,50.0,True,,0.45,2.5,80,43,20,0.46511627906976744,9.871892277661452,0.2295788901781733,1.4319747511961232,6.109428511686492,22,29,7.0445172846392285,4.943158003150838,3.016096991760886,36,16,0.4444444444444444,4.65463175644694,0.12929532656797058,1.2351472231207263,6.109428511686492,19,25,5.145054177365943,2.269315742486877,7,4,0.5714285714285714,5.217260521214511,0.7453229316020732,2.7058816091904743,2.2367666964996666,3,4,16.813184693473268,2.6145107564781833
grid_0320,14,14,20,20,0.3,0.6,1.0,50.0,True,,0.6,1.0,80,43,23,0.5348837209302325,4.291180780330894,0.09979490186816029,1.2345508106414302,4.069360260959028,22,29,4.0893428007811785,2.1175754360445165,2.019208064197009,35,18,0.5142857142857142,2.4087017047986374,0.06882004870853246,1.1579931105288694,4.069360260959028,19,25,3.4725321745321396,1.1709801332731251,8,5,0.625,1.8824790755322558,0.23530988444153197,1.6172665755981412,2.0356491810601094,3,4,6.787889290620725,0.9356391541571085
grid_0321,14,14,20,20,0.3,0.6,1.0,50.0,True,,0.6,1.5,80,43,20,0.46511627906976744,4.924632833845027,0.11452634497314015,1.2307299707127974,6.097833111776383,22,29,5.012877906495836,2.418601897880679,3.0104452120276237,35,15,0.42857142857142855,0.5401534583127727,0.015432955951793507,1.0295262554029727,6.097833111776383,19,25,3.008293061808589,0.2154463522173744,8,5,0.625,4.384479375532254,0.5480599219415317,2.4376747158001,2.0356491810601094,3,4,13.782936602002545,2.1984191318373147
grid_0322,14,14,20,20,0.3,0.6,1.0,50.0,True,,0.6,2.0,80,42,19,0.4523809523809524,7.742340315506951,0.18434143608349882,1.362806774530139,6.097833111776383,22,29,6.797290151345115,3.8537296301042856,3.0104452120276237,35,15,0.42857142857142855,4.065907943684451,0.1161687983909843,1.2223409524325857,6.097833111776383,19,25,5.3960855013007825,1.9818294962206329,7,4,0.5714285714285714,3.6764323718225,0.5252046245460714,2.2040828234829024,2.2820471027043974,3,4,13.803313401566783,1.835523193818589
grid_0323,14,14,20,20,0.3,0.6,1.0,50.0,True,,0.6,2.5,80,42,18,0.42857142857142855,5.983659413957519,0.14246808128470284,1.271272685921033,6.097833111776383,22,29,5.467016359006095,2.938267941330497,3.0104452120276237,35,14,0.4,2.806813123044077,0.08019466065840222,1.1476926184824465,6.097833111776383,19,25,4.251799215073133,1.3366065038005859,7,4,0.5714285714285714,3.176846290913441,0.4538351844162059,2.040461421526979,2.282047102704397,3,4,11.543102078670907,1.5805358920024881
grid_0324,14,14,20,20,0.3,0.6,1.0,50.0,True,0.01,0.3,1.0,32,28,19,0.6785714285714286,9.566235334632921,0.3416512619511757,2.0448734996673332,2.0470203491447303,19,21,8.532888663679053,4.862995972036388,1.0208913875289105,22,16,0.7272727272727273,9.651393882965246,0.43869972195296564,2.579326163258571,2.0470203491447303,16,17,10.71102880954333,4.915535780751279,6,3,0.5,-0.0851585483323265,-0.014193091388721102,0.9720270438471783,2.0282258634285806,3,4,0.5463747955100322,-0.05007819702194105
grid_0325,14,14,20,20,0.3,0.6,1.0,50.0,True,0.01,0.3,1.5,32,27,14,0.5185185185185185,6.968788755629355,0.25810328724553167,1.5476704885954455,2.6035447023281133,19,21,8.624095345587216,3.492167067357932,1.3011880859600145,22,11,0.5,4.539571145315582,0.20634414296889014,1.4245256882143849,2.6035447023281133,16,17,7.9022186808194155,2.2538248356586577,5,3,0.6,2.4292176103137715,0.4858435220627543,2.1959866317439767,1.016091221511916,3,4,11.800352670565543,1.2110473458469828
grid_0326,14,14,20,20,0.3,0.6,1.0,50.0,True,0.01,0.3,2.0,32,27,13,0.48148148148148145,7.583419583196163,0.2808673919702282,1.55153275426839,2.20561647734438,19,21,10.289140388908342,3.7944549687302542,1.1072690285706344,22,10,0.45454545454545453,3.65300179288239,0.16604553604010863,1.3117274367503775,2.20561647734438,16,17,8.454830574900656,1.792196264185697,5,3,0.6,3.9304177903137716,0.7860835580627544,2.9350786501900905,1.016091221511916,3,4,18.360103570542158,1.9670060947972967
grid_0327,14,14,20,20,0.3,0.6,1.0,50.0,True,0.01,0.3,2.5,32,27,12,0.4444444444444444,6.175450626029633,0.22872039355665308,1.418051382504728,2.317485366984217,19,21,9.275139661137924,3.058417770178923,1.1620371713207733,22,10,0.45454545454545453,5.860250885679509,0.2663750402581595,1.5000821491153915,2.317485366984217,16,17,9.994015889321615,2.909034712587455,5,2,0.4,0.3151997403501243,0.06303994807002485,1.103228660780349,2.1743746027440736,3,4,6.112084257129692,0.14516029424302967
grid_0328,14,14,20,20,0.3,0.6,1.0,50.0,True,0.01,0.45,1.0,32,28,19,0.6785714285714286,9.610626061004432,0.34323664503587253,2.051546820017986,2.041444006151528,19,21,9.185173329271858,4.886242866340407,1.0181174294850326,22,16,0.7272727272727273,9.688600616294789,0.4403909371043086,2.5886901381708434,2.041444006151528,16,17,11.526984164262585,4.935026214304594,6,3,0.5,-0.07797455529035813,-0.012995759215059669,0.9743591602600542,2.0260305005403305,3,4,0.5985336009725263,-0.04648909875389906
grid_0329,14,14,20,20,0.3,0.6,1.0,50.0,True,0.01,0.45,1.5,32,27,15,0.5555555555555556,8.993014222559266,0.33307460083552837,1.771954505227447,2.59154208797297,19,21,11.28509596628465,4.545146276965917,1.2952511721239346,22,12,0.5454545454545454,6.557750490618994,0.29807956775540884,1.6816308699984928,2.59154208797297,16,17,10.92246104921904,3.2910911216612826,5,3,0.6,2.435263731940272,0.4870527463880544,2.200233522677938,1.014999203681156,3,4,12.880689601373328,1.2140980811477187
grid_0330,14,14,20,20,0.3,0.6,1.0,50.0,True,0.01,0.45,2.0,32,27,13,0.48148148148148145,5.040066779818357,0.18666913999327245,1.3681055174421217,2.2273244420622094,19,21,9.688185071580017,2.492549912562403,1.1121596035419068,22,11,0.5,5.277240949440845,0.23987458861094746,1.4958436046445878,2.09114202797297,16,17,11.046006459259528,2.624063975435864,5,2,0.4,-0.2371741696224885,-0.047434833924497696,0.9222112784932942,2.2273244420622094,3,4,3.7137709657901707,-0.12815129101196865
grid_0331,14,14,20,20,0.3,0.6,1.0,50.0,True,0.01,0.45,2.5,32,26,13,0.5,7.814618799215433,0.30056226150828586,1.616806899360215,2.2273244420622103,19,21,11.458911894596257,3.914722703983342,1.112159603541918,21,11,0.5238095238095238,7.551392908837923,0.3595901385160915,1.7849256055143679,2.041444006151528,16,17,12.720233977263447,3.790935287405217,5,2,0.4,0.26322589037751065,0.052645178075502175,1.086333201935618,2.22732444206221,3,4,6.161359147394049,0.11926611532631082
grid_0332,14,14,20,20,0.3,0.6,1.0,50.0,True,0.01,0.6,1.0,32,26,14,0.5384615384615384,2.873910732947816,0.11053502819030064,1.2646608735565876,3.0824934593884645,18,20,5.731737382338982,1.4168413150291936,1.535727620482552,21,11,0.5238095238095238,1.9347586148759408,0.09213136261314005,1.219069568858496,3.0824934593884645,15,16,5.600504608359813,0.9480185766301163,5,3,0.6,0.9391521180718756,0.18783042361437513,1.463290646517206,1.0140527628821874,3,4,6.282915033051493,0.4644199509901137
grid_0333,14,14,20,20,0.3,0.6,1.0,50.0,True,0.01,0.6,1.5,32,26,13,0.5,4.971040916746427,0.19119388141332408,1.4184813916889516,2.582093399388464,18,20,9.161228274773215,2.471605408883226,1.2905770031546027,21,10,0.47619047619047616,2.530688618674551,0.12050898184164527,1.2568802356744524,2.582093399388464,15,16,8.018419165866579,1.2398545042958675,5,3,0.6,2.440352298071875,0.4880704596143749,2.20384373537338,1.0140527628821874,3,4,13.96102653218109,1.2166660161834653
grid_0334,14,14,20,20,0.3,0.6,1.0,50.0,True,0.01,0.6,2.0,32,25,12,0.48,6.347507166333033,0.2539002866533213,1.53445975227315,2.3217052077702967,18,20,11.766474523377154,3.1683281569921062,1.1661474613030132,20,10,0.5,6.630498818455111,0.33152494092275553,1.7507988619728063,2.0387135556482185,15,16,13.815392777285073,3.3242681655468953,5,2,0.4,-0.2829916521220779,-0.056598330424415554,0.9070706345701807,2.2739757621355245,3,4,3.570801507745478,-0.1509229257786293
grid_0335,14,14,20,20,0.3,0.6,1.0,50.0,True,0.01,0.6,2.5,32,25,12,0.48,7.898817976478309,0.3159527190591323,1.6650800366718017,2.2739757621355245,18,20,12.417807258335527,3.961515397321902,1.1351150011338684,20,10,0.5,7.681409568600387,0.38407047843001924,1.869797841815457,2.0387135556482185,15,16,13.969600563504807,3.8613545748805933,5,2,0.4,0.2174084078779226,0.0434816815755845,1.071393008350957,2.2739757621355245,3,4,6.2106340376584,0.0964370461480124
grid_0336,14,14,20,20,0.3,0.6,0.5,55.0,True,,0.3,1.0,158,54,28,0.5185185185185185,0.8408719954440455,0.015571703619334156,1.0316184743327843,6.338496877145925,25,33,0.6043522120858216,0.3534363828585185,3.1345771757672614,43,24,0.5581395348837209,4.13582261849794,0.09618192136041719,1.213104091667922,5.160614624811968,20,27,2.0265785524564066,2.0346882756550277,11,4,0.36363636363636365,-3.2949506230538956,-0.2995409657321723,0.5415275724906402,6.1953460587872815,5,6,-4.955259845726466,-1.6477258089469204
grid_0337,14,14,20,20,0.3,0.6,0.5,55.0,True,,0.3,1.5,158,52,17,0.3269230769230769,-11.2588075163797,-0.21651552916114813,0.6813843543710199,13.200765415162014,25,33,-2.669404689126044,-5.557928411203772,6.464209131374831,41,14,0.34146341463414637,-7.463456833325813,-0.1820355325201418,0.724692274026201,8.836821967153007,20,27,-2.295117879490347,-3.7305534383472505,11,3,0.2727272727272727,-3.795350683053889,-0.3450318802776262,0.5386790024278788,6.735280067913626,5,6,-4.0644737068590935,-1.8981878863157498
grid_0338,14,14,20,20,0.3,0.6,0.5,55.0,True,,0.3,2.0,158,52,16,0.3076923076923077,-9.142976508812893,-0.17582647132332488,0.7485564311591947,14.622460793110431,25,33,-2.05287808960175,-4.574525106442362,7.096100682327666,41,13,0.3170731707317073,-6.848826005759003,-0.16704453672582933,0.7565710595050144,10.475445896672769,20,27,-2.097967975656093,-3.4493062296447885,11,3,0.2727272727272727,-2.2941505030538902,-0.2085591366412628,0.7211483504344262,6.234880007913627,5,6,-1.8848157870355615,-1.165417702200977
grid_0339,14,14,20,20,0.3,0.6,0.5,55.0,True,,0.3,2.5,158,52,15,0.28846153846153844,-9.4778404509079,-0.1822661625174597,0.7465346564745404,18.777642897642394,25,33,-2.1596332854600724,-4.747703843893703,8.999981477740759,41,13,0.3170731707317073,-3.5684718978903636,-0.08703589994854549,0.8731652209358013,10.398444460284004,20,27,-0.8491631375490788,-1.87121854427853,11,2,0.18181818181818182,-5.909368553017538,-0.5372153230015944,0.3617177196631994,8.379198437358394,5,6,-7.044112927673776,-2.9313370215578782
grid_0340,14,14,20,20,0.3,0.6,0.5,55.0,True,,0.45,1.0,158,54,28,0.5185185185185185,0.9968592253255769,0.018460356024547715,1.0375734300697457,7.278234103487545,25,33,0.9423866420403513,0.4316761557030091,3.5875095214003228,43,24,0.5581395348837209,4.249532578834046,0.09882633904265223,1.219612481716205,5.14148079886423,20,27,2.000523398308863,2.0927284779543642,11,4,0.36363636363636365,-3.2526733535084698,-0.29569757759167903,0.5470331615701299,6.188753708721773,5,6,-3.1939661324638307,-1.627003555507922
grid_0341,14,14,20,20,0.3,0.6,0.5,55.0,True,,0.45,1.5,158,52,20,0.38461538461538464,-4.116647566681508,-0.07916629935925977,0.8718763893422805,8.716383759375992,25,33,-0.4844636467961078,-2.12683332678284,4.304547188201935,41,16,0.3902439024390244,-2.865574453173035,-0.06989205983348869,0.8851448333848883,7.126009323292383,20,27,-0.6646601118382901,-1.492809451310384,11,4,0.36363636363636365,-1.251073113508473,-0.11373391940986113,0.8257757323651064,5.6883536487217725,5,6,0.18717772290657153,-0.6436320759336756
grid_0342,14,14,20,20,0.3,0.6,0.5,55.0,True,,0.45,2.0,158,52,18,0.34615384615384615,-5.567594709422413,-0.10706912902735413,0.8371055461068003,14.688207020368278,25,33,-0.9735688542264368,-2.850978017825745,7.11677045943182,41,15,0.36585365853658536,-2.1444837543511834,-0.05230448181344351,0.9174301023140216,7.417740694462926,20,27,-0.4812934031178715,-1.152998854343279,11,3,0.2727272727272727,-3.4231109550712295,-0.3111919050064755,0.5829246665556559,7.385787720345686,5,6,-2.8084137174492714,-1.7177852072420174
grid_0343,14,14,20,20,0.3,0.6,0.5,55.0,True,,0.45,2.5,158,51,16,0.3137254901960784,-9.12707421939023,-0.1789622395958869,0.7406462796567681,14.833321216943645,24,32,-2.27269734388826,-4.567038002639146,7.196154888301088,40,13,0.325,-6.704763384319,-0.16761908460797503,0.7515299428721041,8.1466505074799,19,26,-2.518293527986743,-3.3783970441111033,11,3,0.2727272727272727,-2.4223108350712286,-0.22021007591556627,0.7048631749004589,7.385787720345686,5,6,-1.3796203108028686,-1.230202068858921
grid_0344,14,14,20,20,0.3,0.6,0.5,55.0,True,,0.6,1.0,158,51,19,0.37254901960784315,-11.957367591168872,-0.23445818806213478,0.6088645834692434,13.923262715682323,25,33,-3.8990397823422733,-5.860875410941279,6.779436300096187,40,15,0.375,-8.73603900820223,-0.21840097520505575,0.6268682657677437,8.73603900820223,20,27,-3.96466146808732,-4.318929169437724,11,4,0.36363636363636365,-3.2213285829666427,-0.2928480529969676,0.5499786115313499,6.1655659661410365,5,6,-3.6604154705421057,-1.6115478517523152
grid_0345,14,14,20,20,0.3,0.6,0.5,55.0,True,,0.6,1.5,158,50,17,0.34,-8.840523231857718,-0.17681046463715436,0.7201554404499992,12.284109182449939,25,33,-2.4994493763920644,-4.400271783827048,6.023265502551823,39,13,0.3333333333333333,-7.620794888891071,-0.19540499715105314,0.6880899293847534,9.014170131947758,20,27,-3.2207403100543113,-3.7960798549080743,11,4,0.36363636363636365,-1.2197283429666455,-0.11088439481514953,0.8296032744505346,5.665165906141036,5,6,0.05785484295590202,-0.6280325458752345
grid_0346,14,14,20,20,0.3,0.6,0.5,55.0,True,,0.6,2.0,158,50,16,0.32,-7.153317621703726,-0.14306635243407453,0.7806195343481618,11.674743639867556,25,33,-1.8259119230894612,-3.6074803233228314,5.748891305970605,39,13,0.3333333333333333,-3.7106453885431288,-0.09514475355238794,0.8480829952591121,8.127954591564288,20,27,-1.3757114004028557,-1.9132713254248812,11,3,0.2727272727272727,-3.4426722331605966,-0.31297020301459977,0.5792087647617584,7.410167597674047,5,6,-3.422077412614698,-1.7272560934506132
grid_0347,14,14,20,20,0.3,0.6,0.5,55.0,True,,0.6,2.5,158,50,15,0.3,-10.169661623886993,-0.20339323247773983,0.6948293888224759,14.126177933905783,25,33,-3.377495250615243,-5.051154123403522,6.85297456291768,39,12,0.3076923076923077,-5.727003249817336,-0.1468462371748035,0.7722235354205729,8.127954591564288,20,27,-2.620801771337557,-2.8998342599077853,11,3,0.2727272727272727,-4.442658374069655,-0.4038780340063324,0.45698237347154347,7.410167597674047,5,6,-6.060317586236129,-2.2155676533593183
grid_0348,14,14,20,20,0.3,0.6,0.5,55.0,True,0.01,0.3,1.0,33,28,19,0.6785714285714286,9.564024998933565,0.3415723213904844,2.0443799367729643,2.0470203491447303,19,21,8.618422835412058,4.8618311436662065,1.0208913875289105,22,16,0.7272727272727273,9.64918354726589,0.43859925214844947,2.578393576513166,2.0470203491447303,16,17,10.819890482658066,4.914370368763787,6,3,0.5,-0.0851585483323265,-0.014193091388721102,0.9720270438471783,2.0282258634285806,3,4,0.5463747955100322,-0.05007819702194105
grid_0349,14,14,20,20,0.3,0.6,0.5,55.0,True,0.01,0.3,1.5,33,27,14,0.5185185185185185,6.9665784199299985,0.25802142296037034,1.5474016922591176,2.6035447023281133,19,21,8.71279744960663,3.4910174662887483,1.3011880859600145,22,11,0.5,4.537360809616226,0.20624367316437395,1.4242312949221907,2.6035447023281133,16,17,8.01108035393415,2.2526889902155567,5,3,0.6,2.4292176103137715,0.4858435220627543,2.1959866317439767,1.016091221511916,3,4,11.800352670565543,1.2110473458469828
grid_0350,14,14,20,20,0.3,0.6,0.5,55.0,True,0.01,0.3,2.0,33,27,13,0.48148148148148145,7.5812092474968065,0.28078552768506687,1.5512833777251587,2.207826813043736,19,21,10.377842492927755,3.793302009817645,1.1083675386557967,22,10,0.45454545454545453,3.650791457183034,0.16594506623559246,1.311480067863012,2.207826813043736,16,17,8.563692248015391,1.791065546557724,5,3,0.6,3.9304177903137716,0.7860835580627544,2.9350786501900905,1.016091221511916,3,4,18.360103570542158,1.9670060947972967
grid_0351,14,14,20,20,0.3,0.6,0.5,55.0,True,0.01,0.3,2.5,33,27,12,0.4444444444444444,6.173240290330277,0.22863852927149175,1.4178392309410173,2.319695702683573,19,21,9.363841765157337,3.0572729872391458,1.1631350730361034,22,10,0.45454545454545453,5.858040549980153,0.2662745704536433,1.4997992598185856,2.319695702683573,16,17,10.102877562436348,2.907891589009215,5,2,0.4,0.3151997403501243,0.06303994807002485,1.103228660780349,2.1743746027440736,3,4,6.112084257129692,0.14516029424302967
grid_0352,14,14,20,20,0.3,0.6,0.5,55.0,True,0.01,0.45,1.0,33,28,19,0.6785714285714286,9.609190829532494,0.3431853867690176,2.051224704148009,2.041444006151528,19,21,9.255027651838168,4.885486348946588,1.0181174294850326,22,16,0.7272727272727273,9.687165384822851,0.4403256993101296,2.588081053080942,2.041444006151528,16,17,11.615889665710615,4.934269345049103,6,3,0.5,-0.07797455529035813,-0.012995759215059669,0.9743591602600542,2.0260305005403305,3,4,0.5985336009725263,-0.04648909875389906
grid_0353,14,14,20,20,0.3,0.6,0.5,55.0,True,0.01,0.45,1.5,33,27,15,0.5555555555555556,8.991578991087327,0.3330214441143454,1.771736228496599,2.59154208797297,19,21,11.357537485983046,4.544392219813709,1.2952511721239346,22,12,0.5454545454545454,6.556315259147055,0.2980143299612298,1.681380038427449,2.59154208797297,16,17,11.011366550667072,3.2903461096851716,5,3,0.6,2.435263731940272,0.4870527463880544,2.200233522677938,1.014999203681156,3,4,12.880689601373328,1.2140980811477187
grid_0354,14,14,20,20,0.3,0.6,0.5,55.0,True,0.01,0.45,2.0,33,27,13,0.48148148148148145,5.038631548346419,0.18661598327208953,1.3679621230861156,2.2273244420622094,19,21,9.760626591278413,2.491810660257898,1.1121596035419068,22,11,0.5,5.275805717968907,0.23980935081676844,1.4956419132501506,2.09114202797297,16,17,11.134911960707559,2.6233237745543647,5,2,0.4,-0.2371741696224885,-0.047434833924497696,0.9222112784932942,2.2273244420622094,3,4,3.7137709657901707,-0.12815129101196865
grid_0355,14,14,20,20,0.3,0.6,0.5,55.0,True,0.01,0.45,2.5,33,26,13,0.5,7.813183567743492,0.3005070602978267,1.6166237639469896,2.2273244420622103,19,21,11.534139626590742,3.913973193913689,1.1121596035418846,21,11,0.5238095238095238,7.549957677365982,0.3595217941602849,1.7846593621990354,2.041444006151528,16,17,12.813373074018527,3.790186670182205,5,2,0.4,0.26322589037751065,0.052645178075502175,1.086333201935618,2.22732444206221,3,4,6.161359147394049,0.11926611532631082
grid_0356,14,14,20,20,0.3,0.6,0.5,55.0,True,0.01,0.6,1.0,33,26,14,0.5384615384615384,2.8730041535930257,0.11050015975357791,1.2645552987929392,3.0824934593884645,18,20,5.790079122923185,1.4163792619723115,1.535727620482552,21,11,0.5238095238095238,1.9338520355211504,0.09208819216767382,1.2189444435960965,3.0824934593884645,15,16,5.672737239559302,0.9475586595200536,5,3,0.6,0.9391521180718756,0.18783042361437513,1.463290646517206,1.0140527628821874,3,4,6.282915033051493,0.4644199509901137
grid_0357,14,14,20,20,0.3,0.6,0.5,55.0,True,0.01,0.6,1.5,33,26,13,0.5,4.9701343373916345,0.19115901297660132,1.4183731423788082,2.582093399388464,18,20,9.219570015357418,2.471138550342644,1.2905770031546027,21,10,0.47619047619047616,2.529782039319759,0.12046581139617904,1.2567645840499295,2.582093399388464,15,16,8.090651797066068,1.2393932575872402,5,3,0.6,2.440352298071875,0.4880704596143749,2.20384373537338,1.0140527628821874,3,4,13.96102653218109,1.2166660161834653
grid_0358,14,14,20,20,0.3,0.6,0.5,55.0,True,0.01,0.6,2.0,33,25,12,0.48,6.3466005869782425,0.2538640234791297,1.5343426298679088,2.3217052077702967,18,20,11.827149933584725,3.167858124196843,1.1661474613030465,20,10,0.5,6.629592239100321,0.33147961195501596,1.7506191508723528,2.0387135556482185,15,16,13.891237040044535,3.323797422292163,5,2,0.4,-0.2829916521220779,-0.056598330424415554,0.9070706345701807,2.2739757621355245,3,4,3.570801507745478,-0.1509229257786293
grid_0359,14,14,20,20,0.3,0.6,0.5,55.0,True,0.01,0.6,2.5,33,25,12,0.48,7.897911397123519,0.31591645588494066,1.6649529442677649,2.2739757621355245,18,20,12.478482668543098,3.9610417507818685,1.1351150011338684,20,10,0.5,7.680502989245596,0.38402514946227967,1.8696059160408425,2.0387135556482185,15,16,14.04544482626427,3.8608813846712,5,2,0.4,0.2174084078779226,0.0434816815755845,1.071393008350957,2.2739757621355245,3,4,6.2106340376584,0.0964370461480124
grid_0360,14,14,20,20,0.3,0.6,1.0,55.0,True,,0.3,1.0,75,42,26,0.6190476190476191,9.267558342713523,0.22065615101698863,1.568263281756988,4.089637181236408,22,29,5.588055001371187,4.688155642902259,2.0291922573266175,35,22,0.6285714285714286,8.384087186704996,0.2395453481915713,1.63208163793525,4.089637181236408,19,25,6.371106453889287,4.235778494340203,7,4,0.5714285714285714,0.8834711560085268,0.12621016514407524,1.2902033958219548,2.0282258634285806,3,4,1.6727977387806896,0.4339941190026231
grid_0361,14,14,20,20,0.3,0.6,1.0,55.0,True,,0.3,1.5,75,42,19,0.4523809523809524,4.1317039315810185,0.09837390313288139,1.1800283588902405,5.11133798064877,22,29,4.442060923728472,2.007211848770085,2.529676520275459,34,14,0.4117647058823529,-0.2229556466768816,-0.006557519019908274,0.9887900604577873,5.11133798064877,19,25,2.755989006537543,-0.17224888811044892,8,5,0.625,4.3546595782579,0.5443324472822375,2.422537447594415,2.0451003032678763,3,4,11.607866571789923,2.183221311314254
grid_0362,14,14,20,20,0.3,0.6,1.0,55.0,True,,0.3,2.0,75,42,17,0.40476190476190477,4.2459346991478295,0.10109368331304354,1.169914325729641,6.124424408634328,22,29,4.780352491539377,2.0422814775865827,3.0234058295188104,34,12,0.35294117647058826,-2.6107251791100703,-0.07678603467970799,0.8809382482714093,6.124424408634328,19,25,1.8014554005775636,-1.3688207444140454,8,5,0.625,6.856659878257901,0.8570824847822375,3.239866347059463,2.0451003032678763,3,4,17.440665128127083,3.4584420948281958
grid_0363,14,14,20,20,0.3,0.6,1.0,55.0,True,,0.3,2.5,75,41,16,0.3902439024390244,4.818008707459158,0.11751240749900385,1.1927809198669612,6.124424408634328,22,29,4.793606071956141,2.32197165212491,3.0234058295187993,34,12,0.35294117647058826,-0.443040080881272,-0.013030590614155069,0.979795219911396,6.124424408634328,19,25,2.6042776675739634,-0.30682255551204296,7,4,0.5714285714285714,5.26104878834043,0.7515783983343471,2.7166845815755813,2.185618181183291,3,4,15.427486893241005,2.6368847648583937
grid_0364,14,14,20,20,0.3,0.6,1.0,55.0,True,,0.45,1.0,75,42,26,0.6190476190476191,9.351243131599139,0.22264864599045564,1.574824635245145,4.07813146846697,22,29,5.839429246984123,4.731968047894264,2.0235270288695206,35,22,0.6285714285714286,8.455697237850845,0.2415913496528813,1.6392772899397507,4.07813146846697,19,25,6.619191554118399,4.273119570592709,7,4,0.5714285714285714,0.8955458937482917,0.1279351276783274,1.294487716612934,2.0260305005403305,3,4,1.9406177113127403,0.44004483532396055
grid_0365,14,14,20,20,0.3,0.6,1.0,55.0,True,,0.45,1.5,75,42,21,0.5,8.702402652100629,0.20720006314525308,1.4179154513438144,5.097538936425826,22,29,6.7341960055052255,4.364028573316947,2.5229167700247412,34,16,0.47058823529411764,4.331063393989603,0.12738421747028245,1.2437486404210074,5.097538936425826,19,25,5.331559398119104,2.1257169752698646,8,5,0.625,4.371339258111025,0.5464174072638781,2.430977373711831,2.0397935124134046,3,4,12.695401586896242,2.191721795783419
grid_0366,14,14,20,20,0.3,0.6,1.0,55.0,True,,0.45,2.0,75,41,18,0.43902439024390244,5.765814074025966,0.1406296115616089,1.2522104061942387,6.109428511686492,22,29,5.624362209513953,2.828083138359494,3.016096991760886,34,14,0.4117647058823529,2.0497537328114546,0.06028687449445456,1.1035086370488956,6.109428511686492,19,25,4.14297723873203,0.9547505650480792,7,4,0.5714285714285714,3.7160603412145106,0.5308657630306444,2.215035931010828,2.236766696499666,3,4,12.819660639026154,1.855616068413135
grid_0367,14,14,20,20,0.3,0.6,1.0,55.0,True,,0.45,2.5,75,40,17,0.425,6.402331536365989,0.16005828840914973,1.2801535404468514,6.109428511686492,21,28,5.691850203813541,3.1442577471699096,3.016096991760886,33,13,0.3939393939393939,1.1850710151514772,0.03591124288337811,1.0598685724231052,6.109428511686492,18,24,3.3327792514614774,0.5162495896402941,7,4,0.5714285714285714,5.217260521214511,0.7453229316020732,2.7058816091904743,2.2367666964996666,3,4,16.813184693473268,2.6145107564781833
grid_0368,14,14,20,20,0.3,0.6,1.0,55.0,True,,0.6,1.0,75,41,21,0.5121951219512195,2.3119835013490833,0.05638984149631907,1.126370253827718,4.069360260959028,22,29,3.0731344337830846,1.1144724458009403,2.019208064197009,33,16,0.48484848484848486,0.42950442581682724,0.013015285630812919,1.0281723303825991,4.069360260959028,19,25,2.172587801822445,0.1771755676611919,8,5,0.625,1.8824790755322558,0.23530988444153197,1.6172665755981412,2.0356491810601094,3,4,6.787889290620725,0.9356391541571085
grid_0369,14,14,20,20,0.3,0.6,1.0,55.0,True,,0.6,1.5,75,41,18,0.43902439024390244,2.907913505147685,0.0709247196377484,1.1362421972389398,6.097833111776383,22,29,3.968287405403257,1.3941966612799783,3.0104452120276237,33,13,0.3939393939393939,-1.4765658703845688,-0.044744420314683904,0.9192868983113266,6.097833111776383,19,25,1.5889785092579747,-0.7869226132743323,8,5,0.625,4.384479375532254,0.5480599219415317,2.4376747158001,2.0356491810601094,3,4,13.782936602002545,2.1984191318373147
grid_0370,14,14,20,20,0.3,0.6,1.0,55.0,True,,0.6,2.0,75,40,17,0.425,6.110016001785875,0.15275040004464688,1.2863159080589088,6.097833111776383,22,29,6.078406124033859,3.011490547809803,3.0104452120276237,33,13,0.3939393939393939,2.4335836299633753,0.07374495848373865,1.1330785914498804,6.097833111776383,19,25,4.439789428799602,1.1547712596841953,7,4,0.5714285714285714,3.6764323718225,0.5252046245460714,2.2040828234829024,2.2820471027043974,3,4,13.803313401566783,1.835523193818589
grid_0371,14,14,20,20,0.3,0.6,1.0,55.0,True,,0.6,2.5,75,40,16,0.4,4.351335100236444,0.10878337750591109,1.1972703120819685,6.097833111776383,22,29,4.681618642077887,2.103453124061172,3.0104452120276237,33,12,0.36363636363636365,1.1744888093230026,0.035590569979484905,1.0618008111060555,6.097833111776383,19,25,3.2261524585581554,0.514780934621828,7,4,0.5714285714285714,3.176846290913441,0.4538351844162059,2.040461421526979,2.282047102704397,3,4,11.543102078670907,1.5805358920024881
grid_0372,14,14,20,20,0.3,0.6,1.0,55.0,True,0.01,0.3,1.0,32,28,19,0.6785714285714286,9.566235334632921,0.3416512619511757,2.0448734996673332,2.0470203491447303,19,21,8.532888663679053,4.862995972036388,1.0208913875289105,22,16,0.7272727272727273,9.651393882965246,0.43869972195296564,2.579326163258571,2.0470203491447303,16,17,10.71102880954333,4.915535780751279,6,3,0.5,-0.0851585483323265,-0.014193091388721102,0.9720270438471783,2.0282258634285806,3,4,0.5463747955100322,-0.05007819702194105
grid_0373,14,14,20,20,0.3,0.6,1.0,55.0,True,0.01,0.3,1.5,32,27,14,0.5185185185185185,6.968788755629355,0.25810328724553167,1.5476704885954455,2.6035447023281133,19,21,8.624095345587216,3.492167067357932,1.3011880859600145,22,11,0.5,4.539571145315582,0.20634414296889014,1.4245256882143849,2.6035447023281133,16,17,7.9022186808194155,2.2538248356586577,5,3,0.6,2.4292176103137715,0.4858435220627543,2.1959866317439767,1.016091221511916,3,4,11.800352670565543,1.2110473458469828
grid_0374,14,14,20,20,0.3,0.6,1.0,55.0,True,0.01,0.3,2.0,32,27,13,0.48148148148148145,7.583419583196163,0.2808673919702282,1.55153275426839,2.20561647734438,19,21,10.289140388908342,3.7944549687302542,1.1072690285706344,22,10,0.45454545454545453,3.65300179288239,0.16604553604010863,1.3117274367503775,2.20561647734438,16,17,8.454830574900656,1.792196264185697,5,3,0.6,3.9304177903137716,0.7860835580627544,2.9350786501900905,1.016091221511916,3,4,18.360103570542158,1.9670060947972967
grid_0375,14,14,20,20,0.3,0.6,1.0,55.0,True,0.01,0.3,2.5,32,27,12,0.4444444444444444,6.175450626029633,0.22872039355665308,1.418051382504728,2.317485366984217,19,21,9.275139661137924,3.058417770178923,1.1620371713207733,22,10,0.45454545454545453,5.860250885679509,0.2663750402581595,1.5000821491153915,2.317485366984217,16,17,9.994015889321615,2.909034712587455,5,2,0.4,0.3151997403501243,0.06303994807002485,1.103228660780349,2.1743746027440736,3,4,6.112084257129692,0.14516029424302967
grid_0376,14,14,20,20,0.3,0.6,1.0,55.0,True,0.01,0.45,1.0,32,28,19,0.6785714285714286,9.610626061004432,0.34323664503587253,2.051546820017986,2.041444006151528,19,21,9.185173329271858,4.886242866340407,1.0181174294850326,22,16,0.7272727272727273,9.688600616294789,0.4403909371043086,2.5886901381708434,2.041444006151528,16,17,11.526984164262585,4.935026214304594,6,3,0.5,-0.07797455529035813,-0.012995759215059669,0.9743591602600542,2.0260305005403305,3,4,0.5985336009725263,-0.04648909875389906
grid_0377,14,14,20,20,0.3,0.6,1.0,55.0,True,0.01,0.45,1.5,32,27,15,0.5555555555555556,8.993014222559266,0.33307460083552837,1.771954505227447,2.59154208797297,19,21,11.28509596628465,4.545146276965917,1.2952511721239346,22,12,0.5454545454545454,6.557750490618994,0.29807956775540884,1.6816308699984928,2.59154208797297,16,17,10.92246104921904,3.2910911216612826,5,3,0.6,2.435263731940272,0.4870527463880544,2.200233522677938,1.014999203681156,3,4,12.880689601373328,1.2140980811477187
grid_0378,14,14,20,20,0.3,0.6,1.0,55.0,True,0.01,0.45,2.0,32,27,13,0.48148148148148145,5.040066779818357,0.18666913999327245,1.3681055174421217,2.2273244420622094,19,21,9.688185071580017,2.492549912562403,1.1121596035419068,22,11,0.5,5.277240949440845,0.23987458861094746,1.4958436046445878,2.09114202797297,16,17,11.046006459259528,2.624063975435864,5,2,0.4,-0.2371741696224885,-0.047434833924497696,0.9222112784932942,2.2273244420622094,3,4,3.7137709657901707,-0.12815129101196865
grid_0379,14,14,20,20,0.3,0.6,1.0,55.0,True,0.01,0.45,2.5,32,26,13,0.5,7.814618799215433,0.30056226150828586,1.616806899360215,2.2273244420622103,19,21,11.458911894596257,3.914722703983342,1.112159603541918,21,11,0.5238095238095238,7.551392908837923,0.3595901385160915,1.7849256055143679,2.041444006151528,16,17,12.720233977263447,3.790935287405217,5,2,0.4,0.26322589037751065,0.052645178075502175,1.086333201935618,2.22732444206221,3,4,6.161359147394049,0.11926611532631082
grid_0380,14,14,20,20,0.3,0.6,1.0,55.0,True,0.01,0.6,1.0,32,26,14,0.5384615384615384,2.873910732947816,0.11053502819030064,1.2646608735565876,3.0824934593884645,18,20,5.731737382338982,1.4168413150291936,1.535727620482552,21,11,0.5238095238095238,1.9347586148759408,0.09213136261314005,1.219069568858496,3.0824934593884645,15,16,5.600504608359813,0.9480185766301163,5,3,0.6,0.9391521180718756,0.18783042361437513,1.463290646517206,1.0140527628821874,3,4,6.282915033051493,0.4644199509901137
grid_0381,14,14,20,20,0.3,0.6,1.0,55.0,True,0.01,0.6,1.5,32,26,13,0.5,4.971040916746427,0.19119388141332408,1.4184813916889516,2.582093399388464,18,20,9.161228274773215,2.471605408883226,1.2905770031546027,21,10,0.47619047619047616,2.530688618674551,0.12050898184164527,1.2568802356744524,2.582093399388464,15,16,8.018419165866579,1.2398545042958675,5,3,0.6,2.440352298071875,0.4880704596143749,2.20384373537338,1.0140527628821874,3,4,13.96102653218109,1.2166660161834653
grid_0382,14,14,20,20,0.3,0.6,1.0,55.0,True,0.01,0.6,2.0,32,25,12,0.48,6.347507166333033,0.2539002866533213,1.53445975227315,2.3217052077702967,18,20,11.766474523377154,3.1683281569921062,1.1661474613030132,20,10,0.5,6.630498818455111,0.33152494092275553,1.7507988619728063,2.0387135556482185,15,16,13.815392777285073,3.3242681655468953,5,2,0.4,-0.2829916521220779,-0.056598330424415554,0.9070706345701807,2.2739757621355245,3,4,3.570801507745478,-0.1509229257786293
grid_0383,14,14,20,20,0.3,0.6,1.0,55.0,True,0.01,0.6,2.5,32,25,12,0.48,7.898817976478309,0.3159527190591323,1.6650800366718017,2.2739757621355245,18,20,12.417807258335527,3.961515397321902,1.1351150011338684,20,10,0.5,7.681409568600387,0.38407047843001924,1.869797841815457,2.0387135556482185,15,16,13.969600563504807,3.8613545748805933,5,2,0.4,0.2174084078779226,0.0434816815755845,1.071393008350957,2.2739757621355245,3,4,6.2106340376584,0.0964370461480124
grid_0384,14,14,20,20,0.3,0.6,0.5,60.0,True,,0.3,1.0,122,51,29,0.5686274509803921,5.950277919911138,0.11667211607668895,1.2648563899712617,5.1779945430432495,25,33,2.914344143372365,2.954466679564627,2.567056682279145,41,25,0.6097560975609756,8.17877560964598,0.19948233194258488,1.5003623757701494,5.1779945430432495,20,27,4.843676786305624,4.121116727503837,10,4,0.4,-2.228497689734843,-0.2228497689734843,0.635887166800429,5.128893125468228,5,6,-4.995919692653994,-1.1204740062406904
grid_0385,14,14,20,20,0.3,0.6,0.5,60.0,True,,0.3,1.5,122,50,21,0.42,0.8431011584520964,0.016862023169041916,1.028908591251277,7.163484343795767,25,33,1.7303389539340375,0.3301780405356114,3.5272283481503686,40,18,0.45,3.571998908186933,0.0892999727046733,1.1623363043132948,7.163484343795767,20,27,3.166937427392518,1.7261443259888543,10,3,0.3,-2.728897749734837,-0.27288977497348366,0.6189053970535459,5.668827134594574,5,6,-4.0160549398998855,-1.3722787732716624
grid_0386,14,14,20,20,0.3,0.6,0.5,60.0,True,,0.3,2.0,122,49,18,0.3673469387755102,-0.030840771217327978,-0.0006294034942311854,0.9990123949293178,8.489304537867877,25,33,1.8759727857757713,-0.12951857355543162,4.202571625340701,39,15,0.38461538461538464,1.1968567985175107,0.03068863585942334,1.049729883282675,7.163484343795768,20,27,2.771973814973148,0.5092987470547206,10,3,0.3,-1.2276975697348387,-0.12276975697348384,0.828550220351097,5.168427074594574,5,6,-1.6184312280939999,-0.6355803180139619
grid_0387,14,14,20,20,0.3,0.6,0.5,60.0,True,,0.3,2.5,122,49,17,0.3469387755102041,0.6350954066876628,0.012961130748727803,1.0196874240581866,12.144086582399847,25,33,2.2751419707021707,0.18378048479177345,5.9332929451683665,39,15,0.38461538461538464,5.478011026386149,0.1404618211893884,1.227613570228973,7.163484343795767,20,27,4.728680445958121,2.658850955923686,10,2,0.2,-4.842915619698486,-0.48429156196984857,0.40880818558419996,7.312745504039341,5,6,-7.293658082796036,-2.4109664661984054
grid_0388,14,14,20,20,0.3,0.6,0.5,60.0,True,,0.45,1.0,122,51,29,0.5686274509803921,6.090297950331396,0.11941760686924308,1.2715839440127183,6.194663901190774,25,33,3.828925368363363,3.026432110480659,3.0623184752456734,41,26,0.6341463414634146,10.290071846190166,0.2509773621021992,1.6732252418446296,5.154632597735707,20,27,6.519722064630399,5.226137432878941,10,3,0.3,-4.19977389585877,-0.4199773895858769,0.41182640062508985,6.148298174836265,5,6,-7.203341086331482,-2.09045525766014
grid_0389,14,14,20,20,0.3,0.6,0.5,60.0,True,,0.45,1.5,122,49,21,0.42857142857142855,1.4792485843154162,0.030188746618681934,1.052772837350443,7.139161122163859,25,33,3.4564176050871978,0.6527819929043055,3.5154345360620787,39,18,0.46153846153846156,4.177822300174188,0.10712364872241505,1.1999902750091125,7.139161122163859,20,27,5.507319112562731,2.0377484907011523,10,3,0.3,-2.698573715858771,-0.2698573715858772,0.6220677934113824,5.647898114836264,5,6,-4.5420982740673805,-1.357307975021671
grid_0390,14,14,20,20,0.3,0.6,0.5,60.0,True,,0.45,2.0,122,49,19,0.3877551020408163,0.528701501574508,0.010789826562745082,1.017576883346499,9.588217876565698,25,33,3.63649074800662,0.1561854630627968,4.718681516625711,39,17,0.4358974358974359,5.899713118996037,0.15127469535887278,1.269240787854816,7.139161122163861,20,27,6.84976126982938,2.8989339508120437,10,2,0.2,-5.371011617421528,-0.5371011617421529,0.3423488040786772,7.345332186460178,5,6,-8.895264287102146,-2.6654780398991385
grid_0391,14,14,20,20,0.3,0.6,0.5,60.0,True,,0.45,2.5,122,48,17,0.3541666666666667,-3.2533496728333526,-0.06777811818402815,0.8953631579636157,9.955903737581114,24,32,2.010411798183383,-1.721400364340897,4.892790001830294,38,15,0.39473684210526316,1.6172618845881752,0.04255952327863621,1.0705462137805635,8.159802306351375,19,26,4.745153578872284,0.7203918728416525,10,2,0.2,-4.870611557421527,-0.4870611557421528,0.40362007313172926,7.345332186460178,5,6,-8.381606968434443,-2.4243275783370932
grid_0392,14,14,20,20,0.3,0.6,0.5,60.0,True,,0.6,1.0,122,48,20,0.4166666666666667,-6.875867624009511,-0.14324724216686485,0.7403258318105324,8.237775986598049,25,33,-0.8209002630007095,-3.4344975716024018,4.052345984726835,38,17,0.4473684210526316,-2.6988378832226343,-0.0710220495584904,0.8605520820341993,8.237775986598049,20,27,1.0664953311983616,-1.3839749767428966,10,3,0.3,-4.177029740786877,-0.4177029740786877,0.4137579589358,6.13249238720471,5,6,-7.9930035209571795,-2.0792995807485393
grid_0393,14,14,20,20,0.3,0.6,0.5,60.0,True,,0.6,1.5,122,48,19,0.3958333333333333,-1.77633708021091,-0.03700702250439396,0.9354029825864666,8.138308523757736,25,33,1.8972680799472232,-0.9634978831111196,3.99744550072898,38,16,0.42105263157894735,0.8994924805759694,0.02367085475199919,1.044149787922997,8.138308523757736,20,27,3.7302706294688237,0.38780008406420485,10,3,0.3,-2.6758295607868794,-0.26758295607868793,0.6244499367725092,5.63209232720471,5,6,-5.068141608234859,-1.3460778760405079
grid_0394,14,14,20,20,0.3,0.6,0.5,60.0,True,,0.6,2.0,122,48,18,0.375,-0.8073026029653299,-0.0168188042284444,0.9716883111539976,8.395878066115674,25,33,3.090114331856876,-0.499682132590773,4.122986680138807,38,16,0.42105263157894735,4.591870908015501,0.12083870810567106,1.2254623532184468,8.138308523757736,20,27,6.551013503789739,2.239367784066437,10,2,0.2,-5.39917351098083,-0.5399173510980831,0.33739074846299977,7.37709401873772,5,6,-10.061302521488004,-2.679055999683222
grid_0395,14,14,20,20,0.3,0.6,0.5,60.0,True,,0.6,2.5,122,48,17,0.3541666666666667,-2.1438823386786052,-0.04466421538913762,0.9266608103027514,10.945066214234824,25,33,1.9391713294455046,-1.1691225101627234,5.343493003870137,38,15,0.39473684210526316,2.754891112302227,0.0724971345342691,1.1306621909573027,8.138308523757736,20,27,4.941467956687172,1.300527080575109,10,2,0.2,-4.89877345098083,-0.4898773450980832,0.39880194566778004,7.37709401873772,5,6,-9.469555854072832,-2.437943475628157
grid_0396,14,14,20,20,0.3,0.6,0.5,60.0,True,0.01,0.3,1.0,32,27,18,0.6666666666666666,8.574001361176464,0.3175556059694986,1.9362705555950823,2.0470203491447303,18,20,7.984827435738523,4.345309529052033,1.0208913875289105,21,15,0.7142857142857143,8.659159909508789,0.41234094807184707,2.416447548356744,2.0470203491447303,15,16,10.110099618660948,4.397589959838255,6,3,0.5,-0.0851585483323265,-0.014193091388721102,0.9720270438471783,2.0282258634285806,3,4,0.5463747955100322,-0.05007819702194105
grid_0397,14,14,20,20,0.3,0.6,0.5,60.0,True,0.01,0.3,1.5,32,26,14,0.5384615384615384,7.978155022172899,0.3068521162374192,1.6810174245551348,2.6035447023281133,18,20,10.058887606383713,4.017123910189491,1.3011880859600145,21,11,0.5238095238095238,5.548937411859127,0.26423511485043466,1.573005789539817,2.6035447023281133,15,16,9.6442530672928,2.7725002733682613,5,3,0.6,2.4292176103137715,0.4858435220627543,2.1959866317439767,1.016091221511916,3,4,11.800352670565543,1.2110473458469828
grid_0398,14,14,20,20,0.3,0.6,0.5,60.0,True,0.01,0.3,2.0,32,26,13,0.5,8.592785849739709,0.3304917634515272,1.6744543904493416,2.207826813043736,18,20,11.787972843678727,4.320945145985355,1.1083675386557967,21,10,0.47619047619047616,4.662368059425935,0.22201752663933025,1.4353605903955826,2.207826813043736,15,16,10.223179813473147,2.3085301229690103,5,3,0.6,3.9304177903137716,0.7860835580627544,2.9350786501900905,1.016091221511916,3,4,18.360103570542158,1.9670060947972967
grid_0399,14,14,20,20,0.3,0.6,0.5,60.0,True,0.01,0.3,2.5,32,26,12,0.46153846153846156,7.184816892573178,0.2763391112528145,1.5220528658800452,2.319695702683573,18,20,10.73497208791714,3.5811744497702858,1.1631350730361034,21,10,0.47619047619047616,6.869617152223054,0.3271246262963359,1.6414681425969824,2.319695702683573,15,16,11.835659666676056,3.431033656975213,5,2,0.4,0.3151997403501243,0.06303994807002485,1.103228660780349,2.1743746027440736,3,4,6.112084257129692,0.14516029424302967
grid_0400,14,14,20,20,0.3,0.6,0.5,60.0,True,0.01,0.45,1.0,32,27,19,0.7037037037037037,10.619746593431724,0.3933239479048786,2.3061788039029083,2.041444006151528,18,20,10.67213183213355,5.418140898469037,1.0181174294850326,21,16,0.7619047619047619,10.697721148722081,0.5094152927962896,3.1019764531854244,2.041444006151528,15,16,13.550302755322415,5.467171636043866,6,3,0.5,-0.07797455529035813,-0.012995759215059669,0.9743591602600542,2.0260305005403305,3,4,0.5985336009725263,-0.04648909875389906
grid_0401,14,14,20,20,0.3,0.6,0.5,60.0,True,0.01,0.45,1.5,32,26,15,0.5769230769230769,10.00213475498656,0.3846974905764061,1.9400018321899821,2.59154208797297,18,20,12.910011436064591,5.075314543591514,1.2952511721239346,21,12,0.5714285714285714,7.566871023046287,0.36032719157363263,1.8786879558750924,2.59154208797297,15,16,12.916992825276798,3.814899836728336,5,3,0.6,2.435263731940272,0.4870527463880544,2.200233522677938,1.014999203681156,3,4,12.880689601373328,1.2140980811477187
grid_0402,14,14,20,20,0.3,0.6,0.5,60.0,True,0.01,0.45,2.0,32,26,13,0.5,6.049187312245646,0.23266105047098645,1.4769604045140639,2.2273244420622103,18,20,11.251680891563627,3.0123090736928537,1.1121596035419068,21,11,0.5238095238095238,6.286361481868135,0.29935054675562556,1.652529560784439,2.09114202797297,15,16,13.046421350081115,3.1444900693244016,5,2,0.4,-0.2371741696224885,-0.047434833924497696,0.9222112784932942,2.2273244420622094,3,4,3.7137709657901707,-0.12815129101196865
grid_0403,14,14,20,20,0.3,0.6,0.5,60.0,True,0.01,0.45,2.5,32,25,13,0.52,8.823739331642726,0.35294957326570897,1.7567300229093672,2.2273244420622103,18,20,13.155776620299859,4.441693973093197,1.1121596035418957,20,11,0.55,8.560513441265215,0.42802567206326064,1.9940907907531074,2.041444006151528,15,16,14.904380988526313,4.31727880704591,5,2,0.4,0.26322589037751065,0.052645178075502175,1.086333201935618,2.22732444206221,3,4,6.161359147394049,0.11926611532631082
grid_0404,14,14,20,20,0.3,0.6,0.5,60.0,True,0.01,0.6,1.0,32,25,14,0.56,3.882715748234801,0.1553086299293921,1.39418284118608,3.0824934593884645,17,19,7.290803240067187,1.9309837426633836,1.535727620482552,20,11,0.55,2.9435636301629255,0.14717818150814632,1.3762750703290054,3.0824934593884645,14,15,7.54277529182111,1.459784262317676,5,3,0.6,0.9391521180718756,0.18783042361437513,1.463290646517206,1.0140527628821874,3,4,6.282915033051493,0.4644199509901137
grid_0405,14,14,20,20,0.3,0.6,0.5,60.0,True,0.01,0.6,1.5,32,25,13,0.52,5.979845932033413,0.23919383728133645,1.5501259901065279,2.582093399388464,17,19,10.85747376819879,2.99109506450006,1.2905770031546027,20,10,0.5,3.5394936339615377,0.1769746816980768,1.4002673682480395,2.582093399388464,14,15,10.081585577203214,1.7530996802768373,5,3,0.6,2.440352298071875,0.4880704596143749,2.20384373537338,1.0140527628821874,3,4,13.96102653218109,1.2166660161834653
grid_0406,14,14,20,20,0.3,0.6,0.5,60.0,True,0.01,0.6,2.0,32,24,12,0.5,7.356312181620018,0.3065130075675008,1.6768976642489908,2.3217052077702967,17,19,13.64194883938729,3.691349915565878,1.1661474613030354,19,10,0.5263157894736842,7.639303833742096,0.4020686228285314,1.9765866765143547,2.0387135556482185,14,15,16.292250768766714,3.848080476986704,5,2,0.4,-0.2829916521220779,-0.056598330424415554,0.9070706345701807,2.2739757621355245,3,4,3.570801507745478,-0.1509229257786293
grid_0407,14,14,20,20,0.3,0.6,0.5,60.0,True,0.01,0.6,2.5,32,24,12,0.5,8.907622991765292,0.3711509579902205,1.8196429200220123,2.2739757621355245,17,19,14.320420438302262,4.488558294870537,1.1351150011338795,19,10,0.5263157894736842,8.69021458388737,0.45737971494144053,2.110932090590502,2.0387135556482185,14,15,16.45457475426117,4.387889697510028,5,2,0.4,0.2174084078779226,0.0434816815755845,1.071393008350957,2.2739757621355245,3,4,6.2106340376584,0.0964370461480124
grid_0408,14,14,20,20,0.3,0.6,1.0,60.0,True,,0.3,1.0,66,42,26,0.6190476190476191,9.261517383297816,0.220512318649948,1.5678928653759323,4.089637181236408,22,29,5.365640917740466,4.685009133995477,2.0291922573266175,35,22,0.6285714285714286,8.378046227289289,0.23937274935112254,1.6316262061825562,4.089637181236408,19,25,6.104209553532421,4.232645582088379,7,4,0.5714285714285714,0.8834711560085268,0.12621016514407524,1.2902033958219548,2.0282258634285806,3,4,1.6727977387806896,0.4339941190026231
grid_0409,14,14,20,20,0.3,0.6,1.0,60.0,True,,0.3,1.5,66,41,19,0.4634146341463415,5.152444228515863,0.12566937142721618,1.2349766349455233,5.11133798064877,22,29,4.893916442110999,2.530510335352676,2.529676520275459,34,15,0.4411764705882353,2.2730036939074116,0.06685304982080624,1.1204079177377406,5.11133798064877,19,25,4.256039574118668,1.0799144467343202,7,4,0.5714285714285714,2.8794405346084515,0.41134864780120733,1.944094976461253,2.033856724828659,3,4,7.9921755152166085,1.4350980573719863
grid_0410,14,14,20,20,0.3,0.6,1.0,60.0,True,,0.3,2.0,66,41,17,0.4146341463414634,5.266674996082674,0.12845548770933352,1.2197573988081345,6.124424408634328,22,29,5.211778811708553,2.565762494853163,3.0234058295188104,34,13,0.38235294117647056,0.3856342214742232,0.01134218298453596,1.0184373612457012,6.124424408634328,19,25,3.546566719836736,0.11636344925354258,7,4,0.5714285714285714,4.881040774608451,0.6972915392297787,2.600368550704244,2.033856724828659,3,4,13.299951829371663,2.4465521531264134
grid_0411,14,14,20,20,0.3,0.6,1.0,60.0,True,,0.3,2.5,66,40,16,0.4,5.8387490043940025,0.14596872510985004,1.2435925518220403,6.124424408634328,22,29,5.206752172276007,2.8468901084266918,3.0234058295187993,34,13,0.38235294117647056,3.0537193797030224,0.08981527587361827,1.1459998211033906,6.124424408634328,19,25,4.594449738511182,1.445053535731211,6,3,0.5,2.7850296246909805,0.46417160411516334,1.9121037919355455,2.1743746027440736,3,4,8.676465963610015,1.3818678425771669
grid_0412,14,14,20,20,0.3,0.6,1.0,60.0,True,,0.45,1.0,66,42,27,0.6428571428571429,11.348258073900771,0.27019662080716106,1.7437853364403437,4.07813146846697,22,29,6.988681103453648,5.783035384311064,2.0235270288695206,35,23,0.6571428571428571,10.452712180152478,0.29864891943292776,1.8556289702145399,4.07813146846697,19,25,7.99829378188183,5.319582003121548,7,4,0.5714285714285714,0.8955458937482917,0.1279351276783274,1.294487716612934,2.0260305005403305,3,4,1.9406177113127403,0.44004483532396055
grid_0413,14,14,20,20,0.3,0.6,1.0,60.0,True,,0.45,1.5,66,41,21,0.5121951219512195,9.721303772603905,0.2371049700635099,1.4908916596619421,5.097538936425826,22,29,7.330570048040005,4.898441514781693,2.5229167700247412,34,17,0.5,6.8284783962912305,0.20083759989091854,1.4074755288201757,5.097538936425826,19,25,7.038603114281208,3.4074447507001837,7,4,0.5714285714285714,2.8928253763126746,0.41326076804466777,1.9499154244265755,2.0303512579759477,3,4,8.74869515486845,1.4418659775184528
grid_0414,14,14,20,20,0.3,0.6,1.0,60.0,True,,0.45,2.0,66,40,18,0.45,6.784715194529244,0.16961787986323107,1.3106394026213957,6.109428511686492,22,29,6.187668610496272,3.354632415944292,3.016096991760886,34,15,0.4411764705882353,5.047568795113082,0.14845790573862006,1.2685994907603753,6.109428511686492,19,25,6.13740061306447,2.4756537115271815,6,3,0.5,1.737146399416161,0.28952439990269346,1.569751746978384,2.2273244420622094,3,4,6.472520595943151,0.8577439348583793
grid_0415,14,14,20,20,0.3,0.6,1.0,60.0,True,,0.45,2.5,66,39,17,0.4358974358974359,7.421232656869266,0.1902880168428017,1.3399099071048297,6.109428511686492,21,28,6.250580924966115,3.67242744372831,3.016096991760886,33,14,0.42424242424242425,4.683286137453105,0.14191776174100318,1.2493233276476055,6.109428511686492,18,24,5.683727830403732,2.2833155046257936,6,3,0.5,2.7379465194161616,0.4563244199026936,1.8979955938630324,2.22732444206221,3,4,9.36827294505922,1.358102181425358
grid_0416,14,14,20,20,0.3,0.6,1.0,60.0,True,,0.6,1.0,66,40,21,0.525,3.3292916292173342,0.08323229073043334,1.1926948691388444,4.069360260959028,22,29,3.6947844763679627,1.6314273086968312,2.019208064197009,33,17,0.5151515151515151,2.4275159498727663,0.0735610893900838,1.1705207141338914,4.069360260959028,19,25,3.8049363534204903,1.183029435382732,7,4,0.5714285714285714,0.9017756793445679,0.12882509704922399,1.296477711114697,2.0275778404912366,3,4,3.1754970559774764,0.44315521665660995
grid_0417,14,14,20,20,0.3,0.6,1.0,60.0,True,,0.6,1.5,66,40,18,0.45,3.9252216330159344,0.09813054082539838,1.1931140581039115,6.097833111776383,22,29,4.6012511942105,1.9125822318472485,3.0104452120276237,33,14,0.42424242424242425,1.0218457136713694,0.03096502162640515,1.0591199015800374,6.097833111776383,19,25,3.5610164911144837,0.4587417044128239,7,4,0.5714285714285714,2.9033759193445654,0.41476798847779506,1.9545458663272515,2.027577840491237,3,4,9.50521479452029,1.4472016101019447
grid_0418,14,14,20,20,0.3,0.6,1.0,60.0,True,,0.6,2.0,66,39,17,0.4358974358974359,7.127324129654125,0.1827519007603622,1.3507137935818012,6.097833111776383,22,29,6.770356563731161,3.53814526127465,3.0104452120276237,33,14,0.42424242424242425,5.4323952740193135,0.16461803860664587,1.3144274265169982,6.097833111776383,19,25,6.751516840914575,2.6791878949695036,6,3,0.5,1.6949288556348123,0.2824881426058021,1.5565841317993594,2.2739757621355245,3,4,6.873975039222382,0.8365447603498888
grid_0419,14,14,20,20,0.3,0.6,1.0,60.0,True,,0.6,2.5,66,39,16,0.41025641025641024,7.369429489013756,0.18895973048753215,1.3502589520367638,6.097833111776383,22,29,6.521032474097262,3.6496191094724573,3.0104452120276237,33,13,0.3939393939393939,4.673700513378943,0.14162728828421034,1.2597263264750633,6.097833111776383,19,25,5.877569300931594,2.2823169319593495,6,3,0.5,2.695728975634813,0.44928816260580207,1.8852288793609122,2.2739757621355245,3,4,10.060079926508438,1.3367923396012449
grid_0420,14,14,20,20,0.3,0.6,1.0,60.0,True,0.01,0.3,1.0,31,27,18,0.6666666666666666,8.57621169687582,0.31763747025466,1.9367380182631075,2.0470203491447303,18,20,7.89612533171911,4.34646861978607,1.0208913875289105,21,15,0.7142857142857143,8.661370245208145,0.41244620215276884,2.4173215603675913,2.0470203491447303,15,16,9.996054056350275,4.398749631314858,6,3,0.5,-0.0851585483323265,-0.014193091388721102,0.9720270438471783,2.0282258634285806,3,4,0.5463747955100322,-0.05007819702194105
grid_0421,14,14,20,20,0.3,0.6,1.0,60.0,True,0.01,0.3,1.5,31,26,14,0.5384615384615384,7.980365357872255,0.3069371291489329,1.681334650101877,2.6035447023281133,18,20,9.966773882978938,4.018279355365206,1.3011880859600145,21,11,0.5238095238095238,5.551147747558483,0.2643403689313564,1.5733649072978646,2.6035447023281133,15,16,9.530207504982124,2.773641892989853,5,3,0.6,2.4292176103137715,0.4858435220627543,2.1959866317439767,1.016091221511916,3,4,11.800352670565543,1.2110473458469828
grid_0422,14,14,20,20,0.3,0.6,1.0,60.0,True,0.01,0.3,2.0,31,26,13,0.5,8.594996185439065,0.3305767763630409,1.6747449435477348,2.20561647734438,18,20,11.695859120273951,4.322103966074398,1.1072690285706344,21,10,0.47619047619047616,4.664578395125291,0.22212278072025196,1.4356569039106142,2.20561647734438,15,16,10.109134251162473,2.309666588707704,5,3,0.6,3.9304177903137716,0.7860835580627544,2.9350786501900905,1.016091221511916,3,4,18.360103570542158,1.9670060947972967
grid_0423,14,14,20,20,0.3,0.6,1.0,60.0,True,0.01,0.3,2.5,31,26,12,0.46153846153846156,7.187027228272534,0.2764241241643282,1.5222973532958466,2.317485366984217,18,20,10.642858364512364,3.5823250523231653,1.1620371713208066,21,10,0.47619047619047616,6.87182748792241,0.3272298803772576,1.6418070046212012,2.317485366984217,15,16,11.721614104365381,3.43218259173097,5,2,0.4,0.3151997403501243,0.06303994807002485,1.103228660780349,2.1743746027440736,3,4,6.112084257129692,0.14516029424302967
grid_0424,14,14,20,20,0.3,0.6,1.0,60.0,True,0.01,0.45,1.0,31,27,19,0.7037037037037037,10.621181824903665,0.39337710462606157,2.3065859779369626,2.041444006151528,18,20,10.599690312435154,5.418901257790321,1.0181174294850326,21,16,0.7619047619047619,10.699156380194022,0.5094836371520962,3.1028514762693984,2.041444006151528,15,16,13.457163658567335,5.467932349013749,6,3,0.5,-0.07797455529035813,-0.012995759215059669,0.9743591602600542,2.0260305005403305,3,4,0.5985336009725263,-0.04648909875389906
grid_0425,14,14,20,20,0.3,0.6,1.0,60.0,True,0.01,0.45,1.5,31,26,15,0.5769230769230769,10.003569986458498,0.3847526917868652,1.940263541197765,2.59154208797297,18,20,12.834783704070105,5.076072430176981,1.2952511721239346,21,12,0.5714285714285714,7.568306254518226,0.3603955359294393,1.879001116628587,2.59154208797297,15,16,12.823853728521717,3.815648632202362,5,3,0.6,2.435263731940272,0.4870527463880544,2.200233522677938,1.014999203681156,3,4,12.880689601373328,1.2140980811477187
grid_0426,14,14,20,20,0.3,0.6,1.0,60.0,True,0.01,0.45,2.0,31,26,13,0.5,6.050622543717587,0.23271625168144564,1.4771275617746609,2.2273244420622103,18,20,11.176453159569139,3.013052080245071,1.1121596035419068,21,11,0.5238095238095238,6.287796713340076,0.29941889111143216,1.6527757883842267,2.09114202797297,15,16,12.953282253326037,3.1452340292709158,5,2,0.4,-0.2371741696224885,-0.047434833924497696,0.9222112784932942,2.2273244420622094,3,4,3.7137709657901707,-0.12815129101196865
grid_0427,14,14,20,20,0.3,0.6,1.0,60.0,True,0.01,0.45,2.5,31,25,13,0.52,8.825174563114663,0.3530069825245865,1.756946279188635,2.2273244420622103,18,20,13.077539779025592,4.4424472895041145,1.1121596035418957,20,11,0.55,8.561948672737152,0.4280974336368576,1.9944231941874777,2.041444006151528,15,16,14.80658493693348,4.318031226075858,5,2,0.4,0.26322589037751065,0.052645178075502175,1.086333201935618,2.22732444206221,3,4,6.161359147394049,0.11926611532631082
grid_0428,14,14,20,20,0.3,0.6,1.0,60.0,True,0.01,0.6,1.0,31,25,14,0.56,3.8836223275895914,0.15534489310358374,1.3943111710252394,3.0824934593884645,17,19,7.230127829859616,1.9314481402584738,1.535727620482552,20,11,0.55,2.944470209517716,0.14722351047588586,1.37643458235006,3.0824934593884645,14,15,7.466931029061646,1.4602465131277498,5,3,0.6,0.9391521180718756,0.18783042361437513,1.463290646517206,1.0140527628821874,3,4,6.282915033051493,0.4644199509901137
grid_0429,14,14,20,20,0.3,0.6,1.0,60.0,True,0.01,0.6,1.5,31,25,13,0.52,5.980752511388204,0.23923010045552806,1.5502552849527143,2.582093399388464,17,19,10.79679835799122,2.991564291962656,1.2905770031546027,20,10,0.5,3.540400213316328,0.17702001066581635,1.4004109404528924,2.582093399388464,14,15,10.00574131444375,1.7535632674321011,5,3,0.6,2.440352298071875,0.4880704596143749,2.20384373537338,1.0140527628821874,3,4,13.96102653218109,1.2166660161834653
grid_0430,14,14,20,20,0.3,0.6,1.0,60.0,True,0.01,0.6,2.0,31,24,12,0.5,7.35721876097481,0.3065507817072837,1.6770375622403901,2.3217052077702967,17,19,13.578745287087736,3.6918223333897826,1.1661474613030465,19,10,0.5263157894736842,7.640210413096888,0.4021163375314151,1.9768157785960236,2.0387135556482185,14,15,16.21241470270412,3.848553608875105,5,2,0.4,-0.2829916521220779,-0.056598330424415554,0.9070706345701807,2.2739757621355245,3,4,3.570801507745478,-0.1509229257786293
grid_0431,14,14,20,20,0.3,0.6,1.0,60.0,True,0.01,0.6,2.5,31,24,12,0.5,8.908529571120084,0.37118873213000353,1.8197947267750434,2.2739757621355245,17,19,14.257216886002709,4.489034344776099,1.1351150011338795,19,10,0.5263157894736842,8.691121163242162,0.4574274296443243,2.111176764371805,2.0387135556482185,14,15,16.37473868819858,4.388365288769447,5,2,0.4,0.2174084078779226,0.0434816815755845,1.071393008350957,2.2739757621355245,3,4,6.2106340376584,0.0964370461480124
grid_0432,14,14,20,20,0.4,0.4,0.5,50.0,True,,0.3,1.0,88,45,28,0.6222222222222222,10.140259005839955,0.22533908901866567,1.584213141842904,4.1034854104472105,23,30,5.654710342805651,5.142094700503552,2.0384421648973694,36,23,0.6388888888888888,9.312077411873224,0.25866881699647837,1.702015422987714,4.1034854104472105,18,24,5.949541067300559,4.719427964320988,9,5,0.5555555555555556,0.8281815939667319,0.09202017710741461,1.2023732932154192,3.103972118414209,5,6,4.475387444826019,0.40361826300903125
grid_0433,14,14,20,20,0.4,0.4,0.5,50.0,True,,0.3,1.5,88,44,24,0.5454545454545454,14.56901151215441,0.3311138980035093,1.731955140887664,4.789187978372182,23,30,8.550811836648116,7.46153128953746,2.376948033996773,35,20,0.5714285714285714,13.740829918187682,0.39259514051964806,1.9293385975852178,4.789187978372182,18,24,9.018185826735461,7.03626740971699,9,4,0.4444444444444444,0.8281815939667283,0.09202017710741428,1.161797203020467,2.6035720584142092,5,6,6.733246319641766,0.3973082116107918
grid_0434,14,14,20,20,0.4,0.4,0.5,50.0,True,,0.3,2.0,88,41,19,0.4634146341463415,11.24572398175973,0.27428595077462753,1.5128456754115198,5.102346426007403,23,30,5.307541316516492,5.670843727979236,2.5252718835420573,32,15,0.46875,8.415942147793,0.26299819211853126,1.5006674289659587,5.102346426007403,18,24,3.584477135903291,4.21352974121505,9,4,0.4444444444444444,2.829781833966729,0.31442020377408103,1.5528386397734144,2.1031719984142088,5,6,11.433991736474539,1.3983923108477514
grid_0435,14,14,20,20,0.4,0.4,0.5,50.0,True,,0.3,2.5,88,41,18,0.43902439024390244,12.204779499647254,0.29767754877188424,1.5317903809788167,5.102346426007403,23,30,5.5392718709251,6.1556937881213525,2.5252718835420906,32,15,0.46875,12.489815655644172,0.3903067392388804,1.743023630956161,5.102346426007403,18,24,5.498011356097146,6.332821978132186,9,3,0.3333333333333333,-0.28503615599691745,-0.03167068399965753,0.9535840653174346,3.209431387335964,5,6,5.685975923646717,-0.16657903619566872
grid_0436,14,14,20,20,0.4,0.4,0.5,50.0,True,,0.45,1.0,88,44,30,0.6818181818181818,15.275757927389467,0.3471763165315788,2.071197496704243,3.060441760008996,23,30,8.684127119918982,7.878376946221821,1.5224289136805846,36,25,0.6944444444444444,13.402808096992887,0.3723002249164691,2.196185587352592,3.060441760008996,18,24,9.109012624362947,6.88348120725375,8,5,0.625,1.8729498303965804,0.23411872879957257,1.6129109528616001,2.0664768345834768,5,6,6.772142349921142,0.9308227311934925
grid_0437,14,14,20,20,0.4,0.4,0.5,50.0,True,,0.45,1.5,88,41,24,0.5853658536585366,16.10738087349161,0.39286294813394174,1.9708662251498639,3.060441760008996,23,30,8.703505025086866,8.300620721845299,1.5224289136806068,33,20,0.6060606060606061,14.234431043095029,0.4313463952453039,2.1377105316290765,3.060441760008996,18,24,8.522867801134453,7.308566687334062,8,4,0.5,1.8729498303965806,0.23411872879957257,1.4591394222994034,2.035428198194885,5,6,9.448633573890572,0.9244872661488213
grid_0438,14,14,20,20,0.4,0.4,0.5,50.0,True,,0.45,2.0,88,40,20,0.5,10.303062168629094,0.2575765542157273,1.524575020811027,5.090527890512728,23,30,5.787037254816676,5.190437840897677,2.519482127678352,32,17,0.53125,10.602150179795274,0.33131719311860225,1.7290932397941423,5.090527890512728,18,24,5.973339390407027,5.365974474221513,8,3,0.375,-0.2990880111661802,-0.03738600139577253,0.9413463583508717,3.2571956910133952,5,6,5.04182871245527,-0.1665970767126046
grid_0439,14,14,20,20,0.4,0.4,0.5,50.0,True,,0.45,2.5,88,40,20,0.5,14.891694611881208,0.37229236529703025,1.758202841357646,5.090527890512728,23,30,7.6518795545067935,7.602788075405731,2.519482127678352,32,17,0.53125,14.18998250304739,0.44343695322023097,1.975822841623697,5.090527890512728,18,24,7.591326790193024,7.250296939137679,8,3,0.375,0.7017121088338192,0.0877140136042274,1.137611569289966,3.2571956910133952,5,6,7.894090611761868,0.3286621541645607
grid_0440,14,14,20,20,0.4,0.4,0.5,50.0,True,,0.6,1.0,88,43,26,0.6046511627906976,8.842467183654795,0.20563877171290226,1.5296068309156003,3.0541364845912033,23,30,6.763707245002278,4.465833291518395,1.5193083171497923,35,22,0.6285714285714286,8.958561693830763,0.25595890553802186,1.7095816831181814,3.0541364845912033,18,24,7.444151514344277,4.537016192487764,8,4,0.5,-0.1160945101759665,-0.014511813771995785,0.9714836437989522,2.0598187973042705,5,6,3.7867635666310253,-0.06809348837574225
grid_0441,14,14,20,20,0.4,0.4,0.5,50.0,True,,0.6,1.5,88,41,21,0.5121951219512195,7.685552764610835,0.1874525064539228,1.3895258606572278,5.0812768531577746,23,30,6.081955622760916,3.8413413751705816,2.5149499720796276,33,17,0.5151515151515151,5.800047034786801,0.17575900105414552,1.3703880937469561,5.0812768531577746,18,24,5.121913944946864,2.883671514891062,8,4,0.5,1.8855057298240332,0.23568821622800415,1.4631377739505704,2.0319652776367736,5,6,10.042127543743883,0.9308278429205341
grid_0442,14,14,20,20,0.4,0.4,0.5,50.0,True,,0.6,2.0,88,41,20,0.4878048780487805,10.568378344302815,0.25776532547080044,1.5093529969187272,5.0812768531577746,23,30,7.970981166986944,5.324396381327623,2.5149499720796165,33,17,0.5151515151515151,10.905816504672737,0.330479288020386,1.6964399705197062,5.0812768531577746,18,24,8.690059948407178,5.520266544314145,8,3,0.375,-0.3374381603699197,-0.04217977004624,0.9336959645220343,3.299959617458983,5,6,5.0047811936284825,-0.1856232640430555
grid_0443,14,14,20,20,0.4,0.4,0.5,50.0,True,,0.6,2.5,88,41,19,0.4634146341463415,7.299509103716896,0.1780368074077292,1.3400459805533849,5.0812768531577746,23,30,5.815527270496755,3.6174795124617187,2.5149499720796165,33,16,0.48484848484848486,8.636933404995876,0.2617252546968447,1.5273823478052064,5.0812768531577746,18,24,6.6708277113867265,4.328594671602648,8,3,0.375,-1.3374243012789784,-0.1671780376598723,0.7372062832968203,3.299959617458983,5,6,2.2874129518256243,-0.681610982472558
grid_0444,14,14,20,20,0.4,0.4,0.5,50.0,True,0.01,0.3,1.0,24,19,13,0.6842105263157895,6.707023218007265,0.35300122200038236,2.098690393410812,2.0822080577469433,14,14,9.443032824209023,3.386054567721941,1.0407507639560443,15,10,0.6666666666666666,4.763955902911011,0.3175970601940674,1.936225529718196,2.0822080577469433,11,11,8.884515743665515,2.3915371723895573,4,3,0.75,1.943067315096254,0.4857668287740635,2.912296134401223,1.016091221511916,3,3,11.537471876247178,0.9712886658376441
grid_0445,14,14,20,20,0.4,0.4,0.5,50.0,True,0.01,0.3,1.5,24,19,10,0.5263157894736842,5.098000900357601,0.26831583686092636,1.5887407466014423,4.083808297746941,14,14,10.646114593865638,2.545170170424127,2.02632242706261,15,7,0.4666666666666667,1.6537334052613473,0.11024889368408981,1.2163703142191373,4.083808297746941,11,11,8.221835685238355,0.8039443618879094,4,3,0.75,3.4442674950962533,0.8610668737740633,4.389722716008979,1.016091221511916,3,3,19.737160501217943,1.7273389643218007
grid_0446,14,14,20,20,0.4,0.4,0.5,50.0,True,0.01,0.3,2.0,24,19,10,0.5263157894736842,6.713431847924409,0.353338518311811,1.775298191518105,4.083808297746941,14,14,12.871741361917172,3.3658543413117803,2.02632242706261,15,7,0.4666666666666667,1.7679641728281554,0.1178642781885437,1.2313159801851807,4.083808297746941,11,11,8.854379291444761,0.8573761134103908,4,3,0.75,4.945467675096253,1.2363669187740634,5.867149297616736,1.016091221511916,3,3,27.936849126188708,2.4871539639110596
grid_0447,14,14,20,20,0.4,0.4,0.5,50.0,True,0.01,0.3,2.5,24,19,9,0.47368421052631576,3.8042627107578815,0.2002243531977832,1.3929441787410528,4.083808297746941,14,14,9.785115910142949,1.8738357306771647,2.026322427062588,15,7,0.4666666666666667,2.474013085625275,0.16493420570835168,1.323693641923138,4.083808297746941,11,11,9.027326823668233,1.209884039099074,4,2,0.5,1.3302496251326061,0.3325624062831515,1.652606780464946,1.1593247179615915,3,3,12.626824984423129,0.6560146747343065
grid_0448,14,14,20,20,0.4,0.4,0.5,50.0,True,0.01,0.45,1.0,24,19,14,0.7368421052631579,8.738289969665818,0.4599099984034641,2.7191230851073023,2.0729512729962822,14,14,13.08059789063712,4.441469692669253,1.0361595271253021,15,11,0.7333333333333333,6.790234024415845,0.4526822682943897,2.66918510301031,2.0729512729962822,11,11,13.213279727666123,3.4342267600437237,4,3,0.75,1.9480559452499726,0.48701398631249315,2.919268446896161,1.014999203681156,3,3,12.583041001778362,0.973800418078441
grid_0449,14,14,20,20,0.4,0.4,0.5,50.0,True,0.01,0.45,1.5,24,19,11,0.5789473684210527,7.108640023990022,0.37413894863105374,1.9365143190670606,4.0745515129962815,14,14,14.239982543575557,3.5814896995028267,2.0217644062870743,15,8,0.5333333333333333,3.6593838987400487,0.2439589265826699,1.5565153625194932,4.0745515129962815,11,11,12.30885655487044,1.8201391308779957,4,3,0.75,3.4492561252499727,0.8623140313124932,4.398284562924146,1.014999203681156,3,3,21.481705001219748,1.7298646256619366
grid_0450,14,14,20,20,0.4,0.4,0.5,50.0,True,0.01,0.45,2.0,24,19,10,0.5263157894736842,4.156492701249113,0.21876277374995332,1.482724205422634,4.0745515129962815,14,14,11.887926820502434,2.062390145567905,2.0217644062870743,15,8,0.5333333333333333,3.3796744775619003,0.22531163183746006,1.5139774396793475,4.0745515129962815,11,11,12.385225517505535,1.675235836679012,4,2,0.5,0.7768182236872125,0.19420455592180313,1.3817362131342217,1.2133320487525086,3,3,10.023056706740801,0.38077542255303687
grid_0451,14,14,20,20,0.4,0.4,0.5,50.0,True,0.01,0.45,2.5,24,19,10,0.5263157894736842,5.43512121680907,0.2860590114110036,1.6312207813985558,4.0745515129962815,14,14,12.527457552619426,2.709525658129608,2.0217644062870743,15,8,0.5333333333333333,4.157902933121857,0.27719352887479043,1.6323296276577812,4.0745515129962815,11,11,12.379435050985768,2.067060850935998,4,2,0.5,1.2772182836872117,0.319304570921803,1.6276377871856718,1.2133320487525088,3,3,13.082541933745649,0.6294536178835353
grid_0452,14,14,20,20,0.4,0.4,0.5,50.0,True,0.01,0.6,1.0,24,18,10,0.5555555555555556,2.2419213261125766,0.124551184784032,1.2972194427567822,4.06721193006086,13,13,7.750854895386104,1.105787171030359,2.018150306402222,14,7,0.5,0.28968819403366175,0.020692013859547245,1.0443699297252345,4.06721193006086,10,10,6.071496257693697,0.1286280786344518,4,3,0.75,1.9522331320789148,0.4880582830197287,2.9251790474197694,1.0140527628821874,3,3,13.628610127309534,0.9759038060808134
grid_0453,14,14,20,20,0.4,0.4,0.5,50.0,True,0.01,0.6,1.5,24,18,10,0.5555555555555556,4.839451569911185,0.26885842055062137,1.6415832179764949,4.06721193006086,13,13,12.27098336886067,2.4180727073541464,2.018150306402211,14,7,0.5,1.3860182578322708,0.09900130413087647,1.212288708910117,4.06721193006086,10,10,9.14090733104328,0.6744123208983099,4,3,0.75,3.4534333120789142,0.8633583280197286,4.405575566170154,1.0140527628821874,3,3,23.22624950122153,1.731979701950448
grid_0454,14,14,20,20,0.4,0.4,0.5,50.0,True,0.01,0.6,2.0,24,18,9,0.5,3.694347747288842,0.20524154151604676,1.4315280584430585,4.06721193006086,13,13,12.50707677680227,1.8278006508238187,2.0181503064022,14,7,0.5,2.9642583854038804,0.21173274181456286,1.454018972663151,4.06721193006086,10,10,13.155250649980914,1.4651357446477054,4,2,0.5,0.7300893618849613,0.18252234047124036,1.3592689181205888,1.2608947481284853,3,3,10.238468220677014,0.35742809933141384
grid_0455,14,14,20,20,0.4,0.4,0.5,50.0,True,0.01,0.6,2.5,24,18,9,0.5,4.874525932849772,0.2708069962694318,1.5693818924265277,4.06721193006086,13,13,12.874352908595107,2.4234439587961454,2.0181503064022,14,7,0.5,3.64403651096481,0.26028832221177217,1.55813680791185,4.06721193006086,10,10,12.68466548731709,1.8064485946639008,4,2,0.5,1.2304894218849618,0.3076223554712404,1.6055102655078761,1.2608947481284851,3,3,13.538258883068167,0.6060474288704043
grid_0456,14,14,20,20,0.4,0.4,1.0,50.0,True,,0.3,1.0,45,34,23,0.6764705882352942,11.422990536418514,0.3359703098946622,2.019461589619373,3.0655339520921094,19,24,7.872539891920701,5.833234154961864,1.5249491921911273,28,18,0.6428571428571429,7.5185538824552935,0.26851978151626044,1.737920956374699,3.0655339520921094,16,20,6.859557817071954,3.794781200221675,6,5,0.8333333333333334,3.9044366539632236,0.6507394423272038,4.842604454503138,1.016091221511916,3,4,12.599789574548188,1.963926250596315
grid_0457,14,14,20,20,0.4,0.4,1.0,50.0,True,,0.3,1.5,45,34,19,0.5588235294117647,11.458522740821664,0.33701537473004894,1.774967132207989,3.643787231606198,19,24,9.858824599544263,5.826816363102161,1.814408567950876,28,15,0.5357142857142857,7.554086086858446,0.269788788816373,1.5927826573439352,3.643787231606198,16,20,8.545734609424075,3.7950102111003803,6,4,0.6666666666666666,3.90443665396322,0.6507394423272034,2.911704823850297,1.0262934632216996,3,4,15.986577886771807,1.9575181387519347
grid_0458,14,14,20,20,0.4,0.4,1.0,50.0,True,,0.3,2.0,45,33,16,0.48484848484848486,9.081661618722693,0.27520186723402096,1.5400566167840828,4.156473599591753,19,24,5.771299785841211,4.560237080200191,2.069114556615048,27,12,0.4444444444444444,3.175624724759471,0.11761573054664708,1.2149505706427886,4.156473599591753,16,20,1.934322846690154,1.54026762380588,6,4,0.6666666666666666,5.90603689396322,0.9843394823272034,3.891735792042298,1.0262934632216991,3,4,23.03769601202097,2.974159441437485
grid_0459,14,14,20,20,0.4,0.4,1.0,50.0,True,,0.3,2.5,45,33,15,0.45454545454545453,8.039116896610217,0.24360960292758227,1.450663544194984,4.078620380077668,19,24,5.254705860697588,4.005452847780933,2.023767879534011,27,12,0.4444444444444444,5.247897992610642,0.19436659231891262,1.355217875522821,4.078620380077668,16,20,3.218935542457223,2.584789052093428,6,3,0.5,2.791218903999574,0.4652031506665957,1.9107770425770676,2.185618181183291,3,4,14.415672292779234,1.3848678822803606
grid_0460,14,14,20,20,0.4,0.4,1.0,50.0,True,,0.45,1.0,45,34,24,0.7058823529411765,13.489932707110373,0.3967627266797168,2.3263129939314307,3.057518636711813,19,24,10.207612456970892,6.932677263504128,1.5209822901468217,28,19,0.6785714285714286,9.576155093371751,0.34200553904899106,2.0458881281072867,3.057518636711813,16,20,9.419462811100297,4.868168199166267,6,5,0.8333333333333334,3.913777613738622,0.652296268956437,4.855941560884284,1.014999203681156,3,4,13.885644137700334,1.9686708557900445
grid_0461,14,14,20,20,0.4,0.4,1.0,50.0,True,,0.45,1.5,45,33,18,0.5454545454545454,9.617095344954182,0.2914271316652782,1.6608133992135954,3.625570447955946,19,24,7.872958792240459,4.862028306377186,1.8054587799457567,27,14,0.5185185185185185,5.703317731215559,0.21123399004502075,1.4557190383195688,3.625570447955946,16,20,5.743772056517693,2.8439520371455584,6,4,0.6666666666666666,3.913777613738622,0.652296268956437,2.9199924544994533,1.0234346477471576,3,4,17.454299102992906,1.9622702446350448
grid_0462,14,14,20,20,0.4,0.4,1.0,50.0,True,,0.45,2.0,45,33,16,0.48484848484848486,5.791806662307685,0.17550929279720257,1.3492138533076519,4.137059963216609,19,24,4.904521943428346,2.867973570124649,2.0596067586485023,27,13,0.48148148148148145,4.0500668901318235,0.15000247741228975,1.2994088797377303,4.137059963216609,16,20,3.421402533580014,1.990886080276244,6,3,0.5,1.7417397721758614,0.29028996202931023,1.569494629081461,2.236766696499666,3,4,11.578559287745838,0.8599665357923003
grid_0463,14,14,20,20,0.4,0.4,1.0,50.0,True,,0.45,2.5,45,33,16,0.48484848484848486,9.795007142307684,0.296818398251748,1.59058466326263,4.069408211972478,19,24,7.312880231614999,4.924512911086643,2.019231747159378,27,13,0.48148148148148145,7.052467250131824,0.26120249074562313,1.5213670233185395,4.069408211972478,16,20,5.5198369156432285,3.516360806061858,6,3,0.5,2.7425398921758606,0.45708998202931017,1.8967250812012246,2.2367666964996666,3,4,15.381575153487967,1.360318401902605
grid_0464,14,14,20,20,0.4,0.4,1.0,50.0,True,,0.6,1.0,45,34,20,0.5882352941176471,6.00431714362829,0.1765975630478909,1.4401117849427505,4.111996056775691,19,24,7.001074306078814,3.005293751929239,2.042498931872616,28,16,0.5714285714285714,4.084461629368726,0.14587362962031167,1.3518811247807034,4.111996056775691,16,20,6.233832725296383,2.0288691568647543,6,4,0.6666666666666666,1.9198555142595635,0.31997591904326056,1.943322861067388,1.0211523545759118,3,4,10.58153501639682,0.9570081518430529
grid_0465,14,14,20,20,0.4,0.4,1.0,50.0,True,,0.6,1.5,45,33,17,0.5151515151515151,6.143899710536052,0.18617877910715308,1.3920178698931762,4.622501200120057,19,24,7.164128391261105,3.060258120666659,2.2949530861826384,27,13,0.48148148148148145,2.2224439562764893,0.08231273912135144,1.1629681049760405,4.622501200120057,16,20,4.551263518382692,1.072984924507825,6,4,0.6666666666666666,3.921455754259563,0.6535759590432605,2.9268110720738187,1.0211523545759116,3,4,18.922020319213964,1.9661764195874287
grid_0466,14,14,20,20,0.4,0.4,1.0,50.0,True,,0.6,2.0,45,33,16,0.48484848484848486,7.025125050228036,0.21288257727963744,1.4209031064232769,4.122101140120053,19,24,8.42378107597959,3.5001102277252283,2.052278502810756,27,13,0.48148148148148145,5.326613186162426,0.19728196985786767,1.3905916522383992,4.122101140120053,16,20,7.583386088628368,2.6397095065372467,6,3,0.5,1.6985118640656096,0.2830853106776016,1.5562862999134934,2.2820471027043974,3,4,12.205558519060096,0.8382727555684921
grid_0467,14,14,20,20,0.4,0.4,1.0,50.0,True,,0.6,2.5,45,33,15,0.45454545454545453,5.5028909082705,0.16675426994759093,1.3161089873507827,4.062224680528576,19,24,6.929554948276586,2.708912613687442,2.0156944295042,27,12,0.4444444444444444,4.804365185113949,0.17793945130051667,1.3346846271909878,4.062224680528576,16,20,6.56225585604406,2.3637449376620268,6,3,0.5,0.6985257231565514,0.11642095385942523,1.228776906508641,2.282047102704397,3,4,8.582400863322952,0.3371971944125418
grid_0468,14,14,20,20,0.4,0.4,1.0,50.0,True,0.01,0.3,1.0,23,19,13,0.6842105263157895,6.709233553706621,0.35311755545824325,2.0994505611027927,2.0822080577469433,14,14,9.316982465865648,3.3872030028401,1.0407507639560443,15,10,0.6666666666666666,4.766166238610367,0.3177444159073578,1.9370669551171635,2.0822080577469433,11,11,8.724851956430571,2.3926745601889454,4,3,0.75,1.943067315096254,0.4857668287740635,2.912296134401223,1.016091221511916,3,3,11.537471876247178,0.9712886658376441
grid_0469,14,14,20,20,0.4,0.4,1.0,50.0,True,0.01,0.3,1.5,23,19,10,0.5263157894736842,5.100211236056958,0.2684321703187872,1.5891463917914739,4.083808297746941,14,14,10.52006423552226,2.5463092648126517,2.02632242706261,15,7,0.4666666666666667,1.6559437409607036,0.11039624939738024,1.216722183895094,4.083808297746941,11,11,8.062171898003411,0.8050641143557913,4,3,0.75,3.4442674950962533,0.8610668737740633,4.389722716008979,1.016091221511916,3,3,19.737160501217943,1.7273389643218007
grid_0470,14,14,20,20,0.4,0.4,1.0,50.0,True,0.01,0.3,2.0,23,19,10,0.5263157894736842,6.715642183623765,0.35345485176967184,1.7757514694829344,4.083808297746941,14,14,12.745691003573794,3.3670025520412983,2.02632242706261,15,7,0.4666666666666667,1.7701745085275116,0.1180116339018341,1.2316721733196916,4.083808297746941,11,11,8.694715504209817,0.8584964594099853,4,3,0.75,4.945467675096253,1.2363669187740634,5.867149297616736,1.016091221511916,3,3,27.936849126188708,2.4871539639110596
grid_0471,14,14,20,20,0.4,0.4,1.0,50.0,True,0.01,0.3,2.5,23,19,9,0.47368421052631576,3.8064730464572376,0.20034068665564408,1.393262269808415,4.083808297746941,14,14,9.659065551799571,1.8749673677345813,2.026322427062588,15,7,0.4666666666666667,2.4762234213246312,0.16508156142164207,1.3240765579211726,4.083808297746941,11,11,8.86766303643329,1.2110083008345374,4,2,0.5,1.3302496251326061,0.3325624062831515,1.652606780464946,1.1593247179615915,3,3,12.626824984423129,0.6560146747343065
grid_0472,14,14,20,20,0.4,0.4,1.0,50.0,True,0.01,0.45,1.0,23,19,14,0.7368421052631579,8.739725201137757,0.45998553690198724,2.719891072305448,2.0729512729962822,14,14,12.977654678434137,4.44222300746242,1.0361595271253021,15,11,0.7333333333333333,6.791669255887784,0.4527779503925189,2.6701271523507617,2.0729512729962822,11,11,13.08288499220901,3.434972809801251,4,3,0.75,1.9480559452499726,0.48701398631249315,2.919268446896161,1.014999203681156,3,3,12.583041001778362,0.973800418078441
grid_0473,14,14,20,20,0.4,0.4,1.0,50.0,True,0.01,0.45,1.5,23,19,11,0.5789473684210527,7.110075255461959,0.37421448712957683,1.9368805480291955,4.0745515129962815,14,14,14.137039331372574,3.5822368114376335,2.0217644062870743,15,8,0.5333333333333333,3.660819130211987,0.24405460868079915,1.5568551750178898,4.0745515129962815,11,11,12.178461819413327,1.8208735385542019,4,3,0.75,3.4492561252499727,0.8623140313124932,4.398284562924146,1.014999203681156,3,3,21.481705001219748,1.7298646256619366
grid_0474,14,14,20,20,0.4,0.4,1.0,50.0,True,0.01,0.45,2.0,23,19,10,0.5263157894736842,4.157927932721051,0.21883831224847639,1.4829713930771502,4.0745515129962815,14,14,11.78498360829945,2.0631263005506995,2.0217644062870743,15,8,0.5333333333333333,3.3811097090338387,0.22540731393558927,1.514307965460642,4.0745515129962815,11,11,12.254830782048424,1.675969199197569,4,2,0.5,0.7768182236872125,0.19420455592180313,1.3817362131342217,1.2133320487525086,3,3,10.023056706740801,0.38077542255303687
grid_0475,14,14,20,20,0.4,0.4,1.0,50.0,True,0.01,0.45,2.5,23,19,10,0.5263157894736842,5.436556448281007,0.2861345499095267,1.6314927251878846,4.0745515129962815,14,14,12.424514340416444,2.710266480767465,2.0217644062870743,15,8,0.5333333333333333,4.159338164593795,0.2772892109729197,1.6326859916374359,4.0745515129962815,11,11,12.249040315528655,2.0677970396076217,4,2,0.5,1.2772182836872117,0.319304570921803,1.6276377871856718,1.2133320487525088,3,3,13.082541933745649,0.6294536178835353
grid_0476,14,14,20,20,0.4,0.4,1.0,50.0,True,0.01,0.6,1.0,23,18,10,0.5555555555555556,2.2428279054673674,0.1246015503037426,1.2973753722695283,4.06721193006086,13,13,7.666583492320034,1.1062478090295924,2.018150306402222,14,7,0.5,0.29059477338845263,0.020756769527746594,1.0445149666011855,4.06721193006086,10,10,5.963147310894463,0.1290842646965551,4,3,0.75,1.9522331320789148,0.4880582830197287,2.9251790474197694,1.0140527628821874,3,3,13.628610127309534,0.9759038060808134
grid_0477,14,14,20,20,0.4,0.4,1.0,50.0,True,0.01,0.6,1.5,23,18,10,0.5555555555555556,4.840358149265976,0.268908786070332,1.6417805410067194,4.06721193006086,13,13,12.186711965794599,2.4185393241267006,2.018150306402211,14,7,0.5,1.3869248371870617,0.09906605979907582,1.2124570655068427,4.06721193006086,10,10,9.032558384244046,0.6748709935535668,4,3,0.75,3.4534333120789142,0.8633583280197286,4.405575566170154,1.0140527628821874,3,3,23.22624950122153,1.731979701950448
grid_0478,14,14,20,20,0.4,0.4,1.0,50.0,True,0.01,0.6,2.0,23,18,9,0.5,3.6952543266436324,0.20529190703575736,1.431679666732628,4.06721193006086,13,13,12.422805373736198,1.8282645783167295,2.0181503064022,14,7,0.5,2.965164964758671,0.2117974974827622,1.454220899550709,4.06721193006086,10,10,13.046901703181678,1.4655980198391871,4,2,0.5,0.7300893618849613,0.18252234047124036,1.3592689181205888,1.2608947481284853,3,3,10.238468220677014,0.35742809933141384
grid_0479,14,14,20,20,0.4,0.4,1.0,50.0,True,0.01,0.6,2.5,23,18,9,0.5,4.875432512204563,0.2708573617891423,1.5695481003488865,4.06721193006086,13,13,12.790081505529036,2.4239106000401023,2.0181503064022,14,7,0.5,3.644943090319601,0.26035307787997153,1.5583531941639737,4.06721193006086,10,10,12.576316540517855,1.8069124248768054,4,2,0.5,1.2304894218849618,0.3076223554712404,1.6055102655078761,1.2608947481284851,3,3,13.538258883068167,0.6060474288704043
grid_0480,14,14,20,20,0.4,0.4,0.5,55.0,True,,0.3,1.0,82,44,28,0.6363636363636364,11.158341121728814,0.25359866185747304,1.6829251249358461,3.103972118414209,23,30,6.158140341414636,5.680049542732113,1.546373643830934,35,23,0.6571428571428571,10.330159527762085,0.2951474150789166,1.8435059725114387,3.0854032945583514,18,24,6.59084822910885,5.255220251028581,9,5,0.5555555555555556,0.8281815939667319,0.09202017710741461,1.2023732932154192,3.103972118414209,5,6,4.475387444826019,0.40361826300903125
grid_0481,14,14,20,20,0.4,0.4,0.5,55.0,True,,0.3,1.5,82,43,24,0.5581395348837209,15.587093628043268,0.36249054948937837,1.8253183582031034,3.7711058624833225,23,30,9.133300707174573,8.01135342571584,1.8774640388582675,34,20,0.5882352941176471,14.758912034076541,0.43408564806107475,2.072009554087627,3.7711058624833225,18,24,9.768609221521494,7.583913702204725,9,4,0.4444444444444444,0.8281815939667283,0.09202017710741428,1.161797203020467,2.6035720584142092,5,6,6.733246319641766,0.3973082116107918
grid_0482,14,14,20,20,0.4,0.4,0.5,55.0,True,,0.3,2.0,82,40,19,0.475,12.263806097648589,0.3065951524412147,1.5865042528171545,5.102346426007403,23,30,5.852635089329145,6.211503891044989,2.5252718835420573,31,15,0.4838709677419355,9.43402426368186,0.3043233633445761,1.5974166822578686,5.102346426007403,18,24,4.23224122402887,4.746733622207833,9,4,0.4444444444444444,2.829781833966729,0.31442020377408103,1.5528386397734144,2.1031719984142088,5,6,11.433991736474539,1.3983923108477514
grid_0483,14,14,20,20,0.4,0.4,0.5,55.0,True,,0.3,2.5,82,40,18,0.45,13.222861615536113,0.3305715403884028,1.6028951043138928,5.102346426007403,23,30,6.090158907597969,6.698834664914011,2.5252718835420906,31,15,0.4838709677419355,13.507897771533031,0.4357386377913881,1.8553977862887396,5.102346426007403,18,24,6.207502354551559,6.876869123415896,9,3,0.3333333333333333,-0.28503615599691745,-0.03167068399965753,0.9535840653174346,3.209431387335964,5,6,5.685975923646717,-0.16657903619566872
grid_0484,14,14,20,20,0.4,0.4,0.5,55.0,True,,0.45,1.0,82,43,29,0.6744186046511628,14.290239013570709,0.3323311398504816,2.0020889524044874,3.060441760008996,23,30,8.466098228134452,7.349402612910927,1.5224289136805846,35,24,0.6857142857142857,12.417289183174129,0.3547796909478323,2.1082291298518783,3.060441760008996,18,24,8.853288143154638,6.359385277985763,8,5,0.625,1.8729498303965804,0.23411872879957257,1.6129109528616001,2.0664768345834768,5,6,6.772142349921142,0.9308227311934925
grid_0485,14,14,20,20,0.4,0.4,0.5,55.0,True,,0.45,1.5,82,40,23,0.575,15.886639373897234,0.3971659843474309,1.957561115639614,3.060441760008996,23,30,8.819966933036255,8.181220297862835,1.5224289136806068,32,19,0.59375,14.013689543500654,0.4379277982343955,2.1200674008221068,3.060441760008996,18,24,8.662800272822677,7.190259993669534,8,4,0.5,1.8729498303965806,0.23411872879957257,1.4591394222994034,2.035428198194885,5,6,9.448633573890572,0.9244872661488213
grid_0486,14,14,20,20,0.4,0.4,0.5,55.0,True,,0.45,2.0,82,39,19,0.48717948717948717,10.082320669034718,0.258521042795762,1.5133360828284772,5.090527890512728,23,30,5.831704140655276,5.07446636452582,2.519482127678352,31,16,0.5161290322580645,10.381408680200899,0.3348841509742225,1.7139131930708853,5.090527890512728,18,24,6.035542960835922,5.2498094703490095,8,3,0.375,-0.2990880111661802,-0.03738600139577253,0.9413463583508717,3.2571956910133952,5,6,5.04182871245527,-0.1665970767126046
grid_0487,14,14,20,20,0.4,0.4,0.5,55.0,True,,0.45,2.5,82,39,19,0.48717948717948717,14.670953112286837,0.37617828493043165,1.7469639033750959,5.090527890512728,23,30,7.744362909568217,7.484157005405656,2.519482127678352,31,16,0.5161290322580645,13.969241003453018,0.4506206775307425,1.96064279490044,5.090527890512728,18,24,7.7057235025505,7.132054487326878,8,3,0.375,0.7017121088338192,0.0877140136042274,1.137611569289966,3.2571956910133952,5,6,7.894090611761868,0.3286621541645607
grid_0488,14,14,20,20,0.4,0.4,0.5,55.0,True,,0.6,1.0,82,42,25,0.5952380952380952,7.855362685642596,0.18703244489625226,1.4704856293191584,3.0541364845912033,23,30,6.44421033804238,3.952772047175368,1.5193083171497923,34,21,0.6176470588235294,7.971457195818561,0.23445462340642825,1.6313959994056526,3.0541364845912033,18,24,7.069491931315641,4.023605348791581,8,4,0.5,-0.1160945101759665,-0.014511813771995785,0.9714836437989522,2.0598187973042705,5,6,3.7867635666310253,-0.06809348837574225
grid_0489,14,14,20,20,0.4,0.4,0.5,55.0,True,,0.6,1.5,82,40,20,0.5,7.487715493154173,0.18719288732885433,1.3794989002297253,5.0812768531577746,23,30,6.132878795652156,3.7387244442283585,2.5149499720796276,32,16,0.5,5.60220976333014,0.1750690551040669,1.3577543048470657,5.0812768531577746,18,24,5.1555666086292256,2.7820009617653962,8,4,0.5,1.8855057298240332,0.23568821622800415,1.4631377739505704,2.0319652776367736,5,6,10.042127543743883,0.9308278429205341
grid_0490,14,14,20,20,0.4,0.4,0.5,55.0,True,,0.6,2.0,82,40,19,0.475,10.370541072846153,0.25926352682115394,1.4998180423745422,5.0812768531577746,23,30,8.069129978483836,5.220313882326155,2.5149499720796165,32,16,0.5,10.707979233216076,0.3346243510380024,1.6838061816198158,5.0812768531577746,18,24,8.835217174697675,5.415990484687194,8,3,0.375,-0.3374381603699197,-0.04217977004624,0.9336959645220343,3.299959617458983,5,6,5.0047811936284825,-0.1856232640430555
grid_0491,14,14,20,20,0.4,0.4,0.5,55.0,True,,0.6,2.5,82,40,18,0.45,7.101671832260233,0.17754179580650586,1.3308297760105023,5.0812768531577746,23,30,5.859789734581392,3.51508380379002,2.5149499720796165,32,15,0.46875,8.439096133539213,0.2637217541731004,1.5153021475985173,5.0812768531577746,18,24,6.752883930270333,4.2254962326482515,8,3,0.375,-1.3374243012789784,-0.1671780376598723,0.7372062832968203,3.299959617458983,5,6,2.2874129518256243,-0.681610982472558
grid_0492,14,14,20,20,0.4,0.4,0.5,55.0,True,0.01,0.3,1.0,24,19,13,0.6842105263157895,6.707023218007265,0.35300122200038236,2.098690393410812,2.0822080577469433,14,14,9.443032824209023,3.386054567721941,1.0407507639560443,15,10,0.6666666666666666,4.763955902911011,0.3175970601940674,1.936225529718196,2.0822080577469433,11,11,8.884515743665515,2.3915371723895573,4,3,0.75,1.943067315096254,0.4857668287740635,2.912296134401223,1.016091221511916,3,3,11.537471876247178,0.9712886658376441
grid_0493,14,14,20,20,0.4,0.4,0.5,55.0,True,0.01,0.3,1.5,24,19,10,0.5263157894736842,5.098000900357601,0.26831583686092636,1.5887407466014423,4.083808297746941,14,14,10.646114593865638,2.545170170424127,2.02632242706261,15,7,0.4666666666666667,1.6537334052613473,0.11024889368408981,1.2163703142191373,4.083808297746941,11,11,8.221835685238355,0.8039443618879094,4,3,0.75,3.4442674950962533,0.8610668737740633,4.389722716008979,1.016091221511916,3,3,19.737160501217943,1.7273389643218007
grid_0494,14,14,20,20,0.4,0.4,0.5,55.0,True,0.01,0.3,2.0,24,19,10,0.5263157894736842,6.713431847924409,0.353338518311811,1.775298191518105,4.083808297746941,14,14,12.871741361917172,3.3658543413117803,2.02632242706261,15,7,0.4666666666666667,1.7679641728281554,0.1178642781885437,1.2313159801851807,4.083808297746941,11,11,8.854379291444761,0.8573761134103908,4,3,0.75,4.945467675096253,1.2363669187740634,5.867149297616736,1.016091221511916,3,3,27.936849126188708,2.4871539639110596
grid_0495,14,14,20,20,0.4,0.4,0.5,55.0,True,0.01,0.3,2.5,24,19,9,0.47368421052631576,3.8042627107578815,0.2002243531977832,1.3929441787410528,4.083808297746941,14,14,9.785115910142949,1.8738357306771647,2.026322427062588,15,7,0.4666666666666667,2.474013085625275,0.16493420570835168,1.323693641923138,4.083808297746941,11,11,9.027326823668233,1.209884039099074,4,2,0.5,1.3302496251326061,0.3325624062831515,1.652606780464946,1.1593247179615915,3,3,12.626824984423129,0.6560146747343065
grid_0496,14,14,20,20,0.4,0.4,0.5,55.0,True,0.01,0.45,1.0,24,19,14,0.7368421052631579,8.738289969665818,0.4599099984034641,2.7191230851073023,2.0729512729962822,14,14,13.08059789063712,4.441469692669253,1.0361595271253021,15,11,0.7333333333333333,6.790234024415845,0.4526822682943897,2.66918510301031,2.0729512729962822,11,11,13.213279727666123,3.4342267600437237,4,3,0.75,1.9480559452499726,0.48701398631249315,2.919268446896161,1.014999203681156,3,3,12.583041001778362,0.973800418078441
grid_0497,14,14,20,20,0.4,0.4,0.5,55.0,True,0.01,0.45,1.5,24,19,11,0.5789473684210527,7.108640023990022,0.37413894863105374,1.9365143190670606,4.0745515129962815,14,14,14.239982543575557,3.5814896995028267,2.0217644062870743,15,8,0.5333333333333333,3.6593838987400487,0.2439589265826699,1.5565153625194932,4.0745515129962815,11,11,12.30885655487044,1.8201391308779957,4,3,0.75,3.4492561252499727,0.8623140313124932,4.398284562924146,1.014999203681156,3,3,21.481705001219748,1.7298646256619366
grid_0498,14,14,20,20,0.4,0.4,0.5,55.0,True,0.01,0.45,2.0,24,19,10,0.5263157894736842,4.156492701249113,0.21876277374995332,1.482724205422634,4.0745515129962815,14,14,11.887926820502434,2.062390145567905,2.0217644062870743,15,8,0.5333333333333333,3.3796744775619003,0.22531163183746006,1.5139774396793475,4.0745515129962815,11,11,12.385225517505535,1.675235836679012,4,2,0.5,0.7768182236872125,0.19420455592180313,1.3817362131342217,1.2133320487525086,3,3,10.023056706740801,0.38077542255303687
grid_0499,14,14,20,20,0.4,0.4,0.5,55.0,True,0.01,0.45,2.5,24,19,10,0.5263157894736842,5.43512121680907,0.2860590114110036,1.6312207813985558,4.0745515129962815,14,14,12.527457552619426,2.709525658129608,2.0217644062870743,15,8,0.5333333333333333,4.157902933121857,0.27719352887479043,1.6323296276577812,4.0745515129962815,11,11,12.379435050985768,2.067060850935998,4,2,0.5,1.2772182836872117,0.319304570921803,1.6276377871856718,1.2133320487525088,3,3,13.082541933745649,0.6294536178835353
grid_0500,14,14,20,20,0.4,0.4,0.5,55.0,True,0.01,0.6,1.0,24,18,10,0.5555555555555556,2.2419213261125766,0.124551184784032,1.2972194427567822,4.06721193006086,13,13,7.750854895386104,1.105787171030359,2.018150306402222,14,7,0.5,0.28968819403366175,0.020692013859547245,1.0443699297252345,4.06721193006086,10,10,6.071496257693697,0.1286280786344518,4,3,0.75,1.9522331320789148,0.4880582830197287,2.9251790474197694,1.0140527628821874,3,3,13.628610127309534,0.9759038060808134
grid_0501,14,14,20,20,0.4,0.4,0.5,55.0,True,0.01,0.6,1.5,24,18,10,0.5555555555555556,4.839451569911185,0.26885842055062137,1.6415832179764949,4.06721193006086,13,13,12.27098336886067,2.4180727073541464,2.018150306402211,14,7,0.5,1.3860182578322708,0.09900130413087647,1.212288708910117,4.06721193006086,10,10,9.14090733104328,0.6744123208983099,4,3,0.75,3.4534333120789142,0.8633583280197286,4.405575566170154,1.0140527628821874,3,3,23.22624950122153,1.731979701950448
grid_0502,14,14,20,20,0.4,0.4,0.5,55.0,True,0.01,0.6,2.0,24,18,9,0.5,3.694347747288842,0.20524154151604676,1.4315280584430585,4.06721193006086,13,13,12.50707677680227,1.8278006508238187,2.0181503064022,14,7,0.5,2.9642583854038804,0.21173274181456286,1.454018972663151,4.06721193006086,10,10,13.155250649980914,1.4651357446477054,4,2,0.5,0.7300893618849613,0.18252234047124036,1.3592689181205888,1.2608947481284853,3,3,10.238468220677014,0.35742809933141384
grid_0503,14,14,20,20,0.4,0.4,0.5,55.0,True,0.01,0.6,2.5,24,18,9,0.5,4.874525932849772,0.2708069962694318,1.5693818924265277,4.06721193006086,13,13,12.874352908595107,2.4234439587961454,2.0181503064022,14,7,0.5,3.64403651096481,0.26028832221177217,1.55813680791185,4.06721193006086,10,10,12.68466548731709,1.8064485946639008,4,2,0.5,1.2304894218849618,0.3076223554712404,1.6055102655078761,1.2608947481284851,3,3,13.538258883068167,0.6060474288704043
grid_0504,14,14,20,20,0.4,0.4,1.0,55.0,True,,0.3,1.0,44,33,22,0.6666666666666666,10.43673739558091,0.3162647695630578,1.9314419776342393,3.0655339520921094,19,24,7.53579836382398,5.313903315368607,1.5249491921911273,27,17,0.6296296296296297,6.532300741617685,0.24193706450435867,1.6411235040597367,3.0655339520921094,16,20,6.410466983663044,3.2854531871782333,6,5,0.8333333333333334,3.9044366539632236,0.6507394423272038,4.842604454503138,1.016091221511916,3,4,12.599789574548188,1.963926250596315
grid_0505,14,14,20,20,0.4,0.4,1.0,55.0,True,,0.3,1.5,44,33,18,0.5454545454545454,10.829315317931234,0.32816107024034047,1.7324123384435,3.643787231606198,19,24,9.790546207616618,5.494925412368468,1.814408567950876,27,14,0.5185185185185185,6.924878663968016,0.2564769875543709,1.5434076245639434,3.643787231606198,16,20,8.413650278915465,3.4694913510963543,6,4,0.6666666666666666,3.90443665396322,0.6507394423272034,2.911704823850297,1.0262934632216996,3,4,15.986577886771807,1.9575181387519347
grid_0506,14,14,20,20,0.4,0.4,1.0,55.0,True,,0.3,2.0,44,32,15,0.46875,8.452454195832264,0.2641391936197582,1.5026397159648437,4.156473599591753,19,24,5.573152543737607,4.232318338182894,2.069114556615048,26,11,0.4230769230769231,2.5464173018690426,0.09793912699496314,1.17236099966846,4.156473599591753,16,20,1.5428732818260622,1.221820021226705,6,4,0.6666666666666666,5.90603689396322,0.9843394823272034,3.891735792042298,1.0262934632216991,3,4,23.03769601202097,2.974159441437485
grid_0507,14,14,20,20,0.4,0.4,1.0,55.0,True,,0.3,2.5,44,32,14,0.4375,7.409909473719787,0.2315596710537433,1.4153909077996654,4.078620380077668,19,24,5.040415058433246,3.6792740037656646,2.023767879534011,26,11,0.4230769230769231,4.618690569720212,0.1776419449892389,1.3126283045484923,4.078620380077668,16,20,2.8768941581995566,2.2630656521142267,6,3,0.5,2.791218903999574,0.4652031506665957,1.9107770425770676,2.185618181183291,3,4,14.415672292779234,1.3848678822803606
grid_0508,14,14,20,20,0.4,0.4,1.0,55.0,True,,0.45,1.0,44,33,23,0.696969696969697,12.502376722274423,0.3788599006749825,2.229217747916431,3.057518636711813,19,24,9.884202575598655,6.407261623273808,1.5209822901468217,27,18,0.6666666666666666,8.588599108535801,0.3180962632791037,1.9380292776281276,3.057518636711813,16,20,8.994993339576059,4.352896561494912,6,5,0.8333333333333334,3.913777613738622,0.652296268956437,4.855941560884284,1.014999203681156,3,4,13.885644137700334,1.9686708557900445
grid_0509,14,14,20,20,0.4,0.4,1.0,55.0,True,,0.45,1.5,44,32,17,0.53125,9.044240454467465,0.2826325142021083,1.6214511828831444,3.625570447955946,19,24,7.740488394086831,4.562532515810425,1.8054587799457567,26,13,0.5,5.130462840728843,0.1973254938741863,1.4099455268140775,3.625570447955946,16,20,5.498839768954659,2.550220061731312,6,4,0.6666666666666666,3.913777613738622,0.652296268956437,2.9199924544994533,1.0234346477471576,3,4,17.454299102992906,1.9622702446350448
grid_0510,14,14,20,20,0.4,0.4,1.0,55.0,True,,0.45,2.0,44,32,15,0.46875,5.218951771820968,0.16309224286940524,1.3146738772074673,4.137059963216609,19,24,4.679287893749339,2.5741729869586116,2.0596067586485023,26,12,0.46153846153846156,3.477211999645106,0.1337389230632733,1.257059494982921,4.137059963216609,16,20,3.087148341288609,1.6995905412659384,6,3,0.5,1.7417397721758614,0.29028996202931023,1.569494629081461,2.236766696499666,3,4,11.578559287745838,0.8599665357923003
grid_0511,14,14,20,20,0.4,0.4,1.0,55.0,True,,0.45,2.5,44,32,15,0.46875,9.222152251820967,0.2881922578694052,1.5560446871624452,4.069408211972478,19,24,7.162907378441825,4.624838658626751,2.019231747159378,26,12,0.46153846153846156,6.479612359645107,0.24921585998635026,1.4790176385637297,4.069408211972478,16,20,5.2662917380465615,3.2207083681209614,6,3,0.5,2.7425398921758606,0.45708998202931017,1.8967250812012246,2.2367666964996666,3,4,15.381575153487967,1.360318401902605
grid_0512,14,14,20,20,0.4,0.4,1.0,55.0,True,,0.6,1.0,44,33,19,0.5757575757575758,5.01567250046242,0.15199007577158846,1.3676449001714226,4.111996056775691,19,24,6.523068473978265,2.498620193000689,2.042498931872616,27,15,0.5555555555555556,3.0958169862028555,0.11465988837788356,1.266708237724009,4.111996056775691,16,20,5.621187020107475,1.5269985406451525,6,4,0.6666666666666666,1.9198555142595635,0.31997591904326056,1.943322861067388,1.0211523545759118,3,4,10.58153501639682,0.9570081518430529
grid_0513,14,14,20,20,0.4,0.4,1.0,55.0,True,,0.6,1.5,44,32,16,0.5,5.618133077654649,0.17556665867670776,1.3584707865757806,4.622501200120057,19,24,7.009507043076873,2.7900402538765467,2.2949530861826384,26,12,0.46153846153846156,1.6966773233950856,0.0652568201305802,1.1244145155465592,4.622501200120057,16,20,4.260465517814467,0.8079775698354386,6,4,0.6666666666666666,3.921455754259563,0.6535759590432605,2.9268110720738187,1.0211523545759116,3,4,18.922020319213964,1.9661764195874287
grid_0514,14,14,20,20,0.4,0.4,1.0,55.0,True,,0.6,2.0,44,32,15,0.46875,6.499358417346633,0.20310495054208227,1.3894023420310035,4.122101140120053,19,24,8.308523874192812,3.228739094872668,2.052278502810756,26,12,0.46153846153846156,4.800846553281023,0.18464794435696244,1.3520380628089181,4.122101140120053,16,20,7.4092081869157465,2.3705942931992574,6,3,0.5,1.6985118640656096,0.2830853106776016,1.5562862999134934,2.2820471027043974,3,4,12.205558519060096,0.8382727555684921
grid_0515,14,14,20,20,0.4,0.4,1.0,55.0,True,,0.6,2.5,44,32,14,0.4375,4.977124275389096,0.1555351336059093,1.285906760798702,4.062224680528576,19,24,6.767603179999087,2.4396159539186613,2.0156944295042,26,11,0.4230769230769231,4.278598552232545,0.16456148277817484,1.2980583503083323,4.062224680528576,16,20,6.348803714616656,2.095353287009316,6,3,0.5,0.6985257231565514,0.11642095385942523,1.228776906508641,2.282047102704397,3,4,8.582400863322952,0.3371971944125418
grid_0516,14,14,20,20,0.4,0.4,1.0,55.0,True,0.01,0.3,1.0,23,19,13,0.6842105263157895,6.709233553706621,0.35311755545824325,2.0994505611027927,2.0822080577469433,14,14,9.316982465865648,3.3872030028401,1.0407507639560443,15,10,0.6666666666666666,4.766166238610367,0.3177444159073578,1.9370669551171635,2.0822080577469433,11,11,8.724851956430571,2.3926745601889454,4,3,0.75,1.943067315096254,0.4857668287740635,2.912296134401223,1.016091221511916,3,3,11.537471876247178,0.9712886658376441
grid_0517,14,14,20,20,0.4,0.4,1.0,55.0,True,0.01,0.3,1.5,23,19,10,0.5263157894736842,5.100211236056958,0.2684321703187872,1.5891463917914739,4.083808297746941,14,14,10.52006423552226,2.5463092648126517,2.02632242706261,15,7,0.4666666666666667,1.6559437409607036,0.11039624939738024,1.216722183895094,4.083808297746941,11,11,8.062171898003411,0.8050641143557913,4,3,0.75,3.4442674950962533,0.8610668737740633,4.389722716008979,1.016091221511916,3,3,19.737160501217943,1.7273389643218007
grid_0518,14,14,20,20,0.4,0.4,1.0,55.0,True,0.01,0.3,2.0,23,19,10,0.5263157894736842,6.715642183623765,0.35345485176967184,1.7757514694829344,4.083808297746941,14,14,12.745691003573794,3.3670025520412983,2.02632242706261,15,7,0.4666666666666667,1.7701745085275116,0.1180116339018341,1.2316721733196916,4.083808297746941,11,11,8.694715504209817,0.8584964594099853,4,3,0.75,4.945467675096253,1.2363669187740634,5.867149297616736,1.016091221511916,3,3,27.936849126188708,2.4871539639110596
grid_0519,14,14,20,20,0.4,0.4,1.0,55.0,True,0.01,0.3,2.5,23,19,9,0.47368421052631576,3.8064730464572376,0.20034068665564408,1.393262269808415,4.083808297746941,14,14,9.659065551799571,1.8749673677345813,2.026322427062588,15,7,0.4666666666666667,2.4762234213246312,0.16508156142164207,1.3240765579211726,4.083808297746941,11,11,8.86766303643329,1.2110083008345374,4,2,0.5,1.3302496251326061,0.3325624062831515,1.652606780464946,1.1593247179615915,3,3,12.626824984423129,0.6560146747343065
grid_0520,14,14,20,20,0.4,0.4,1.0,55.0,True,0.01,0.45,1.0,23,19,14,0.7368421052631579,8.739725201137757,0.45998553690198724,2.719891072305448,2.0729512729962822,14,14,12.977654678434137,4.44222300746242,1.0361595271253021,15,11,0.7333333333333333,6.791669255887784,0.4527779503925189,2.6701271523507617,2.0729512729962822,11,11,13.08288499220901,3.434972809801251,4,3,0.75,1.9480559452499726,0.48701398631249315,2.919268446896161,1.014999203681156,3,3,12.583041001778362,0.973800418078441
grid_0521,14,14,20,20,0.4,0.4,1.0,55.0,True,0.01,0.45,1.5,23,19,11,0.5789473684210527,7.110075255461959,0.37421448712957683,1.9368805480291955,4.0745515129962815,14,14,14.137039331372574,3.5822368114376335,2.0217644062870743,15,8,0.5333333333333333,3.660819130211987,0.24405460868079915,1.5568551750178898,4.0745515129962815,11,11,12.178461819413327,1.8208735385542019,4,3,0.75,3.4492561252499727,0.8623140313124932,4.398284562924146,1.014999203681156,3,3,21.481705001219748,1.7298646256619366
grid_0522,14,14,20,20,0.4,0.4,1.0,55.0,True,0.01,0.45,2.0,23,19,10,0.5263157894736842,4.157927932721051,0.21883831224847639,1.4829713930771502,4.0745515129962815,14,14,11.78498360829945,2.0631263005506995,2.0217644062870743,15,8,0.5333333333333333,3.3811097090338387,0.22540731393558927,1.514307965460642,4.0745515129962815,11,11,12.254830782048424,1.675969199197569,4,2,0.5,0.7768182236872125,0.19420455592180313,1.3817362131342217,1.2133320487525086,3,3,10.023056706740801,0.38077542255303687
grid_0523,14,14,20,20,0.4,0.4,1.0,55.0,True,0.01,0.45,2.5,23,19,10,0.5263157894736842,5.436556448281007,0.2861345499095267,1.6314927251878846,4.0745515129962815,14,14,12.424514340416444,2.710266480767465,2.0217644062870743,15,8,0.5333333333333333,4.159338164593795,0.2772892109729197,1.6326859916374359,4.0745515129962815,11,11,12.249040315528655,2.0677970396076217,4,2,0.5,1.2772182836872117,0.319304570921803,1.6276377871856718,1.2133320487525088,3,3,13.082541933745649,0.6294536178835353
grid_0524,14,14,20,20,0.4,0.4,1.0,55.0,True,0.01,0.6,1.0,23,18,10,0.5555555555555556,2.2428279054673674,0.1246015503037426,1.2973753722695283,4.06721193006086,13,13,7.666583492320034,1.1062478090295924,2.018150306402222,14,7,0.5,0.29059477338845263,0.020756769527746594,1.0445149666011855,4.06721193006086,10,10,5.963147310894463,0.1290842646965551,4,3,0.75,1.9522331320789148,0.4880582830197287,2.9251790474197694,1.0140527628821874,3,3,13.628610127309534,0.9759038060808134
grid_0525,14,14,20,20,0.4,0.4,1.0,55.0,True,0.01,0.6,1.5,23,18,10,0.5555555555555556,4.840358149265976,0.268908786070332,1.6417805410067194,4.06721193006086,13,13,12.186711965794599,2.4185393241267006,2.018150306402211,14,7,0.5,1.3869248371870617,0.09906605979907582,1.2124570655068427,4.06721193006086,10,10,9.032558384244046,0.6748709935535668,4,3,0.75,3.4534333120789142,0.8633583280197286,4.405575566170154,1.0140527628821874,3,3,23.22624950122153,1.731979701950448
grid_0526,14,14,20,20,0.4,0.4,1.0,55.0,True,0.01,0.6,2.0,23,18,9,0.5,3.6952543266436324,0.20529190703575736,1.431679666732628,4.06721193006086,13,13,12.422805373736198,1.8282645783167295,2.0181503064022,14,7,0.5,2.965164964758671,0.2117974974827622,1.454220899550709,4.06721193006086,10,10,13.046901703181678,1.4655980198391871,4,2,0.5,0.7300893618849613,0.18252234047124036,1.3592689181205888,1.2608947481284853,3,3,10.238468220677014,0.35742809933141384
grid_0527,14,14,20,20,0.4,0.4,1.0,55.0,True,0.01,0.6,2.5,23,18,9,0.5,4.875432512204563,0.2708573617891423,1.5695481003488865,4.06721193006086,13,13,12.790081505529036,2.4239106000401023,2.0181503064022,14,7,0.5,3.644943090319601,0.26035307787997153,1.5583531941639737,4.06721193006086,10,10,12.576316540517855,1.8069124248768054,4,2,0.5,1.2304894218849618,0.3076223554712404,1.6055102655078761,1.2608947481284851,3,3,13.538258883068167,0.6060474288704043
grid_0528,14,14,20,20,0.4,0.4,0.5,60.0,True,,0.3,1.0,64,36,22,0.6111111111111112,7.358859660583071,0.2044127683495297,1.515060265593396,3.103972118414209,21,26,6.152201541186564,3.701462593832483,1.546373643830934,28,18,0.6428571428571429,7.505984843394642,0.26807088726409434,1.736239626013313,2.0665245777420873,16,20,6.85406192565567,3.788257926131622,8,4,0.5,-0.14712518281157094,-0.01839064785144641,0.9640486965933533,3.103972118414209,5,6,3.695690195544695,-0.08362731395001877
grid_0529,14,14,20,20,0.4,0.4,0.5,60.0,True,,0.3,1.5,64,35,19,0.5428571428571428,11.287212106897535,0.3224917744827867,1.7140099015260135,3.866295857141103,21,26,9.554994059088274,5.732462911932812,1.9334377233921396,27,15,0.5555555555555556,9.432737049709106,0.3493606314707076,1.8051258060252684,2.7522271456670584,16,20,9.72416895378656,4.773626014490628,8,4,0.5,1.8544750571884276,0.23180938214855348,1.4531569250549548,2.6035720584142092,5,6,8.984028789481565,0.9151510107224592
grid_0530,14,14,20,20,0.4,0.4,0.5,60.0,True,,0.3,2.0,64,33,16,0.48484848484848486,10.437946285661356,0.31630140259579864,1.6210332784483048,4.149767365569757,21,26,6.059833955289602,5.267149320945297,2.073892060242777,25,12,0.48,6.581870988472927,0.26327483953891706,1.5176445312690119,4.06956083470795,16,20,3.431823258288377,3.2826773660207698,8,4,0.5,3.8560752971884282,0.48200941214855353,1.9422651535165563,2.1031719984142088,5,6,14.272367383418434,1.9213986367643932
grid_0531,14,14,20,20,0.4,0.4,0.5,60.0,True,,0.3,2.5,64,33,15,0.45454545454545453,11.14344645813467,0.33768019570105057,1.6249949512992903,4.069560834707949,21,26,6.359814269847122,5.618819693361243,2.019306809137944,25,12,0.48,10.402189150909889,0.4160875660363956,1.8181011655537853,4.069560834707949,16,20,5.897082966122318,5.252168219533937,8,3,0.375,0.7412573072247817,0.0926571634030977,1.1449291567890358,2.183137924114265,5,6,7.805849593987134,0.3483552690929148
grid_0532,14,14,20,20,0.4,0.4,0.5,60.0,True,,0.45,1.0,64,35,23,0.6571428571428571,10.46361391354504,0.2989603975298582,1.8565666295467187,2.0664768345834768,21,26,8.79397470207895,5.325298392706457,1.0329896987789855,28,19,0.6785714285714286,9.568829675401302,0.3417439169786179,2.0446394946407356,2.03174795373242,16,20,9.489764000700566,4.864325330029384,7,4,0.5714285714285714,0.8947842381437382,0.12782631973481978,1.2928124667867351,2.0664768345834768,5,6,6.010817507592484,0.4395899761203914
grid_0533,14,14,20,20,0.4,0.4,0.5,60.0,True,,0.45,1.5,64,32,19,0.59375,14.061614513871557,0.4394254535584862,2.124818069399254,2.1190238865670175,21,26,9.998739729431167,7.215828225991228,1.0658361799703586,25,15,0.6,11.165230035727818,0.44660920142911287,2.1820802817599123,2.0431791091965597,16,20,9.26836554017804,5.690094791099942,7,4,0.5714285714285714,2.8963844781437382,0.41376921116339116,1.947823450229171,2.035428198194885,5,6,12.607218976763761,1.4435916988313258
grid_0534,14,14,20,20,0.4,0.4,0.5,60.0,True,,0.45,2.0,64,32,16,0.5,9.10786695113065,0.28462084222283285,1.5856666220198954,4.0618340842361516,21,26,6.449239085878631,4.580993662844035,2.0155020236821364,25,13,0.52,8.383520314549674,0.33534081258198695,1.7305585743872622,4.0618340842361516,16,20,6.13518227209009,4.219461176477779,7,3,0.42857142857142855,0.7243466365809776,0.10347809094013967,1.1777193847409262,2.2337610432662376,5,6,7.570870563694846,0.3468953708694045
grid_0535,14,14,20,20,0.4,0.4,0.5,60.0,True,,0.45,2.5,64,32,16,0.5,12.695699274382765,0.3967406023244615,1.8163763643127397,4.0618340842361516,21,26,8.364083965369595,6.451241956515297,2.0155020236821364,25,13,0.52,10.970552517801789,0.4388221007120716,1.9559983046425506,4.0618340842361516,16,20,7.673459910060413,5.559578126547504,7,3,0.42857142857142855,1.725146756580977,0.2464495366544253,1.4232669894272374,2.2337610432662376,5,6,10.830598448616671,0.84470196432469
grid_0536,14,14,20,20,0.4,0.4,0.5,60.0,True,,0.6,1.0,64,34,20,0.5882352941176471,6.009810633248893,0.17675913627202633,1.4407414602109632,3.113732268623002,21,26,6.916744628529567,3.008145486680558,1.553597135817264,27,16,0.5925925925925926,5.104752788848948,0.18906491810551665,1.4822319311140433,2.038731153274953,16,20,7.067603473466301,2.5520416977519833,7,4,0.5714285714285714,0.9050578443999453,0.1292939777714208,1.296740005669269,2.0598187973042705,5,6,6.334860512345022,0.444753494301775
grid_0537,14,14,20,20,0.4,0.4,0.5,60.0,True,,0.6,1.5,64,32,17,0.53125,8.357618254160377,0.2611755704425118,1.5798149093546923,4.0557288307344646,21,26,6.179624212235877,4.206766233829096,2.0124956152154483,25,13,0.52,5.450960169760432,0.21803840679041728,1.47965716798825,4.0557288307344646,16,20,4.134441575529202,2.718578184721543,7,4,0.5714285714285714,2.906658084399945,0.41523686919999214,1.9530017796987542,2.0319652776367736,5,6,13.483847914759716,1.4488012542690276
grid_0538,14,14,20,20,0.4,0.4,0.5,60.0,True,,0.6,2.0,64,32,16,0.5,10.715314851538034,0.3348535891105636,1.694339448990424,4.0557288307344646,21,26,7.866485642314614,5.420853353315502,2.012495615215437,25,13,0.52,10.031600657332044,0.4012640262932818,1.882730567061991,4.0557288307344646,16,20,7.905575038066913,5.0776481504764215,7,3,0.42857142857142855,0.6837141942059919,0.09767345631514168,1.1680670849528265,2.2788072628830713,5,6,7.7268806574849735,0.3266205600144456
grid_0539,14,14,20,20,0.4,0.4,0.5,60.0,True,,0.6,2.5,64,32,15,0.46875,8.298291301599647,0.25932160317498903,1.5138262405617404,4.0557288307344646,21,26,6.247026937545703,4.151187846128601,2.012495615215437,25,12,0.48,8.614563248302716,0.34458252993210864,1.7130144063393131,4.0557288307344646,16,20,6.702225733339622,4.330545146415243,7,3,0.42857142857142855,-0.31627194670306663,-0.04518170667186666,0.9222556667900251,2.2788072628830713,5,6,4.62131695256742,-0.17191254970917447
grid_0540,14,14,20,20,0.4,0.4,0.5,60.0,True,0.01,0.3,1.0,24,19,13,0.6842105263157895,6.707023218007265,0.35300122200038236,2.098690393410812,2.0822080577469433,14,14,9.443032824209023,3.386054567721941,1.0407507639560443,15,10,0.6666666666666666,4.763955902911011,0.3175970601940674,1.936225529718196,2.0822080577469433,11,11,8.884515743665515,2.3915371723895573,4,3,0.75,1.943067315096254,0.4857668287740635,2.912296134401223,1.016091221511916,3,3,11.537471876247178,0.9712886658376441
grid_0541,14,14,20,20,0.4,0.4,0.5,60.0,True,0.01,0.3,1.5,24,19,10,0.5263157894736842,5.098000900357601,0.26831583686092636,1.5887407466014423,4.083808297746941,14,14,10.646114593865638,2.545170170424127,2.02632242706261,15,7,0.4666666666666667,1.6537334052613473,0.11024889368408981,1.2163703142191373,4.083808297746941,11,11,8.221835685238355,0.8039443618879094,4,3,0.75,3.4442674950962533,0.8610668737740633,4.389722716008979,1.016091221511916,3,3,19.737160501217943,1.7273389643218007
grid_0542,14,14,20,20,0.4,0.4,0.5,60.0,True,0.01,0.3,2.0,24,19,10,0.5263157894736842,6.713431847924409,0.353338518311811,1.775298191518105,4.083808297746941,14,14,12.871741361917172,3.3658543413117803,2.02632242706261,15,7,0.4666666666666667,1.7679641728281554,0.1178642781885437,1.2313159801851807,4.083808297746941,11,11,8.854379291444761,0.8573761134103908,4,3,0.75,4.945467675096253,1.2363669187740634,5.867149297616736,1.016091221511916,3,3,27.936849126188708,2.4871539639110596
grid_0543,14,14,20,20,0.4,0.4,0.5,60.0,True,0.01,0.3,2.5,24,19,9,0.47368421052631576,3.8042627107578815,0.2002243531977832,1.3929441787410528,4.083808297746941,14,14,9.785115910142949,1.8738357306771647,2.026322427062588,15,7,0.4666666666666667,2.474013085625275,0.16493420570835168,1.323693641923138,4.083808297746941,11,11,9.027326823668233,1.209884039099074,4,2,0.5,1.3302496251326061,0.3325624062831515,1.652606780464946,1.1593247179615915,3,3,12.626824984423129,0.6560146747343065
grid_0544,14,14,20,20,0.4,0.4,0.5,60.0,True,0.01,0.45,1.0,24,19,14,0.7368421052631579,8.738289969665818,0.4599099984034641,2.7191230851073023,2.0729512729962822,14,14,13.08059789063712,4.441469692669253,1.0361595271253021,15,11,0.7333333333333333,6.790234024415845,0.4526822682943897,2.66918510301031,2.0729512729962822,11,11,13.213279727666123,3.4342267600437237,4,3,0.75,1.9480559452499726,0.48701398631249315,2.919268446896161,1.014999203681156,3,3,12.583041001778362,0.973800418078441
grid_0545,14,14,20,20,0.4,0.4,0.5,60.0,True,0.01,0.45,1.5,24,19,11,0.5789473684210527,7.108640023990022,0.37413894863105374,1.9365143190670606,4.0745515129962815,14,14,14.239982543575557,3.5814896995028267,2.0217644062870743,15,8,0.5333333333333333,3.6593838987400487,0.2439589265826699,1.5565153625194932,4.0745515129962815,11,11,12.30885655487044,1.8201391308779957,4,3,0.75,3.4492561252499727,0.8623140313124932,4.398284562924146,1.014999203681156,3,3,21.481705001219748,1.7298646256619366
grid_0546,14,14,20,20,0.4,0.4,0.5,60.0,True,0.01,0.45,2.0,24,19,10,0.5263157894736842,4.156492701249113,0.21876277374995332,1.482724205422634,4.0745515129962815,14,14,11.887926820502434,2.062390145567905,2.0217644062870743,15,8,0.5333333333333333,3.3796744775619003,0.22531163183746006,1.5139774396793475,4.0745515129962815,11,11,12.385225517505535,1.675235836679012,4,2,0.5,0.7768182236872125,0.19420455592180313,1.3817362131342217,1.2133320487525086,3,3,10.023056706740801,0.38077542255303687
grid_0547,14,14,20,20,0.4,0.4,0.5,60.0,True,0.01,0.45,2.5,24,19,10,0.5263157894736842,5.43512121680907,0.2860590114110036,1.6312207813985558,4.0745515129962815,14,14,12.527457552619426,2.709525658129608,2.0217644062870743,15,8,0.5333333333333333,4.157902933121857,0.27719352887479043,1.6323296276577812,4.0745515129962815,11,11,12.379435050985768,2.067060850935998,4,2,0.5,1.2772182836872117,0.319304570921803,1.6276377871856718,1.2133320487525088,3,3,13.082541933745649,0.6294536178835353
grid_0548,14,14,20,20,0.4,0.4,0.5,60.0,True,0.01,0.6,1.0,24,18,10,0.5555555555555556,2.2419213261125766,0.124551184784032,1.2972194427567822,4.06721193006086,13,13,7.750854895386104,1.105787171030359,2.018150306402222,14,7,0.5,0.28968819403366175,0.020692013859547245,1.0443699297252345,4.06721193006086,10,10,6.071496257693697,0.1286280786344518,4,3,0.75,1.9522331320789148,0.4880582830197287,2.9251790474197694,1.0140527628821874,3,3,13.628610127309534,0.9759038060808134
grid_0549,14,14,20,20,0.4,0.4,0.5,60.0,True,0.01,0.6,1.5,24,18,10,0.5555555555555556,4.839451569911185,0.26885842055062137,1.6415832179764949,4.06721193006086,13,13,12.27098336886067,2.4180727073541464,2.018150306402211,14,7,0.5,1.3860182578322708,0.09900130413087647,1.212288708910117,4.06721193006086,10,10,9.14090733104328,0.6744123208983099,4,3,0.75,3.4534333120789142,0.8633583280197286,4.405575566170154,1.0140527628821874,3,3,23.22624950122153,1.731979701950448
grid_0550,14,14,20,20,0.4,0.4,0.5,60.0,True,0.01,0.6,2.0,24,18,9,0.5,3.694347747288842,0.20524154151604676,1.4315280584430585,4.06721193006086,13,13,12.50707677680227,1.8278006508238187,2.0181503064022,14,7,0.5,2.9642583854038804,0.21173274181456286,1.454018972663151,4.06721193006086,10,10,13.155250649980914,1.4651357446477054,4,2,0.5,0.7300893618849613,0.18252234047124036,1.3592689181205888,1.2608947481284853,3,3,10.238468220677014,0.35742809933141384
grid_0551,14,14,20,20,0.4,0.4,0.5,60.0,True,0.01,0.6,2.5,24,18,9,0.5,4.874525932849772,0.2708069962694318,1.5693818924265277,4.06721193006086,13,13,12.874352908595107,2.4234439587961454,2.0181503064022,14,7,0.5,3.64403651096481,0.26028832221177217,1.55813680791185,4.06721193006086,10,10,12.68466548731709,1.8064485946639008,4,2,0.5,1.2304894218849618,0.3076223554712404,1.6055102655078761,1.2608947481284851,3,3,13.538258883068167,0.6060474288704043
grid_0552,14,14,20,20,0.4,0.4,1.0,60.0,True,,0.3,1.0,39,29,18,0.6206896551724138,6.516573417930808,0.2247094282045106,1.5815811782680522,3.0655339520921094,17,22,6.681690291512135,3.2747068050302808,1.5249491921911273,24,14,0.5833333333333334,3.587443540745887,0.1494768141977453,1.3520956037443392,3.0655339520921094,14,18,5.370135268568308,1.779455958824494,5,4,0.8,2.929129877184921,0.5858259754369841,3.882743020677273,1.016091221511916,3,4,12.977154401642503,1.469108703833788
grid_0553,14,14,20,20,0.4,0.4,1.0,60.0,True,,0.3,1.5,39,29,15,0.5172413793103449,7.40955140028114,0.25550177242348754,1.5385034593076043,3.643787231606198,17,22,9.229033073121753,3.716291286299267,1.814408567950876,24,11,0.4583333333333333,2.4788212830962197,0.10328422012900917,1.1945175432711503,3.643787231606198,14,18,6.685394931700974,1.203007302506598,5,4,0.8,4.93073011718492,0.986146023436984,5.852645129487614,1.016091221511916,3,4,21.438496151941493,2.483408399396847
grid_0554,14,14,20,20,0.4,0.4,1.0,60.0,True,,0.3,2.0,39,28,13,0.4642857142857143,6.5338904581821655,0.23335323064936306,1.4425203292879256,4.156473599591753,17,22,4.843305000362927,3.250041578282681,2.069114556615048,23,9,0.391304347826087,-0.39843989900275406,-0.017323473869684962,0.9710206234712235,4.156473599591753,14,18,-0.6037673696104544,-0.24660757444203707,5,4,0.8,6.93233035718492,1.386466071436984,7.822547238297957,1.016091221511916,3,4,29.899837902240485,3.505293471932913
grid_0555,14,14,20,20,0.4,0.4,1.0,60.0,True,,0.3,2.5,39,28,12,0.42857142857142855,5.7381904506554795,0.2049353732376957,1.363465364476636,4.078620380077668,17,22,4.366055709259575,2.8288192750947294,2.023767879534011,23,9,0.391304347826087,1.9206780834342063,0.08350774275800897,1.1396949791165965,4.078620380077668,14,18,1.0644570723267854,0.9037726109325295,5,3,0.6,3.8175123672212736,0.7635024734442546,2.8728322927428307,1.1593247179615915,3,4,19.553409439150407,1.9078044500722813
grid_0556,14,14,20,20,0.4,0.4,1.0,60.0,True,,0.45,1.0,39,29,19,0.6551724137931034,8.572445424406729,0.2956015663588527,1.8428319105080366,3.057518636711813,17,22,9.102560258311012,4.341823414244161,1.5209822901468217,24,15,0.625,5.636833402920948,0.23486805845503955,1.615643447578899,3.057518636711813,14,18,8.031741621293296,2.827800383919632,5,4,0.8,2.93561202148578,0.587122404297156,3.892230861698243,1.014999203681156,3,4,14.242489715996049,1.4723868687959163
grid_0557,14,14,20,20,0.4,0.4,1.0,60.0,True,,0.45,1.5,39,28,15,0.5357142857142857,8.116709516599771,0.2898824827357061,1.6488897299796763,3.625570447955946,17,22,7.815555889768551,4.087178493659249,1.8054587799457567,23,11,0.4782608695652174,3.179497255113991,0.13823901109191267,1.2766316787573466,3.625570447955946,14,18,4.4107959151887055,1.561632671497648,5,4,0.8,4.93721226148578,0.9874424522971561,5.864252349735556,1.014999203681156,3,4,23.47745177283584,2.486712507202893
grid_0558,14,14,20,20,0.4,0.4,1.0,60.0,True,,0.45,2.0,39,28,13,0.4642857142857143,4.163762073858861,0.1487057883521022,1.2863569187669306,4.137059963216609,17,22,4.215435736508363,2.04367465147941,2.0596067586485023,23,10,0.43478260869565216,1.3985876539358417,0.060808158866775736,1.111837787247525,4.137059963216609,14,18,1.5608426369364075,0.6558924985797576,5,3,0.6,2.765174419923019,0.5530348839846038,2.3588342543081966,1.2133320487525086,3,4,16.426563994539357,1.3787391065249732
grid_0559,14,14,20,20,0.4,0.4,1.0,60.0,True,,0.45,2.5,39,28,13,0.4642857142857143,7.666562493858862,0.2738058033521022,1.527257123325716,4.069408211972478,17,22,6.711117118559251,3.826516076199926,2.019231747159378,23,10,0.43478260869565216,3.9005879539358435,0.16959078060590624,1.3119097501718304,4.069408211972478,14,18,3.6069723544569334,1.9089318534783795,5,3,0.6,3.7659745399230182,0.7531949079846038,2.850637402411097,1.2133320487525088,3,4,20.99018303342991,1.8816645291490408
grid_0560,14,14,20,20,0.4,0.4,1.0,60.0,True,,0.6,1.0,39,29,16,0.5517241379310345,3.0796522978623977,0.1061949068228413,1.2439993980130024,4.111996056775691,17,22,5.976017044582191,1.5162244728359697,2.042498931872616,24,12,0.5,0.1386444290269221,0.005776851209455101,1.0119443789800304,4.111996056775691,14,18,3.990223714213986,0.04051096947219612,5,4,0.8,2.9410078688354755,0.5882015737670951,3.9002513246711223,1.0140527628821874,3,4,15.507825030349574,1.4751159196038754
grid_0561,14,14,20,20,0.4,0.4,1.0,60.0,True,,0.6,1.5,39,28,14,0.5,4.906583507210138,0.17523512525750493,1.3660208481953693,4.622501200120057,17,22,4.549602264076439,2.433841004524351,2.2949530861826384,23,10,0.43478260869565216,-0.036024601625336716,-0.0015662870271885504,0.9970927151199452,4.622501200120057,14,18,-0.008398851065671032,-0.0542711383875738,5,4,0.8,4.942608108835475,0.9885216217670949,5.874113349671635,1.0140527628821874,3,4,25.516407393730145,2.4894632029319075
grid_0562,14,14,20,20,0.4,0.4,1.0,60.0,True,,0.6,2.0,39,28,13,0.4642857142857143,5.763079924587799,0.20582428302099282,1.3995672955404583,4.122101140120053,17,22,5.344447170436446,2.8590043492521255,2.052278502810756,23,10,0.43478260869565216,3.043415705946277,0.13232242199766422,1.2456120558289872,4.122101140120053,14,18,2.7113588958475203,1.4831253852453763,5,3,0.6,2.7196642186415216,0.5439328437283043,2.33831674928113,1.2608947481284853,3,4,17.456653233545506,1.3557711775073145
grid_0563,14,14,20,20,0.4,0.4,1.0,60.0,True,,0.6,2.5,39,28,12,0.42857142857142855,4.561867777069332,0.16292384918104758,1.3012941435252183,4.062224680528576,17,22,4.731271894277512,2.2351761680791116,2.0156944295042,23,9,0.391304347826087,2.8421896993368687,0.12357346518855951,1.2168160931441658,4.062224680528576,14,18,2.910056208976768,1.3713663106194707,5,3,0.6,1.7196780777324632,0.34393561554649266,1.8462346046345837,1.2608947481284851,3,4,13.108864046660932,0.8521241144296976
grid_0564,14,14,20,20,0.4,0.4,1.0,60.0,True,0.01,0.3,1.0,23,19,13,0.6842105263157895,6.709233553706621,0.35311755545824325,2.0994505611027927,2.0822080577469433,14,14,9.316982465865648,3.3872030028401,1.0407507639560443,15,10,0.6666666666666666,4.766166238610367,0.3177444159073578,1.9370669551171635,2.0822080577469433,11,11,8.724851956430571,2.3926745601889454,4,3,0.75,1.943067315096254,0.4857668287740635,2.912296134401223,1.016091221511916,3,3,11.537471876247178,0.9712886658376441
grid_0565,14,14,20,20,0.4,0.4,1.0,60.0,True,0.01,0.3,1.5,23,19,10,0.5263157894736842,5.100211236056958,0.2684321703187872,1.5891463917914739,4.083808297746941,14,14,10.52006423552226,2.5463092648126517,2.02632242706261,15,7,0.4666666666666667,1.6559437409607036,0.11039624939738024,1.216722183895094,4.083808297746941,11,11,8.062171898003411,0.8050641143557913,4,3,0.75,3.4442674950962533,0.8610668737740633,4.389722716008979,1.016091221511916,3,3,19.737160501217943,1.7273389643218007
grid_0566,14,14,20,20,0.4,0.4,1.0,60.0,True,0.01,0.3,2.0,23,19,10,0.5263157894736842,6.715642183623765,0.35345485176967184,1.7757514694829344,4.083808297746941,14,14,12.745691003573794,3.3670025520412983,2.02632242706261,15,7,0.4666666666666667,1.7701745085275116,0.1180116339018341,1.2316721733196916,4.083808297746941,11,11,8.694715504209817,0.8584964594099853,4,3,0.75,4.945467675096253,1.2363669187740634,5.867149297616736,1.016091221511916,3,3,27.936849126188708,2.4871539639110596
grid_0567,14,14,20,20,0.4,0.4,1.0,60.0,True,0.01,0.3,2.5,23,19,9,0.47368421052631576,3.8064730464572376,0.20034068665564408,1.393262269808415,4.083808297746941,14,14,9.659065551799571,1.8749673677345813,2.026322427062588,15,7,0.4666666666666667,2.4762234213246312,0.16508156142164207,1.3240765579211726,4.083808297746941,11,11,8.86766303643329,1.2110083008345374,4,2,0.5,1.3302496251326061,0.3325624062831515,1.652606780464946,1.1593247179615915,3,3,12.626824984423129,0.6560146747343065
grid_0568,14,14,20,20,0.4,0.4,1.0,60.0,True,0.01,0.45,1.0,23,19,14,0.7368421052631579,8.739725201137757,0.45998553690198724,2.719891072305448,2.0729512729962822,14,14,12.977654678434137,4.44222300746242,1.0361595271253021,15,11,0.7333333333333333,6.791669255887784,0.4527779503925189,2.6701271523507617,2.0729512729962822,11,11,13.08288499220901,3.434972809801251,4,3,0.75,1.9480559452499726,0.48701398631249315,2.919268446896161,1.014999203681156,3,3,12.583041001778362,0.973800418078441
grid_0569,14,14,20,20,0.4,0.4,1.0,60.0,True,0.01,0.45,1.5,23,19,11,0.5789473684210527,7.110075255461959,0.37421448712957683,1.9368805480291955,4.0745515129962815,14,14,14.137039331372574,3.5822368114376335,2.0217644062870743,15,8,0.5333333333333333,3.660819130211987,0.24405460868079915,1.5568551750178898,4.0745515129962815,11,11,12.178461819413327,1.8208735385542019,4,3,0.75,3.4492561252499727,0.8623140313124932,4.398284562924146,1.014999203681156,3,3,21.481705001219748,1.7298646256619366
grid_0570,14,14,20,20,0.4,0.4,1.0,60.0,True,0.01,0.45,2.0,23,19,10,0.5263157894736842,4.157927932721051,0.21883831224847639,1.4829713930771502,4.0745515129962815,14,14,11.78498360829945,2.0631263005506995,2.0217644062870743,15,8,0.5333333333333333,3.3811097090338387,0.22540731393558927,1.514307965460642,4.0745515129962815,11,11,12.254830782048424,1.675969199197569,4,2,0.5,0.7768182236872125,0.19420455592180313,1.3817362131342217,1.2133320487525086,3,3,10.023056706740801,0.38077542255303687
grid_0571,14,14,20,20,0.4,0.4,1.0,60.0,True,0.01,0.45,2.5,23,19,10,0.5263157894736842,5.436556448281007,0.2861345499095267,1.6314927251878846,4.0745515129962815,14,14,12.424514340416444,2.710266480767465,2.0217644062870743,15,8,0.5333333333333333,4.159338164593795,0.2772892109729197,1.6326859916374359,4.0745515129962815,11,11,12.249040315528655,2.0677970396076217,4,2,0.5,1.2772182836872117,0.319304570921803,1.6276377871856718,1.2133320487525088,3,3,13.082541933745649,0.6294536178835353
grid_0572,14,14,20,20,0.4,0.4,1.0,60.0,True,0.01,0.6,1.0,23,18,10,0.5555555555555556,2.2428279054673674,0.1246015503037426,1.2973753722695283,4.06721193006086,13,13,7.666583492320034,1.1062478090295924,2.018150306402222,14,7,0.5,0.29059477338845263,0.020756769527746594,1.0445149666011855,4.06721193006086,10,10,5.963147310894463,0.1290842646965551,4,3,0.75,1.9522331320789148,0.4880582830197287,2.9251790474197694,1.0140527628821874,3,3,13.628610127309534,0.9759038060808134
grid_0573,14,14,20,20,0.4,0.4,1.0,60.0,True,0.01,0.6,1.5,23,18,10,0.5555555555555556,4.840358149265976,0.268908786070332,1.6417805410067194,4.06721193006086,13,13,12.186711965794599,2.4185393241267006,2.018150306402211,14,7,0.5,1.3869248371870617,0.09906605979907582,1.2124570655068427,4.06721193006086,10,10,9.032558384244046,0.6748709935535668,4,3,0.75,3.4534333120789142,0.8633583280197286,4.405575566170154,1.0140527628821874,3,3,23.22624950122153,1.731979701950448
grid_0574,14,14,20,20,0.4,0.4,1.0,60.0,True,0.01,0.6,2.0,23,18,9,0.5,3.6952543266436324,0.20529190703575736,1.431679666732628,4.06721193006086,13,13,12.422805373736198,1.8282645783167295,2.0181503064022,14,7,0.5,2.965164964758671,0.2117974974827622,1.454220899550709,4.06721193006086,10,10,13.046901703181678,1.4655980198391871,4,2,0.5,0.7300893618849613,0.18252234047124036,1.3592689181205888,1.2608947481284853,3,3,10.238468220677014,0.35742809933141384
grid_0575,14,14,20,20,0.4,0.4,1.0,60.0,True,0.01,0.6,2.5,23,18,9,0.5,4.875432512204563,0.2708573617891423,1.5695481003488865,4.06721193006086,13,13,12.790081505529036,2.4239106000401023,2.0181503064022,14,7,0.5,3.644943090319601,0.26035307787997153,1.5583531941639737,4.06721193006086,10,10,12.576316540517855,1.8069124248768054,4,2,0.5,1.2304894218849618,0.3076223554712404,1.6055102655078761,1.2608947481284851,3,3,13.538258883068167,0.6060474288704043
grid_0576,14,14,20,20,0.4,0.5,0.5,50.0,True,,0.3,1.0,101,49,31,0.6326530612244898,12.01558414257501,0.24521600290969406,1.653893753133013,4.1034854104472105,25,32,5.539182590508901,6.127536513472487,2.0384421648973805,39,25,0.6410256410256411,10.218772844267427,0.26201981651967754,1.7154454385777818,4.1034854104472105,20,26,5.710516013669164,5.1914505251260845,10,6,0.6,1.7968112983075852,0.17968112983075848,1.4390662897777295,3.103972118414209,5,6,4.8709822401838805,0.8898878983732983
grid_0577,14,14,20,20,0.4,0.5,0.5,50.0,True,,0.3,1.5,101,48,26,0.5416666666666666,15.443536528889462,0.3217403443518639,1.7024081138615632,5.853189059068489,25,32,8.31556538774638,7.92364374185528,2.8963031979602483,38,21,0.5526315789473685,13.146325170581878,0.3459559255416284,1.7793685741431395,5.853189059068489,20,26,8.572655437827455,6.712730232341868,10,5,0.5,2.2972113583075853,0.22972113583075854,1.4487933265224768,2.6035720584142092,5,6,7.338623197438288,1.134741381723603
grid_0578,14,14,20,20,0.4,0.5,0.5,50.0,True,,0.3,2.0,101,45,21,0.4666666666666667,13.115358807678103,0.29145241794840226,1.5461070994273634,6.126352380687954,25,32,5.761464077762242,6.650014482286526,3.024345393652661,35,16,0.45714285714285713,8.316147149370517,0.23760420426772905,1.4400670874326402,6.126352380687954,20,26,3.9776360878348784,4.15358084115407,10,5,0.5,4.799211658307586,0.4799211658307586,1.9375951224636607,2.1031719984142088,5,6,12.004862042508016,2.3968774006337457
grid_0579,14,14,20,20,0.4,0.5,0.5,50.0,True,,0.3,2.5,101,45,20,0.4444444444444444,15.075214445565624,0.3350047654570139,1.602084623557958,6.126352380687955,25,32,6.301972155064046,7.6708877893000516,3.024345393652683,35,16,0.45714285714285713,12.890420717221687,0.3682977347777625,1.6821247626959683,6.126352380687955,20,26,6.026188261972858,6.534928436445209,10,4,0.4,2.1847937283439385,0.2184793728343938,1.3557767702662515,3.209431387335964,5,6,7.267215780883208,1.0662787965662668
grid_0580,14,14,20,20,0.4,0.5,0.5,50.0,True,,0.45,1.0,101,48,33,0.6875,17.171213791057095,0.3577336206470229,2.1240515686379378,3.092768194641056,25,32,8.344601251763466,8.900387030247426,1.5408052215395318,39,27,0.6923076923076923,14.324743511621865,0.367301115682612,2.172203766129494,3.092768194641056,20,26,8.624887151587773,7.373414847391313,9,6,0.6666666666666666,2.84647027943523,0.3162744754928034,1.931489345281321,2.0664768345834768,5,6,7.130029019191462,1.4221138305290593
grid_0581,14,14,20,20,0.4,0.5,0.5,50.0,True,,0.45,1.5,101,45,26,0.5777777777777777,17.002036617159238,0.37782303593687205,1.9112070515055133,3.0955245963231643,25,32,8.463461203879257,8.777307220541775,1.5397915879770019,36,21,0.5833333333333334,13.655166277724007,0.37931017438122255,1.9365975293890298,3.0955245963231643,20,26,8.05936083398364,6.992395220007741,9,5,0.5555555555555556,3.34687033943523,0.37187448215947,1.8204598378558392,2.035428198194885,5,6,10.079862683461734,1.668260624377771
grid_0582,14,14,20,20,0.4,0.5,0.5,50.0,True,,0.45,2.0,101,44,22,0.5,12.193528501595964,0.27712564776354465,1.5615554896870116,6.111247540602479,25,32,6.287317099881102,6.1762268256399855,3.016983528144368,35,18,0.5142857142857142,10.518295943723494,0.3005227412492427,1.6330746788198713,6.111247540602479,20,26,6.17260154138338,5.31379256089497,9,4,0.4444444444444444,1.6752325578724692,0.1861369508747188,1.3285270103113889,3.2571956910133952,5,6,6.733433160705578,0.8189186276302385
grid_0583,14,14,20,20,0.4,0.5,0.5,50.0,True,,0.45,2.5,101,43,21,0.4883720930232558,14.275587270899528,0.3319904016488261,1.6574417240612835,6.111247540602479,24,31,7.287635692045861,7.266112550779336,3.016983528144368,34,17,0.5,11.099154533027058,0.3264457215596192,1.6680353670179002,6.111247540602479,19,25,6.6121402332497645,5.607973165805569,9,4,0.4444444444444444,3.17643273787247,0.35293697087471887,1.622924826720031,3.2571956910133952,5,6,9.839507425275558,1.5700892037483483
grid_0584,14,14,20,20,0.4,0.5,0.5,50.0,True,,0.6,1.0,101,47,28,0.5957446808510638,8.75072921184945,0.18618572791169039,1.4665956794475892,3.157217169441708,25,32,6.337888444844693,4.412637157921262,1.5774009276104617,38,23,0.6052631578947368,7.889703334268524,0.20762377195443485,1.5373263960159778,3.157217169441708,20,26,6.737677342798656,3.975799443756123,9,5,0.5555555555555556,0.8610258775809234,0.09566954195343597,1.2114942436657996,2.0598187973042705,5,6,4.64989087570574,0.4201340278238819
grid_0585,14,14,20,20,0.4,0.5,0.5,50.0,True,,0.6,1.5,101,45,23,0.5111111111111111,8.590175974437944,0.19089279943195436,1.3941695109038685,6.0995255195904505,25,32,6.221179606559498,4.303596660387665,3.011270083019879,36,18,0.5,5.227149796857024,0.14519860546825067,1.2949534904117115,6.0995255195904505,20,26,5.059546831188089,2.583815258238098,9,5,0.5555555555555556,3.3630261775809216,0.3736695752867691,1.826061906355322,2.0319652776367736,5,6,10.867710708045136,1.676464652655274
grid_0586,14,14,20,20,0.4,0.5,0.5,50.0,True,,0.6,2.0,101,45,22,0.4888888888888889,12.473801674129927,0.27719559275844285,1.5468279202149011,6.0995255195904505,25,32,8.343876949523176,6.31939753514239,3.01127008301989,36,18,0.5,10.83331932674296,0.3009255368539711,1.6112940076997166,6.0995255195904505,20,26,8.66795473563634,5.474021931430295,9,4,0.4444444444444444,1.6404823473869705,0.18227581637633003,1.3223423208651959,3.299959617458983,5,6,7.04756580507053,0.8015012495320439
grid_0587,14,14,20,20,0.4,0.5,0.5,50.0,True,,0.6,2.5,101,44,20,0.45454545454545453,7.154878669453485,0.16261087885121558,1.3040901252167625,6.0995255195904505,24,31,5.681169953463331,3.5342884903076355,3.01127008301989,35,16,0.45714285714285713,6.013982402975573,0.17182806865644495,1.3261457557258334,6.0995255195904505,19,25,5.781853284772084,2.9688832132471754,9,4,0.4444444444444444,1.1408962664779116,0.12676625183087908,1.2241774506069567,3.299959617458983,5,6,5.289623665040403,0.5491030488205428
grid_0588,14,14,20,20,0.4,0.5,0.5,50.0,True,0.01,0.3,1.0,25,20,14,0.7,7.694435134961639,0.38472175674808196,2.2604402416272986,2.0822080577469433,15,15,10.003503087861162,3.896477679357324,1.0407507639560443,16,11,0.6875,5.751367819865385,0.35946048874158654,2.1302743966348254,2.0822080577469433,12,12,9.620010890764657,2.897050292386094,4,3,0.75,1.943067315096254,0.4857668287740635,2.912296134401223,1.016091221511916,3,3,11.537471876247178,0.9712886658376441
grid_0589,14,14,20,20,0.4,0.5,0.5,50.0,True,0.01,0.3,1.5,25,20,11,0.55,6.585812877311975,0.32929064386559875,1.7605601619438844,4.083808297746941,15,15,11.669742321466241,3.3080098322159968,2.02632242706261,16,8,0.5,3.141545382215721,0.19634658638848257,1.4110318865913418,4.083808297746941,12,12,9.652887776528313,1.5538309406171846,4,3,0.75,3.4442674950962533,0.8610668737740633,4.389722716008979,1.016091221511916,3,3,19.737160501217943,1.7273389643218007
grid_0590,14,14,20,20,0.4,0.5,0.5,50.0,True,0.01,0.3,2.0,25,20,11,0.55,8.701643884878784,0.4350821942439391,2.0049061225320806,4.083808297746941,15,15,14.307399303546493,4.393420520369062,2.02632242706261,16,8,0.5,3.75617620978253,0.2347610131114081,1.4914486362719725,4.083808297746941,12,12,10.90003684788594,1.8600053594319155,4,3,0.75,4.945467675096253,1.2363669187740634,5.867149297616736,1.016091221511916,3,3,27.936849126188708,2.4871539639110596
grid_0591,14,14,20,20,0.4,0.5,0.5,50.0,True,0.01,0.3,2.5,25,20,10,0.5,6.2928748077122565,0.31464374038561277,1.6499941542533838,4.083808297746941,15,15,11.898416676792277,3.141458030489619,2.026322427062588,16,8,0.5,4.96262518257965,0.3101640739112281,1.6492973817245173,4.083808297746941,12,12,11.716314599884564,2.4692447478543045,4,2,0.5,1.3302496251326061,0.3325624062831515,1.652606780464946,1.1593247179615915,3,3,12.626824984423129,0.6560146747343065
grid_0592,14,14,20,20,0.4,0.5,0.5,50.0,True,0.01,0.45,1.0,25,20,15,0.75,9.726700750810398,0.4863350375405199,2.9135775833367283,2.0729512729962822,15,15,13.543571670833893,4.957625065883331,1.0361595271253021,16,12,0.75,7.778644805560425,0.4861653003475266,2.912157664133968,2.0729512729962822,12,12,13.783704338097776,3.9454042843886317,4,3,0.75,1.9480559452499726,0.48701398631249315,2.919268446896161,1.014999203681156,3,3,12.583041001778362,0.973800418078441
grid_0593,14,14,20,20,0.4,0.5,0.5,50.0,True,0.01,0.45,1.5,25,20,12,0.6,8.5974508651346,0.42987254325673,2.13265488412715,4.0745515129962815,15,15,15.210489528489722,4.3525559235354505,2.0217644062870743,16,9,0.5625,5.1481947398846275,0.3217621712427893,1.7829321933056268,4.0745515129962815,12,12,13.642685660307215,2.578093765802514,4,3,0.75,3.4492561252499727,0.8623140313124932,4.398284562924146,1.014999203681156,3,3,21.481705001219748,1.7298646256619366
grid_0594,14,14,20,20,0.4,0.5,0.5,50.0,True,0.01,0.45,2.0,25,20,11,0.55,6.145703602393695,0.30728518011968464,1.7137459635949717,4.0745515129962815,15,15,13.541539028934569,3.077508240940019,2.0217644062870743,16,9,0.5625,5.368885378706482,0.33555533616915506,1.8164946000569075,4.0745515129962815,12,12,14.421159609483011,2.6865032741927974,4,2,0.5,0.7768182236872125,0.19420455592180313,1.3817362131342217,1.2133320487525086,3,3,10.023056706740801,0.38077542255303687
grid_0595,14,14,20,20,0.4,0.5,0.5,50.0,True,0.01,0.45,2.5,25,20,11,0.55,6.897021487403827,0.34485107437019125,1.8010020602921553,4.0745515129962815,15,15,13.55317913358002,3.4602810748909807,2.0217644062870743,16,9,0.5625,5.619803203716614,0.35123770023228834,1.8546539263839965,4.0745515129962815,12,12,13.670838433538611,2.8131201703199604,4,2,0.5,1.2772182836872117,0.319304570921803,1.6276377871856718,1.2133320487525088,3,3,13.082541933745649,0.6294536178835353
grid_0596,14,14,20,20,0.4,0.5,0.5,50.0,True,0.01,0.6,1.0,25,19,11,0.5789473684210527,3.231192273316033,0.17006275122715958,1.428370592548968,4.06721193006086,14,14,8.607531421518063,1.6058922602425918,2.018150306402222,15,8,0.5333333333333333,1.2789591412371177,0.08526394274914116,1.1958910593765617,4.06721193006086,11,11,7.268577099973672,0.6238997923421419,4,3,0.75,1.9522331320789148,0.4880582830197287,2.9251790474197694,1.0140527628821874,3,3,13.628610127309534,0.9759038060808134
grid_0597,14,14,20,20,0.4,0.5,0.5,50.0,True,0.01,0.6,1.5,25,19,11,0.5789473684210527,6.329122577114642,0.3331117145849811,1.8390741742803347,4.06721193006086,14,14,13.529435577754318,3.180918874983152,2.018150306402211,15,8,0.5333333333333333,2.875689265035727,0.19171261766904849,1.4404533330288891,4.06721193006086,11,11,10.943618531496393,1.4242710869067476,4,3,0.75,3.4534333120789142,0.8633583280197286,4.405575566170154,1.0140527628821874,3,3,23.22624950122153,1.731979701950448
grid_0598,14,14,20,20,0.4,0.5,0.5,50.0,True,0.01,0.6,2.0,25,19,10,0.5263157894736842,5.6844188144922985,0.2991799376048578,1.6639835722544574,4.06721193006086,14,14,14.392780198222498,2.8410234503846388,2.0181503064022,15,8,0.5333333333333333,4.954329452607337,0.33028863017382243,1.7588270912493678,4.06721193006086,11,11,15.500596725567961,2.4747498995241424,4,2,0.5,0.7300893618849613,0.18252234047124036,1.3592689181205888,1.2608947481284853,3,3,10.238468220677014,0.35742809933141384
grid_0599,14,14,20,20,0.4,0.5,0.5,50.0,True,0.01,0.6,2.5,25,19,10,0.5263157894736842,6.234929504637572,0.32815418445460903,1.7282874292600348,4.06721193006086,14,14,13.935802185607537,3.120130053777892,2.0181503064022,15,8,0.5333333333333333,5.00444008275261,0.333629338850174,1.766502257803703,4.06721193006086,11,11,14.041813732951368,2.4989378761599568,4,2,0.5,1.2304894218849618,0.3076223554712404,1.6055102655078761,1.2608947481284851,3,3,13.538258883068167,0.6060474288704043
grid_0600,14,14,20,20,0.4,0.5,1.0,50.0,True,,0.3,1.0,48,36,25,0.6944444444444444,13.377127590468136,0.3715868775130038,2.193658531666607,3.067438519337715,20,25,8.300966208561546,6.869812869597047,1.5258917415451934,29,19,0.6551724137931034,8.50406123216406,0.29324349076427797,1.8344892232846295,3.067438519337715,17,21,7.407058988362824,4.3062238478849935,7,6,0.8571428571428571,4.873066358304077,0.6961523369005824,5.795894556645305,1.016091221511916,3,4,12.004296120813393,2.457752689284054
grid_0601,14,14,20,20,0.4,0.5,1.0,50.0,True,,0.3,1.5,48,36,21,0.5833333333333334,14.413459914871288,0.40037388652420247,1.9746910074288213,3.6456917988518036,20,25,10.588621508756807,7.396136639285267,1.81534834675805,29,16,0.5517241379310345,9.039993496567213,0.3117239136747315,1.7092784665438079,3.6456917988518036,17,21,9.395996272310594,4.566146648227876,7,5,0.7142857142857143,5.373466418304077,0.7676380597577254,3.630976651200716,1.0262934632216996,3,4,15.529497488319691,2.706411282972687
grid_0602,14,14,20,20,0.4,0.5,1.0,50.0,True,,0.3,2.0,48,35,18,0.5142857142857142,13.037398912772318,0.37249711179349476,1.7752035354048255,4.158378166837359,20,25,7.179004046037951,6.638511758208954,2.0700518975157345,28,13,0.4642857142857143,5.16193219446824,0.18435472123100854,1.3493540155714778,4.158378166837359,17,21,3.4248668122283275,2.5487039859017013,7,5,0.7142857142857143,7.875466718304077,1.1250666740434396,4.8560153614407175,1.0262934632216991,3,4,22.195552981276446,3.9881613451394626
grid_0603,14,14,20,20,0.4,0.5,1.0,50.0,True,,0.3,2.5,48,35,17,0.4857142857142857,12.995654310659837,0.3713044088759954,1.7284434931323378,4.080524947323274,20,25,7.115412937983342,6.5989391537260245,2.024705654468284,28,13,0.4642857142857143,7.73460552231941,0.27623591151140753,1.5234697776501835,4.080524947323274,17,21,5.037394449168926,3.86026368390342,7,4,0.5714285714285714,5.26104878834043,0.7515783983343471,2.7166845815755813,2.185618181183291,3,4,15.427486893241005,2.6368847648583937
grid_0604,14,14,20,20,0.4,0.5,1.0,50.0,True,,0.45,1.0,48,36,26,0.7222222222222222,15.450236062003126,0.42917322394453117,2.518804436228469,3.059146512002294,20,25,10.602578831647357,7.983339022686486,1.5217879329197381,29,20,0.6896551724137931,10.562937999225852,0.3642392413526155,2.153457467560576,3.059146512002294,17,21,9.944339680680994,5.385570188055966,7,6,0.8571428571428571,4.887298062777272,0.6981854375396103,5.815075760702301,1.014999203681156,3,4,13.329569599936574,2.465013786987047
grid_0605,14,14,20,20,0.4,0.5,1.0,50.0,True,,0.45,1.5,48,35,20,0.5714285714285714,12.57819881984693,0.3593771091384837,1.8641811692094208,3.627198323246427,20,25,8.88252218514837,6.420300485115327,1.8062620954571562,28,15,0.5357142857142857,7.190500697069658,0.2568035963239164,1.5744764783549736,3.627198323246427,17,21,6.822599510793018,3.608680376096385,7,5,0.7142857142857143,5.387698122777272,0.7696711603967532,3.643057619457289,1.0234346477471576,3,4,17.12221288256978,2.7136916509435727
grid_0606,14,14,20,20,0.4,0.5,1.0,50.0,True,,0.45,2.0,48,35,18,0.5142857142857142,9.753710257200433,0.2786774359200124,1.5880369729651098,4.13868783850709,20,25,6.553613782953044,4.915817452065485,2.060407995011615,28,14,0.5,6.037649915985923,0.21563035414235437,1.4462910179617932,4.13868783850709,17,21,4.9871020689347665,3.004450320733376,7,4,0.5714285714285714,3.7160603412145106,0.5308657630306444,2.215035931010828,2.236766696499666,3,4,12.819660639026154,1.855616068413135
grid_0607,14,14,20,20,0.4,0.5,1.0,50.0,True,,0.45,2.5,48,35,18,0.5142857142857142,13.730000166650616,0.39228571904716036,1.827761695181322,4.071036087262959,20,25,8.63058849379655,6.998367601434574,2.020033313824676,28,14,0.5,8.512739645436103,0.3040264159084321,1.62924470528613,4.071036087262959,17,21,6.584939443877369,4.272160742801745,7,4,0.5714285714285714,5.217260521214511,0.7453229316020732,2.7058816091904743,2.2367666964996666,3,4,16.813184693473268,2.6145107564781833
grid_0608,14,14,20,20,0.4,0.5,1.0,50.0,True,,0.6,1.0,48,36,22,0.6111111111111112,7.96928878864255,0.22136913301784863,1.584081900109655,4.113415746721777,20,25,7.67044800078769,4.019784412838656,2.043197817015119,29,17,0.5862068965517241,5.072312886626096,0.1749073409181413,1.4369322204370976,4.113415746721777,17,21,6.934207192471463,2.5328086037926356,7,5,0.7142857142857143,2.8969759020164534,0.4138537002880648,2.4234319072638124,1.0211523545759118,3,4,10.720588492383483,1.4502439066035766
grid_0609,14,14,20,20,0.4,0.5,1.0,50.0,True,,0.6,1.5,48,35,19,0.5428571428571428,9.10967147555031,0.26027632787286603,1.5811993542528917,4.623920890066142,20,25,8.359633475811199,4.59418040714068,2.2956501701720256,28,14,0.5,3.7106952735338603,0.13252483119763786,1.272070765939454,4.623920890066142,17,21,5.770809775559037,1.825085916875513,7,5,0.7142857142857143,5.398976202016452,0.7712823145737787,3.6527921710218507,1.0211523545759116,3,4,18.714928276819847,2.7194619727850755
grid_0610,14,14,20,20,0.4,0.5,1.0,50.0,True,,0.6,2.0,48,35,18,0.5142857142857142,10.991696935242297,0.31404848386406564,1.6585001496500598,4.1235208300661395,20,25,10.063629810548584,5.5629798367998085,2.0529773181801603,28,14,0.5,7.315264563419797,0.26125944869356416,1.5363603007271316,4.1235208300661395,17,21,9.128708912794034,3.660271510450186,7,4,0.5714285714285714,3.6764323718225,0.5252046245460714,2.2040828234829024,2.2820471027043974,3,4,13.803313401566783,1.835523193818589
grid_0611,14,14,20,20,0.4,0.5,1.0,50.0,True,,0.6,2.5,48,35,17,0.4857142857142857,9.340195357869105,0.2668627245105458,1.536495994290572,4.063644370474661,20,25,8.386899863348503,4.688178732620707,2.0163935058854277,28,13,0.4642857142857143,6.163349066955664,0.22011960953413084,1.4293125351812168,4.063644370474661,17,21,7.597849309517903,3.0592896693537375,7,4,0.5714285714285714,3.176846290913441,0.4538351844162059,2.040461421526979,2.282047102704397,3,4,11.543102078670907,1.5805358920024881
grid_0612,14,14,20,20,0.4,0.5,1.0,50.0,True,0.01,0.3,1.0,24,20,14,0.7,7.696645470660995,0.3848322735330497,2.26125899681231,2.0822080577469433,15,15,9.883755247434953,3.897631784368061,1.0407507639560443,16,11,0.6875,5.753578155564741,0.3595986347227963,2.131200149836912,2.0822080577469433,12,12,9.470326090231898,2.8981932955367773,4,3,0.75,1.943067315096254,0.4857668287740635,2.912296134401223,1.016091221511916,3,3,11.537471876247178,0.9712886658376441
grid_0613,14,14,20,20,0.4,0.5,1.0,50.0,True,0.01,0.3,1.5,24,20,11,0.55,6.588023213011332,0.32940116065056657,1.7610096769216939,4.083808297746941,15,15,11.549994481040033,3.309157400395968,2.02632242706261,16,8,0.5,3.1437557179150777,0.19648473236969236,1.4114400676583205,4.083808297746941,12,12,9.503202975995555,1.554959022990765,4,3,0.75,3.4442674950962533,0.8610668737740633,4.389722716008979,1.016091221511916,3,3,19.737160501217943,1.7273389643218007
grid_0614,14,14,20,20,0.4,0.5,1.0,50.0,True,0.01,0.3,2.0,24,20,11,0.55,8.70385422057814,0.43519271102890694,2.005418025135957,4.083808297746941,15,15,14.187651463120284,4.394580145530624,2.02632242706261,16,8,0.5,3.758386545481886,0.23489915909261785,1.491880080168799,4.083808297746941,12,12,10.750352047353179,1.8611368428585795,4,3,0.75,4.945467675096253,1.2363669187740634,5.867149297616736,1.016091221511916,3,3,27.936849126188708,2.4871539639110596
grid_0615,14,14,20,20,0.4,0.5,1.0,50.0,True,0.01,0.3,2.5,24,20,10,0.5,6.295085143411613,0.3147542571705806,1.650370944945845,4.083808297746941,15,15,11.77866883636607,3.1426037485754676,2.026322427062588,16,8,0.5,4.964835518279006,0.3103022198924379,1.6497744878561609,4.083808297746941,12,12,11.566629799351803,2.4703829988465875,4,2,0.5,1.3302496251326061,0.3325624062831515,1.652606780464946,1.1593247179615915,3,3,12.626824984423129,0.6560146747343065
grid_0616,14,14,20,20,0.4,0.5,1.0,50.0,True,0.01,0.45,1.0,24,20,15,0.75,9.728135982282335,0.4864067991141169,2.9144004921256177,2.0729512729962822,15,15,13.445775619241058,4.958382103598868,1.0361595271253021,16,12,0.75,7.780080037032364,0.4862550023145228,2.913185467040441,2.0729512729962822,12,12,13.661459273606733,3.9461540211643165,4,3,0.75,1.9480559452499726,0.48701398631249315,2.919268446896161,1.014999203681156,3,3,12.583041001778362,0.973800418078441
grid_0617,14,14,20,20,0.4,0.5,1.0,50.0,True,0.01,0.45,1.5,24,20,12,0.6,8.59888609660654,0.429944304830327,2.1330582067244146,4.0745515129962815,15,15,15.112693476896888,4.353308597011996,2.0217644062870743,16,9,0.5625,5.149629971356567,0.3218518732097854,1.7833214362631125,4.0745515129962815,12,12,13.520440595816172,2.578833640449263,4,3,0.75,3.4492561252499727,0.8623140313124932,4.398284562924146,1.014999203681156,3,3,21.481705001219748,1.7298646256619366
grid_0618,14,14,20,20,0.4,0.5,1.0,50.0,True,0.01,0.45,2.0,24,20,11,0.55,6.147138833865633,0.30735694169328165,1.7140316653078247,4.0745515129962815,15,15,13.443742977341737,3.0782517177604385,2.0217644062870743,16,9,0.5625,5.37032061017842,0.3356450381361512,1.8168911702310497,4.0745515129962815,12,12,14.298914544991968,2.687243930774974,4,2,0.5,0.7768182236872125,0.19420455592180313,1.3817362131342217,1.2133320487525086,3,3,10.023056706740801,0.38077542255303687
grid_0619,14,14,20,20,0.4,0.5,1.0,50.0,True,0.01,0.45,2.5,24,20,11,0.55,6.898456718875765,0.34492283594378825,1.801302308627911,4.0745515129962815,15,15,13.455383081987184,3.4610273125729396,2.0217644062870743,16,9,0.5625,5.621238435188552,0.35132740219928454,1.8550588273567474,4.0745515129962815,12,12,13.54859336904757,2.8138617401636923,4,2,0.5,1.2772182836872117,0.319304570921803,1.6276377871856718,1.2133320487525088,3,3,13.082541933745649,0.6294536178835353
grid_0620,14,14,20,20,0.4,0.5,1.0,50.0,True,0.01,0.6,1.0,24,19,11,0.5789473684210527,3.2320988526708234,0.1701104659300433,1.4285422868076074,4.06721193006086,14,14,8.52769535545547,1.6063551767207196,2.018150306402222,15,8,0.5333333333333333,1.2798657205919082,0.0853243813727939,1.1960571387496777,4.06721193006086,11,11,7.167451416294386,0.62435823486231,4,3,0.75,1.9522331320789148,0.4880582830197287,2.9251790474197694,1.0140527628821874,3,3,13.628610127309534,0.9759038060808134
grid_0621,14,14,20,20,0.4,0.5,1.0,50.0,True,0.01,0.6,1.5,24,19,11,0.5789473684210527,6.330029156469433,0.33315942928786485,1.8392952362922406,4.06721193006086,14,14,13.449599511691725,3.1813889672831053,2.018150306402211,15,8,0.5333333333333333,2.8765958443905184,0.1917730562927012,1.4406533759882174,4.06721193006086,11,11,10.842492847817109,1.424733175918802,4,3,0.75,3.4534333120789142,0.8633583280197286,4.405575566170154,1.0140527628821874,3,3,23.22624950122153,1.731979701950448
grid_0622,14,14,20,20,0.4,0.5,1.0,50.0,True,0.01,0.6,2.0,24,19,10,0.5263157894736842,5.68532539384709,0.29922765230774145,1.6641597991204091,4.06721193006086,14,14,14.312944132159906,2.8414919941209593,2.0181503064022,15,8,0.5333333333333333,4.955236031962128,0.3303490687974751,1.7590713483649667,4.06721193006086,11,11,15.399471041888676,2.475216774518074,4,2,0.5,0.7300893618849613,0.18252234047124036,1.3592689181205888,1.2608947481284853,3,3,10.238468220677014,0.35742809933141384
grid_0623,14,14,20,20,0.4,0.5,1.0,50.0,True,0.01,0.6,2.5,24,19,10,0.5263157894736842,6.235836083992362,0.32820189915749276,1.7284704663297514,4.06721193006086,14,14,13.855966119544943,3.1205998691239634,2.0181503064022,15,8,0.5333333333333333,5.0053466621074,0.3336897774738267,1.7667475808080717,4.06721193006086,11,11,13.940688049272085,2.499404861354293,4,2,0.5,1.2304894218849618,0.3076223554712404,1.6055102655078761,1.2608947481284851,3,3,13.538258883068167,0.6060474288704043
grid_0624,14,14,20,20,0.4,0.5,0.5,55.0,True,,0.3,1.0,94,48,31,0.6458333333333334,13.03366625846387,0.27153471371799726,1.7509015957693963,3.105975401885713,25,32,5.998253261060955,6.670533324824146,1.5473277279817732,38,25,0.6578947368421053,11.236854960156284,0.295706709477797,1.84710492239502,3.105975401885713,20,26,6.2949035297128155,5.729657894231899,10,6,0.6,1.7968112983075852,0.17968112983075848,1.4390662897777295,3.103972118414209,5,6,4.8709822401838805,0.8898878983732983
grid_0625,14,14,20,20,0.4,0.5,0.5,55.0,True,,0.3,1.5,94,47,26,0.5531914893617021,16.461618644778323,0.3502472052080495,1.7850651123248893,4.83510694317963,25,32,8.843475493783316,8.475830255803452,2.3994764603748386,37,21,0.5675675675675675,14.164407286470738,0.38282181855326325,1.8936627119835219,4.83510694317963,20,26,9.250192330633324,7.258721161278947,10,5,0.5,2.2972113583075853,0.22972113583075854,1.4487933265224768,2.6035720584142092,5,6,7.338623197438288,1.134741381723603
grid_0626,14,14,20,20,0.4,0.5,0.5,55.0,True,,0.3,2.0,94,44,21,0.4772727272727273,14.133440923566962,0.3212145664447037,1.6145505837421712,6.126352380687954,25,32,6.267320297620239,7.195684528883062,3.024345393652661,34,16,0.47058823529411764,9.334229265259376,0.27453615486056987,1.5220669826189899,6.126352380687954,20,26,4.57980801971207,4.686477996271021,10,5,0.5,4.799211658307586,0.4799211658307586,1.9375951224636607,2.1031719984142088,5,6,12.004862042508016,2.3968774006337457
grid_0627,14,14,20,20,0.4,0.5,0.5,55.0,True,,0.3,2.5,94,44,20,0.45454545454545453,16.093296561454483,0.3657567400330565,1.6699878087445736,6.126352380687955,25,32,6.820112649406176,8.221781088680192,3.024345393652683,34,16,0.47058823529411764,13.908502833110546,0.40907361273854553,1.7779078379673725,6.126352380687955,20,26,6.68861172838352,7.080009650416708,10,4,0.4,2.1847937283439385,0.2184793728343938,1.3557767702662515,3.209431387335964,5,6,7.267215780883208,1.0662787965662668
grid_0628,14,14,20,20,0.4,0.5,0.5,55.0,True,,0.45,1.0,94,47,32,0.6808510638297872,16.18569487723834,0.3443764867497519,2.0595381280343816,3.092768194641056,25,32,8.13790405570197,8.366401339534523,1.5408052215395318,38,26,0.6842105263157895,13.33922459780311,0.35103222625797664,2.0915580651134205,3.092768194641056,20,26,8.376611301191298,6.846916561617911,9,6,0.6666666666666666,2.84647027943523,0.3162744754928034,1.931489345281321,2.0664768345834768,5,6,7.130029019191462,1.4221138305290593
grid_0629,14,14,20,20,0.4,0.5,0.5,55.0,True,,0.45,1.5,94,44,25,0.5681818181818182,16.781295117564866,0.38139307085374696,1.8993766328610024,3.1947646176582847,25,32,8.563880124260349,8.657381254141661,1.6003306136836426,35,20,0.5714285714285714,13.434424778129635,0.38384070794656105,1.9214570368495145,3.1947646176582847,20,26,8.174056037608562,6.874437102436315,9,5,0.5555555555555556,3.34687033943523,0.37187448215947,1.8204598378558392,2.035428198194885,5,6,10.079862683461734,1.668260624377771
grid_0630,14,14,20,20,0.4,0.5,0.5,55.0,True,,0.45,2.0,94,43,21,0.4883720930232558,11.972787002001592,0.2784369070232928,1.5513895561032471,6.111247540602479,25,32,6.339463341573423,6.059168526109082,3.016983528144368,34,17,0.5,10.297554444129123,0.3028692483567389,1.6197887003015243,6.111247540602479,20,26,6.235177212979617,5.197685087095061,9,4,0.4444444444444444,1.6752325578724692,0.1861369508747188,1.3285270103113889,3.2571956910133952,5,6,6.733433160705578,0.8189186276302385
grid_0631,14,14,20,20,0.4,0.5,0.5,55.0,True,,0.45,2.5,94,42,20,0.47619047619047616,14.054845771305153,0.334639185031075,1.647275790477519,6.111247540602479,24,31,7.3648406202585885,7.147852662404297,3.016983528144368,33,16,0.48484848484848486,10.878413033432683,0.3296488798009903,1.6547493884995534,6.111247540602479,19,25,6.689931491617598,5.491541360633256,9,4,0.4444444444444444,3.17643273787247,0.35293697087471887,1.622924826720031,3.2571956910133952,5,6,9.839507425275558,1.5700892037483483
grid_0632,14,14,20,20,0.4,0.5,0.5,55.0,True,,0.6,1.0,94,46,27,0.5869565217391305,7.763624713837246,0.16877445030080968,1.413962500796363,3.157217169441708,25,32,6.036916947182232,3.8998371748312,1.5774009276104617,37,22,0.5945945945945946,6.902598836256321,0.18655672530422487,1.4700998755834156,3.157217169441708,20,26,6.374301667271109,3.465144894193428,9,5,0.5555555555555556,0.8610258775809234,0.09566954195343597,1.2114942436657996,2.0598187973042705,5,6,4.64989087570574,0.4201340278238819
grid_0633,14,14,20,20,0.4,0.5,0.5,55.0,True,,0.6,1.5,94,44,22,0.5,8.392338702981283,0.19073497052230187,1.385091533833238,6.0995255195904505,25,32,6.270637581546958,4.200522924688732,3.011270083019879,35,17,0.4857142857142857,5.029312525400362,0.14369464358286746,1.2837900847284158,6.0995255195904505,20,26,5.088533063304569,2.4824410257143548,9,5,0.5555555555555556,3.3630261775809216,0.3736695752867691,1.826061906355322,2.0319652776367736,5,6,10.867710708045136,1.676464652655274
grid_0634,14,14,20,20,0.4,0.5,0.5,55.0,True,,0.6,2.0,94,44,21,0.4772727272727273,12.275964402673265,0.278999190969847,1.538155107666021,6.0995255195904505,25,32,8.441578045941629,6.214331767210224,3.01127008301989,35,17,0.4857142857142857,10.635482055286298,0.3038709158653228,1.600130602016421,6.0995255195904505,20,26,8.80003833645134,5.369791571138283,9,4,0.4444444444444444,1.6404823473869705,0.18227581637633003,1.3223423208651959,3.299959617458983,5,6,7.04756580507053,0.8015012495320439
grid_0635,14,14,20,20,0.4,0.5,0.5,55.0,True,,0.6,2.5,94,43,19,0.4418604651162791,6.957041397996823,0.16179166041853077,1.2956818260087488,6.0995255195904505,24,31,5.719219749890123,3.4319749917389286,3.01127008301989,34,15,0.4411764705882353,5.816145131518911,0.1710630921034974,1.3154167941016615,6.0995255195904505,19,25,5.832936360585637,2.8671284531684105,9,4,0.4444444444444444,1.1408962664779116,0.12676625183087908,1.2241774506069567,3.299959617458983,5,6,5.289623665040403,0.5491030488205428
grid_0636,14,14,20,20,0.4,0.5,0.5,55.0,True,0.01,0.3,1.0,25,20,14,0.7,7.694435134961639,0.38472175674808196,2.2604402416272986,2.0822080577469433,15,15,10.003503087861162,3.896477679357324,1.0407507639560443,16,11,0.6875,5.751367819865385,0.35946048874158654,2.1302743966348254,2.0822080577469433,12,12,9.620010890764657,2.897050292386094,4,3,0.75,1.943067315096254,0.4857668287740635,2.912296134401223,1.016091221511916,3,3,11.537471876247178,0.9712886658376441
grid_0637,14,14,20,20,0.4,0.5,0.5,55.0,True,0.01,0.3,1.5,25,20,11,0.55,6.585812877311975,0.32929064386559875,1.7605601619438844,4.083808297746941,15,15,11.669742321466241,3.3080098322159968,2.02632242706261,16,8,0.5,3.141545382215721,0.19634658638848257,1.4110318865913418,4.083808297746941,12,12,9.652887776528313,1.5538309406171846,4,3,0.75,3.4442674950962533,0.8610668737740633,4.389722716008979,1.016091221511916,3,3,19.737160501217943,1.7273389643218007
grid_0638,14,14,20,20,0.4,0.5,0.5,55.0,True,0.01,0.3,2.0,25,20,11,0.55,8.701643884878784,0.4350821942439391,2.0049061225320806,4.083808297746941,15,15,14.307399303546493,4.393420520369062,2.02632242706261,16,8,0.5,3.75617620978253,0.2347610131114081,1.4914486362719725,4.083808297746941,12,12,10.90003684788594,1.8600053594319155,4,3,0.75,4.945467675096253,1.2363669187740634,5.867149297616736,1.016091221511916,3,3,27.936849126188708,2.4871539639110596
grid_0639,14,14,20,20,0.4,0.5,0.5,55.0,True,0.01,0.3,2.5,25,20,10,0.5,6.2928748077122565,0.31464374038561277,1.6499941542533838,4.083808297746941,15,15,11.898416676792277,3.141458030489619,2.026322427062588,16,8,0.5,4.96262518257965,0.3101640739112281,1.6492973817245173,4.083808297746941,12,12,11.716314599884564,2.4692447478543045,4,2,0.5,1.3302496251326061,0.3325624062831515,1.652606780464946,1.1593247179615915,3,3,12.626824984423129,0.6560146747343065
grid_0640,14,14,20,20,0.4,0.5,0.5,55.0,True,0.01,0.45,1.0,25,20,15,0.75,9.726700750810398,0.4863350375405199,2.9135775833367283,2.0729512729962822,15,15,13.543571670833893,4.957625065883331,1.0361595271253021,16,12,0.75,7.778644805560425,0.4861653003475266,2.912157664133968,2.0729512729962822,12,12,13.783704338097776,3.9454042843886317,4,3,0.75,1.9480559452499726,0.48701398631249315,2.919268446896161,1.014999203681156,3,3,12.583041001778362,0.973800418078441
grid_0641,14,14,20,20,0.4,0.5,0.5,55.0,True,0.01,0.45,1.5,25,20,12,0.6,8.5974508651346,0.42987254325673,2.13265488412715,4.0745515129962815,15,15,15.210489528489722,4.3525559235354505,2.0217644062870743,16,9,0.5625,5.1481947398846275,0.3217621712427893,1.7829321933056268,4.0745515129962815,12,12,13.642685660307215,2.578093765802514,4,3,0.75,3.4492561252499727,0.8623140313124932,4.398284562924146,1.014999203681156,3,3,21.481705001219748,1.7298646256619366
grid_0642,14,14,20,20,0.4,0.5,0.5,55.0,True,0.01,0.45,2.0,25,20,11,0.55,6.145703602393695,0.30728518011968464,1.7137459635949717,4.0745515129962815,15,15,13.541539028934569,3.077508240940019,2.0217644062870743,16,9,0.5625,5.368885378706482,0.33555533616915506,1.8164946000569075,4.0745515129962815,12,12,14.421159609483011,2.6865032741927974,4,2,0.5,0.7768182236872125,0.19420455592180313,1.3817362131342217,1.2133320487525086,3,3,10.023056706740801,0.38077542255303687
grid_0643,14,14,20,20,0.4,0.5,0.5,55.0,True,0.01,0.45,2.5,25,20,11,0.55,6.897021487403827,0.34485107437019125,1.8010020602921553,4.0745515129962815,15,15,13.55317913358002,3.4602810748909807,2.0217644062870743,16,9,0.5625,5.619803203716614,0.35123770023228834,1.8546539263839965,4.0745515129962815,12,12,13.670838433538611,2.8131201703199604,4,2,0.5,1.2772182836872117,0.319304570921803,1.6276377871856718,1.2133320487525088,3,3,13.082541933745649,0.6294536178835353
grid_0644,14,14,20,20,0.4,0.5,0.5,55.0,True,0.01,0.6,1.0,25,19,11,0.5789473684210527,3.231192273316033,0.17006275122715958,1.428370592548968,4.06721193006086,14,14,8.607531421518063,1.6058922602425918,2.018150306402222,15,8,0.5333333333333333,1.2789591412371177,0.08526394274914116,1.1958910593765617,4.06721193006086,11,11,7.268577099973672,0.6238997923421419,4,3,0.75,1.9522331320789148,0.4880582830197287,2.9251790474197694,1.0140527628821874,3,3,13.628610127309534,0.9759038060808134
grid_0645,14,14,20,20,0.4,0.5,0.5,55.0,True,0.01,0.6,1.5,25,19,11,0.5789473684210527,6.329122577114642,0.3331117145849811,1.8390741742803347,4.06721193006086,14,14,13.529435577754318,3.180918874983152,2.018150306402211,15,8,0.5333333333333333,2.875689265035727,0.19171261766904849,1.4404533330288891,4.06721193006086,11,11,10.943618531496393,1.4242710869067476,4,3,0.75,3.4534333120789142,0.8633583280197286,4.405575566170154,1.0140527628821874,3,3,23.22624950122153,1.731979701950448
grid_0646,14,14,20,20,0.4,0.5,0.5,55.0,True,0.01,0.6,2.0,25,19,10,0.5263157894736842,5.6844188144922985,0.2991799376048578,1.6639835722544574,4.06721193006086,14,14,14.392780198222498,2.8410234503846388,2.0181503064022,15,8,0.5333333333333333,4.954329452607337,0.33028863017382243,1.7588270912493678,4.06721193006086,11,11,15.500596725567961,2.4747498995241424,4,2,0.5,0.7300893618849613,0.18252234047124036,1.3592689181205888,1.2608947481284853,3,3,10.238468220677014,0.35742809933141384
grid_0647,14,14,20,20,0.4,0.5,0.5,55.0,True,0.01,0.6,2.5,25,19,10,0.5263157894736842,6.234929504637572,0.32815418445460903,1.7282874292600348,4.06721193006086,14,14,13.935802185607537,3.120130053777892,2.0181503064022,15,8,0.5333333333333333,5.00444008275261,0.333629338850174,1.766502257803703,4.06721193006086,11,11,14.041813732951368,2.4989378761599568,4,2,0.5,1.2304894218849618,0.3076223554712404,1.6055102655078761,1.2608947481284851,3,3,13.538258883068167,0.6060474288704043
grid_0648,14,14,20,20,0.4,0.5,1.0,55.0,True,,0.3,1.0,47,35,24,0.6857142857142857,12.390874449630525,0.35402498427515794,2.1056538783520455,3.067438519337715,20,25,7.9957078054029465,6.345395468126758,1.5258917415451934,28,18,0.6428571428571429,7.517808091326451,0.2684931461188019,1.7377098616371869,3.067438519337715,17,21,6.993560726550335,3.79438615117047,7,6,0.8571428571428571,4.873066358304077,0.6961523369005824,5.795894556645305,1.016091221511916,3,4,12.004296120813393,2.457752689284054
grid_0649,14,14,20,20,0.4,0.5,1.0,55.0,True,,0.3,1.5,47,35,20,0.5714285714285714,13.784252491980858,0.39383578548516746,1.9321416944587964,3.6456917988518036,20,25,10.545096079488243,7.059324032431169,1.81534834675805,28,15,0.5357142857142857,8.410786073676784,0.30038521691702796,1.6599108119968025,3.6456917988518036,17,21,9.298995727280381,4.238209372797064,7,5,0.7142857142857143,5.373466418304077,0.7676380597577254,3.630976651200716,1.0262934632216996,3,4,15.529497488319691,2.706411282972687
grid_0650,14,14,20,20,0.4,0.5,1.0,55.0,True,,0.3,2.0,47,34,17,0.5,12.408191489881888,0.36494680852593786,1.7377908718826736,4.158378166837359,20,25,7.033915590534463,6.304075192236658,2.0700518975157345,27,12,0.4444444444444444,4.5327247715778105,0.16787869524362262,1.3067699343528758,4.158378166837359,17,21,3.1031207114532084,2.2270937548463765,7,5,0.7142857142857143,7.875466718304077,1.1250666740434396,4.8560153614407175,1.0262934632216991,3,4,22.195552981276446,3.9881613451394626
grid_0651,14,14,20,20,0.4,0.5,1.0,55.0,True,,0.3,2.5,47,34,16,0.47058823529411764,12.366446887769412,0.363719026110865,1.6931746223176425,4.080524947323274,20,25,6.968454155772365,6.2646266941926765,2.024705654468284,27,12,0.4444444444444444,7.105398099428981,0.2631628925714437,1.4808856964315815,4.080524947323274,17,21,4.775371594206422,3.5345401778760666,7,4,0.5714285714285714,5.26104878834043,0.7515783983343471,2.7166845815755813,2.185618181183291,3,4,15.427486893241005,2.6368847648583937
grid_0652,14,14,20,20,0.4,0.5,1.0,55.0,True,,0.45,1.0,47,35,25,0.7142857142857143,14.462680077167173,0.4132194307762049,2.4217247278813883,3.059146512002294,20,25,10.308934268487148,7.452760936934366,1.5217879329197381,28,19,0.6785714285714286,9.5753820143899,0.3419779290853535,2.04561779024479,3.059146512002294,17,21,9.55377543562479,4.8677562863713275,7,6,0.8571428571428571,4.887298062777272,0.6981854375396103,5.815075760702301,1.014999203681156,3,4,13.329569599936574,2.465013786987047
grid_0653,14,14,20,20,0.4,0.5,1.0,55.0,True,,0.45,1.5,47,34,19,0.5588235294117647,12.005343929360214,0.3530983508635357,1.824823355253816,3.627198323246427,20,25,8.7875372043246,6.116354123015344,1.8062620954571562,27,14,0.5185185185185185,6.617645806582941,0.24509799283640527,1.5287089200221655,3.627198323246427,17,21,6.626695361816591,3.3127642648023814,7,5,0.7142857142857143,5.387698122777272,0.7696711603967532,3.643057619457289,1.0234346477471576,3,4,17.12221288256978,2.7136916509435727
grid_0654,14,14,20,20,0.4,0.5,1.0,55.0,True,,0.45,2.0,47,34,17,0.5,9.180855366713716,0.2700251578445211,1.5535003866951425,4.13868783850709,20,25,6.390131496182352,4.6161680346523015,2.060407995011615,27,13,0.48148148148148145,5.464795025499206,0.20239981575922986,1.4039467290783327,4.13868783850709,17,21,4.723216533222849,2.7102599471638733,7,4,0.5714285714285714,3.7160603412145106,0.5308657630306444,2.215035931010828,2.236766696499666,3,4,12.819660639026154,1.855616068413135
grid_0655,14,14,20,20,0.4,0.5,1.0,55.0,True,,0.45,2.5,47,34,17,0.5,13.157145276163899,0.386974861063644,1.7932251089113544,4.071036087262959,20,25,8.528193698521257,6.692770225418498,2.020033313824676,27,13,0.48148148148148145,7.939884754949385,0.29406980573886604,1.5869004164026697,4.071036087262959,17,21,6.380233070200363,3.974349669335453,7,4,0.5714285714285714,5.217260521214511,0.7453229316020732,2.7058816091904743,2.2367666964996666,3,4,16.813184693473268,2.6145107564781833
grid_0656,14,14,20,20,0.4,0.5,1.0,55.0,True,,0.6,1.0,47,35,21,0.6,6.98064414547668,0.19944697558504798,1.5116225556150111,4.113415746721777,20,25,7.2388817503702825,3.5081206677270993,2.043197817015119,28,16,0.5714285714285714,4.0836682434602265,0.1458452944092938,1.3517697494269474,4.113415746721777,17,21,6.368455064866983,2.0284591558183074,7,5,0.7142857142857143,2.8969759020164534,0.4138537002880648,2.4234319072638124,1.0211523545759118,3,4,10.720588492383483,1.4502439066035766
grid_0657,14,14,20,20,0.4,0.5,1.0,55.0,True,,0.6,1.5,47,34,18,0.5294117647058824,8.583904842668908,0.252467789490262,1.5476553095155452,4.623920890066142,20,25,8.249269415301043,4.319940687352841,2.2956501701720256,27,13,0.48148148148148145,3.1849286406524566,0.11796032002416507,1.2335211896555405,4.623920890066142,17,21,5.535950451203574,1.5581065981359998,7,5,0.7142857142857143,5.398976202016452,0.7712823145737787,3.6527921710218507,1.0211523545759116,3,4,18.714928276819847,2.7194619727850755
grid_0658,14,14,20,20,0.4,0.5,1.0,55.0,True,,0.6,2.0,47,34,17,0.5,10.465930302360894,0.30782147948120275,1.6270020644614709,4.1235208300661395,20,25,10.003383289295408,5.28619998253137,2.0529773181801603,27,13,0.48148148148148145,6.789497930538393,0.2514628863162368,1.4978107244432177,4.1235208300661395,17,21,9.018216223150977,3.3884804442406935,7,4,0.5714285714285714,3.6764323718225,0.5252046245460714,2.2040828234829024,2.2820471027043974,3,4,13.803313401566783,1.835523193818589
grid_0659,14,14,20,20,0.4,0.5,1.0,55.0,True,,0.6,2.5,47,34,16,0.47058823529411764,8.814428724987703,0.25924790367610884,1.5062962306170133,4.063644370474661,20,25,8.277337755412972,4.41369255481443,2.0163935058854277,27,12,0.4444444444444444,5.637582434074261,0.2087993494101578,1.3926898802538525,4.063644370474661,17,21,7.430658116049805,2.7890743417853914,7,4,0.5714285714285714,3.176846290913441,0.4538351844162059,2.040461421526979,2.282047102704397,3,4,11.543102078670907,1.5805358920024881
grid_0660,14,14,20,20,0.4,0.5,1.0,55.0,True,0.01,0.3,1.0,24,20,14,0.7,7.696645470660995,0.3848322735330497,2.26125899681231,2.0822080577469433,15,15,9.883755247434953,3.897631784368061,1.0407507639560443,16,11,0.6875,5.753578155564741,0.3595986347227963,2.131200149836912,2.0822080577469433,12,12,9.470326090231898,2.8981932955367773,4,3,0.75,1.943067315096254,0.4857668287740635,2.912296134401223,1.016091221511916,3,3,11.537471876247178,0.9712886658376441
grid_0661,14,14,20,20,0.4,0.5,1.0,55.0,True,0.01,0.3,1.5,24,20,11,0.55,6.588023213011332,0.32940116065056657,1.7610096769216939,4.083808297746941,15,15,11.549994481040033,3.309157400395968,2.02632242706261,16,8,0.5,3.1437557179150777,0.19648473236969236,1.4114400676583205,4.083808297746941,12,12,9.503202975995555,1.554959022990765,4,3,0.75,3.4442674950962533,0.8610668737740633,4.389722716008979,1.016091221511916,3,3,19.737160501217943,1.7273389643218007
grid_0662,14,14,20,20,0.4,0.5,1.0,55.0,True,0.01,0.3,2.0,24,20,11,0.55,8.70385422057814,0.43519271102890694,2.005418025135957,4.083808297746941,15,15,14.187651463120284,4.394580145530624,2.02632242706261,16,8,0.5,3.758386545481886,0.23489915909261785,1.491880080168799,4.083808297746941,12,12,10.750352047353179,1.8611368428585795,4,3,0.75,4.945467675096253,1.2363669187740634,5.867149297616736,1.016091221511916,3,3,27.936849126188708,2.4871539639110596
grid_0663,14,14,20,20,0.4,0.5,1.0,55.0,True,0.01,0.3,2.5,24,20,10,0.5,6.295085143411613,0.3147542571705806,1.650370944945845,4.083808297746941,15,15,11.77866883636607,3.1426037485754676,2.026322427062588,16,8,0.5,4.964835518279006,0.3103022198924379,1.6497744878561609,4.083808297746941,12,12,11.566629799351803,2.4703829988465875,4,2,0.5,1.3302496251326061,0.3325624062831515,1.652606780464946,1.1593247179615915,3,3,12.626824984423129,0.6560146747343065
grid_0664,14,14,20,20,0.4,0.5,1.0,55.0,True,0.01,0.45,1.0,24,20,15,0.75,9.728135982282335,0.4864067991141169,2.9144004921256177,2.0729512729962822,15,15,13.445775619241058,4.958382103598868,1.0361595271253021,16,12,0.75,7.780080037032364,0.4862550023145228,2.913185467040441,2.0729512729962822,12,12,13.661459273606733,3.9461540211643165,4,3,0.75,1.9480559452499726,0.48701398631249315,2.919268446896161,1.014999203681156,3,3,12.583041001778362,0.973800418078441
grid_0665,14,14,20,20,0.4,0.5,1.0,55.0,True,0.01,0.45,1.5,24,20,12,0.6,8.59888609660654,0.429944304830327,2.1330582067244146,4.0745515129962815,15,15,15.112693476896888,4.353308597011996,2.0217644062870743,16,9,0.5625,5.149629971356567,0.3218518732097854,1.7833214362631125,4.0745515129962815,12,12,13.520440595816172,2.578833640449263,4,3,0.75,3.4492561252499727,0.8623140313124932,4.398284562924146,1.014999203681156,3,3,21.481705001219748,1.7298646256619366
grid_0666,14,14,20,20,0.4,0.5,1.0,55.0,True,0.01,0.45,2.0,24,20,11,0.55,6.147138833865633,0.30735694169328165,1.7140316653078247,4.0745515129962815,15,15,13.443742977341737,3.0782517177604385,2.0217644062870743,16,9,0.5625,5.37032061017842,0.3356450381361512,1.8168911702310497,4.0745515129962815,12,12,14.298914544991968,2.687243930774974,4,2,0.5,0.7768182236872125,0.19420455592180313,1.3817362131342217,1.2133320487525086,3,3,10.023056706740801,0.38077542255303687
grid_0667,14,14,20,20,0.4,0.5,1.0,55.0,True,0.01,0.45,2.5,24,20,11,0.55,6.898456718875765,0.34492283594378825,1.801302308627911,4.0745515129962815,15,15,13.455383081987184,3.4610273125729396,2.0217644062870743,16,9,0.5625,5.621238435188552,0.35132740219928454,1.8550588273567474,4.0745515129962815,12,12,13.54859336904757,2.8138617401636923,4,2,0.5,1.2772182836872117,0.319304570921803,1.6276377871856718,1.2133320487525088,3,3,13.082541933745649,0.6294536178835353
grid_0668,14,14,20,20,0.4,0.5,1.0,55.0,True,0.01,0.6,1.0,24,19,11,0.5789473684210527,3.2320988526708234,0.1701104659300433,1.4285422868076074,4.06721193006086,14,14,8.52769535545547,1.6063551767207196,2.018150306402222,15,8,0.5333333333333333,1.2798657205919082,0.0853243813727939,1.1960571387496777,4.06721193006086,11,11,7.167451416294386,0.62435823486231,4,3,0.75,1.9522331320789148,0.4880582830197287,2.9251790474197694,1.0140527628821874,3,3,13.628610127309534,0.9759038060808134
grid_0669,14,14,20,20,0.4,0.5,1.0,55.0,True,0.01,0.6,1.5,24,19,11,0.5789473684210527,6.330029156469433,0.33315942928786485,1.8392952362922406,4.06721193006086,14,14,13.449599511691725,3.1813889672831053,2.018150306402211,15,8,0.5333333333333333,2.8765958443905184,0.1917730562927012,1.4406533759882174,4.06721193006086,11,11,10.842492847817109,1.424733175918802,4,3,0.75,3.4534333120789142,0.8633583280197286,4.405575566170154,1.0140527628821874,3,3,23.22624950122153,1.731979701950448
grid_0670,14,14,20,20,0.4,0.5,1.0,55.0,True,0.01,0.6,2.0,24,19,10,0.5263157894736842,5.68532539384709,0.29922765230774145,1.6641597991204091,4.06721193006086,14,14,14.312944132159906,2.8414919941209593,2.0181503064022,15,8,0.5333333333333333,4.955236031962128,0.3303490687974751,1.7590713483649667,4.06721193006086,11,11,15.399471041888676,2.475216774518074,4,2,0.5,0.7300893618849613,0.18252234047124036,1.3592689181205888,1.2608947481284853,3,3,10.238468220677014,0.35742809933141384
grid_0671,14,14,20,20,0.4,0.5,1.0,55.0,True,0.01,0.6,2.5,24,19,10,0.5263157894736842,6.235836083992362,0.32820189915749276,1.7284704663297514,4.06721193006086,14,14,13.855966119544943,3.1205998691239634,2.0181503064022,15,8,0.5333333333333333,5.0053466621074,0.3336897774738267,1.7667475808080717,4.06721193006086,11,11,13.940688049272085,2.499404861354293,4,2,0.5,1.2304894218849618,0.3076223554712404,1.6055102655078761,1.2608947481284851,3,3,13.538258883068167,0.6060474288704043
grid_0672,14,14,20,20,0.4,0.5,0.5,60.0,True,,0.3,1.0,75,41,25,0.6097560975609756,8.192544006344686,0.19981814649621182,1.5011547942248373,3.1148306015596994,23,28,5.68400553177495,4.1282418088667505,1.5517095002348547,32,20,0.625,7.3710394848154035,0.23034498390048136,1.6014726913591348,3.1148306015596994,18,22,6.095230307500336,3.7130964142986667,9,5,0.5555555555555556,0.8215045215292823,0.09127828016992022,1.2007416931556636,3.103972118414209,5,6,4.221872995862466,0.40028251871846443
grid_0673,14,14,20,20,0.4,0.5,0.5,60.0,True,,0.3,1.5,75,40,21,0.525,11.120096332659148,0.27800240831647877,1.5873654748843653,4.9302969378374115,23,28,8.798579991969339,5.634095760981062,2.4551523646045736,31,16,0.5161290322580645,7.796591511129864,0.2515029519719311,1.525383430628845,3.816228226363365,18,22,8.622063040816581,3.9128952280175433,9,5,0.5555555555555556,3.3235048215292844,0.36927831350325385,1.8121269787326664,2.6035720584142092,5,6,9.406582823717722,1.6563878132609622
grid_0674,14,14,20,20,0.4,0.5,0.5,60.0,True,,0.3,2.0,75,38,18,0.47368421052631576,11.265940320606287,0.2964721137001655,1.5650760381838638,6.13520758036194,23,28,6.216794733106747,5.6892464478252025,3.0286614291931024,29,13,0.4482758620689655,5.440435199077003,0.18760121376127598,1.34336019831109,6.13520758036194,18,22,3.617812620479297,2.6856562457667987,9,5,0.5555555555555556,5.825505121529285,0.6472783468365872,2.4235122643096685,2.1031719984142088,5,6,14.591292651572976,2.9250338478332694
grid_0675,14,14,20,20,0.4,0.5,0.5,60.0,True,,0.3,2.5,75,38,17,0.4473684210526316,12.9722406130796,0.341374752975779,1.618925096947234,6.135207580361939,23,28,6.867354236481125,6.568414958556956,3.0286614291931024,29,13,0.4482758620689655,9.761153421513965,0.336591497293585,1.616052108317479,6.135207580361939,18,22,6.103941025461174,4.903004130265609,9,4,0.4444444444444444,3.2110871915656376,0.3567874657295153,1.6278253914177707,2.183137924114265,5,6,9.327241249767633,1.587572102533219
grid_0676,14,14,20,20,0.4,0.5,0.5,60.0,True,,0.45,1.0,75,40,26,0.65,11.32422792544269,0.28310569813606723,1.7937728154971713,3.09891624013446,23,28,7.990081056370935,5.77298331688072,1.5438475783464578,32,21,0.65625,9.455923238260302,0.2954976011956344,1.8434875799268968,3.09891624013446,18,22,8.360449916510499,4.799926531642473,8,5,0.625,1.868304687182388,0.23353808589779854,1.6113908592064559,2.0664768345834768,5,6,6.508605615812677,0.9284899497944421
grid_0677,14,14,20,20,0.4,0.5,0.5,60.0,True,,0.45,1.5,75,37,21,0.5675675675675675,13.921428405769207,0.3762548217775462,1.8921618038971784,3.171369373693623,23,28,9.117475144909875,7.130541180205641,1.586400784063624,29,16,0.5517241379310345,9.55112341858682,0.3293490833995456,1.7611472766996212,3.0955245963231643,18,22,8.067805240147862,4.833440630606178,8,5,0.625,4.370304987182388,0.5462881233977985,2.4301545885095006,2.035428198194885,5,6,12.92252854967217,2.191190650408581
grid_0678,14,14,20,20,0.4,0.5,0.5,60.0,True,,0.45,2.0,75,37,18,0.4864864864864865,9.963491432327546,0.2692835522250688,1.5339723659854383,6.117395586095883,23,28,6.619215508758936,5.014876270315449,3.019980271526046,29,14,0.4827586206896552,7.264824226707919,0.25051118023130753,1.4981570748757582,6.117395586095883,18,22,5.918917625224436,3.6288609102012037,8,4,0.5,2.698667205619627,0.3373334007024534,1.6621214915375915,2.2337610432662376,5,6,9.157795336571496,1.3374800687187882
grid_0679,14,14,20,20,0.4,0.5,0.5,60.0,True,,0.45,2.5,75,36,17,0.4722222222222222,11.044750081631104,0.30679861337864167,1.59192014896215,6.117395586095883,22,27,7.453297231760843,5.569091942139792,3.019980271526046,28,13,0.4642857142857143,6.844882696011474,0.24446009628612403,1.4693612171891386,6.117395586095883,17,21,5.967916759631733,3.4053208315385275,8,4,0.5,4.199867385619628,0.5249834232024535,2.030442898567059,2.2337610432662376,5,6,12.652128884212724,2.0925142857265433
grid_0680,14,14,20,20,0.4,0.5,0.5,60.0,True,,0.6,1.0,75,39,22,0.5641025641025641,4.8880896517552035,0.12533563209628729,1.2922835214124029,4.15805184732356,23,28,6.009061402024591,2.425478630090594,2.067644665635804,31,17,0.5483870967741935,3.0059114195983683,0.09696488450317318,1.2198301250012835,3.1616521567067393,18,22,5.756595540136789,1.476182563645656,8,5,0.625,1.8821782321568352,0.23527227901960443,1.6171070531421028,2.0598187973042705,5,6,6.987366616839825,0.9354865767142728
grid_0681,14,14,20,20,0.4,0.5,0.5,60.0,True,,0.6,1.5,75,37,19,0.5135135135135135,8.232258454299147,0.22249347173781475,1.470231034423125,6.103960506855481,23,28,5.959016445672407,4.131603340209211,3.013431931217758,29,14,0.4827586206896552,3.8480799221423134,0.1326924111083556,1.2661772037446781,6.103960506855481,18,22,3.7456654160036504,1.8917529582108905,8,5,0.625,4.384178532156834,0.5480223165196042,2.437434270678959,2.0319652776367736,5,6,13.982413928221646,2.1982646455370736
grid_0682,14,14,20,20,0.4,0.5,0.5,60.0,True,,0.6,2.0,75,37,18,0.4864864864864865,11.590755171676802,0.3132636532885623,1.6256838875080797,6.103960506855481,23,28,7.906338037094513,5.868728494599007,3.0134319312177693,29,14,0.4827586206896552,8.929120469713922,0.30790070585220425,1.617640061177482,6.103960506855481,18,22,7.415741381844665,4.4906937714848105,8,4,0.5,2.661634701962882,0.33270433774536023,1.6542692682981108,2.2788072628830713,5,6,9.684750912375215,1.3188109614124421
grid_0683,14,14,20,20,0.4,0.5,0.5,60.0,True,,0.6,2.5,75,36,16,0.4444444444444444,7.1236778576478965,0.19787994049021934,1.3702045301903336,6.103960506855481,22,27,5.655068161106478,3.531629250104751,3.0134319312177693,28,12,0.42857142857142855,4.961629236594074,0.17720104416407406,1.3269727306088865,6.103960506855481,17,21,5.068783062896523,2.4405174108650174,8,4,0.5,2.1620486210538234,0.27025607763172793,1.5314636032805793,2.2788072628830713,5,6,7.707066004841322,1.0651174621302717
grid_0684,14,14,20,20,0.4,0.5,0.5,60.0,True,0.01,0.3,1.0,25,20,14,0.7,7.694435134961639,0.38472175674808196,2.2604402416272986,2.0822080577469433,15,15,10.003503087861162,3.896477679357324,1.0407507639560443,16,11,0.6875,5.751367819865385,0.35946048874158654,2.1302743966348254,2.0822080577469433,12,12,9.620010890764657,2.897050292386094,4,3,0.75,1.943067315096254,0.4857668287740635,2.912296134401223,1.016091221511916,3,3,11.537471876247178,0.9712886658376441
grid_0685,14,14,20,20,0.4,0.5,0.5,60.0,True,0.01,0.3,1.5,25,20,11,0.55,6.585812877311975,0.32929064386559875,1.7605601619438844,4.083808297746941,15,15,11.669742321466241,3.3080098322159968,2.02632242706261,16,8,0.5,3.141545382215721,0.19634658638848257,1.4110318865913418,4.083808297746941,12,12,9.652887776528313,1.5538309406171846,4,3,0.75,3.4442674950962533,0.8610668737740633,4.389722716008979,1.016091221511916,3,3,19.737160501217943,1.7273389643218007
grid_0686,14,14,20,20,0.4,0.5,0.5,60.0,True,0.01,0.3,2.0,25,20,11,0.55,8.701643884878784,0.4350821942439391,2.0049061225320806,4.083808297746941,15,15,14.307399303546493,4.393420520369062,2.02632242706261,16,8,0.5,3.75617620978253,0.2347610131114081,1.4914486362719725,4.083808297746941,12,12,10.90003684788594,1.8600053594319155,4,3,0.75,4.945467675096253,1.2363669187740634,5.867149297616736,1.016091221511916,3,3,27.936849126188708,2.4871539639110596
grid_0687,14,14,20,20,0.4,0.5,0.5,60.0,True,0.01,0.3,2.5,25,20,10,0.5,6.2928748077122565,0.31464374038561277,1.6499941542533838,4.083808297746941,15,15,11.898416676792277,3.141458030489619,2.026322427062588,16,8,0.5,4.96262518257965,0.3101640739112281,1.6492973817245173,4.083808297746941,12,12,11.716314599884564,2.4692447478543045,4,2,0.5,1.3302496251326061,0.3325624062831515,1.652606780464946,1.1593247179615915,3,3,12.626824984423129,0.6560146747343065
grid_0688,14,14,20,20,0.4,0.5,0.5,60.0,True,0.01,0.45,1.0,25,20,15,0.75,9.726700750810398,0.4863350375405199,2.9135775833367283,2.0729512729962822,15,15,13.543571670833893,4.957625065883331,1.0361595271253021,16,12,0.75,7.778644805560425,0.4861653003475266,2.912157664133968,2.0729512729962822,12,12,13.783704338097776,3.9454042843886317,4,3,0.75,1.9480559452499726,0.48701398631249315,2.919268446896161,1.014999203681156,3,3,12.583041001778362,0.973800418078441
grid_0689,14,14,20,20,0.4,0.5,0.5,60.0,True,0.01,0.45,1.5,25,20,12,0.6,8.5974508651346,0.42987254325673,2.13265488412715,4.0745515129962815,15,15,15.210489528489722,4.3525559235354505,2.0217644062870743,16,9,0.5625,5.1481947398846275,0.3217621712427893,1.7829321933056268,4.0745515129962815,12,12,13.642685660307215,2.578093765802514,4,3,0.75,3.4492561252499727,0.8623140313124932,4.398284562924146,1.014999203681156,3,3,21.481705001219748,1.7298646256619366
grid_0690,14,14,20,20,0.4,0.5,0.5,60.0,True,0.01,0.45,2.0,25,20,11,0.55,6.145703602393695,0.30728518011968464,1.7137459635949717,4.0745515129962815,15,15,13.541539028934569,3.077508240940019,2.0217644062870743,16,9,0.5625,5.368885378706482,0.33555533616915506,1.8164946000569075,4.0745515129962815,12,12,14.421159609483011,2.6865032741927974,4,2,0.5,0.7768182236872125,0.19420455592180313,1.3817362131342217,1.2133320487525086,3,3,10.023056706740801,0.38077542255303687
grid_0691,14,14,20,20,0.4,0.5,0.5,60.0,True,0.01,0.45,2.5,25,20,11,0.55,6.897021487403827,0.34485107437019125,1.8010020602921553,4.0745515129962815,15,15,13.55317913358002,3.4602810748909807,2.0217644062870743,16,9,0.5625,5.619803203716614,0.35123770023228834,1.8546539263839965,4.0745515129962815,12,12,13.670838433538611,2.8131201703199604,4,2,0.5,1.2772182836872117,0.319304570921803,1.6276377871856718,1.2133320487525088,3,3,13.082541933745649,0.6294536178835353
grid_0692,14,14,20,20,0.4,0.5,0.5,60.0,True,0.01,0.6,1.0,25,19,11,0.5789473684210527,3.231192273316033,0.17006275122715958,1.428370592548968,4.06721193006086,14,14,8.607531421518063,1.6058922602425918,2.018150306402222,15,8,0.5333333333333333,1.2789591412371177,0.08526394274914116,1.1958910593765617,4.06721193006086,11,11,7.268577099973672,0.6238997923421419,4,3,0.75,1.9522331320789148,0.4880582830197287,2.9251790474197694,1.0140527628821874,3,3,13.628610127309534,0.9759038060808134
grid_0693,14,14,20,20,0.4,0.5,0.5,60.0,True,0.01,0.6,1.5,25,19,11,0.5789473684210527,6.329122577114642,0.3331117145849811,1.8390741742803347,4.06721193006086,14,14,13.529435577754318,3.180918874983152,2.018150306402211,15,8,0.5333333333333333,2.875689265035727,0.19171261766904849,1.4404533330288891,4.06721193006086,11,11,10.943618531496393,1.4242710869067476,4,3,0.75,3.4534333120789142,0.8633583280197286,4.405575566170154,1.0140527628821874,3,3,23.22624950122153,1.731979701950448
grid_0694,14,14,20,20,0.4,0.5,0.5,60.0,True,0.01,0.6,2.0,25,19,10,0.5263157894736842,5.6844188144922985,0.2991799376048578,1.6639835722544574,4.06721193006086,14,14,14.392780198222498,2.8410234503846388,2.0181503064022,15,8,0.5333333333333333,4.954329452607337,0.33028863017382243,1.7588270912493678,4.06721193006086,11,11,15.500596725567961,2.4747498995241424,4,2,0.5,0.7300893618849613,0.18252234047124036,1.3592689181205888,1.2608947481284853,3,3,10.238468220677014,0.35742809933141384
grid_0695,14,14,20,20,0.4,0.5,0.5,60.0,True,0.01,0.6,2.5,25,19,10,0.5263157894736842,6.234929504637572,0.32815418445460903,1.7282874292600348,4.06721193006086,14,14,13.935802185607537,3.120130053777892,2.0181503064022,15,8,0.5333333333333333,5.00444008275261,0.333629338850174,1.766502257803703,4.06721193006086,11,11,14.041813732951368,2.4989378761599568,4,2,0.5,1.2304894218849618,0.3076223554712404,1.6055102655078761,1.2608947481284851,3,3,13.538258883068167,0.6060474288704043
grid_0696,14,14,20,20,0.4,0.5,1.0,60.0,True,,0.3,1.0,42,31,20,0.6451612903225806,8.470710471980428,0.27324872490259444,1.755852536785385,3.067438519337715,18,23,7.256046633443991,4.286226141929106,1.5258917415451934,25,15,0.6,4.5729508904546545,0.18291803561818618,1.448735978318346,3.067438519337715,15,19,6.064813529205863,2.280968210513712,6,5,0.8333333333333334,3.897759581525774,0.6496265969209624,4.8360331228194395,1.016091221511916,3,4,12.219517901102856,1.9605386676514236
grid_0697,14,14,20,20,0.4,0.5,1.0,60.0,True,,0.3,1.5,42,31,17,0.5483870967741935,10.364488574330764,0.334338341107444,1.7531549755074665,3.6456917988518036,18,23,10.117170872621644,5.254314298610696,1.81534834675805,25,12,0.48,3.9647286928049876,0.15858914771219954,1.3110728662097828,3.6456917988518036,15,19,7.74611204775826,1.9548866685678234,6,5,0.8333333333333334,6.399759881525777,1.0666266469209627,7.298410758832371,1.016091221511916,3,4,19.996582642885745,3.2361642858459216
grid_0698,14,14,20,20,0.4,0.5,1.0,60.0,True,,0.3,2.0,42,30,15,0.5,10.48962775223179,0.34965425840772635,1.7103386376644305,4.158378166837359,18,23,6.54749295629101,5.302274366841675,2.0700518975157345,24,10,0.4166666666666667,1.5878675707060141,0.06616114877941726,1.1154729709675337,4.158378166837359,15,19,1.2409543491966064,0.7440826267797629,6,5,0.8333333333333334,8.901760181525777,1.4836266969209628,9.760788394845298,1.016091221511916,3,4,27.773647384668624,4.5245255316367805
grid_0699,14,14,20,20,0.4,0.5,1.0,60.0,True,,0.3,2.5,42,30,14,0.4666666666666667,10.694727864705106,0.3564909288235035,1.6773379711679814,4.080524947323274,18,23,6.596123976188822,5.3929649746164765,2.024705654468284,24,10,0.4166666666666667,4.407385613142976,0.18364106721429063,1.320514078338974,4.080524947323274,15,19,3.2757623997458745,2.1583465434655835,6,4,0.6666666666666666,6.28734225156213,1.0478903752603548,4.084505424359102,1.1593247179615915,3,4,19.87757028196061,3.1662791544640356
grid_0700,14,14,20,20,0.4,0.5,1.0,60.0,True,,0.45,1.0,42,31,21,0.6774193548387096,10.532748779299478,0.33976608965482186,2.0354007218713015,3.059146512002294,18,23,9.632524577203675,5.367028866404988,1.5217879329197381,25,16,0.64,6.623616308775048,0.26494465235100195,1.7232892680211256,3.059146512002294,15,19,8.696107637599184,3.3351355395289772,6,5,0.8333333333333334,3.90913247052443,0.6515220784207383,4.85136506151626,1.014999203681156,3,4,13.534261825555712,1.966314086943588
grid_0701,14,14,20,20,0.4,0.5,1.0,60.0,True,,0.45,1.5,42,30,17,0.5666666666666667,11.077812991492518,0.36926043304975065,1.8854996846400174,3.627198323246427,18,23,8.997206708325908,5.633936238380044,1.8062620954571562,24,12,0.5,4.6666802209680895,0.19444500920700372,1.4059663099769444,3.627198323246427,15,19,5.724968617731959,2.3168259241447053,6,5,0.8333333333333334,6.41113277052443,1.0685221284207385,7.3163919215629,1.014999203681156,3,4,22.0861590707017,3.241998844544458
grid_0702,14,14,20,20,0.4,0.5,1.0,60.0,True,,0.45,2.0,42,30,15,0.5,8.12566566875161,0.27085552229172033,1.5587687458216595,4.13868783850709,18,23,6.185315296415175,4.075108805116523,2.060407995011615,24,11,0.4583333333333333,3.386170679789941,0.14109044499124754,1.2707392309446415,4.13868783850709,15,19,3.465015423877102,1.6561898501250338,6,4,0.6666666666666666,4.739494988961669,0.7899158314936114,3.3290350484662934,1.2133320487525086,3,4,17.06651478656747,2.379509755931042
grid_0703,14,14,20,20,0.4,0.5,1.0,60.0,True,,0.45,2.5,42,30,15,0.5,11.601555518201792,0.386718517273393,1.7977914537409116,4.071036087262959,18,23,8.288560965308111,5.878668632100559,2.020033313824676,24,11,0.4583333333333333,5.36086034924012,0.22336918121833835,1.4286243504550475,4.071036087262959,15,19,4.929294660779528,2.652995532382185,6,4,0.6666666666666666,6.240695168961669,1.0401158614936117,4.066739770620646,1.2133320487525088,3,4,21.72562618342244,3.142307813804446
grid_0704,14,14,20,20,0.4,0.5,1.0,60.0,True,,0.6,1.0,42,31,18,0.5806451612903226,5.044623942876657,0.16272980460892444,1.3996382221598116,4.113415746721777,18,23,6.8194869649858285,2.5160494129647937,2.043197817015119,25,13,0.52,1.1264956862842928,0.04505982745137172,1.0970370465155597,4.113415746721777,15,19,4.892402456580374,0.53462954772312,6,5,0.8333333333333334,3.9181282565923654,0.6530213760987276,4.863830759117584,1.0140527628821874,3,4,14.849005750008553,1.9708829426790642
grid_0705,14,14,20,20,0.4,0.5,1.0,60.0,True,,0.6,1.5,42,30,16,0.5333333333333333,7.8723552722243975,0.2624118424074799,1.587199019436229,4.623920890066142,18,23,6.118659937863861,3.9584398602929394,2.2956501701720256,24,11,0.4583333333333333,1.4522267156320345,0.0605094464846681,1.1171852819106474,4.623920890066142,15,19,1.6043910477004137,0.6894417530035613,6,5,0.8333333333333334,6.420128556592363,1.0700214260987273,7.331158290368224,1.0140527628821874,3,4,24.17573549851765,3.246614590741692
grid_0706,14,14,20,20,0.4,0.5,1.0,60.0,True,,0.6,2.0,42,30,15,0.5,9.729651809602059,0.3243217269867353,1.6745122549105327,4.1235208300661395,18,23,7.462892954469813,4.909096021858983,2.0529773181801603,24,11,0.4583333333333333,5.032067083203647,0.20966946180015197,1.4060551933049015,4.1235208300661395,15,19,4.7172366570733315,2.4921873000193884,6,4,0.6666666666666666,4.697584726398412,0.7829307877330686,3.3116296039098922,1.2608947481284853,3,4,18.44551814405574,2.3581394694648594
grid_0707,14,14,20,20,0.4,0.5,1.0,60.0,True,,0.6,2.5,42,30,14,0.4666666666666667,8.399172226667936,0.2799724075555979,1.554681605021023,4.063644370474661,18,23,6.57805983212802,4.205313084178575,2.0163935058854277,24,10,0.4166666666666667,4.201173581178583,0.1750488992157743,1.3204513069855122,4.063644370474661,15,19,4.270423556657388,2.060167993526729,6,4,0.6666666666666666,4.197998645489353,0.6996664409148922,3.0657888066506334,1.2608947481284851,3,4,15.808604934010551,2.1018435819035064
grid_0708,14,14,20,20,0.4,0.5,1.0,60.0,True,0.01,0.3,1.0,24,20,14,0.7,7.696645470660995,0.3848322735330497,2.26125899681231,2.0822080577469433,15,15,9.883755247434953,3.897631784368061,1.0407507639560443,16,11,0.6875,5.753578155564741,0.3595986347227963,2.131200149836912,2.0822080577469433,12,12,9.470326090231898,2.8981932955367773,4,3,0.75,1.943067315096254,0.4857668287740635,2.912296134401223,1.016091221511916,3,3,11.537471876247178,0.9712886658376441
grid_0709,14,14,20,20,0.4,0.5,1.0,60.0,True,0.01,0.3,1.5,24,20,11,0.55,6.588023213011332,0.32940116065056657,1.7610096769216939,4.083808297746941,15,15,11.549994481040033,3.309157400395968,2.02632242706261,16,8,0.5,3.1437557179150777,0.19648473236969236,1.4114400676583205,4.083808297746941,12,12,9.503202975995555,1.554959022990765,4,3,0.75,3.4442674950962533,0.8610668737740633,4.389722716008979,1.016091221511916,3,3,19.737160501217943,1.7273389643218007
grid_0710,14,14,20,20,0.4,0.5,1.0,60.0,True,0.01,0.3,2.0,24,20,11,0.55,8.70385422057814,0.43519271102890694,2.005418025135957,4.083808297746941,15,15,14.187651463120284,4.394580145530624,2.02632242706261,16,8,0.5,3.758386545481886,0.23489915909261785,1.491880080168799,4.083808297746941,12,12,10.750352047353179,1.8611368428585795,4,3,0.75,4.945467675096253,1.2363669187740634,5.867149297616736,1.016091221511916,3,3,27.936849126188708,2.4871539639110596
grid_0711,14,14,20,20,0.4,0.5,1.0,60.0,True,0.01,0.3,2.5,24,20,10,0.5,6.295085143411613,0.3147542571705806,1.650370944945845,4.083808297746941,15,15,11.77866883636607,3.1426037485754676,2.026322427062588,16,8,0.5,4.964835518279006,0.3103022198924379,1.6497744878561609,4.083808297746941,12,12,11.566629799351803,2.4703829988465875,4,2,0.5,1.3302496251326061,0.3325624062831515,1.652606780464946,1.1593247179615915,3,3,12.626824984423129,0.6560146747343065
grid_0712,14,14,20,20,0.4,0.5,1.0,60.0,True,0.01,0.45,1.0,24,20,15,0.75,9.728135982282335,0.4864067991141169,2.9144004921256177,2.0729512729962822,15,15,13.445775619241058,4.958382103598868,1.0361595271253021,16,12,0.75,7.780080037032364,0.4862550023145228,2.913185467040441,2.0729512729962822,12,12,13.661459273606733,3.9461540211643165,4,3,0.75,1.9480559452499726,0.48701398631249315,2.919268446896161,1.014999203681156,3,3,12.583041001778362,0.973800418078441
grid_0713,14,14,20,20,0.4,0.5,1.0,60.0,True,0.01,0.45,1.5,24,20,12,0.6,8.59888609660654,0.429944304830327,2.1330582067244146,4.0745515129962815,15,15,15.112693476896888,4.353308597011996,2.0217644062870743,16,9,0.5625,5.149629971356567,0.3218518732097854,1.7833214362631125,4.0745515129962815,12,12,13.520440595816172,2.578833640449263,4,3,0.75,3.4492561252499727,0.8623140313124932,4.398284562924146,1.014999203681156,3,3,21.481705001219748,1.7298646256619366
grid_0714,14,14,20,20,0.4,0.5,1.0,60.0,True,0.01,0.45,2.0,24,20,11,0.55,6.147138833865633,0.30735694169328165,1.7140316653078247,4.0745515129962815,15,15,13.443742977341737,3.0782517177604385,2.0217644062870743,16,9,0.5625,5.37032061017842,0.3356450381361512,1.8168911702310497,4.0745515129962815,12,12,14.298914544991968,2.687243930774974,4,2,0.5,0.7768182236872125,0.19420455592180313,1.3817362131342217,1.2133320487525086,3,3,10.023056706740801,0.38077542255303687
grid_0715,14,14,20,20,0.4,0.5,1.0,60.0,True,0.01,0.45,2.5,24,20,11,0.55,6.898456718875765,0.34492283594378825,1.801302308627911,4.0745515129962815,15,15,13.455383081987184,3.4610273125729396,2.0217644062870743,16,9,0.5625,5.621238435188552,0.35132740219928454,1.8550588273567474,4.0745515129962815,12,12,13.54859336904757,2.8138617401636923,4,2,0.5,1.2772182836872117,0.319304570921803,1.6276377871856718,1.2133320487525088,3,3,13.082541933745649,0.6294536178835353
grid_0716,14,14,20,20,0.4,0.5,1.0,60.0,True,0.01,0.6,1.0,24,19,11,0.5789473684210527,3.2320988526708234,0.1701104659300433,1.4285422868076074,4.06721193006086,14,14,8.52769535545547,1.6063551767207196,2.018150306402222,15,8,0.5333333333333333,1.2798657205919082,0.0853243813727939,1.1960571387496777,4.06721193006086,11,11,7.167451416294386,0.62435823486231,4,3,0.75,1.9522331320789148,0.4880582830197287,2.9251790474197694,1.0140527628821874,3,3,13.628610127309534,0.9759038060808134
grid_0717,14,14,20,20,0.4,0.5,1.0,60.0,True,0.01,0.6,1.5,24,19,11,0.5789473684210527,6.330029156469433,0.33315942928786485,1.8392952362922406,4.06721193006086,14,14,13.449599511691725,3.1813889672831053,2.018150306402211,15,8,0.5333333333333333,2.8765958443905184,0.1917730562927012,1.4406533759882174,4.06721193006086,11,11,10.842492847817109,1.424733175918802,4,3,0.75,3.4534333120789142,0.8633583280197286,4.405575566170154,1.0140527628821874,3,3,23.22624950122153,1.731979701950448
grid_0718,14,14,20,20,0.4,0.5,1.0,60.0,True,0.01,0.6,2.0,24,19,10,0.5263157894736842,5.68532539384709,0.29922765230774145,1.6641597991204091,4.06721193006086,14,14,14.312944132159906,2.8414919941209593,2.0181503064022,15,8,0.5333333333333333,4.955236031962128,0.3303490687974751,1.7590713483649667,4.06721193006086,11,11,15.399471041888676,2.475216774518074,4,2,0.5,0.7300893618849613,0.18252234047124036,1.3592689181205888,1.2608947481284853,3,3,10.238468220677014,0.35742809933141384
grid_0719,14,14,20,20,0.4,0.5,1.0,60.0,True,0.01,0.6,2.5,24,19,10,0.5263157894736842,6.235836083992362,0.32820189915749276,1.7284704663297514,4.06721193006086,14,14,13.855966119544943,3.1205998691239634,2.0181503064022,15,8,0.5333333333333333,5.0053466621074,0.3336897774738267,1.7667475808080717,4.06721193006086,11,11,13.940688049272085,2.499404861354293,4,2,0.5,1.2304894218849618,0.3076223554712404,1.6055102655078761,1.2608947481284851,3,3,13.538258883068167,0.6060474288704043
grid_0720,14,14,20,20,0.4,0.6,0.5,50.0,True,,0.3,1.0,105,50,29,0.58,6.990062181831463,0.13980124363662927,1.3259431630701508,6.130498151516526,25,32,4.150930184989388,3.492416830734424,3.026365856750002,40,23,0.575,5.193250883523878,0.12983127208809697,1.2992658755053736,6.130498151516526,20,26,3.9709171711907643,2.579573618896913,10,6,0.6,1.7968112983075852,0.17968112983075848,1.4390662897777295,3.103972118414209,5,6,4.8709822401838805,0.8898878983732983
grid_0721,14,14,20,20,0.4,0.6,0.5,50.0,True,,0.3,1.5,105,49,24,0.4897959183673469,9.417214448145923,0.19218804996216166,1.3758351738717003,6.130498151516527,25,32,6.590336427107933,4.721799166882401,3.026365856750035,39,19,0.48717948717948717,7.120003089838337,0.18256418179072656,1.3571049043841015,6.130498151516527,20,26,6.398468024459123,3.546810656903543,10,5,0.5,2.2972113583075853,0.22972113583075854,1.4487933265224768,2.6035720584142092,5,6,7.338623197438288,1.134741381723603
grid_0722,14,14,20,20,0.4,0.6,0.5,50.0,True,,0.3,2.0,105,46,20,0.43478260869565216,9.09632727775124,0.19774624516850517,1.3490548008695915,7.143584579502083,25,32,4.542649851026252,4.530581772227937,3.517579219864808,36,15,0.4166666666666667,4.2971156194436535,0.11936432276232369,1.2051986867847644,7.143584579502083,20,26,2.469813131170206,2.0837592178186704,10,5,0.5,4.799211658307586,0.4799211658307586,1.9375951224636607,2.1031719984142088,5,6,12.004862042508016,2.3968774006337457
grid_0723,14,14,20,20,0.4,0.6,0.5,50.0,True,,0.3,2.5,105,46,19,0.41304347826086957,10.555782855638762,0.22947354033997305,1.3897689407970166,7.143584579502084,25,32,4.955842333589892,5.270356839909351,3.5175792198648304,36,15,0.4166666666666667,8.370989127294823,0.23252747575818955,1.399736969663579,7.143584579502084,20,26,4.313794153786194,4.15972379056857,10,4,0.4,2.1847937283439385,0.2184793728343938,1.3557767702662515,3.209431387335964,5,6,7.267215780883208,1.0662787965662668
grid_0724,14,14,20,20,0.4,0.6,0.5,50.0,True,,0.45,1.0,105,49,32,0.6530612244897959,14.150818065324172,0.28879220541477896,1.8173340468954982,6.113375969722082,25,32,7.1646876780412425,7.266631882961816,3.0180209027833693,40,26,0.65,11.304347785888941,0.2826086946472235,1.7928671031170011,6.113375969722082,20,26,7.172485876282444,5.762567779053218,9,6,0.6666666666666666,2.84647027943523,0.3162744754928034,1.931489345281321,2.0664768345834768,5,6,7.130029019191462,1.4221138305290593
grid_0725,14,14,20,20,0.4,0.6,0.5,50.0,True,,0.45,1.5,105,46,25,0.5434782608695652,13.481240831426314,0.2930704528570938,1.6513931934399058,6.113375969722082,25,32,7.030216463935281,6.879294680346781,3.0180209027833804,37,20,0.5405405405405406,10.134370491991085,0.27390190518894825,1.6098888623251937,6.113375969722082,20,26,6.288410626753172,5.125526908758338,9,5,0.5555555555555556,3.34687033943523,0.37187448215947,1.8204598378558392,2.035428198194885,5,6,10.079862683461734,1.668260624377771
grid_0726,14,14,20,20,0.4,0.6,0.5,50.0,True,,0.45,2.0,105,45,22,0.4888888888888889,11.1797225465638,0.24843827881252878,1.491895030345478,7.125265544982748,25,32,5.662405808410831,5.638014681655212,3.5086961709664855,36,18,0.5,9.504489988691331,0.2640136107969813,1.539150521450473,7.125265544982748,20,26,5.394648970337145,4.779952135594767,9,4,0.4444444444444444,1.6752325578724692,0.1861369508747188,1.3285270103113889,3.2571956910133952,5,6,6.733433160705578,0.8189186276302385
grid_0727,14,14,20,20,0.4,0.6,0.5,50.0,True,,0.45,2.5,105,44,21,0.4772727272727273,13.26156926651926,0.3013993015118013,1.5834939095861693,7.125265544982748,24,31,6.62032170511715,6.722263683148899,3.5086961709664855,35,17,0.4857142857142857,10.085136528646787,0.2881467579613367,1.5720882051313312,7.125265544982748,19,25,5.7925310913621315,5.072531214445797,9,4,0.4444444444444444,3.17643273787247,0.35293697087471887,1.622924826720031,3.2571956910133952,5,6,9.839507425275558,1.5700892037483483
grid_0728,14,14,20,20,0.4,0.6,0.5,50.0,True,,0.6,1.0,105,48,27,0.5625,5.728442086614893,0.11934254347114363,1.2755207498177532,6.179494107833353,25,32,5.136080872075197,2.8452422121968857,3.0548712365365827,39,22,0.5641025641025641,4.86741620903397,0.12480554382138387,1.2911104122517123,6.179494107833353,20,26,5.248278563545071,2.4149621068032534,9,5,0.5555555555555556,0.8610258775809234,0.09566954195343597,1.2114942436657996,2.0598187973042705,5,6,4.64989087570574,0.4201340278238819
grid_0729,14,14,20,20,0.4,0.6,0.5,50.0,True,,0.6,1.5,105,46,23,0.5,7.557884113229721,0.16430182854847225,1.3311175199475758,7.115763279614555,25,32,5.913915739943067,3.765238046960584,3.504088162599639,37,18,0.4864864864864865,4.1948579356488,0.11337453880131894,1.2236753244818388,7.115763279614555,20,26,4.70893858553986,2.054333223957938,9,5,0.5555555555555556,3.3630261775809216,0.3736695752867691,1.826061906355322,2.0319652776367736,5,6,10.867710708045136,1.676464652655274
grid_0730,14,14,20,20,0.4,0.6,0.5,50.0,True,,0.6,2.0,105,46,22,0.4782608695652174,10.763829375533776,0.23399629077247347,1.4514369591765297,7.115763279614555,25,32,7.7776325948169704,5.415758210570232,3.504088162599639,37,18,0.4864864864864865,9.123347028146808,0.2465769467066705,1.4864688240188373,7.115763279614555,20,26,7.955216408539077,4.577567698734675,9,4,0.4444444444444444,1.6404823473869705,0.18227581637633003,1.3223423208651959,3.299959617458983,5,6,7.04756580507053,0.8015012495320439
grid_0731,14,14,20,20,0.4,0.6,0.5,50.0,True,,0.6,2.5,105,45,20,0.4444444444444444,6.122596995088175,0.13605771100195943,1.2492803319228343,7.115763279614555,24,31,5.379331444200315,2.9999058361774855,3.504088162599639,36,16,0.4444444444444444,4.981700728610264,0.1383805757947295,1.2558413449661612,7.115763279614555,19,25,5.401758388990293,2.437418846160133,9,4,0.4444444444444444,1.1408962664779116,0.12676625183087908,1.2241774506069567,3.299959617458983,5,6,5.289623665040403,0.5491030488205428
grid_0732,14,14,20,20,0.4,0.6,0.5,50.0,True,0.01,0.3,1.0,25,20,14,0.7,7.694435134961639,0.38472175674808196,2.2604402416272986,2.0822080577469433,15,15,10.003503087861162,3.896477679357324,1.0407507639560443,16,11,0.6875,5.751367819865385,0.35946048874158654,2.1302743966348254,2.0822080577469433,12,12,9.620010890764657,2.897050292386094,4,3,0.75,1.943067315096254,0.4857668287740635,2.912296134401223,1.016091221511916,3,3,11.537471876247178,0.9712886658376441
grid_0733,14,14,20,20,0.4,0.6,0.5,50.0,True,0.01,0.3,1.5,25,20,11,0.55,6.585812877311975,0.32929064386559875,1.7605601619438844,4.083808297746941,15,15,11.669742321466241,3.3080098322159968,2.02632242706261,16,8,0.5,3.141545382215721,0.19634658638848257,1.4110318865913418,4.083808297746941,12,12,9.652887776528313,1.5538309406171846,4,3,0.75,3.4442674950962533,0.8610668737740633,4.389722716008979,1.016091221511916,3,3,19.737160501217943,1.7273389643218007
grid_0734,14,14,20,20,0.4,0.6,0.5,50.0,True,0.01,0.3,2.0,25,20,11,0.55,8.701643884878784,0.4350821942439391,2.0049061225320806,4.083808297746941,15,15,14.307399303546493,4.393420520369062,2.02632242706261,16,8,0.5,3.75617620978253,0.2347610131114081,1.4914486362719725,4.083808297746941,12,12,10.90003684788594,1.8600053594319155,4,3,0.75,4.945467675096253,1.2363669187740634,5.867149297616736,1.016091221511916,3,3,27.936849126188708,2.4871539639110596
grid_0735,14,14,20,20,0.4,0.6,0.5,50.0,True,0.01,0.3,2.5,25,20,10,0.5,6.2928748077122565,0.31464374038561277,1.6499941542533838,4.083808297746941,15,15,11.898416676792277,3.141458030489619,2.026322427062588,16,8,0.5,4.96262518257965,0.3101640739112281,1.6492973817245173,4.083808297746941,12,12,11.716314599884564,2.4692447478543045,4,2,0.5,1.3302496251326061,0.3325624062831515,1.652606780464946,1.1593247179615915,3,3,12.626824984423129,0.6560146747343065
grid_0736,14,14,20,20,0.4,0.6,0.5,50.0,True,0.01,0.45,1.0,25,20,15,0.75,9.726700750810398,0.4863350375405199,2.9135775833367283,2.0729512729962822,15,15,13.543571670833893,4.957625065883331,1.0361595271253021,16,12,0.75,7.778644805560425,0.4861653003475266,2.912157664133968,2.0729512729962822,12,12,13.783704338097776,3.9454042843886317,4,3,0.75,1.9480559452499726,0.48701398631249315,2.919268446896161,1.014999203681156,3,3,12.583041001778362,0.973800418078441
grid_0737,14,14,20,20,0.4,0.6,0.5,50.0,True,0.01,0.45,1.5,25,20,12,0.6,8.5974508651346,0.42987254325673,2.13265488412715,4.0745515129962815,15,15,15.210489528489722,4.3525559235354505,2.0217644062870743,16,9,0.5625,5.1481947398846275,0.3217621712427893,1.7829321933056268,4.0745515129962815,12,12,13.642685660307215,2.578093765802514,4,3,0.75,3.4492561252499727,0.8623140313124932,4.398284562924146,1.014999203681156,3,3,21.481705001219748,1.7298646256619366
grid_0738,14,14,20,20,0.4,0.6,0.5,50.0,True,0.01,0.45,2.0,25,20,11,0.55,6.145703602393695,0.30728518011968464,1.7137459635949717,4.0745515129962815,15,15,13.541539028934569,3.077508240940019,2.0217644062870743,16,9,0.5625,5.368885378706482,0.33555533616915506,1.8164946000569075,4.0745515129962815,12,12,14.421159609483011,2.6865032741927974,4,2,0.5,0.7768182236872125,0.19420455592180313,1.3817362131342217,1.2133320487525086,3,3,10.023056706740801,0.38077542255303687
grid_0739,14,14,20,20,0.4,0.6,0.5,50.0,True,0.01,0.45,2.5,25,20,11,0.55,6.897021487403827,0.34485107437019125,1.8010020602921553,4.0745515129962815,15,15,13.55317913358002,3.4602810748909807,2.0217644062870743,16,9,0.5625,5.619803203716614,0.35123770023228834,1.8546539263839965,4.0745515129962815,12,12,13.670838433538611,2.8131201703199604,4,2,0.5,1.2772182836872117,0.319304570921803,1.6276377871856718,1.2133320487525088,3,3,13.082541933745649,0.6294536178835353
grid_0740,14,14,20,20,0.4,0.6,0.5,50.0,True,0.01,0.6,1.0,25,19,11,0.5789473684210527,3.231192273316033,0.17006275122715958,1.428370592548968,4.06721193006086,14,14,8.607531421518063,1.6058922602425918,2.018150306402222,15,8,0.5333333333333333,1.2789591412371177,0.08526394274914116,1.1958910593765617,4.06721193006086,11,11,7.268577099973672,0.6238997923421419,4,3,0.75,1.9522331320789148,0.4880582830197287,2.9251790474197694,1.0140527628821874,3,3,13.628610127309534,0.9759038060808134
grid_0741,14,14,20,20,0.4,0.6,0.5,50.0,True,0.01,0.6,1.5,25,19,11,0.5789473684210527,6.329122577114642,0.3331117145849811,1.8390741742803347,4.06721193006086,14,14,13.529435577754318,3.180918874983152,2.018150306402211,15,8,0.5333333333333333,2.875689265035727,0.19171261766904849,1.4404533330288891,4.06721193006086,11,11,10.943618531496393,1.4242710869067476,4,3,0.75,3.4534333120789142,0.8633583280197286,4.405575566170154,1.0140527628821874,3,3,23.22624950122153,1.731979701950448
grid_0742,14,14,20,20,0.4,0.6,0.5,50.0,True,0.01,0.6,2.0,25,19,10,0.5263157894736842,5.6844188144922985,0.2991799376048578,1.6639835722544574,4.06721193006086,14,14,14.392780198222498,2.8410234503846388,2.0181503064022,15,8,0.5333333333333333,4.954329452607337,0.33028863017382243,1.7588270912493678,4.06721193006086,11,11,15.500596725567961,2.4747498995241424,4,2,0.5,0.7300893618849613,0.18252234047124036,1.3592689181205888,1.2608947481284853,3,3,10.238468220677014,0.35742809933141384
grid_0743,14,14,20,20,0.4,0.6,0.5,50.0,True,0.01,0.6,2.5,25,19,10,0.5263157894736842,6.234929504637572,0.32815418445460903,1.7282874292600348,4.06721193006086,14,14,13.935802185607537,3.120130053777892,2.0181503064022,15,8,0.5333333333333333,5.00444008275261,0.333629338850174,1.766502257803703,4.06721193006086,11,11,14.041813732951368,2.4989378761599568,4,2,0.5,1.2304894218849618,0.3076223554712404,1.6055102655078761,1.2608947481284851,3,3,13.538258883068167,0.6060474288704043
grid_0744,14,14,20,20,0.4,0.6,1.0,50.0,True,,0.3,1.0,51,38,25,0.6578947368421053,11.333378048052536,0.29824679073822463,1.8553119113726468,4.084630095212847,21,26,7.113090213387852,5.780527066650198,2.0267269083567796,31,19,0.6129032258064516,6.460311689748459,0.20839715128220837,1.5280410433776221,4.084630095212847,18,22,6.008624363324019,3.2430677915050943,7,6,0.8571428571428571,4.873066358304077,0.6961523369005824,5.795894556645305,1.016091221511916,3,4,12.004296120813393,2.457752689284054
grid_0745,14,14,20,20,0.4,0.6,1.0,50.0,True,,0.3,1.5,51,38,21,0.5526315789473685,12.369710372455685,0.3255186940119918,1.734915550574665,4.662883374726935,21,26,9.28034260304652,6.30148620628368,2.314711349467624,31,16,0.5161290322580645,6.996243954151611,0.22568528884360037,1.4730680058035763,4.662883374726935,18,22,7.869243112823544,3.5003412916511545,7,5,0.7142857142857143,5.373466418304077,0.7676380597577254,3.630976651200716,1.0262934632216996,3,4,15.529497488319691,2.706411282972687
grid_0746,14,14,20,20,0.4,0.6,1.0,50.0,True,,0.3,2.0,51,37,18,0.4864864864864865,10.993649370356716,0.2971256586582896,1.5828531391803284,5.175569742712491,21,26,6.019669897617594,5.551583524814063,2.568119488694409,30,13,0.43333333333333335,3.118182652052637,0.10393942173508794,1.1853920463288934,5.175569742712491,18,22,2.245297178097195,1.503461701265718,7,5,0.7142857142857143,7.875466718304077,1.1250666740434396,4.8560153614407175,1.0262934632216991,3,4,22.195552981276446,3.9881613451394626
grid_0747,14,14,20,20,0.4,0.6,1.0,50.0,True,,0.3,2.5,51,37,17,0.4594594594594595,10.951904768244239,0.29599742616876323,1.5507883002490341,5.097716523198405,21,26,5.959516146755126,5.512414269743715,2.5230038747290795,30,13,0.43333333333333335,5.69085597990381,0.18969519933012696,1.338350748883448,5.097716523198405,18,22,3.750322972575087,2.801653140070637,7,4,0.5714285714285714,5.26104878834043,0.7515783983343471,2.7166845815755813,2.185618181183291,3,4,15.427486893241005,2.6368847648583937
grid_0748,14,14,20,20,0.4,0.6,1.0,50.0,True,,0.45,1.0,51,38,27,0.7105263157894737,15.414356958506309,0.40564097259227117,2.377858486016082,4.073700588245947,21,26,9.826933431461907,7.9612868288338134,2.021345290288945,31,21,0.6774193548387096,10.527058895729034,0.3395825450235172,2.0348866731983737,4.073700588245947,18,22,9.036015586967626,5.36404850661798,7,6,0.8571428571428571,4.887298062777272,0.6981854375396103,5.815075760702301,1.014999203681156,3,4,13.329569599936574,2.465013786987047
grid_0749,14,14,20,20,0.4,0.6,1.0,50.0,True,,0.45,1.5,51,37,21,0.5675675675675675,13.042719776350113,0.3525059399013544,1.8377040918631686,4.641752399490079,21,26,8.350058273360201,6.663480422139867,2.3043763807204187,30,16,0.5333333333333333,7.655021653572841,0.25516738845242803,1.565732481525633,4.641752399490079,18,22,6.303222197877967,3.8454355088502146,7,5,0.7142857142857143,5.387698122777272,0.7696711603967532,3.643057619457289,1.0234346477471576,3,4,17.12221288256978,2.7136916509435727
grid_0750,14,14,20,20,0.4,0.6,1.0,50.0,True,,0.45,2.0,51,37,19,0.5135135135135135,10.718631273703616,0.2896927371271248,1.6089628416158164,5.153241914750742,21,26,6.318205654469676,5.416727317867798,2.5572330564831325,30,15,0.5,7.002570932489106,0.2334190310829702,1.481506076232985,5.153241914750742,18,22,4.801199491406497,3.4962345591850186,7,4,0.5714285714285714,3.7160603412145106,0.5308657630306444,2.215035931010828,2.236766696499666,3,4,12.819660639026154,1.855616068413135
grid_0751,14,14,20,20,0.4,0.6,1.0,50.0,True,,0.45,2.5,51,36,18,0.5,12.715446090406964,0.3532068358446378,1.722408858547423,5.085590163506611,20,25,7.817076649537583,6.455589451427235,2.517063186783075,29,14,0.4827586206896552,7.49818556919245,0.2585581230756016,1.5155851967936151,5.085590163506611,17,21,5.6456022941048305,3.7432120141999814,7,4,0.5714285714285714,5.217260521214511,0.7453229316020732,2.7058816091904743,2.2367666964996666,3,4,16.813184693473268,2.6145107564781833
grid_0752,14,14,20,20,0.4,0.6,1.0,50.0,True,,0.6,1.0,51,38,23,0.6052631578947368,7.938050735074573,0.20889607197564666,1.5415959383143496,5.126063462182177,21,26,7.009856317335355,4.00095310544053,2.539176476737137,31,18,0.5806451612903226,5.041074833058119,0.16261531719542324,1.3994015163626865,5.126063462182177,18,22,6.1719490520019065,2.5142464922855545,7,5,0.7142857142857143,2.8969759020164534,0.4138537002880648,2.4234319072638124,1.0211523545759118,3,4,10.720588492383483,1.4502439066035766
grid_0753,14,14,20,20,0.4,0.6,1.0,50.0,True,,0.6,1.5,51,37,20,0.5405405405405406,9.578833481982333,0.2588873914049279,1.5740446054382047,5.636568605526543,21,26,7.839243945112325,4.835614761694873,2.7903506034006043,30,15,0.5,4.179857279965882,0.1393285759988627,1.2852879791265563,5.636568605526543,18,22,5.301584267713903,2.0601283809980053,7,5,0.7142857142857143,5.398976202016452,0.7712823145737787,3.6527921710218507,1.0211523545759116,3,4,18.714928276819847,2.7194619727850755
grid_0754,14,14,20,20,0.4,0.6,1.0,50.0,True,,0.6,2.0,51,37,19,0.5135135135135135,11.283578564286389,0.30496158281855107,1.6373222844271627,5.136168545526539,21,26,9.381938737639201,5.713553016361117,2.5489064619546475,30,15,0.5,7.60714619246389,0.2535715397487963,1.5192108770244936,5.136168545526539,18,22,8.350284649389433,3.808130700287826,7,4,0.5714285714285714,3.6764323718225,0.5252046245460714,2.2040828234829024,2.2820471027043974,3,4,13.803313401566783,1.835523193818589
grid_0755,14,14,20,20,0.4,0.6,1.0,50.0,True,,0.6,2.5,51,36,17,0.4722222222222222,8.327547642408705,0.23132076784468625,1.4520368735054807,5.076292085935062,20,25,7.489084629911931,4.158117507474146,2.5125078822296087,29,13,0.4482758620689655,5.150701351495263,0.17761039143087112,1.3351364072977723,5.076292085935062,17,21,6.510528694004591,2.5374758981504764,7,4,0.5714285714285714,3.176846290913441,0.4538351844162059,2.040461421526979,2.282047102704397,3,4,11.543102078670907,1.5805358920024881
grid_0756,14,14,20,20,0.4,0.6,1.0,50.0,True,0.01,0.3,1.0,24,20,14,0.7,7.696645470660995,0.3848322735330497,2.26125899681231,2.0822080577469433,15,15,9.883755247434953,3.897631784368061,1.0407507639560443,16,11,0.6875,5.753578155564741,0.3595986347227963,2.131200149836912,2.0822080577469433,12,12,9.470326090231898,2.8981932955367773,4,3,0.75,1.943067315096254,0.4857668287740635,2.912296134401223,1.016091221511916,3,3,11.537471876247178,0.9712886658376441
grid_0757,14,14,20,20,0.4,0.6,1.0,50.0,True,0.01,0.3,1.5,24,20,11,0.55,6.588023213011332,0.32940116065056657,1.7610096769216939,4.083808297746941,15,15,11.549994481040033,3.309157400395968,2.02632242706261,16,8,0.5,3.1437557179150777,0.19648473236969236,1.4114400676583205,4.083808297746941,12,12,9.503202975995555,1.554959022990765,4,3,0.75,3.4442674950962533,0.8610668737740633,4.389722716008979,1.016091221511916,3,3,19.737160501217943,1.7273389643218007
grid_0758,14,14,20,20,0.4,0.6,1.0,50.0,True,0.01,0.3,2.0,24,20,11,0.55,8.70385422057814,0.43519271102890694,2.005418025135957,4.083808297746941,15,15,14.187651463120284,4.394580145530624,2.02632242706261,16,8,0.5,3.758386545481886,0.23489915909261785,1.491880080168799,4.083808297746941,12,12,10.750352047353179,1.8611368428585795,4,3,0.75,4.945467675096253,1.2363669187740634,5.867149297616736,1.016091221511916,3,3,27.936849126188708,2.4871539639110596
grid_0759,14,14,20,20,0.4,0.6,1.0,50.0,True,0.01,0.3,2.5,24,20,10,0.5,6.295085143411613,0.3147542571705806,1.650370944945845,4.083808297746941,15,15,11.77866883636607,3.1426037485754676,2.026322427062588,16,8,0.5,4.964835518279006,0.3103022198924379,1.6497744878561609,4.083808297746941,12,12,11.566629799351803,2.4703829988465875,4,2,0.5,1.3302496251326061,0.3325624062831515,1.652606780464946,1.1593247179615915,3,3,12.626824984423129,0.6560146747343065
grid_0760,14,14,20,20,0.4,0.6,1.0,50.0,True,0.01,0.45,1.0,24,20,15,0.75,9.728135982282335,0.4864067991141169,2.9144004921256177,2.0729512729962822,15,15,13.445775619241058,4.958382103598868,1.0361595271253021,16,12,0.75,7.780080037032364,0.4862550023145228,2.913185467040441,2.0729512729962822,12,12,13.661459273606733,3.9461540211643165,4,3,0.75,1.9480559452499726,0.48701398631249315,2.919268446896161,1.014999203681156,3,3,12.583041001778362,0.973800418078441
grid_0761,14,14,20,20,0.4,0.6,1.0,50.0,True,0.01,0.45,1.5,24,20,12,0.6,8.59888609660654,0.429944304830327,2.1330582067244146,4.0745515129962815,15,15,15.112693476896888,4.353308597011996,2.0217644062870743,16,9,0.5625,5.149629971356567,0.3218518732097854,1.7833214362631125,4.0745515129962815,12,12,13.520440595816172,2.578833640449263,4,3,0.75,3.4492561252499727,0.8623140313124932,4.398284562924146,1.014999203681156,3,3,21.481705001219748,1.7298646256619366
grid_0762,14,14,20,20,0.4,0.6,1.0,50.0,True,0.01,0.45,2.0,24,20,11,0.55,6.147138833865633,0.30735694169328165,1.7140316653078247,4.0745515129962815,15,15,13.443742977341737,3.0782517177604385,2.0217644062870743,16,9,0.5625,5.37032061017842,0.3356450381361512,1.8168911702310497,4.0745515129962815,12,12,14.298914544991968,2.687243930774974,4,2,0.5,0.7768182236872125,0.19420455592180313,1.3817362131342217,1.2133320487525086,3,3,10.023056706740801,0.38077542255303687
grid_0763,14,14,20,20,0.4,0.6,1.0,50.0,True,0.01,0.45,2.5,24,20,11,0.55,6.898456718875765,0.34492283594378825,1.801302308627911,4.0745515129962815,15,15,13.455383081987184,3.4610273125729396,2.0217644062870743,16,9,0.5625,5.621238435188552,0.35132740219928454,1.8550588273567474,4.0745515129962815,12,12,13.54859336904757,2.8138617401636923,4,2,0.5,1.2772182836872117,0.319304570921803,1.6276377871856718,1.2133320487525088,3,3,13.082541933745649,0.6294536178835353
grid_0764,14,14,20,20,0.4,0.6,1.0,50.0,True,0.01,0.6,1.0,24,19,11,0.5789473684210527,3.2320988526708234,0.1701104659300433,1.4285422868076074,4.06721193006086,14,14,8.52769535545547,1.6063551767207196,2.018150306402222,15,8,0.5333333333333333,1.2798657205919082,0.0853243813727939,1.1960571387496777,4.06721193006086,11,11,7.167451416294386,0.62435823486231,4,3,0.75,1.9522331320789148,0.4880582830197287,2.9251790474197694,1.0140527628821874,3,3,13.628610127309534,0.9759038060808134
grid_0765,14,14,20,20,0.4,0.6,1.0,50.0,True,0.01,0.6,1.5,24,19,11,0.5789473684210527,6.330029156469433,0.33315942928786485,1.8392952362922406,4.06721193006086,14,14,13.449599511691725,3.1813889672831053,2.018150306402211,15,8,0.5333333333333333,2.8765958443905184,0.1917730562927012,1.4406533759882174,4.06721193006086,11,11,10.842492847817109,1.424733175918802,4,3,0.75,3.4534333120789142,0.8633583280197286,4.405575566170154,1.0140527628821874,3,3,23.22624950122153,1.731979701950448
grid_0766,14,14,20,20,0.4,0.6,1.0,50.0,True,0.01,0.6,2.0,24,19,10,0.5263157894736842,5.68532539384709,0.29922765230774145,1.6641597991204091,4.06721193006086,14,14,14.312944132159906,2.8414919941209593,2.0181503064022,15,8,0.5333333333333333,4.955236031962128,0.3303490687974751,1.7590713483649667,4.06721193006086,11,11,15.399471041888676,2.475216774518074,4,2,0.5,0.7300893618849613,0.18252234047124036,1.3592689181205888,1.2608947481284853,3,3,10.238468220677014,0.35742809933141384
grid_0767,14,14,20,20,0.4,0.6,1.0,50.0,True,0.01,0.6,2.5,24,19,10,0.5263157894736842,6.235836083992362,0.32820189915749276,1.7284704663297514,4.06721193006086,14,14,13.855966119544943,3.1205998691239634,2.0181503064022,15,8,0.5333333333333333,5.0053466621074,0.3336897774738267,1.7667475808080717,4.06721193006086,11,11,13.940688049272085,2.499404861354293,4,2,0.5,1.2304894218849618,0.3076223554712404,1.6055102655078761,1.2608947481284851,3,3,13.538258883068167,0.6060474288704043
grid_0768,14,14,20,20,0.4,0.6,0.5,55.0,True,,0.3,1.0,98,49,29,0.5918367346938775,8.008144297720325,0.1634315162800066,1.392026369526738,6.130498151516526,25,32,4.5723003846012045,4.021931169654547,3.026365856750002,39,23,0.5897435897435898,6.211332999412738,0.1592649487028907,1.3802417928121664,6.130498151516526,20,26,4.4957152934261595,3.1044174362015564,10,6,0.6,1.7968112983075852,0.17968112983075848,1.4390662897777295,3.103972118414209,5,6,4.8709822401838805,0.8898878983732983
grid_0769,14,14,20,20,0.4,0.6,0.5,55.0,True,,0.3,1.5,98,48,24,0.5,10.435296564034783,0.2174020117507246,1.434104300549963,6.130498151516527,25,32,7.071306135922465,5.25760358574221,3.026365856750035,38,19,0.5,8.138085205727197,0.21416013699282094,1.430130323167662,6.130498151516527,20,26,7.000959540786721,4.076603299411485,10,5,0.5,2.2972113583075853,0.22972113583075854,1.4487933265224768,2.6035720584142092,5,6,7.338623197438288,1.134741381723603
grid_0770,14,14,20,20,0.4,0.6,0.5,55.0,True,,0.3,2.0,98,45,20,0.4444444444444444,10.1144093936401,0.2247646531920022,1.4039010386243702,7.143584579502083,25,32,5.0101800609599385,5.065407835808999,3.517579219864808,35,15,0.42857142857142855,5.315197735332514,0.1518627924380718,1.2667848587469988,7.143584579502083,20,26,3.011699494803345,2.606066222834569,10,5,0.5,4.799211658307586,0.4799211658307586,1.9375951224636607,2.1031719984142088,5,6,12.004862042508016,2.3968774006337457
grid_0771,14,14,20,20,0.4,0.6,0.5,55.0,True,,0.3,2.5,98,45,19,0.4222222222222222,11.573864971527621,0.2571969993672804,1.4440543516756008,7.143584579502084,25,32,5.43255459869166,5.808967929658548,3.5175792198648304,35,15,0.42857142857142855,9.389071243183682,0.2682591783766766,1.4712641316666963,7.143584579502084,20,26,4.908365689494075,4.692652375812445,10,4,0.4,2.1847937283439385,0.2184793728343938,1.3557767702662515,3.209431387335964,5,6,7.267215780883208,1.0662787965662668
grid_0772,14,14,20,20,0.4,0.6,0.5,55.0,True,,0.45,1.0,98,48,31,0.6458333333333334,13.165299151505414,0.2742770656563628,1.760411672626736,6.113375969722082,25,32,6.937715140778482,6.740657200240396,3.0180209027833693,39,25,0.6410256410256411,10.318828872070183,0.26458535569410724,1.72374453708609,6.113375969722082,20,26,6.893335014990869,5.243968173053792,9,6,0.6666666666666666,2.84647027943523,0.3162744754928034,1.931489345281321,2.0664768345834768,5,6,7.130029019191462,1.4221138305290593
grid_0773,14,14,20,20,0.4,0.6,0.5,55.0,True,,0.45,1.5,98,45,24,0.5333333333333333,13.260499331831939,0.2946777629295987,1.6407272976115113,6.113375969722082,25,32,7.096553969642481,6.761461255065138,3.0180209027833804,36,19,0.5277777777777778,9.91362899239671,0.27537858312213087,1.5966045855995734,6.113375969722082,20,26,6.350726791187668,5.009626996083516,9,5,0.5555555555555556,3.34687033943523,0.37187448215947,1.8204598378558392,2.035428198194885,5,6,10.079862683461734,1.668260624377771
grid_0774,14,14,20,20,0.4,0.6,0.5,55.0,True,,0.45,2.0,98,44,21,0.4772727272727273,10.958981046969425,0.24906775106748685,1.4821826563407354,7.125265544982748,25,32,5.6991643788949125,5.52154975599195,3.5086961709664855,35,17,0.4857142857142857,9.283748489096956,0.2652499568313415,1.5266287664953233,7.125265544982748,20,26,5.433209549286455,4.664433215883501,9,4,0.4444444444444444,1.6752325578724692,0.1861369508747188,1.3285270103113889,3.2571956910133952,5,6,6.733433160705578,0.8189186276302385
grid_0775,14,14,20,20,0.4,0.6,0.5,55.0,True,,0.45,2.5,98,43,20,0.46511627906976744,13.040827766924885,0.3032750643470903,1.5737815355814266,7.125265544982748,24,31,6.680212239954496,6.60460338307669,3.5086961709664855,34,16,0.47058823529411764,9.864395029052412,0.29012926556036506,1.5595664501761815,7.125265544982748,19,25,5.843928220310685,4.95668972902954,9,4,0.4444444444444444,3.17643273787247,0.35293697087471887,1.622924826720031,3.2571956910133952,5,6,9.839507425275558,1.5700892037483483
grid_0776,14,14,20,20,0.4,0.6,0.5,55.0,True,,0.6,1.0,98,47,26,0.5531914893617021,4.74133758860269,0.10087952316175938,1.2280440070439578,6.179494107833353,25,32,4.815942649410458,2.3401401488561513,3.0548712365365827,38,21,0.5526315789473685,3.880311711021766,0.10211346607952018,1.2320736697560704,6.179494107833353,20,26,4.855270701077365,1.9119732707190806,9,5,0.5555555555555556,0.8610258775809234,0.09566954195343597,1.2114942436657996,2.0598187973042705,5,6,4.64989087570574,0.4201340278238819
grid_0777,14,14,20,20,0.4,0.6,0.5,55.0,True,,0.6,1.5,98,45,22,0.4888888888888889,7.36004684177306,0.1635565964838458,1.3224500958780194,7.115763279614555,25,32,5.955446562894885,3.662696321999692,3.504088162599639,36,17,0.4722222222222222,3.9970206641921386,0.11102835178311497,1.2131263818080922,7.115763279614555,20,26,4.727380526607321,1.953482230258241,9,5,0.5555555555555556,3.3630261775809216,0.3736695752867691,1.826061906355322,2.0319652776367736,5,6,10.867710708045136,1.676464652655274
grid_0778,14,14,20,20,0.4,0.6,0.5,55.0,True,,0.6,2.0,98,45,21,0.4666666666666667,10.565992104077116,0.23479982453504702,1.4431396280760216,7.115763279614555,25,32,7.860579347877096,5.311585427001986,3.504088162599639,36,17,0.4722222222222222,8.925509756690147,0.24793082657472632,1.4759198813450907,7.115763279614555,20,26,8.063832733578739,4.474223222435292,9,4,0.4444444444444444,1.6404823473869705,0.18227581637633003,1.3223423208651959,3.299959617458983,5,6,7.04756580507053,0.8015012495320439
grid_0779,14,14,20,20,0.4,0.6,0.5,55.0,True,,0.6,2.5,98,44,19,0.4318181818181818,5.924759723631514,0.1346536300825344,1.2412254263435534,7.115763279614555,24,31,5.409656506406884,2.898120419268646,3.504088162599639,35,15,0.42857142857142855,4.783863457153601,0.13668181306153143,1.245681169481668,7.115763279614555,19,25,5.440522094186837,2.3361892838641873,9,4,0.4444444444444444,1.1408962664779116,0.12676625183087908,1.2241774506069567,3.299959617458983,5,6,5.289623665040403,0.5491030488205428
grid_0780,14,14,20,20,0.4,0.6,0.5,55.0,True,0.01,0.3,1.0,25,20,14,0.7,7.694435134961639,0.38472175674808196,2.2604402416272986,2.0822080577469433,15,15,10.003503087861162,3.896477679357324,1.0407507639560443,16,11,0.6875,5.751367819865385,0.35946048874158654,2.1302743966348254,2.0822080577469433,12,12,9.620010890764657,2.897050292386094,4,3,0.75,1.943067315096254,0.4857668287740635,2.912296134401223,1.016091221511916,3,3,11.537471876247178,0.9712886658376441
grid_0781,14,14,20,20,0.4,0.6,0.5,55.0,True,0.01,0.3,1.5,25,20,11,0.55,6.585812877311975,0.32929064386559875,1.7605601619438844,4.083808297746941,15,15,11.669742321466241,3.3080098322159968,2.02632242706261,16,8,0.5,3.141545382215721,0.19634658638848257,1.4110318865913418,4.083808297746941,12,12,9.652887776528313,1.5538309406171846,4,3,0.75,3.4442674950962533,0.8610668737740633,4.389722716008979,1.016091221511916,3,3,19.737160501217943,1.7273389643218007
grid_0782,14,14,20,20,0.4,0.6,0.5,55.0,True,0.01,0.3,2.0,25,20,11,0.55,8.701643884878784,0.4350821942439391,2.0049061225320806,4.083808297746941,15,15,14.307399303546493,4.393420520369062,2.02632242706261,16,8,0.5,3.75617620978253,0.2347610131114081,1.4914486362719725,4.083808297746941,12,12,10.90003684788594,1.8600053594319155,4,3,0.75,4.945467675096253,1.2363669187740634,5.867149297616736,1.016091221511916,3,3,27.936849126188708,2.4871539639110596
grid_0783,14,14,20,20,0.4,0.6,0.5,55.0,True,0.01,0.3,2.5,25,20,10,0.5,6.2928748077122565,0.31464374038561277,1.6499941542533838,4.083808297746941,15,15,11.898416676792277,3.141458030489619,2.026322427062588,16,8,0.5,4.96262518257965,0.3101640739112281,1.6492973817245173,4.083808297746941,12,12,11.716314599884564,2.4692447478543045,4,2,0.5,1.3302496251326061,0.3325624062831515,1.652606780464946,1.1593247179615915,3,3,12.626824984423129,0.6560146747343065
grid_0784,14,14,20,20,0.4,0.6,0.5,55.0,True,0.01,0.45,1.0,25,20,15,0.75,9.726700750810398,0.4863350375405199,2.9135775833367283,2.0729512729962822,15,15,13.543571670833893,4.957625065883331,1.0361595271253021,16,12,0.75,7.778644805560425,0.4861653003475266,2.912157664133968,2.0729512729962822,12,12,13.783704338097776,3.9454042843886317,4,3,0.75,1.9480559452499726,0.48701398631249315,2.919268446896161,1.014999203681156,3,3,12.583041001778362,0.973800418078441
grid_0785,14,14,20,20,0.4,0.6,0.5,55.0,True,0.01,0.45,1.5,25,20,12,0.6,8.5974508651346,0.42987254325673,2.13265488412715,4.0745515129962815,15,15,15.210489528489722,4.3525559235354505,2.0217644062870743,16,9,0.5625,5.1481947398846275,0.3217621712427893,1.7829321933056268,4.0745515129962815,12,12,13.642685660307215,2.578093765802514,4,3,0.75,3.4492561252499727,0.8623140313124932,4.398284562924146,1.014999203681156,3,3,21.481705001219748,1.7298646256619366
grid_0786,14,14,20,20,0.4,0.6,0.5,55.0,True,0.01,0.45,2.0,25,20,11,0.55,6.145703602393695,0.30728518011968464,1.7137459635949717,4.0745515129962815,15,15,13.541539028934569,3.077508240940019,2.0217644062870743,16,9,0.5625,5.368885378706482,0.33555533616915506,1.8164946000569075,4.0745515129962815,12,12,14.421159609483011,2.6865032741927974,4,2,0.5,0.7768182236872125,0.19420455592180313,1.3817362131342217,1.2133320487525086,3,3,10.023056706740801,0.38077542255303687
grid_0787,14,14,20,20,0.4,0.6,0.5,55.0,True,0.01,0.45,2.5,25,20,11,0.55,6.897021487403827,0.34485107437019125,1.8010020602921553,4.0745515129962815,15,15,13.55317913358002,3.4602810748909807,2.0217644062870743,16,9,0.5625,5.619803203716614,0.35123770023228834,1.8546539263839965,4.0745515129962815,12,12,13.670838433538611,2.8131201703199604,4,2,0.5,1.2772182836872117,0.319304570921803,1.6276377871856718,1.2133320487525088,3,3,13.082541933745649,0.6294536178835353
grid_0788,14,14,20,20,0.4,0.6,0.5,55.0,True,0.01,0.6,1.0,25,19,11,0.5789473684210527,3.231192273316033,0.17006275122715958,1.428370592548968,4.06721193006086,14,14,8.607531421518063,1.6058922602425918,2.018150306402222,15,8,0.5333333333333333,1.2789591412371177,0.08526394274914116,1.1958910593765617,4.06721193006086,11,11,7.268577099973672,0.6238997923421419,4,3,0.75,1.9522331320789148,0.4880582830197287,2.9251790474197694,1.0140527628821874,3,3,13.628610127309534,0.9759038060808134
grid_0789,14,14,20,20,0.4,0.6,0.5,55.0,True,0.01,0.6,1.5,25,19,11,0.5789473684210527,6.329122577114642,0.3331117145849811,1.8390741742803347,4.06721193006086,14,14,13.529435577754318,3.180918874983152,2.018150306402211,15,8,0.5333333333333333,2.875689265035727,0.19171261766904849,1.4404533330288891,4.06721193006086,11,11,10.943618531496393,1.4242710869067476,4,3,0.75,3.4534333120789142,0.8633583280197286,4.405575566170154,1.0140527628821874,3,3,23.22624950122153,1.731979701950448
grid_0790,14,14,20,20,0.4,0.6,0.5,55.0,True,0.01,0.6,2.0,25,19,10,0.5263157894736842,5.6844188144922985,0.2991799376048578,1.6639835722544574,4.06721193006086,14,14,14.392780198222498,2.8410234503846388,2.0181503064022,15,8,0.5333333333333333,4.954329452607337,0.33028863017382243,1.7588270912493678,4.06721193006086,11,11,15.500596725567961,2.4747498995241424,4,2,0.5,0.7300893618849613,0.18252234047124036,1.3592689181205888,1.2608947481284853,3,3,10.238468220677014,0.35742809933141384
grid_0791,14,14,20,20,0.4,0.6,0.5,55.0,True,0.01,0.6,2.5,25,19,10,0.5263157894736842,6.234929504637572,0.32815418445460903,1.7282874292600348,4.06721193006086,14,14,13.935802185607537,3.120130053777892,2.0181503064022,15,8,0.5333333333333333,5.00444008275261,0.333629338850174,1.766502257803703,4.06721193006086,11,11,14.041813732951368,2.4989378761599568,4,2,0.5,1.2304894218849618,0.3076223554712404,1.6055102655078761,1.2608947481284851,3,3,13.538258883068167,0.6060474288704043
grid_0792,14,14,20,20,0.4,0.6,1.0,55.0,True,,0.3,1.0,50,37,24,0.6486486486486487,10.347124907214928,0.2796520245193223,1.7808809645348642,4.084630095212847,21,26,6.792227507827725,5.261454864304982,2.0267269083567796,30,18,0.6,5.4740585489108495,0.18246861829702835,1.4474285029101475,4.084630095212847,18,22,5.576078164797735,2.736447073481574,7,6,0.8571428571428571,4.873066358304077,0.6961523369005824,5.795894556645305,1.016091221511916,3,4,12.004296120813393,2.457752689284054
grid_0793,14,14,20,20,0.4,0.6,1.0,55.0,True,,0.3,1.5,50,37,20,0.5405405405405406,11.740502949565256,0.3173108905287908,1.697532757793286,4.662883374726935,21,26,9.203811010340843,5.968106609940538,2.314711349467624,30,15,0.5,6.367036531261181,0.21223455104203942,1.4305226196314786,4.662883374726935,18,22,7.727817498812445,3.175746563650561,7,5,0.7142857142857143,5.373466418304077,0.7676380597577254,3.630976651200716,1.0262934632216996,3,4,15.529497488319691,2.706411282972687
grid_0794,14,14,20,20,0.4,0.6,1.0,55.0,True,,0.3,2.0,50,36,17,0.4722222222222222,10.364441947466286,0.28790116520739684,1.549494287240215,5.175569742712491,21,26,5.850438185519289,5.220555751217426,2.568119488694409,29,12,0.41379310344827586,2.4889752291622083,0.08582673204007618,1.147982418763235,5.175569742712491,18,22,1.9050656486123896,1.1851295283388907,7,5,0.7142857142857143,7.875466718304077,1.1250666740434396,4.8560153614407175,1.0262934632216991,3,4,22.195552981276446,3.9881613451394626
grid_0795,14,14,20,20,0.4,0.6,1.0,55.0,True,,0.3,2.5,50,36,16,0.4444444444444444,10.322697345353811,0.2867415929264947,1.519144481726911,5.097716523198405,21,26,5.7886134971328636,5.181509337613499,2.5230038747290795,29,12,0.41379310344827586,5.06164855701338,0.17453960541425445,1.3009411213177897,5.097716523198405,18,22,3.4619888842791746,2.4792496173133616,7,4,0.5714285714285714,5.26104878834043,0.7515783983343471,2.7166845815755813,2.185618181183291,3,4,15.427486893241005,2.6368847648583937
grid_0796,14,14,20,20,0.4,0.6,1.0,55.0,True,,0.45,1.0,50,37,26,0.7027027027027027,14.426800973670355,0.38991353982892846,2.289582835089801,4.073700588245947,21,26,9.528198158197236,7.430817096934361,2.021345290288945,30,20,0.6666666666666666,9.539502910893082,0.3179834303631027,1.9378027167137504,4.073700588245947,18,22,8.641211488458056,4.846340352103606,7,6,0.8571428571428571,4.887298062777272,0.6981854375396103,5.815075760702301,1.014999203681156,3,4,13.329569599936574,2.465013786987047
grid_0797,14,14,20,20,0.4,0.6,1.0,55.0,True,,0.45,1.5,50,36,20,0.5555555555555556,12.469864885863396,0.34638513571842766,1.8009109310781992,4.641752399490079,21,26,8.245559571699193,6.358839515325654,2.3043763807204187,29,15,0.5172413793103449,7.082166763086124,0.2442126470029698,1.523396530901916,4.641752399490079,18,22,6.10291911735112,3.548843202685714,7,5,0.7142857142857143,5.387698122777272,0.7696711603967532,3.643057619457289,1.0234346477471576,3,4,17.12221288256978,2.7136916509435727
grid_0798,14,14,20,20,0.4,0.6,1.0,55.0,True,,0.45,2.0,50,36,18,0.5,10.1457763832169,0.281827121756025,1.5764169565082515,5.153241914750742,21,26,6.157266602283929,5.115647254884581,2.5572330564831325,29,14,0.4827586206896552,6.429716042002389,0.22171434627594444,1.4421158132526586,5.153241914750742,18,22,4.5491025244496,3.200639603693367,7,4,0.5714285714285714,3.7160603412145106,0.5308657630306444,2.215035931010828,2.236766696499666,3,4,12.819660639026154,1.855616068413135
grid_0799,14,14,20,20,0.4,0.6,1.0,55.0,True,,0.45,2.5,50,35,17,0.4857142857142857,12.142591199920243,0.34693117714057836,1.6898629734398585,5.085590163506611,20,25,7.694364224291325,6.151542300728852,2.517063186783075,28,13,0.4642857142857143,6.925330678705731,0.24733323852520467,1.4761949338132887,5.085590163506611,17,21,5.41465910699584,3.446911667926389,7,4,0.5714285714285714,5.217260521214511,0.7453229316020732,2.7058816091904743,2.2367666964996666,3,4,16.813184693473268,2.6145107564781833
grid_0800,14,14,20,20,0.4,0.6,1.0,55.0,True,,0.6,1.0,50,37,22,0.5945945945945946,6.949406091908702,0.18782178626780277,1.474142864374045,5.126063462182177,21,26,6.58376414306342,3.489381989796736,2.539176476737137,30,17,0.5666666666666667,4.052430189892248,0.13508100632974163,1.3210717587810572,5.126063462182177,18,22,5.618505128222072,2.0099883496291993,7,5,0.7142857142857143,2.8969759020164534,0.4138537002880648,2.4234319072638124,1.0211523545759118,3,4,10.720588492383483,1.4502439066035766
grid_0801,14,14,20,20,0.4,0.6,1.0,55.0,True,,0.6,1.5,50,36,19,0.5277777777777778,9.05306684910093,0.2514740791416925,1.542536228150648,5.636568605526543,21,26,7.72055595655554,4.560742015389829,2.7903506034006043,29,14,0.4827586206896552,3.654090647084478,0.12600312576153372,1.249402806466275,5.636568605526543,18,22,5.06674194821588,1.7925327948978165,7,5,0.7142857142857143,5.398976202016452,0.7712823145737787,3.6527921710218507,1.0211523545759116,3,4,18.714928276819847,2.7194619727850755
grid_0802,14,14,20,20,0.4,0.6,1.0,55.0,True,,0.6,2.0,50,36,18,0.5,10.757811931404985,0.298828109205694,1.6076257843643085,5.136168545526539,21,26,9.306103382208164,5.436378368171879,2.5489064619546475,29,14,0.4827586206896552,7.081379559582487,0.2441855020545685,1.4833257043642125,5.136168545526539,18,22,8.220569929259533,3.53595195607721,7,4,0.5714285714285714,3.6764323718225,0.5252046245460714,2.2040828234829024,2.2820471027043974,3,4,13.803313401566783,1.835523193818589
grid_0803,14,14,20,20,0.4,0.6,1.0,55.0,True,,0.6,2.5,50,35,16,0.45714285714285713,7.801781009527302,0.22290802884363717,1.423497150272811,5.076292085935062,20,25,7.357001004104942,3.8850211186722827,2.5125078822296087,28,12,0.42857142857142855,4.62493471861386,0.165176239950495,1.300926786433272,5.076292085935062,17,21,6.3104757354634495,2.2686287352528423,7,4,0.5714285714285714,3.176846290913441,0.4538351844162059,2.040461421526979,2.282047102704397,3,4,11.543102078670907,1.5805358920024881
grid_0804,14,14,20,20,0.4,0.6,1.0,55.0,True,0.01,0.3,1.0,24,20,14,0.7,7.696645470660995,0.3848322735330497,2.26125899681231,2.0822080577469433,15,15,9.883755247434953,3.897631784368061,1.0407507639560443,16,11,0.6875,5.753578155564741,0.3595986347227963,2.131200149836912,2.0822080577469433,12,12,9.470326090231898,2.8981932955367773,4,3,0.75,1.943067315096254,0.4857668287740635,2.912296134401223,1.016091221511916,3,3,11.537471876247178,0.9712886658376441
grid_0805,14,14,20,20,0.4,0.6,1.0,55.0,True,0.01,0.3,1.5,24,20,11,0.55,6.588023213011332,0.32940116065056657,1.7610096769216939,4.083808297746941,15,15,11.549994481040033,3.309157400395968,2.02632242706261,16,8,0.5,3.1437557179150777,0.19648473236969236,1.4114400676583205,4.083808297746941,12,12,9.503202975995555,1.554959022990765,4,3,0.75,3.4442674950962533,0.8610668737740633,4.389722716008979,1.016091221511916,3,3,19.737160501217943,1.7273389643218007
grid_0806,14,14,20,20,0.4,0.6,1.0,55.0,True,0.01,0.3,2.0,24,20,11,0.55,8.70385422057814,0.43519271102890694,2.005418025135957,4.083808297746941,15,15,14.187651463120284,4.394580145530624,2.02632242706261,16,8,0.5,3.758386545481886,0.23489915909261785,1.491880080168799,4.083808297746941,12,12,10.750352047353179,1.8611368428585795,4,3,0.75,4.945467675096253,1.2363669187740634,5.867149297616736,1.016091221511916,3,3,27.936849126188708,2.4871539639110596
grid_0807,14,14,20,20,0.4,0.6,1.0,55.0,True,0.01,0.3,2.5,24,20,10,0.5,6.295085143411613,0.3147542571705806,1.650370944945845,4.083808297746941,15,15,11.77866883636607,3.1426037485754676,2.026322427062588,16,8,0.5,4.964835518279006,0.3103022198924379,1.6497744878561609,4.083808297746941,12,12,11.566629799351803,2.4703829988465875,4,2,0.5,1.3302496251326061,0.3325624062831515,1.652606780464946,1.1593247179615915,3,3,12.626824984423129,0.6560146747343065
grid_0808,14,14,20,20,0.4,0.6,1.0,55.0,True,0.01,0.45,1.0,24,20,15,0.75,9.728135982282335,0.4864067991141169,2.9144004921256177,2.0729512729962822,15,15,13.445775619241058,4.958382103598868,1.0361595271253021,16,12,0.75,7.780080037032364,0.4862550023145228,2.913185467040441,2.0729512729962822,12,12,13.661459273606733,3.9461540211643165,4,3,0.75,1.9480559452499726,0.48701398631249315,2.919268446896161,1.014999203681156,3,3,12.583041001778362,0.973800418078441
grid_0809,14,14,20,20,0.4,0.6,1.0,55.0,True,0.01,0.45,1.5,24,20,12,0.6,8.59888609660654,0.429944304830327,2.1330582067244146,4.0745515129962815,15,15,15.112693476896888,4.353308597011996,2.0217644062870743,16,9,0.5625,5.149629971356567,0.3218518732097854,1.7833214362631125,4.0745515129962815,12,12,13.520440595816172,2.578833640449263,4,3,0.75,3.4492561252499727,0.8623140313124932,4.398284562924146,1.014999203681156,3,3,21.481705001219748,1.7298646256619366
grid_0810,14,14,20,20,0.4,0.6,1.0,55.0,True,0.01,0.45,2.0,24,20,11,0.55,6.147138833865633,0.30735694169328165,1.7140316653078247,4.0745515129962815,15,15,13.443742977341737,3.0782517177604385,2.0217644062870743,16,9,0.5625,5.37032061017842,0.3356450381361512,1.8168911702310497,4.0745515129962815,12,12,14.298914544991968,2.687243930774974,4,2,0.5,0.7768182236872125,0.19420455592180313,1.3817362131342217,1.2133320487525086,3,3,10.023056706740801,0.38077542255303687
grid_0811,14,14,20,20,0.4,0.6,1.0,55.0,True,0.01,0.45,2.5,24,20,11,0.55,6.898456718875765,0.34492283594378825,1.801302308627911,4.0745515129962815,15,15,13.455383081987184,3.4610273125729396,2.0217644062870743,16,9,0.5625,5.621238435188552,0.35132740219928454,1.8550588273567474,4.0745515129962815,12,12,13.54859336904757,2.8138617401636923,4,2,0.5,1.2772182836872117,0.319304570921803,1.6276377871856718,1.2133320487525088,3,3,13.082541933745649,0.6294536178835353
grid_0812,14,14,20,20,0.4,0.6,1.0,55.0,True,0.01,0.6,1.0,24,19,11,0.5789473684210527,3.2320988526708234,0.1701104659300433,1.4285422868076074,4.06721193006086,14,14,8.52769535545547,1.6063551767207196,2.018150306402222,15,8,0.5333333333333333,1.2798657205919082,0.0853243813727939,1.1960571387496777,4.06721193006086,11,11,7.167451416294386,0.62435823486231,4,3,0.75,1.9522331320789148,0.4880582830197287,2.9251790474197694,1.0140527628821874,3,3,13.628610127309534,0.9759038060808134
grid_0813,14,14,20,20,0.4,0.6,1.0,55.0,True,0.01,0.6,1.5,24,19,11,0.5789473684210527,6.330029156469433,0.33315942928786485,1.8392952362922406,4.06721193006086,14,14,13.449599511691725,3.1813889672831053,2.018150306402211,15,8,0.5333333333333333,2.8765958443905184,0.1917730562927012,1.4406533759882174,4.06721193006086,11,11,10.842492847817109,1.424733175918802,4,3,0.75,3.4534333120789142,0.8633583280197286,4.405575566170154,1.0140527628821874,3,3,23.22624950122153,1.731979701950448
grid_0814,14,14,20,20,0.4,0.6,1.0,55.0,True,0.01,0.6,2.0,24,19,10,0.5263157894736842,5.68532539384709,0.29922765230774145,1.6641597991204091,4.06721193006086,14,14,14.312944132159906,2.8414919941209593,2.0181503064022,15,8,0.5333333333333333,4.955236031962128,0.3303490687974751,1.7590713483649667,4.06721193006086,11,11,15.399471041888676,2.475216774518074,4,2,0.5,0.7300893618849613,0.18252234047124036,1.3592689181205888,1.2608947481284853,3,3,10.238468220677014,0.35742809933141384
grid_0815,14,14,20,20,0.4,0.6,1.0,55.0,True,0.01,0.6,2.5,24,19,10,0.5263157894736842,6.235836083992362,0.32820189915749276,1.7284704663297514,4.06721193006086,14,14,13.855966119544943,3.1205998691239634,2.0181503064022,15,8,0.5333333333333333,5.0053466621074,0.3336897774738267,1.7667475808080717,4.06721193006086,11,11,13.940688049272085,2.499404861354293,4,2,0.5,1.2304894218849618,0.3076223554712404,1.6055102655078761,1.2608947481284851,3,3,13.538258883068167,0.6060474288704043
grid_0816,14,14,20,20,0.4,0.6,0.5,60.0,True,,0.3,1.0,79,42,23,0.5476190476190477,3.167022045601138,0.07540528680002713,1.1631010797608177,6.139353351190512,23,28,4.027875931364433,1.5427641040806295,3.0306818023669635,33,18,0.5454545454545454,2.3455175240718567,0.07107628860823811,1.1530497611103026,6.139353351190512,18,22,3.9749676410467876,1.13792666385093,9,5,0.5555555555555556,0.8215045215292823,0.09127828016992022,1.2007416931556636,3.103972118414209,5,6,4.221872995862466,0.40028251871846443
grid_0817,14,14,20,20,0.4,0.6,0.5,60.0,True,,0.3,1.5,79,41,19,0.4634146341463415,5.093774251915605,0.1242383963881855,1.2315102735087562,6.139353351190511,23,28,6.724940146225269,2.500176772353524,3.0306818023669413,32,14,0.4375,1.7702694303863198,0.05532091969957251,1.0988423939600682,6.139353351190511,18,22,5.970728143180517,0.8300402731627354,9,5,0.5555555555555556,3.3235048215292844,0.36927831350325385,1.8121269787326664,2.6035720584142092,5,6,9.406582823717722,1.6563878132609622
grid_0818,14,14,20,20,0.4,0.6,0.5,60.0,True,,0.3,2.0,79,39,17,0.4358974358974359,7.246908790679425,0.18581817411998525,1.3296923107861707,7.15243977917607,23,28,4.767543833486233,3.5889068734675567,3.5218733033521077,30,12,0.4,1.4214036691501408,0.047380122305004664,1.079459172514935,7.15243977917607,18,22,1.82041918806021,0.6450063709628973,9,5,0.5555555555555556,5.825505121529285,0.6472783468365872,2.4235122643096685,2.1031719984142088,5,6,14.591292651572976,2.9250338478332694
grid_0819,14,14,20,20,0.4,0.6,0.5,60.0,True,,0.3,2.5,79,39,16,0.41025641025641024,8.452809023152739,0.21673869290135223,1.367463966331518,7.152439779176069,23,28,5.2651143936804035,4.192463728024309,3.521873303352119,30,12,0.4,5.2417218315871015,0.17472406105290333,1.2930222345214624,7.152439779176069,18,22,4.0464763368542345,2.5641833657191304,9,4,0.4444444444444444,3.2110871915656376,0.3567874657295153,1.6278253914177707,2.183137924114265,5,6,9.327241249767633,1.587572102533219
grid_0820,14,14,20,20,0.4,0.6,0.5,60.0,True,,0.45,1.0,79,41,25,0.6097560975609756,8.303832199709763,0.2025324926758478,1.5093270104662193,6.119524015215486,23,28,6.5885872779076085,4.186146385899869,3.0210176141105105,33,20,0.6060606060606061,6.435527512527374,0.19501598522810218,1.4857841156745688,6.119524015215486,18,22,6.607976771748803,3.2276876803823296,8,5,0.625,1.868304687182388,0.23353808589779854,1.6113908592064559,2.0664768345834768,5,6,6.508605615812677,0.9284899497944421
grid_0821,14,14,20,20,0.4,0.6,0.5,60.0,True,,0.45,1.5,79,38,20,0.5263157894736842,10.400632620036284,0.27370085842200753,1.5895597005541655,6.119524015215486,23,28,7.3652837770558355,5.261262414317036,3.0210176141105105,30,15,0.5,6.030327632853897,0.20101092109512989,1.413445928899667,6.119524015215486,18,22,5.883351837691479,3.0042430706292755,8,5,0.625,4.370304987182388,0.5462881233977985,2.4301545885095006,2.035428198194885,5,6,12.92252854967217,2.191190650408581
grid_0822,14,14,20,20,0.4,0.6,0.5,60.0,True,,0.45,2.0,79,38,18,0.47368421052631576,8.949685477295375,0.23551803887619407,1.4549174601073633,7.131413590476152,23,28,5.870454810731567,4.482551065346985,3.511677720588835,30,14,0.4666666666666667,6.251018271675749,0.20836727572252495,1.4007726147757595,7.131413590476152,18,22,4.993830670507586,3.103561480407291,8,4,0.5,2.698667205619627,0.3373334007024534,1.6621214915375915,2.2337610432662376,5,6,9.157795336571496,1.3374800687187882
grid_0823,14,14,20,20,0.4,0.6,0.5,60.0,True,,0.45,2.5,79,37,17,0.4594594594594595,10.030732077250835,0.27110086695272523,1.509867656374826,7.131413590476152,22,27,6.655257313799269,5.033847122091695,3.511677720588835,29,13,0.4482758620689655,5.830864691631206,0.2010642997114209,1.3738352356858874,7.131413590476152,17,21,5.000947915064522,2.8810465262254947,8,4,0.5,4.199867385619628,0.5249834232024535,2.030442898567059,2.2337610432662376,5,6,12.652128884212724,2.0925142857265433
grid_0824,14,14,20,20,0.4,0.6,0.5,60.0,True,,0.6,1.0,79,40,21,0.525,1.8658025265206493,0.04664506316301627,1.0994526781134515,6.183929095098383,23,28,4.575112990771697,0.8879140029718569,3.0570321128785216,32,16,0.5,-0.016375705636185844,-0.0005117408011307764,0.9989576720618479,6.183929095098383,18,22,3.9720495842546657,-0.04713166335830188,8,5,0.625,1.8821782321568352,0.23527227901960443,1.6171070531421028,2.0598187973042705,5,6,6.987366616839825,0.9354865767142728
grid_0825,14,14,20,20,0.4,0.6,0.5,60.0,True,,0.6,1.5,79,38,19,0.5,7.216010507432131,0.1898950133534771,1.3895687019670355,7.120198266879585,23,28,5.262208581257492,3.6024857317772607,3.5062390260379717,30,14,0.4666666666666667,2.831831975275297,0.09439439917584322,1.1830167811196304,7.120198266879585,18,22,2.9368204887337175,1.3740165658493009,8,5,0.625,4.384178532156834,0.5480223165196042,2.437434270678959,2.0319652776367736,5,6,13.982413928221646,2.1982646455370736
grid_0826,14,14,20,20,0.4,0.6,0.5,60.0,True,,0.6,2.0,79,38,18,0.47368421052631576,9.896826787421864,0.2604428101953122,1.506460151173045,7.120198266879585,23,28,6.90064262792728,4.977383660709012,3.5062390260379717,30,14,0.4666666666666667,7.235192085458981,0.24117306951529935,1.4675989175290673,7.120198266879585,18,22,6.158213752074498,3.6109510806339395,8,4,0.5,2.661634701962882,0.33270433774536023,1.6542692682981108,2.2788072628830713,5,6,9.684750912375215,1.3188109614124421
grid_0827,14,14,20,20,0.4,0.6,0.5,60.0,True,,0.6,2.5,79,37,16,0.43243243243243246,6.107440097623793,0.16506594858442683,1.3014712059169347,7.120198266879585,22,27,4.947950451139537,3.0055654615957828,3.5062390260379717,29,12,0.41379310344827586,3.94539147656997,0.1360479819506886,1.2436828571822838,7.120198266879585,17,21,4.186815125980424,1.919997767966386,8,4,0.5,2.1620486210538234,0.27025607763172793,1.5314636032805793,2.2788072628830713,5,6,7.707066004841322,1.0651174621302717
grid_0828,14,14,20,20,0.4,0.6,0.5,60.0,True,0.01,0.3,1.0,25,20,14,0.7,7.694435134961639,0.38472175674808196,2.2604402416272986,2.0822080577469433,15,15,10.003503087861162,3.896477679357324,1.0407507639560443,16,11,0.6875,5.751367819865385,0.35946048874158654,2.1302743966348254,2.0822080577469433,12,12,9.620010890764657,2.897050292386094,4,3,0.75,1.943067315096254,0.4857668287740635,2.912296134401223,1.016091221511916,3,3,11.537471876247178,0.9712886658376441
grid_0829,14,14,20,20,0.4,0.6,0.5,60.0,True,0.01,0.3,1.5,25,20,11,0.55,6.585812877311975,0.32929064386559875,1.7605601619438844,4.083808297746941,15,15,11.669742321466241,3.3080098322159968,2.02632242706261,16,8,0.5,3.141545382215721,0.19634658638848257,1.4110318865913418,4.083808297746941,12,12,9.652887776528313,1.5538309406171846,4,3,0.75,3.4442674950962533,0.8610668737740633,4.389722716008979,1.016091221511916,3,3,19.737160501217943,1.7273389643218007
grid_0830,14,14,20,20,0.4,0.6,0.5,60.0,True,0.01,0.3,2.0,25,20,11,0.55,8.701643884878784,0.4350821942439391,2.0049061225320806,4.083808297746941,15,15,14.307399303546493,4.393420520369062,2.02632242706261,16,8,0.5,3.75617620978253,0.2347610131114081,1.4914486362719725,4.083808297746941,12,12,10.90003684788594,1.8600053594319155,4,3,0.75,4.945467675096253,1.2363669187740634,5.867149297616736,1.016091221511916,3,3,27.936849126188708,2.4871539639110596
grid_0831,14,14,20,20,0.4,0.6,0.5,60.0,True,0.01,0.3,2.5,25,20,10,0.5,6.2928748077122565,0.31464374038561277,1.6499941542533838,4.083808297746941,15,15,11.898416676792277,3.141458030489619,2.026322427062588,16,8,0.5,4.96262518257965,0.3101640739112281,1.6492973817245173,4.083808297746941,12,12,11.716314599884564,2.4692447478543045,4,2,0.5,1.3302496251326061,0.3325624062831515,1.652606780464946,1.1593247179615915,3,3,12.626824984423129,0.6560146747343065
grid_0832,14,14,20,20,0.4,0.6,0.5,60.0,True,0.01,0.45,1.0,25,20,15,0.75,9.726700750810398,0.4863350375405199,2.9135775833367283,2.0729512729962822,15,15,13.543571670833893,4.957625065883331,1.0361595271253021,16,12,0.75,7.778644805560425,0.4861653003475266,2.912157664133968,2.0729512729962822,12,12,13.783704338097776,3.9454042843886317,4,3,0.75,1.9480559452499726,0.48701398631249315,2.919268446896161,1.014999203681156,3,3,12.583041001778362,0.973800418078441
grid_0833,14,14,20,20,0.4,0.6,0.5,60.0,True,0.01,0.45,1.5,25,20,12,0.6,8.5974508651346,0.42987254325673,2.13265488412715,4.0745515129962815,15,15,15.210489528489722,4.3525559235354505,2.0217644062870743,16,9,0.5625,5.1481947398846275,0.3217621712427893,1.7829321933056268,4.0745515129962815,12,12,13.642685660307215,2.578093765802514,4,3,0.75,3.4492561252499727,0.8623140313124932,4.398284562924146,1.014999203681156,3,3,21.481705001219748,1.7298646256619366
grid_0834,14,14,20,20,0.4,0.6,0.5,60.0,True,0.01,0.45,2.0,25,20,11,0.55,6.145703602393695,0.30728518011968464,1.7137459635949717,4.0745515129962815,15,15,13.541539028934569,3.077508240940019,2.0217644062870743,16,9,0.5625,5.368885378706482,0.33555533616915506,1.8164946000569075,4.0745515129962815,12,12,14.421159609483011,2.6865032741927974,4,2,0.5,0.7768182236872125,0.19420455592180313,1.3817362131342217,1.2133320487525086,3,3,10.023056706740801,0.38077542255303687
grid_0835,14,14,20,20,0.4,0.6,0.5,60.0,True,0.01,0.45,2.5,25,20,11,0.55,6.897021487403827,0.34485107437019125,1.8010020602921553,4.0745515129962815,15,15,13.55317913358002,3.4602810748909807,2.0217644062870743,16,9,0.5625,5.619803203716614,0.35123770023228834,1.8546539263839965,4.0745515129962815,12,12,13.670838433538611,2.8131201703199604,4,2,0.5,1.2772182836872117,0.319304570921803,1.6276377871856718,1.2133320487525088,3,3,13.082541933745649,0.6294536178835353
grid_0836,14,14,20,20,0.4,0.6,0.5,60.0,True,0.01,0.6,1.0,25,19,11,0.5789473684210527,3.231192273316033,0.17006275122715958,1.428370592548968,4.06721193006086,14,14,8.607531421518063,1.6058922602425918,2.018150306402222,15,8,0.5333333333333333,1.2789591412371177,0.08526394274914116,1.1958910593765617,4.06721193006086,11,11,7.268577099973672,0.6238997923421419,4,3,0.75,1.9522331320789148,0.4880582830197287,2.9251790474197694,1.0140527628821874,3,3,13.628610127309534,0.9759038060808134
grid_0837,14,14,20,20,0.4,0.6,0.5,60.0,True,0.01,0.6,1.5,25,19,11,0.5789473684210527,6.329122577114642,0.3331117145849811,1.8390741742803347,4.06721193006086,14,14,13.529435577754318,3.180918874983152,2.018150306402211,15,8,0.5333333333333333,2.875689265035727,0.19171261766904849,1.4404533330288891,4.06721193006086,11,11,10.943618531496393,1.4242710869067476,4,3,0.75,3.4534333120789142,0.8633583280197286,4.405575566170154,1.0140527628821874,3,3,23.22624950122153,1.731979701950448
grid_0838,14,14,20,20,0.4,0.6,0.5,60.0,True,0.01,0.6,2.0,25,19,10,0.5263157894736842,5.6844188144922985,0.2991799376048578,1.6639835722544574,4.06721193006086,14,14,14.392780198222498,2.8410234503846388,2.0181503064022,15,8,0.5333333333333333,4.954329452607337,0.33028863017382243,1.7588270912493678,4.06721193006086,11,11,15.500596725567961,2.4747498995241424,4,2,0.5,0.7300893618849613,0.18252234047124036,1.3592689181205888,1.2608947481284853,3,3,10.238468220677014,0.35742809933141384
grid_0839,14,14,20,20,0.4,0.6,0.5,60.0,True,0.01,0.6,2.5,25,19,10,0.5263157894736842,6.234929504637572,0.32815418445460903,1.7282874292600348,4.06721193006086,14,14,13.935802185607537,3.120130053777892,2.0181503064022,15,8,0.5333333333333333,5.00444008275261,0.333629338850174,1.766502257803703,4.06721193006086,11,11,14.041813732951368,2.4989378761599568,4,2,0.5,1.2304894218849618,0.3076223554712404,1.6055102655078761,1.2608947481284851,3,3,13.538258883068167,0.6060474288704043
grid_0840,14,14,20,20,0.4,0.6,1.0,60.0,True,,0.3,1.0,45,33,20,0.6060606060606061,6.426960929564826,0.19475639180499477,1.4850324601964546,4.084630095212847,19,24,5.951517885978376,3.2232739150180656,2.0267269083567796,27,15,0.5555555555555556,2.529201348039053,0.09367412400144642,1.2067271956630052,4.084630095212847,16,20,4.558628993728491,1.2384548609365664,6,5,0.8333333333333334,3.897759581525774,0.6496265969209624,4.8360331228194395,1.016091221511916,3,4,12.219517901102856,1.9605386676514236
grid_0841,14,14,20,20,0.4,0.6,1.0,60.0,True,,0.3,1.5,45,33,17,0.5151515151515151,8.320739031915164,0.25214360702773225,1.526456509960751,4.662883374726935,19,24,8.639240656114959,4.181494695152876,2.314711349467624,27,12,0.4444444444444444,1.9209791503893867,0.07114737594034766,1.1298916649877107,4.662883374726935,16,20,6.115386881277006,0.9156969515929037,6,5,0.8333333333333334,6.399759881525777,1.0666266469209627,7.298410758832371,1.016091221511916,3,4,19.996582642885745,3.2361642858459216
grid_0842,14,14,20,20,0.4,0.6,1.0,60.0,True,,0.3,2.0,45,32,15,0.46875,8.44587820981619,0.26393369405675593,1.5024069753767277,5.175569742712491,19,24,5.246482290289156,4.228965923551242,2.568119488694409,26,10,0.38461538461538464,-0.4558819717095877,-0.017533921988830265,0.9711370994712824,5.175569742712491,16,20,0.047905730047739646,-0.2827657973880182,6,5,0.8333333333333334,8.901760181525777,1.4836266969209628,9.760788394845298,1.016091221511916,3,4,27.773647384668624,4.5245255316367805
grid_0843,14,14,20,20,0.4,0.6,1.0,60.0,True,,0.3,2.5,45,32,14,0.4375,8.650978322289504,0.270343072571547,1.4851078847812185,5.097716523198405,19,24,5.292073871443354,4.31873215437748,2.5230038747290795,26,10,0.38461538461538464,2.363636070727374,0.09090907964336054,1.149647051274387,5.097716523198405,16,20,1.92619008440091,1.117083032710675,6,4,0.6666666666666666,6.28734225156213,1.0478903752603548,4.084505424359102,1.1593247179615915,3,4,19.87757028196061,3.1662791544640356
grid_0844,14,14,20,20,0.4,0.6,1.0,60.0,True,,0.45,1.0,45,33,22,0.6666666666666666,10.496869675802662,0.31808695987280794,1.9382941499501316,4.073700588245947,19,24,8.798148313623075,5.3455109714476645,2.021345290288945,27,17,0.6296296296296297,6.587737205278232,0.24399026686215675,1.6476226178464255,4.073700588245947,16,20,7.745678644304712,3.314032594747651,6,5,0.8333333333333334,3.90913247052443,0.6515220784207383,4.85136506151626,1.014999203681156,3,4,13.534261825555712,1.966314086943588
grid_0845,14,14,20,20,0.4,0.6,1.0,60.0,True,,0.45,1.5,45,32,18,0.5625,11.5423339479957,0.3606979358748657,1.8534203511769256,4.641752399490079,19,24,8.374377527622242,5.875319262530554,2.3043763807204187,26,13,0.5,5.131201177471272,0.19735389144120277,1.4101747070935122,4.641752399490079,16,20,5.210120248450059,2.550629053541642,6,5,0.8333333333333334,6.41113277052443,1.0685221284207385,7.3163919215629,1.014999203681156,3,4,22.0861590707017,3.241998844544458
grid_0846,14,14,20,20,0.4,0.6,1.0,60.0,True,,0.45,2.0,45,32,16,0.5,9.090586685254795,0.2840808339142123,1.584353948715054,5.153241914750742,19,24,5.936143303264899,4.572004793261941,2.5572330564831325,26,12,0.46153846153846156,4.3510916962931265,0.16734968062665864,1.3217862334418036,5.153241914750742,16,20,3.3675960378873815,2.1415369565235487,6,4,0.6666666666666666,4.739494988961669,0.7899158314936114,3.3290350484662934,1.2133320487525086,3,4,17.06651478656747,2.379509755931042
grid_0847,14,14,20,20,0.4,0.6,1.0,60.0,True,,0.45,2.5,45,31,15,0.4838709677419355,10.58700144195814,0.34151617554703667,1.6805453060246367,5.085590163506611,18,23,7.354870679345711,5.341570457860789,2.517063186783075,25,11,0.44,4.346306272996468,0.1738522509198587,1.3214323260903755,5.085590163506611,15,19,3.9058893583672956,2.1322604571021753,6,4,0.6666666666666666,6.240695168961669,1.0401158614936117,4.066739770620646,1.2133320487525088,3,4,21.72562618342244,3.142307813804446
grid_0848,14,14,20,20,0.4,0.6,1.0,60.0,True,,0.6,1.0,45,33,19,0.5757575757575758,5.0133858893086805,0.15192078452450547,1.3676682312832276,5.126063462182177,19,24,6.1103790286347675,2.497490335471708,2.539176476737137,27,14,0.5185185185185185,1.095257632716315,0.04056509750801168,1.08677664462468,5.126063462182177,16,20,4.168461979440593,0.5164291782082886,6,5,0.8333333333333334,3.9181282565923654,0.6530213760987276,4.863830759117584,1.0140527628821874,3,4,14.849005750008553,1.9708829426790642
grid_0849,14,14,20,20,0.4,0.6,1.0,60.0,True,,0.6,1.5,45,32,17,0.53125,8.34151727865642,0.2606724149580131,1.5784979033676116,5.636568605526543,19,24,5.6570203891149955,4.198406737325944,2.7903506034006043,26,12,0.46153846153846156,1.921388722064056,0.07389956623323289,1.143331415953516,5.636568605526543,16,20,1.3834707484836137,0.9218628139596063,6,5,0.8333333333333334,6.420128556592363,1.0700214260987273,7.331158290368224,1.0140527628821874,3,4,24.17573549851765,3.246614590741692
grid_0850,14,14,20,20,0.4,0.6,1.0,60.0,True,,0.6,2.0,45,32,16,0.5,10.02153343864615,0.31317291995769225,1.6491736337342449,5.136168545526539,19,24,6.837233704923263,5.058736513036277,2.5489064619546475,26,12,0.46153846153846156,5.32394871224774,0.2047672581633746,1.3971549841151443,5.136168545526539,16,20,4.158398834354231,2.6383803550640295,6,4,0.6666666666666666,4.697584726398412,0.7829307877330686,3.3116296039098922,1.2608947481284853,3,4,18.44551814405574,2.3581394694648594
grid_0851,14,14,20,20,0.4,0.6,1.0,60.0,True,,0.6,2.5,45,31,14,0.45161290322580644,7.386524511207535,0.23827498423250115,1.4572289964589675,5.076292085935062,18,23,5.593785368499113,3.6776967230108815,2.5125078822296087,25,10,0.4,3.188525865718182,0.1275410346287273,1.225771102469048,5.076292085935062,15,19,3.1422286727763673,1.5434130137359503,6,4,0.6666666666666666,4.197998645489353,0.6996664409148922,3.0657888066506334,1.2608947481284851,3,4,15.808604934010551,2.1018435819035064
grid_0852,14,14,20,20,0.4,0.6,1.0,60.0,True,0.01,0.3,1.0,24,20,14,0.7,7.696645470660995,0.3848322735330497,2.26125899681231,2.0822080577469433,15,15,9.883755247434953,3.897631784368061,1.0407507639560443,16,11,0.6875,5.753578155564741,0.3595986347227963,2.131200149836912,2.0822080577469433,12,12,9.470326090231898,2.8981932955367773,4,3,0.75,1.943067315096254,0.4857668287740635,2.912296134401223,1.016091221511916,3,3,11.537471876247178,0.9712886658376441
grid_0853,14,14,20,20,0.4,0.6,1.0,60.0,True,0.01,0.3,1.5,24,20,11,0.55,6.588023213011332,0.32940116065056657,1.7610096769216939,4.083808297746941,15,15,11.549994481040033,3.309157400395968,2.02632242706261,16,8,0.5,3.1437557179150777,0.19648473236969236,1.4114400676583205,4.083808297746941,12,12,9.503202975995555,1.554959022990765,4,3,0.75,3.4442674950962533,0.8610668737740633,4.389722716008979,1.016091221511916,3,3,19.737160501217943,1.7273389643218007
grid_0854,14,14,20,20,0.4,0.6,1.0,60.0,True,0.01,0.3,2.0,24,20,11,0.55,8.70385422057814,0.43519271102890694,2.005418025135957,4.083808297746941,15,15,14.187651463120284,4.394580145530624,2.02632242706261,16,8,0.5,3.758386545481886,0.23489915909261785,1.491880080168799,4.083808297746941,12,12,10.750352047353179,1.8611368428585795,4,3,0.75,4.945467675096253,1.2363669187740634,5.867149297616736,1.016091221511916,3,3,27.936849126188708,2.4871539639110596
grid_0855,14,14,20,20,0.4,0.6,1.0,60.0,True,0.01,0.3,2.5,24,20,10,0.5,6.295085143411613,0.3147542571705806,1.650370944945845,4.083808297746941,15,15,11.77866883636607,3.1426037485754676,2.026322427062588,16,8,0.5,4.964835518279006,0.3103022198924379,1.6497744878561609,4.083808297746941,12,12,11.566629799351803,2.4703829988465875,4,2,0.5,1.3302496251326061,0.3325624062831515,1.652606780464946,1.1593247179615915,3,3,12.626824984423129,0.6560146747343065
grid_0856,14,14,20,20,0.4,0.6,1.0,60.0,True,0.01,0.45,1.0,24,20,15,0.75,9.728135982282335,0.4864067991141169,2.9144004921256177,2.0729512729962822,15,15,13.445775619241058,4.958382103598868,1.0361595271253021,16,12,0.75,7.780080037032364,0.4862550023145228,2.913185467040441,2.0729512729962822,12,12,13.661459273606733,3.9461540211643165,4,3,0.75,1.9480559452499726,0.48701398631249315,2.919268446896161,1.014999203681156,3,3,12.583041001778362,0.973800418078441
grid_0857,14,14,20,20,0.4,0.6,1.0,60.0,True,0.01,0.45,1.5,24,20,12,0.6,8.59888609660654,0.429944304830327,2.1330582067244146,4.0745515129962815,15,15,15.112693476896888,4.353308597011996,2.0217644062870743,16,9,0.5625,5.149629971356567,0.3218518732097854,1.7833214362631125,4.0745515129962815,12,12,13.520440595816172,2.578833640449263,4,3,0.75,3.4492561252499727,0.8623140313124932,4.398284562924146,1.014999203681156,3,3,21.481705001219748,1.7298646256619366
grid_0858,14,14,20,20,0.4,0.6,1.0,60.0,True,0.01,0.45,2.0,24,20,11,0.55,6.147138833865633,0.30735694169328165,1.7140316653078247,4.0745515129962815,15,15,13.443742977341737,3.0782517177604385,2.0217644062870743,16,9,0.5625,5.37032061017842,0.3356450381361512,1.8168911702310497,4.0745515129962815,12,12,14.298914544991968,2.687243930774974,4,2,0.5,0.7768182236872125,0.19420455592180313,1.3817362131342217,1.2133320487525086,3,3,10.023056706740801,0.38077542255303687
grid_0859,14,14,20,20,0.4,0.6,1.0,60.0,True,0.01,0.45,2.5,24,20,11,0.55,6.898456718875765,0.34492283594378825,1.801302308627911,4.0745515129962815,15,15,13.455383081987184,3.4610273125729396,2.0217644062870743,16,9,0.5625,5.621238435188552,0.35132740219928454,1.8550588273567474,4.0745515129962815,12,12,13.54859336904757,2.8138617401636923,4,2,0.5,1.2772182836872117,0.319304570921803,1.6276377871856718,1.2133320487525088,3,3,13.082541933745649,0.6294536178835353
grid_0860,14,14,20,20,0.4,0.6,1.0,60.0,True,0.01,0.6,1.0,24,19,11,0.5789473684210527,3.2320988526708234,0.1701104659300433,1.4285422868076074,4.06721193006086,14,14,8.52769535545547,1.6063551767207196,2.018150306402222,15,8,0.5333333333333333,1.2798657205919082,0.0853243813727939,1.1960571387496777,4.06721193006086,11,11,7.167451416294386,0.62435823486231,4,3,0.75,1.9522331320789148,0.4880582830197287,2.9251790474197694,1.0140527628821874,3,3,13.628610127309534,0.9759038060808134
grid_0861,14,14,20,20,0.4,0.6,1.0,60.0,True,0.01,0.6,1.5,24,19,11,0.5789473684210527,6.330029156469433,0.33315942928786485,1.8392952362922406,4.06721193006086,14,14,13.449599511691725,3.1813889672831053,2.018150306402211,15,8,0.5333333333333333,2.8765958443905184,0.1917730562927012,1.4406533759882174,4.06721193006086,11,11,10.842492847817109,1.424733175918802,4,3,0.75,3.4534333120789142,0.8633583280197286,4.405575566170154,1.0140527628821874,3,3,23.22624950122153,1.731979701950448
grid_0862,14,14,20,20,0.4,0.6,1.0,60.0,True,0.01,0.6,2.0,24,19,10,0.5263157894736842,5.68532539384709,0.29922765230774145,1.6641597991204091,4.06721193006086,14,14,14.312944132159906,2.8414919941209593,2.0181503064022,15,8,0.5333333333333333,4.955236031962128,0.3303490687974751,1.7590713483649667,4.06721193006086,11,11,15.399471041888676,2.475216774518074,4,2,0.5,0.7300893618849613,0.18252234047124036,1.3592689181205888,1.2608947481284853,3,3,10.238468220677014,0.35742809933141384
grid_0863,14,14,20,20,0.4,0.6,1.0,60.0,True,0.01,0.6,2.5,24,19,10,0.5263157894736842,6.235836083992362,0.32820189915749276,1.7284704663297514,4.06721193006086,14,14,13.855966119544943,3.1205998691239634,2.0181503064022,15,8,0.5333333333333333,5.0053466621074,0.3336897774738267,1.7667475808080717,4.06721193006086,11,11,13.940688049272085,2.499404861354293,4,2,0.5,1.2304894218849618,0.3076223554712404,1.6055102655078761,1.2608947481284851,3,3,13.538258883068167,0.6060474288704043
