symbol,index,timestamp,intraday_gain,low_multiple,rsi,rsi_delta,upper_wick_ratio,close_position,volume_ratio,breakout_pct,atr_pct,anchor_high,atr
AGLD,8421,1782519300000,1.0690789473684208,0.0,72.55611377782127,10.210365983727172,0.08156028368794313,0.9184397163120569,6.0385965632090635,0.10690717113946313,0.042289840123775145,0.2516,0.010542857142857144
AGLD,8422,1782520200000,1.2095316351684469,0.0,75.37282994628826,2.8167161684669964,0.5177664974619292,0.4822335025380709,4.0471776852586,0.06875993640699507,0.04185763984758959,0.2689,0.010828571428571427
AGLD,8423,1782521100000,1.1907894736842106,0.0,66.53253381523893,-8.840296131049328,0.37931034482758796,0.06403940886699482,3.15098917684312,-0.009297136481963397,0.047320706779073796,0.2664,0.011707142857142857
AGLD,8424,1782522000000,1.079901153212521,0.0,61.64057010152387,-4.891963713715064,0.29479768786127114,0.29479768786127275,2.2687481217979717,-0.06098921532168078,0.05157243921288864,0.2525,0.012392857142857141
AGLD,8425,1782522900000,1.0149006622516556,0.0,58.44660011162654,-3.193969989897333,0.27678571428571314,0.2857142857142861,1.293877956046609,-0.09483079211602818,0.05434518752275762,0.2434,0.012792857142857144
AGLD,8428,1782525600000,1.0302267002518892,0.0,60.153390011807296,4.323352544498853,0.13103448275861979,0.8689655172413802,1.126075606679302,-0.10078095946448484,0.05648186744476866,0.2418,0.013550000000000001
AGLD,8429,1782526500000,1.0783333333333336,0.0,56.419166749297915,-3.7342232625093814,0.5491329479768788,0.13872832369942104,1.3968784561974725,-0.07251766455931563,0.0606152908924764,0.2494,0.014214285714285716
AGLD,8431,1782528300000,1.0513468013468015,0.0,48.72281804742025,-8.800679391188268,0.3171806167400887,0.07488986784141001,1.4315526055893564,-0.09371513573819257,0.06943998973635257,0.2437,0.015464285714285717
AKE,243,1789760700000,1.0349449497367162,0.0,88.74299324605877,1.5539409400964104,0.46863468634686345,0.5313653136531366,2.657265309839177,0.07838660578386603,0.07064226741484683,0.04251,0.002823571428571428
AKE,249,1789766100000,1.0928469919469443,0.0,82.82224082300527,2.5734172338997325,0.1917808219178076,0.8082191780821923,0.8580979907719691,0.03928487414725934,0.06676164275889171,0.04418,0.002912142857142856
AKE,250,1789767000000,1.091948546927108,0.0,77.90331394297812,-4.918926880027158,0.09687499999999948,0.6562500000000004,0.9857872587681155,-0.006111362607514659,0.06865885807721825,0.04391,0.0029392857142857133
AKE,251,1789767900000,1.1743467933491685,0.0,80.94300136913091,3.0396874261527955,0.2910216718266246,0.7089783281733755,0.7690628483838863,0.03598913535536452,0.05930340014658548,0.04577,0.0026585714285714272
AKE,252,1789768800000,1.1622264509990483,0.0,79.54293713733766,-1.4000642317932517,0.3217821782178216,0.5742574257425732,0.6551309852225651,-0.006991479134804468,0.05670714125524619,0.04545,0.0025285714285714273
AKE,253,1789769700000,1.1971631205673758,0.0,81.27261854161844,1.7296814042807824,0.22772277227722662,0.7722772277227734,0.725550367635535,0.01529386060738469,0.05574798726830178,0.04647,0.0025521428571428557
AKE,254,1789770600000,1.1886171213546568,0.0,75.92761331076113,-5.345005230857311,0.23920265780731084,0.4451827242524899,0.7926154040882721,0.0012911555842480826,0.05916820584676132,0.04653,0.0026542857142857128
AKE,255,1789771500000,1.1415138692994828,0.0,76.71630157766393,0.7886882669027955,0.13661202185792373,0.8633879781420762,0.5407188914958933,-0.021061680636148772,0.05731630400504569,0.04555,0.00259642857142857
AKE,256,1789772400000,1.2376702677313292,0.0,77.63111544641687,0.9148138687529439,0.5198863636363648,0.48011363636363524,1.23687415419231,0.023855577047066312,0.06070103221380234,0.04764,0.002780714285714285
AKE,257,1789773300000,1.1806603773584907,0.0,67.9365720697913,-9.694543376625575,0.11849710982658986,0.38150289017340916,0.8972182370497046,-0.029596977329974794,0.05989372387648638,0.04623,0.0026407142857142844
AKE,258,1789774200000,1.1650943396226419,0.0,70.3477987812969,2.4112267115056056,0.297297297297297,0.702702702702703,0.7401583529025996,-0.03652392947103267,0.05613940679307394,0.0459,0.002533571428571427
AKE,259,1789775100000,1.182972718720602,0.0,72.50990512648409,2.1621063451871834,0.20300751879699236,0.7969924812030076,0.49057219626605614,-0.02581863979848875,0.054415134064028696,0.04641,0.002510714285714284
AKE,260,1789776000000,1.2285312060065698,0.0,72.84766694723511,0.3377618207510267,0.5360360360360346,0.46396396396396544,0.8900005321826803,-0.0031486146095718315,0.05452020981178645,0.04749,0.002524285714285713
AKE,261,1789776900000,1.2247879359095193,0.0,72.42838529089221,-0.4192816563429034,0.9100000000000003,0.019999999999999168,0.47587764726096843,-0.009026028547439169,0.05332035474799911,0.04721,0.002464999999999999
AKE,262,1789777800000,1.2151244715829028,0.0,73.84132131073503,1.4129360198428174,0.336842105263159,0.6631578947368411,0.3861870242243586,-0.010075566750629705,0.05232097108698301,0.04716,0.0024507142857142844
AKE,263,1789778700000,1.290995260663507,0.0,69.03228435803828,-4.809036952696744,0.6224066390041493,0.058091286307054395,1.081074561773143,0.014693534844668399,0.05240472572792952,0.04834,0.002414285714285713
AKE,264,1789779600000,1.2210076045627378,0.0,64.23456075974728,-4.797723598291,0.25781250000000033,0.4218749999999991,1.4499041212610406,-0.03330575093090604,0.052344119968429345,0.04673,0.0023685714285714278
AKE,265,1789780500000,1.175306314797361,0.0,63.082975816140795,-1.1515849436064869,0.6095890410958905,0.2397260273972619,0.6203047850161247,-0.045097227968556086,0.04977009671793244,0.04616,0.0022421428571428566
AKE,266,1789781400000,1.1374650512581548,0.0,58.98335336163701,-4.099622454503788,0.3306772908366553,0.386454183266932,1.3125502255988135,-0.05109640049648323,0.05136798685185781,0.04587,0.002277142857142857
AKE,267,1789782300000,1.0775661867162096,0.0,51.0016754690396,-7.981677892597411,0.1838565022421531,0.09865470852017864,1.094655117119627,-0.07467935457178321,0.051966292134831456,0.04473,0.0022199999999999998
AKE,268,1789783200000,1.0810936051899906,0.0,52.46459245919286,1.4629169901532606,0.8043478260869567,0.19565217391304335,1.0241343883579774,-0.07095573024410429,0.05037820980691393,0.04491,0.002169285714285714
AKE,269,1789784100000,1.0465116279069768,0.0,55.61279918019167,3.1482067209988145,0.12751677852348722,0.8724832214765128,0.494510662960265,-0.08978071990070347,0.048961424332344204,0.044,0.0021449999999999998
AKE,270,1789785000000,1.101229895931883,0.0,51.95650533056003,-3.656293849631645,0.14187643020595025,0.6910755148741409,1.6051607159562,-0.08109226313611917,0.05121231218282529,0.04442,0.0022057142857142852
AKE,271,1789785900000,1.012540640966094,0.0,47.71107740015324,-4.245427930406784,0.12871287128713027,0.4108910891089094,0.9382701215087872,-0.10364087712039716,0.04990168825005085,0.04333,0.0021028571428571424
AKE,274,1789788600000,1.012293144208038,0.0,47.45752946066685,2.0223363783562647,0.46218487394958,0.5378151260504199,0.7290539098439591,-0.11956971452213483,0.0460944673037032,0.04256,0.0019364285714285716
AKE,276,1789790400000,1.0575573233504914,0.0,42.394791562027066,-4.086292193917743,0.506944444444445,0.29861111111111066,1.8202551036468568,-0.09040132395531653,0.05289971386698305,0.04397,0.002165714285714286
AKE,277,1789791300000,1.0915032679738559,0.0,50.61698411842943,8.222192556402362,0.595907928388747,0.40409207161125305,1.7736064546592258,-0.07323127844435251,0.053516768138854316,0.0448,0.002272857142857143
AKE,278,1789792200000,1.240244475787494,0.0,61.061904063181245,10.444919944751817,0.42184873949579826,0.5781512605042017,2.3613772498237635,-0.014273893256102621,0.05571555161719096,0.04765,0.002515
AKE,279,1789793100000,1.2851083883129122,0.0,68.80591801306741,7.744013949886167,0.09670329670329585,0.9032967032967042,2.921390926488322,0.0031030202730657486,0.056934740597591786,0.04849,0.0027357142857142853
AKE,280,1789794000000,1.3117125524965,0.0,71.04368901370688,2.2377710006394693,0.19730941704035979,0.8026905829596402,1.8666077067607496,0.021653949267890438,0.05530986325283678,0.04954,0.0027157142857142857
AKE,281,1789794900000,1.5450723960765997,0.0,72.32644575928656,1.2827567455796753,0.4953173777315293,0.5046826222684707,3.6214831417300126,0.09991925716592642,0.06520927293097008,0.05449,0.0032428571428571424
AKE,282,1789795800000,1.5700325732899025,0.0,78.40872590291129,6.082280143624729,0.31504424778761114,0.6849557522123888,2.29950391973185,0.013580473481372923,0.0651476680475745,0.05523,0.0034821428571428573
AKE,283,1789796700000,1.6739332096474953,0.0,81.80144397480643,3.392718071895146,0.271948608137045,0.728051391862955,2.608768068551583,0.043816766250226236,0.06579080727714995,0.05765,0.0037092857142857144
AKE,284,1789797600000,1.6542357274401476,0.0,82.35184549102016,0.550401516213725,0.24252491694352218,0.7574750830564778,1.3939962408321762,0.0,0.0634599939765084,0.05765,0.0036121428571428576
AKE,285,1789798500000,1.6839178785286566,0.0,85.97968906373069,3.627843572710532,0.19419924337957123,0.8058007566204288,2.825572430152696,0.08846487424111005,0.06590893178052139,0.06275,0.004034285714285714
AKE,286,1789799400000,1.7571552471812661,0.0,74.85495388760292,-11.124735176127771,0.3401459854014599,0.2335766423357662,2.0716012705371525,0.013227091633466026,0.07635130170703631,0.06358,0.004453571428571428
AKE,287,1789800300000,1.605584642233857,0.0,69.44547031424753,-5.409483573355388,0.34491315136476497,0.2555831265508676,1.2831741134204735,-0.06071091538219564,0.08152830949022767,0.05972,0.004624285714285714
AKE,288,1789801200000,1.5420641803989592,0.0,71.63896283611724,2.1934925218697146,0.11494252873563277,0.8850574712643673,0.917600275829665,-0.07801195344447942,0.0810307662159514,0.05862,0.004725714285714285
AKE,289,1789802100000,1.7629982668977466,0.0,72.39915346854455,0.7601906324273102,0.8472222222222223,0.15277777777777773,1.837563398910726,0.0029883611198489035,0.08621400674380804,0.06377,0.005077142857142856
AKE,290,1789803000000,1.5864378401004604,0.0,74.59883579174738,2.199682323202822,0.34795321637426807,0.6520467836257319,1.0104571238212547,-0.031049082640740133,0.08272041489863272,0.06179,0.005012857142857143
AKE,291,1789803900000,1.580226225387516,0.0,74.96325561138116,0.3644198196337811,0.35532994923857836,0.6446700507614216,0.5582159519902185,-0.034185353614552216,0.08005067686460361,0.06159,0.004874285714285714
AKE,292,1789804800000,1.618924731182796,0.0,67.00288286152778,-7.960372749853377,0.0,0.4207792207792199,1.0496622984836754,-0.04516230202289473,0.08053674930592761,0.06089,0.004724285714285713
AKE,293,1789805700000,1.526890756302521,0.0,67.90803946512445,0.9051566035966658,0.5602409638554212,0.43975903614457873,0.5779601451218291,-0.05692331817469021,0.07630226554394769,0.06014,0.004517857142857142
AKE,294,1789806600000,1.5894206549118386,0.0,70.13755203780597,2.2295125726815286,0.3749999999999991,0.6250000000000009,0.650797083156218,-0.032774031676336746,0.0753182461103253,0.06168,0.004564285714285713
AKE,295,1789807500000,1.5398414685022943,0.0,66.55522120792672,-3.582330829879254,0.11344537815126057,0.4621848739495798,0.6714846206316479,-0.0453191155715853,0.06791706615532117,0.06088,0.004047857142857142
AKE,296,1789808400000,1.63334751169715,0.0,68.3319504789378,1.776729271011078,0.546610169491525,0.45338983050847503,0.579328480733682,-0.029167320056452728,0.06289767639157277,0.06191,0.0038128571428571417
AKE,297,1789809300000,1.6019499788045781,0.0,69.22941349162164,0.8974630126838434,0.14117647058823363,0.8588235294117664,0.41894083379487485,-0.03747843813705498,0.058892938922379526,0.06138,0.0036007142857142843
AKE,298,1789810200000,1.5454545454545454,0.0,69.83143247996423,0.6020189883425928,0.14705882352941085,0.8529411764705891,0.649616847232987,-0.029637760702524663,0.0582303188028627,0.06188,0.003579999999999999
AKE,299,1789811100000,1.7533577533577533,0.0,76.7589914147754,6.9275589348111595,0.20178041543026698,0.798219584569733,1.183988715697323,0.0608436568919557,0.052722884296273934,0.06765,0.003494999999999999
AKE,300,1789812000000,1.5316552250190694,0.0,65.97303351592663,-10.785957898848764,0.016853932584268334,0.38764044943820286,1.1722196718295372,-0.018773096821877444,0.05367046200511577,0.06638,0.0033871428571428564
AKE,301,1789812900000,1.5415384615384617,0.0,67.96975971712922,1.9967262012025913,0.498498498498497,0.501501501501503,0.8415143959160045,-0.023207686622320756,0.05180290060761963,0.06608,0.0033371428571428567
AKE,302,1789813800000,1.5460629921259845,0.0,67.19183704681478,-0.7779226703144388,0.21621621621621992,0.5585585585585546,0.40519904936521073,-0.04405025868440493,0.05032720473667808,0.06467,0.0032299999999999994
AKE,303,1789814700000,1.5531324345757338,0.0,58.612921994297885,-8.578915052516898,0.06015037593985064,0.23308270676691734,0.6897447229795219,-0.04818920916481895,0.05060445831683398,0.06439,0.003103571428571428
AKE,304,1789815600000,1.5592804578904338,0.0,60.05817809130793,1.445256097010045,0.2476190476190469,0.7523809523809531,0.6422675915177195,-0.07464892830746483,0.04847431885125184,0.0626,0.0030092857142857143
AKE,305,1789816500000,1.6141372141372141,0.0,57.90943491095201,-2.148743180355922,0.3539823008849539,0.32300884955752307,0.6153170031100001,-0.07065779748706591,0.049396804695141835,0.06287,0.00303
AKE,306,1789817400000,1.4210934470725087,0.0,59.511608035796144,1.6021731248441355,0.2394366197183091,0.7605633802816909,0.36972897089909507,-0.07701404286770142,0.04599723947550035,0.06244,0.002856428571428572
AKE,307,1789818300000,1.464689816621147,0.0,61.32641110915314,1.8148030733569982,0.13986013986014378,0.8601398601398562,0.42458303700250877,-0.06622320768662227,0.04510084167063681,0.06317,0.00284
AKE,308,1789819200000,1.4516129032258065,0.0,59.80016482077623,-1.5262462883769103,0.0552995391705047,0.7373271889400915,0.9544496735829846,-0.06755358462675543,0.04462143199945152,0.06308,0.002789285714285714
AKE,309,1789820100000,1.5405831363278168,0.0,57.877992850398584,-1.9221719703776472,0.5714285714285691,0.259475218658893,1.2677283497072425,-0.04685883222468601,0.046242907883204946,0.06448,0.0028642857142857146
AKE,310,1789821000000,1.45308205732234,0.0,56.707102938445246,-1.1708899119533385,0.46086956521739436,0.234782608695652,0.6548044762473529,-0.07642276422764227,0.04509508348794063,0.06248,0.002777857142857143
AKE,311,1789821900000,1.355193328278999,0.0,54.70889283595908,-1.9982101024861691,0.13317191283292873,0.7336561743341409,1.5796166636523237,-0.08159645232815971,0.04836029119168558,0.06213,0.002951428571428571
AKE,312,1789822800000,1.348542944785276,0.0,53.56768080887809,-1.1412120270809893,0.09442060085836829,0.7682403433476399,1.039073791455199,-0.09460458240946046,0.048156340447560994,0.06125,0.002923571428571428
AKE,313,1789823700000,1.4149139579349903,0.0,57.83056374351263,4.26288293463454,0.3144654088050322,0.6855345911949678,0.9044738305309507,-0.0665188470066519,0.04294908631191816,0.06315,0.0026692857142857134
AKE,314,1789824600000,1.396946564885496,0.0,57.279964014170886,-0.5505997293417408,0.5076923076923048,0.39230769230769635,0.603589606261242,-0.07169253510716933,0.038392425184877996,0.0628,0.0023807142857142846
AKE,315,1789825500000,1.3637048192771086,0.0,57.238044137086625,-0.04191987708426126,0.7425742574257403,0.22772277227722787,0.491888175936428,-0.07198817442719885,0.03572580645161289,0.06278,0.002214999999999999
AKE,316,1789826400000,1.3953576864535768,0.0,56.0021961983069,-1.2358479387797274,0.7600000000000002,0.015999999999999244,0.4946323771560853,-0.06947524020694751,0.036049902786779005,0.06295,0.002225
AKE,317,1789827300000,1.3937188816545385,0.0,56.32859352480191,0.3263973264950124,0.4693877551020432,0.5306122448979568,0.5249530012539736,-0.07612712490761275,0.03308526128458178,0.0625,0.0020449999999999995
AKE,318,1789828200000,1.4022944550669219,0.0,59.29174661335872,2.9631530885568083,0.1610169491525387,0.8389830508474613,0.5884332334918764,-0.0713968957871397,0.03160283752651626,0.06282,0.001979285714285714
AKE,319,1789829100000,1.476007677543186,0.0,61.714034166933104,2.4222875535743853,0.6236559139784988,0.3763440860215011,1.1741672056058576,-0.04656319290465627,0.030808787044972703,0.0645,0.0019514285714285708
AKE,320,1789830000000,1.4483288513253934,0.0,56.935084247722536,-4.778949919210568,0.18309859154929706,0.3802816901408455,0.9131384607257022,-0.039921663151551656,0.03208048160780092,0.06373,0.0020021428571428555
AKE,321,1789830900000,1.4155145929339477,0.0,55.73560094344169,-1.1994833042808466,0.46788990825687726,0.3302752293578036,0.6845410060490473,-0.04812348668280875,0.031813690571934075,0.0629,0.0019778571428571414
AKE,322,1789831800000,1.396637371035537,0.0,52.88588038510882,-2.8497205583328693,0.38848920863309394,0.19424460431654697,0.9286840114744468,-0.030153084892531434,0.03120361781076064,0.06272,0.0019221428571428553
AKE,323,1789832700000,1.466226708074534,0.0,57.374150260264315,4.4882698751554955,0.3387096774193574,0.6612903225806426,0.8360551999167759,-0.01503875968992241,0.029578652325501886,0.06353,0.001854285714285713
AKE,324,1789833600000,1.445945945945946,0.0,53.07782056576684,-4.296329694497473,0.3828571428571448,0.1314285714285719,1.213903110442271,-0.01782945736434105,0.030683209722511016,0.06335,0.0018971428571428561
AKE,325,1789834500000,1.395491020252197,0.0,53.728655631039615,0.6508350652727728,0.6339285714285695,0.36607142857143044,0.4685213109495158,-0.028062015503876103,0.02714009127368274,0.06269,0.0016821428571428562
AKE,326,1789835400000,1.2748559077809798,0.0,56.04838286103435,2.319727229994733,0.5161290322580667,0.48387096774193333,0.5979946997113211,-0.02093023255813964,0.02566446511415315,0.06315,0.0016042857142857133
AKE,327,1789836300000,1.264536970567121,0.0,53.748786714613715,-2.299596146420633,0.36075949367088,0.367088607594937,0.6257584094209119,-0.02186046511627915,0.023997423095506502,0.06309,0.0014899999999999987
AKE,328,1789837200000,1.6875,0.0,70.0220708902337,16.27328417561999,0.6705744431418519,0.3294255568581481,4.981607679547269,0.21999999999999997,0.03889537971322356,0.07869,0.0026157142857142846
AKE,329,1789838100000,1.143172500788395,0.0,39.55368295173264,-30.468387938501067,0.051553672316384754,0.2090395480225986,2.6985954017094933,-0.1363578599567924,0.0626321353065539,0.06796,0.003554999999999999
AKE,338,1789846200000,1.2509702457956018,0.0,79.75486102588582,11.35628706574937,0.06717737183264516,0.9328226281673548,2.8417940377490303,0.10560426991993888,0.07437356493960268,0.087,0.006385714285714286
AKE,339,1789847100000,1.2166624968726545,0.0,51.69209269073794,-28.06276833514788,0.1227697536108753,0.07136788445199607,2.626976350519074,0.01839080459770126,0.11967549980735478,0.0886,0.007987142857142858
AKE,398,1789900200000,1.4947023995014024,0.0,66.03457560467433,-27.00460677250885,0.6228680583981442,0.12020739527902867,5.432687909753109,0.35709442278352266,0.1282771395706667,0.16011,0.012267142857142857
ALLO,5646,1780021800000,1.0962763086886134,0.0,78.25487233908052,3.600545123297991,0.4644702842377264,0.5355297157622736,2.892395152957077,0.06189174412247134,0.04343077122845075,0.19422,0.008122857142857143
ALLO,5647,1780022700000,1.0423564824768867,0.0,77.56990614105962,-0.6849661980209021,0.33639494833524775,0.6153846153846142,1.6601126354112534,-0.021830913397178464,0.04369991044159186,0.18998,0.008155714285714289
ALLO,5648,1780023600000,1.0704741379310345,0.0,78.58912674630656,1.019220605246943,0.4703504043126669,0.529649595687333,1.4502308325518372,-0.010709504685408322,0.044466320851160514,0.19214,0.008388571428571431
ALLO,5649,1780024500000,1.090101940151266,0.0,76.20758431487081,-2.381542431435747,0.2661064425770295,0.535014005602241,0.984635374685242,-0.018226753166512233,0.04578656825667928,0.19068,0.00857857142857143
ALLO,5650,1780025400000,1.1022266096303608,0.0,77.52659323061961,1.319008915748796,0.18574108818011342,0.8142589118198866,1.439521816901288,-0.013180928843579465,0.045832831234560466,0.19166,0.008693571428571429
ALLO,5651,1780026300000,1.2030333222628142,0.0,78.83897341983618,1.3123801892165687,0.6451914098972924,0.35480859010270765,1.5752081255194488,0.024611265575120944,0.04723976112387795,0.199,0.009074285714285715
ALLO,5652,1780027200000,1.1347697042981206,0.0,68.59954615376502,-10.23942726607116,0.1920353982300889,0.30707964601769905,1.510405134719511,-0.024120603015075348,0.04976276071409409,0.1942,0.009274285714285716
ALLO,5653,1780028100000,1.1257136460315684,0.0,67.2349734196082,-1.3645727341568232,0.3993135011441641,0.5022883295194515,1.2059066630378161,-0.04577889447236183,0.047236637459769935,0.18989,0.008764285714285714
ALLO,5654,1780029000000,1.1435359116022101,0.0,71.84872158088083,4.613748161272639,0.1423728813559317,0.8576271186440683,1.5355694903308634,-0.025175879396984957,0.04848015604177988,0.19399,0.009302857142857142
ALLO,5655,1780029900000,1.2011690746663728,0.0,73.04598767953362,1.1972660986527899,0.609195402298851,0.39080459770114895,1.38019318888503,0.0029145728643216184,0.048873732718894,0.19958,0.009469285714285713
ALLO,5656,1780030800000,1.2642418930762491,0.0,77.7429111488225,4.696923469288876,0.27788400254939455,0.7221159974506055,1.5753982155694852,0.03557470688445741,0.04982559453200023,0.20668,0.010080714285714287
ALLO,5657,1780031700000,1.3683456409125974,0.0,81.78041474336077,4.037503594538265,0.1430246189917936,0.8569753810082064,2.1200842992996303,0.039674859686471775,0.05201468649971757,0.21488,0.01105
ALLO,5658,1780032600000,1.4124513618677041,0.0,79.94395536395598,-1.8364593794047863,0.5585696670776822,0.2909987669543772,1.5545891858584093,0.0098659717051377,0.051756551141166535,0.217,0.01093357142857143
ALLO,5659,1780033500000,1.6872874849182846,0.0,85.39592063425901,5.451965270303035,0.454760496747487,0.545239503252513,3.0503659143835304,0.12903225806451601,0.05573183022882526,0.245,0.012797142857142856
ALLO,5660,1780034400000,1.591619626574034,0.0,86.07708492097186,0.6811642867128427,0.5612244897959178,0.4387755102040823,1.2379306246635224,-0.02555102040816326,0.05355377786509335,0.23874,0.012461428571428571
ALLO,5661,1780035300000,1.663477045478981,0.0,86.6598531473547,0.5827682263828393,0.3898518751969741,0.6101481248030258,2.093432852367438,0.011142857142857121,0.05993250461299407,0.24773,0.014105714285714286
ALLO,5662,1780036200000,1.6971899750461104,0.0,88.03361370805378,1.3737605606990826,0.3987616099071209,0.6012383900928792,1.5024322367400809,0.0035118879425179994,0.06082460238803152,0.2486,0.014729285714285712
ALLO,5663,1780037100000,1.6804302944691951,0.0,87.71888093543424,-0.3147327726195357,0.42026266416510416,0.5553470919324558,1.0000903211690457,-0.007723250201126186,0.061919129890527766,0.24668,0.014980714285714286
ALLO,5664,1780038000000,1.7729542001302367,0.0,89.46013616955985,1.7412552341256031,0.19951573849878992,0.8004842615012101,1.4344624178028544,0.02775543041029782,0.062432515372287826,0.2555,0.015694285714285713
ALLO,5665,1780038900000,1.9451259583789704,0.0,91.09981866834524,1.6396824987853904,0.31416837782340895,0.685831622176591,1.7437899882282142,0.05240704500978488,0.06211026481605316,0.26889,0.01632071428571429
ALLO,5666,1780039800000,2.808280047686138,0.0,94.95451708613027,3.8546984177850305,0.40135682240945403,0.598643177590546,3.581619133434065,0.30681691397969413,0.07003726787019342,0.35139,0.02204142857142857
ALLO,5667,1780040700000,2.449903246613631,0.0,78.14158946890267,-16.8129276172276,0.14461398314734625,0.3131405146891369,2.492680125127235,-0.08674122769572268,0.08444908487900747,0.32091,0.024553571428571425
ALLO,5668,1780041600000,2.3500108766586907,0.0,79.23084512314696,1.0892556542442975,0.24959025989229713,0.7504097401077029,1.9594234659986107,-0.12348103247104358,0.0892941221689456,0.308,0.02655071428571428
ALLO,5669,1780042500000,2.345964297448253,0.0,64.71671768797547,-14.514127435171488,0.1645281456953644,0.26076158940397337,1.6735486149197645,-0.13053871766413383,0.10866779625119134,0.30552,0.029318571428571423
ALLO,5670,1780043400000,2.084379819343468,0.0,59.00240745297309,-5.714310235002387,0.2737520128824487,0.3633923778851313,1.252067082971013,-0.2031645749736759,0.12041238377667282,0.28,0.03085928571428571
ALLO,5671,1780044300000,2.0692817679558013,0.0,63.8934119083771,4.891004455404008,0.06921166977032923,0.9307883302296708,1.1785727939128312,-0.20951079996584987,0.11592561100799469,0.27777,0.031942142857142856
ALLO,5672,1780045200000,2.302014165559983,0.0,66.63128141560045,2.7378695072233583,0.3490222074908859,0.650977792509114,1.150300447336875,-0.15088647941034172,0.1164461407130946,0.29837,0.03351785714285715
ALLO,5673,1780046100000,2.1750163363101724,0.0,58.105822051251366,-8.52545936434909,0.12441471571906343,0.13745819397993303,0.880710407690634,-0.17035203050741332,0.12507660548979133,0.29153,0.033237857142857145
ALLO,5674,1780047000000,2.0669763422275036,0.0,61.28711038213645,3.1812883308850815,0.2494999999999995,0.7505000000000005,0.7274526792456895,-0.1920373374313441,0.12152742209747805,0.28391,0.03389642857142858
ALLO,5675,1780047900000,2.013002114164905,0.0,61.634655022913044,0.3475446407765972,0.37774167343623005,0.6222583265637699,0.4184757004320021,-0.18884999573123873,0.11594723487511847,0.28503,0.03250928571428572
ALLO,5676,1780048800000,2.057388208189339,0.0,63.58773295245343,1.9530779295403846,0.2250324254215289,0.7749675745784711,0.5071660218629155,-0.1691567773698739,0.11251089454084462,0.29195,0.03245714285714286
ALLO,5677,1780049700000,2.0291683905668183,0.0,62.17792117539659,-1.409811777056838,0.3859030837004392,0.31894273127753336,0.42383380876946525,-0.16656706223853834,0.11400564153694306,0.29286,0.032506428571428575
ALLO,5678,1780050600000,2.22969596001666,0.0,64.62602990792963,2.4481087325330435,0.599687255668492,0.400312744331508,0.6260819735718479,-0.11727709951905285,0.11144543287400431,0.31018,0.03285857142857143
ALLO,5679,1780051500000,2.233156856638638,0.0,66.80861700504767,2.182587097118031,0.3808793456032722,0.6191206543967278,0.6556918988250867,-0.11366288169839778,0.10810620300751882,0.31145,0.03286428571428572
ALLO,5680,1780052400000,2.1393803047346354,0.0,56.33829956259492,-10.470317442452746,0.09549492385786844,0.09200507614213244,0.8695327935719357,-0.12632687327470893,0.10269364588999622,0.307,0.028587857142857147
ALLO,5681,1780053300000,1.9189216683621568,0.0,56.58426750563141,0.24596794303649006,0.5347705146036181,0.4652294853963819,0.5801206342686814,-0.1834428982042744,0.09482370515890073,0.28693,0.026478571428571438
ALLO,5682,1780054200000,1.9158641662442983,0.0,53.149786686462456,-3.4344808191689538,0.3658112222705535,0.23575467594606256,0.6398941787204119,-0.18139389282563523,0.09282434834123228,0.28765,0.025070000000000012
ALLO,5683,1780055100000,1.7917255297679118,0.0,52.99850782744529,-0.1512788590171681,0.6407010710808207,0.320350535540405,0.36659777154882445,-0.21266968325791846,0.08288394711192106,0.27666,0.02235214285714287
ALLO,5684,1780056000000,1.7512833417211882,0.0,46.20094140268947,-6.797566424755814,0.1494160289971826,0.07933950865887919,0.8434065579956007,-0.22211787472608768,0.0856926130401059,0.27334,0.021464285714285724
ALLO,5685,1780056900000,1.7298592698347952,0.0,50.18595551813681,3.985014115447335,0.3349834983498346,0.6650165016501653,0.7999351880751137,-0.23819687526679756,0.07821647007426827,0.26769,0.02046142857142858
ALLO,5686,1780057800000,1.7663410212508812,0.0,52.30387212639072,2.117916608253914,0.5036603221083492,0.4963396778916508,0.7005071496261894,-0.2183329064572127,0.07200471584877279,0.27467,0.019282142857142862
ALLO,5687,1780058700000,1.8359303391384052,0.0,50.434828824611444,-1.8690433017792785,0.528884462151393,0.2191235059760965,0.6184206202624789,-0.13228007852668966,0.07070825133463082,0.27846,0.018580714285714287
ALLO,5688,1780059600000,1.854219430655455,0.0,55.16657194254199,4.731743117930549,0.2655137334689725,0.7344862665310274,0.6025879582573576,-0.09539251886338096,0.06710700336839497,0.28174,0.018556428571428574
ALLO,5689,1780060500000,1.8586945589862212,0.0,52.84928797978453,-2.3172839627574646,0.4855345911949698,0.14591194968553417,0.6120085679595257,-0.08736554824209342,0.06950734184163578,0.28424,0.01881285714285714
ALLO,5690,1780061400000,1.692543512658228,0.0,48.280004546946444,-4.569283432838084,0.09121245828698725,0.2285873192436042,0.8268713091383851,-0.12579868357681812,0.07351282618310481,0.27227,0.018995714285714286
ALLO,5691,1780062300000,1.6382191095547771,0.0,49.00805685329276,0.7280523063463136,0.26956521739130196,0.730434782608698,0.9090048401125861,-0.15334724674907696,0.07333860238424553,0.26369,0.019088571428571427
ALLO,5692,1780063200000,1.7120645542216102,0.0,53.29399520291574,4.285938349622981,0.22735141373341006,0.7726485862665899,1.05127071724143,-0.11510675870926312,0.06809720133359977,0.2756,0.018499285714285715
ALLO,5693,1780064100000,1.633326897084379,0.0,51.74241293772672,-1.551582265189019,0.09515717926932962,0.5862361937128305,0.7884358128143097,-0.12422539733504578,0.06697845064338774,0.27276,0.017942857142857142
ALLO,5694,1780065000000,1.636890951276102,0.0,50.796135355240565,-0.9462775824861538,0.3374485596707809,0.5123456790123447,0.6979352458058958,-0.12422539733504578,0.06298835739829528,0.27276,0.01673285714285714
ALLO,5695,1780065900000,1.5506943123454442,0.0,49.63953813269191,-1.1565972225486547,0.12031835205992349,0.7574906367041212,1.1189530556303589,-0.1389308075132446,0.06551873981531775,0.26818,0.017231428571428568
ALLO,5696,1780066800000,1.6595460614152207,0.0,51.951463399560744,2.3119252668688333,0.6716981132075476,0.3283018867924525,1.1777568405748764,-0.1045753732541338,0.06236017897091722,0.27888,0.016724999999999997
ALLO,5697,1780067700000,1.5502880347530459,0.0,48.50648996145201,-3.4449734381087325,0.12089356110381123,0.3876478318002636,0.8202751025189229,-0.1329266334885214,0.06550290119499645,0.27005,0.017078571428571426
ALLO,5698,1780068600000,1.5159745879753248,0.0,52.313094737365,3.8066047759129873,0.3245341614906845,0.6754658385093155,0.6565786223543963,-0.12262000321078825,0.060298052623755004,0.27326,0.016224999999999996
ALLO,5699,1780069500000,1.5278570770789206,0.0,53.31458615235608,1.0014914149910794,0.29406307977736573,0.7059369202226342,0.6474521276368916,-0.11863862578262963,0.057849956036665935,0.2745,0.01569642857142857
ALLO,5700,1780070400000,1.527030602345886,0.0,50.60824130291316,-2.706344849442921,0.5260794473229709,0.29084628670121,1.5335259523553504,-0.06664495114006508,0.06311255753006062,0.28654,0.016788571428571427
ALLO,5701,1780071300000,1.2973229706390326,0.0,47.9897384726553,-2.61850283025786,0.0,0.516772438803263,0.6294974404654908,-0.07516078567703821,0.061918461285549904,0.26603,0.01614214285714286
ALLO,5702,1780072200000,1.232677863110811,0.0,47.5753742309322,-0.41436424172309927,0.3356521739130458,0.5930434782608685,0.7621064869090285,-0.08030592734225628,0.05987334326503912,0.26455,0.015559285714285715
ALLO,5703,1780073100000,1.1717365869964897,0.0,44.239813661763804,-3.3355605691683934,0.0,0.4330244313395098,0.6855651787019855,-0.09307601033014601,0.06032799467262611,0.25987,0.015271428571428573
ALLO,5704,1780074000000,1.1505627344726972,0.0,35.44386909405081,-8.795944567712993,0.1713362068965514,0.03232758620689694,1.591383420364187,-0.09974174635303967,0.06915294903347888,0.25796,0.01597571428571429
ALLO,5705,1780074900000,1.0436754176610976,0.0,48.16771402835522,12.72384493430441,0.019296254256527062,0.980703745743473,1.1573252723355971,-0.10347595449151958,0.06615180591309777,0.25689,0.016960000000000006
ALLO,5706,1780075800000,1.113070051716032,0.0,47.97097481428488,-0.196739214070341,0.685877466251298,0.2845275181723772,1.183268560441645,-0.0588748516786487,0.06681721498635018,0.26967,0.017097857142857147
ALLO,5707,1780076700000,1.0651247237132937,0.0,45.47277931770542,-2.498195496579463,0.3474122546103513,0.2956573468173704,0.6451922547389272,-0.08700355971243112,0.06989573264546241,0.26161,0.017457857142857146
ALLO,6446,1780741800000,1.0364971327509513,0.0,90.56116902758002,0.8612929967542158,0.22252082773448012,0.7774791722655199,2.6665842595356977,0.009806005846399124,0.05571547711925965,0.37999,0.020710000000000003
ALLO,6447,1780742700000,1.1508996875336708,0.0,91.85911047092662,1.2979414433466019,0.2418918918918924,0.7581081081081076,2.4541806398312183,0.05068554435643047,0.0583104571574979,0.39925,0.02275857142857143
ALLO,6448,1780743600000,1.2932761087267521,0.0,92.92782671087156,1.0687162399449335,0.22593261131167158,0.7740673886883285,2.7029202124634666,0.0439073262366938,0.059775418951512976,0.41678,0.024464285714285716
ALLO,6449,1780744500000,1.3818495923986398,0.0,94.03816239637713,1.110335685505575,0.15137614678899172,0.8486238532110083,2.3587099734851535,0.05856806948510007,0.06096742570283769,0.44119,0.026475714285714293
ALLO,6450,1780745400000,1.5024701965417249,0.0,89.10090414389336,-4.9372582524837725,0.6228414442700154,0.21624803767660966,2.623685846545382,0.05625694145379523,0.06906645118676007,0.46601,0.029427142857142864
ALLO,6451,1780746300000,1.2984471389066155,0.0,71.98940376023671,-17.111500383656647,0.12660430715684137,0.11768544703067164,1.860789277827733,-0.07255209115684214,0.08145782569998687,0.4322,0.03190214285714286
ALLO,6452,1780747200000,1.3292269144438067,0.0,75.63009072366218,3.640686963425466,0.5065666041275797,0.4934333958724203,1.923272474436133,-0.04248835861891376,0.08479988475666853,0.44621,0.035320000000000004
ALLO,6453,1780748100000,1.2363467588056314,0.0,62.811584164260665,-12.818506559401513,0.3039007092198579,0.05319148936170217,1.2780390646376683,-0.06944056994485093,0.10090354090354092,0.43365,0.03836857142857143
ALLO,6454,1780749000000,1.130389556353045,0.0,65.6587295788429,2.8471454145822293,0.35305395781977433,0.6469460421802257,1.0301858921686327,-0.12102744576296642,0.10229777028778844,0.40961,0.040583571428571434
ALLO,6455,1780749900000,1.2278427874271922,0.0,69.23348623063636,3.5747566517934644,0.11015940994527638,0.8898405900547236,0.9372512520857874,-0.08894658912898867,0.10158665900098998,0.42456,0.042659285714285726
ALLO,6456,1780750800000,1.2396594944641737,0.0,69.62374754122489,0.390261310588528,0.30566406249999944,0.6943359375000006,0.6617350281715064,-0.07974077809489066,0.10125315655498576,0.42885,0.04278857142857143
ALLO,6457,1780751700000,1.2889144771276038,0.0,70.19617940472719,0.5724318635023025,0.45431996692848303,0.5456800330715169,0.6717798558615026,-0.06156520246346642,0.09785846644618018,0.43732,0.04171999999999999
ALLO,6458,1780752600000,1.2972718227993925,0.0,70.44635122796323,0.2501718232360446,0.6334894613583142,0.3665105386416858,0.537947708672154,-0.058582433853350824,0.09343355935938141,0.43871,0.03997928571428571
ALLO,6459,1780753500000,1.2788152980167289,0.0,63.56574718368963,-6.880604044273603,0.1748435956536067,0.210734277247284,0.7159564420834075,-0.07044913199287561,0.09353388235869112,0.43318,0.038274999999999997
ALLO,6460,1780754400000,1.2095337873232062,0.0,65.68902409577092,2.1232769120812875,0.08869179600886865,0.9113082039911313,0.4610983995016988,-0.0948692088152614,0.08782892500169986,0.4218,0.036905714285714285
ALLO,6461,1780755300000,1.1802127439843022,0.0,58.648957472473725,-7.040066623297193,0.08277310924369634,0.031932773109242994,0.4893734324048862,-0.09396794060213298,0.09009183111092023,0.42222,0.03596285714285714
ALLO,6462,1780756200000,1.0979231568016612,0.0,57.608278625111005,-1.0406788473627202,0.43014394580863496,0.3082133784928058,0.45072890681139155,-0.1329370614364499,0.08697401514850805,0.40406,0.034432142857142856
ALLO,6463,1780757100000,1.1784143276078765,0.0,60.74977514329898,3.141496518187978,0.3147410358565754,0.6852589641434246,0.4270711507655261,-0.10733675243020524,0.07957101360328347,0.41599,0.03259785714285714
ALLO,6464,1780758000000,1.2118521577534587,0.0,62.2474842329963,1.4977090896973166,0.47630426125049846,0.5236957387495016,0.5536984921310826,-0.0805347524731228,0.07382941652604573,0.42848,0.03075142857142857
ALLO,6465,1780758900000,1.2000414057243414,0.0,62.717170207031515,0.4696859740352153,0.5623365300784675,0.4376634699215325,0.30882758009159483,-0.08785219201304684,0.06757236361650866,0.42507,0.028287142857142854
ALLO,6466,1780759800000,1.3360998016494414,0.0,66.71962675018753,4.002456543156015,0.30977258758451054,0.6902274124154895,0.8033339750507822,-0.039612883843694324,0.06040087646826394,0.44755,0.026423571428571428
ALLO,6467,1780760700000,1.3174825901673421,0.0,67.05904605488325,0.3394193046957241,0.33630952380952406,0.6636904761904759,0.6141027833401036,-0.0430892040943327,0.054275304565638165,0.44593,0.023835
ALLO,6468,1780761600000,1.3829698641544788,0.0,68.2944399242425,1.2353938693592426,0.4233455271034254,0.5766544728965746,1.0719625150593146,-0.017531812622046616,0.05251510862483432,0.45784,0.023375000000000003
ALLO,6469,1780762500000,1.4009142382213913,0.0,70.2443037591158,1.9498638348732982,0.31982758620689583,0.6801724137931042,0.8498503044735184,-0.008175790219093981,0.048441004441708076,0.4622,0.02203
ALLO,6470,1780763400000,1.3720348926184767,0.0,59.80720087233394,-10.437102886781858,0.22933746953246234,0.20917349878129854,1.1699758924865162,-0.0021887942318833398,0.055417456989784036,0.46499,0.023790714285714287
ALLO,6471,1780764300000,1.344126853799969,0.0,62.553855560982804,2.746654688648867,0.5664160401002505,0.43358395989974957,0.7908916340252812,-0.017613282006064712,0.05455543821229341,0.4568,0.024057857142857148
ALLO,6472,1780765200000,1.2779640039193438,0.0,58.88096677872842,-3.6728887822543825,0.04310344827586364,0.3885057471264387,0.5968621747732056,-0.05004408696961227,0.055861358183432984,0.44172,0.024080714285714292
ALLO,6473,1780766100000,1.2932521562658552,0.0,62.970264977345096,4.0892981986166745,0.1572109138155055,0.8427890861844944,0.5993640816549526,-0.027936084646981607,0.052547481512398894,0.452,0.023560714285714292
ALLO,6474,1780767000000,1.3186189028947237,0.0,63.38755892414105,0.4172939467959509,0.522758620689655,0.47724137931034505,1.0596726366717841,0.0008172218757391825,0.054071591987231375,0.46537,0.024343571428571437
ALLO,6475,1780767900000,1.3461141931366294,0.0,64.40414843514449,1.0165895110034455,0.6328633405639916,0.3671366594360083,1.2876662706821747,0.02688183595848459,0.05561195305772243,0.47788,0.025277857142857154
ALLO,6476,1780768800000,1.2145867254094438,0.0,62.89694202820303,-1.5072064069414637,0.486170866625693,0.30055316533497256,0.6164278500337544,-0.03228844061270608,0.056746022948607935,0.46245,0.025596428571428582
ALLO,6477,1780769700000,1.237108836843141,0.0,62.03635706764542,-0.8605849605576097,0.33739456419868674,0.4835988753514519,0.37398037393961203,-0.048568678329287684,0.05548770403165276,0.45467,0.024922857142857156
ALLO,6478,1780770600000,1.222563952353056,0.0,59.892451712217806,-2.143905355427613,0.4225449515905942,0.2565698478561576,0.4822011277412899,-0.04731313300410145,0.05435558097980489,0.45527,0.02416214285714287
ALLO,6479,1780771500000,1.2507201748286483,0.0,61.74866548621712,1.8562137739993148,0.13234542667347865,0.8676545733265214,0.6996606853820223,-0.05172846739767312,0.05490981265000844,0.45316,0.024740714285714303
ALLO,6480,1780772400000,1.3046528058134839,0.0,56.054801598987254,-5.693863887229867,0.3094758064516123,0.07006048387096797,0.4789646501992078,-0.0443416757344941,0.05438474677932512,0.45669,0.023833571428571444
ALLO,6481,1780773300000,1.1067158602652718,0.0,59.833227352023876,3.778425753036622,0.08399138549892352,0.9160086145010765,0.3426757085789245,-0.056060098769565636,0.051983844747002676,0.45109,0.023388571428571443
ALLO,6482,1780774200000,1.0513823331085637,0.0,55.05012000438061,-4.783107347643266,0.35580110497237566,0.04033149171270763,0.40378669024188113,-0.045095002929605776,0.051333997240230175,0.45633,0.022533571428571438
ALLO,6483,1780775100000,1.0617391304347827,0.0,57.380157491715465,2.330037487334856,0.3153899240855775,0.6846100759144226,0.3329339512528696,-0.05731564409475187,0.049137577528320285,0.45049,0.02191142857142858
ALLO,6484,1780776000000,1.0053264075362063,0.0,59.23720128527367,1.857043793558205,0.35553555355535604,0.644464446444644,0.3791844304570237,-0.04672721185234785,0.04313868151334939,0.45555,0.019481428571428584
ALLO,6485,1780776900000,1.0919653671885516,0.0,61.722683618649704,2.4854823333760336,0.40258215962441507,0.5974178403755849,0.633470743468882,-0.024190173265254855,0.04070772521780228,0.46632,0.018703571428571437
ALLO,6486,1780777800000,1.079596212256566,0.0,63.02321277659297,1.3005291579432665,0.14647239263803435,0.8535276073619656,0.37755039183686717,-0.025738679166318,0.03966644996903587,0.46558,0.018392142857142864
ALLO,6487,1780778700000,1.0904439819632326,0.0,66.57335087957597,3.5501381029829986,0.2819124943617513,0.7180875056382486,0.7419496347742572,0.008914371808822263,0.038509799683600375,0.48214,0.01832642857142858
ALLO,6488,1780779600000,1.0894612144612141,0.0,58.81508916346833,-7.75826171610764,0.013819789939191406,0.11940298507462664,0.5351433601714229,-0.012257850416891425,0.03812110114521587,0.47623,0.017547142857142865
ALLO,6489,1780780500000,1.0124119567084695,0.0,59.05242496793836,0.23733580447002822,0.48835705045278227,0.5116429495472177,0.3993240791831036,-0.028145351972456156,0.03474283731105562,0.46857,0.01601714285714286
ALLO,6490,1780781400000,1.0125624919882066,0.0,59.08064101210149,0.028216044163130505,0.7758620689655148,0.22413793103448515,0.5105066353078437,-0.023105322105612558,0.03419307866282493,0.471,0.015766428571428574
ALLO,6500,1780790400000,1.0807029815511058,0.0,62.18904191388189,9.64560161310876,0.053870785458654646,0.9461292145413454,3.0384805907222474,-0.012859335462728771,0.05653075891724745,0.47594,0.026743571428571426
ALLO,6501,1780791300000,1.0997839239412275,0.0,48.30257430667749,-13.886467607204395,0.21044849679645133,0.01297847872515218,2.4374886336018893,0.0077778238685859424,0.06929817792643934,0.48589,0.029507857142857138
ALLO,6503,1780793100000,1.0041401551468665,0.0,53.9137496028556,8.315881450758937,0.21148213239601663,0.7885178676039833,1.4728482544388415,-0.053551215295642995,0.07230345371713623,0.45987,0.032467142857142854
ALLO,6504,1780794000000,1.0533486684950897,0.0,54.86773392730189,0.9539843244462887,0.6717076244486456,0.3282923755513544,0.8486728382443633,-0.04468089485274451,0.07207903888314895,0.46418,0.03268928571428571
ALLO,6505,1780794900000,1.0770838893336894,0.0,55.49445897661199,0.626725049310096,0.7329192546583863,0.2670807453416138,0.6702973028299157,-0.03893885447323464,0.07056300771650832,0.46697,0.03220142857142857
ALLO,6506,1780795800000,1.0477052074139452,0.0,53.06336340180808,-2.431095574803905,0.37536945812807715,0.19556650246305576,0.8740638595858043,-0.04503076828088659,0.06738710047993464,0.46401,0.03016785714285714
ALLO,6510,1780799400000,1.201844262295082,0.0,58.25067106161168,3.3957969465546682,0.1974226804123714,0.8025773195876286,0.5706187482469978,-0.026981415546728726,0.05609492330891201,0.47278,0.026305714285714286
ALLO,6511,1780800300000,1.1221733668341711,0.0,56.161448033332285,-2.089223028279399,0.34312080536912953,0.16023489932886043,0.4039420937562539,-0.026549218959023624,0.0556796652740322,0.47299,0.02577857142857143
ALLO,6512,1780801200000,1.1013882669055084,0.0,57.21877854860053,1.057330515268248,0.218051831992851,0.7819481680071491,0.40488415421357826,-0.03426701516804209,0.055470375810992775,0.46924,0.025893571428571426
ALLO,6513,1780802100000,1.2001299243654588,0.0,59.026867336245786,1.8080887876452536,0.08911917098445887,0.9108808290155411,0.445906418470388,-0.02416184733170057,0.0493581404333797,0.47415,0.02336071428571428
ALLO,6514,1780803000000,1.1402250414668043,0.0,42.22901571651011,-16.797851619735674,0.06691631390426572,0.009280364702051687,2.0574612856508208,-0.0174319290374364,0.05750705592268834,0.47742,0.02395571428571428
APE,2355,1777059900000,1.1476242653650766,0.0,80.9790971256018,14.984917917797702,0.13340000000000013,0.8665999999999998,2.1564156367562086,0.11088211046990937,0.06012266582792596,0.2156,0.012561428571428572
APE,2356,1777060800000,1.6704398768741937,0.0,87.08259874641803,6.103501620816232,0.29930656345750717,0.7006934365424928,2.781701226407802,0.2474025974025973,0.06267330800041082,0.26894,0.01569214285714286
APE,2357,1777061700000,1.7448837671368964,0.0,54.76006968610551,-32.32252906031252,0.2486863475685488,0.07595299512754357,2.741591071390205,0.027366698891946095,0.12231317518654643,0.2763,0.021965000000000005
APE,2376,1777078800000,1.1746528456874632,0.0,64.3723777683067,7.845577670574123,0.47488204274215884,0.5251179572578412,2.3586616635619957,-0.1951501990589939,0.04876852090278306,0.22238,0.010010714285714279
APE,2377,1777079700000,1.1364440078585458,0.0,65.62868143469265,1.2563036663859464,0.390561797752808,0.6094382022471919,2.301383424078275,-0.21284835323923268,0.04905582922824299,0.21749,0.010242857142857137
APE,2378,1777080600000,1.1517989157220305,0.0,68.24537866300837,2.616697228315715,0.12760055478501955,0.8723994452149805,1.460373152792369,-0.018346973648709408,0.04866290043690022,0.2183,0.010533571428571422
APE,2379,1777081500000,1.1716973735789886,0.0,61.79653383585395,-6.448844827154417,0.2955069124423963,0.14228110599078353,1.370451155451373,-0.003507509668135622,0.05469705660794622,0.2216,0.011306428571428565
APE,2380,1777082400000,1.1061248643850479,0.0,61.405579158163334,-0.3909546776906154,0.4002347417840388,0.5633802816901408,1.5963443019973276,-0.039751776238870384,0.05947528938795312,0.21354,0.012257857142857138
APE,2381,1777083300000,1.0649107230936177,0.0,59.22913062456114,-2.1764485336021977,0.39419588875453604,0.21281741233373444,0.8304566551801267,-0.05872830290493747,0.06130297886128464,0.20932,0.012432857142857138
APE,2382,1777084200000,1.0524100994644225,0.0,62.40853747987847,3.179406855317332,0.3655564581640941,0.6344435418359059,1.0639274788694484,-0.0349851605360193,0.060413408580947826,0.2146,0.01269285714285714
APE,2383,1777085100000,1.0471229210476007,0.0,63.55065787606718,1.1421203961887088,0.12306289881494888,0.8769371011850511,0.8101818246738233,-0.03691878766076084,0.06156443406231958,0.21417,0.013102142857142854
APE,2384,1777086000000,1.073091603053435,0.0,61.565873716065866,-1.9847841600013112,0.47181628392484276,0.25678496868475875,0.8411473144539185,-0.02302365320622357,0.0637500169954724,0.21726,0.01339642857142857
APE,2385,1777086900000,1.0221882172915073,0.0,57.16120857174567,-4.404665144320198,0.13763440860214787,0.2,0.691184765505303,-0.04919507149923552,0.06621498599439775,0.21144,0.013507857142857141
APE,2386,1777087800000,1.0047283605133646,0.0,58.50966184318599,1.3484532714403201,0.18068535825545137,0.8193146417445486,0.5579142026384613,-0.06578829031387712,0.06470372649761777,0.20775,0.013367142857142855
APE,2387,1777088700000,1.0102588686481302,0.0,52.38063038958331,-6.129031453602678,0.18116376724655048,0.27894421115776785,1.1381488798562558,-0.05715442036154328,0.07118282678616601,0.20967,0.014069285714285713
APE,2394,1777095000000,1.0346897931954637,0.0,51.465729660313045,-6.741800703717139,0.35714285714285715,0.12236533957845332,1.2923971302722017,-0.039931648529544006,0.05023496477327516,0.2135,0.009972142857142851
APR,12891,1786542300000,1.0411585365853657,0.0,78.51220497776728,2.4177990441890813,0.30508474576271105,0.694915254237289,1.8056976725543994,0.018509127789046786,0.044504798116965415,0.4017,0.017557142857142858
APR,12892,1786543200000,1.2098327420172326,0.0,81.46636105222578,2.9541560744584956,0.39757412398921876,0.6024258760107812,3.3284483157065785,0.08538710480458045,0.053294675803900904,0.436,0.021664285714285716
APR,12893,1786544100000,1.1616827166751138,0.0,82.58374672029518,1.117385668069403,0.4327485380116952,0.5672514619883048,1.4985032651337167,-0.02178899082568808,0.05555362781498317,0.4265,0.022871428571428574
APR,12894,1786545000000,1.1836631151699644,0.0,84.6193961578004,2.0356494375052137,0.3506493506493503,0.6493506493506497,1.0819117150357591,-0.012844036697247652,0.05387165522140659,0.4304,0.022750000000000003
APR,12895,1786545900000,1.1498240321769733,0.0,78.12532624600792,-6.494069911792479,0.3011363636363619,0.3011363636363651,0.7040589754618184,-0.019266055045871644,0.05376492036737644,0.4276,0.022328571428571437
APR,12896,1786546800000,1.1024999999999996,0.0,62.84106539823463,-15.284260847773282,0.17785234899328767,0.13422818791946323,1.547737153853366,-0.03555045871559637,0.058634043939339124,0.4205,0.023142857142857153
APR,12897,1786547700000,1.1196365471983847,0.0,69.86756643550541,7.026501037270776,0.05217391304347856,0.9478260869565215,1.8875900251248905,-0.03692660550458715,0.06140290846877675,0.4199,0.025635714285714293
APR,12898,1786548600000,1.2355289421157685,0.0,71.35163359080317,1.4840671552977653,0.6938202247191008,0.3061797752808993,1.3027245501612825,0.02752293577981657,0.0638014241841315,0.448,0.027007142857142865
APR,12899,1786549500000,1.1788046207935712,0.0,72.28925175559601,0.9376181647928377,0.3756906077348081,0.6243093922651919,0.5088651236111659,-0.031696428571428514,0.06264637002341922,0.4338,0.026750000000000006
APR,12900,1786550400000,1.2216108054027015,0.0,73.52503032780395,1.2357785722079342,0.5596330275229356,0.4403669724770644,0.9112680204751783,-0.00870535714285714,0.06210101544669733,0.4441,0.026821428571428576
APR,12901,1786551300000,1.2189378757515033,0.0,68.93089443160562,-4.594135896198324,0.45267489711934217,0.26748971193415444,0.9945120454207558,-0.011383928571428559,0.06522834963201937,0.4429,0.027728571428571432
APR,12902,1786552200000,1.166749875187219,0.0,69.7685423528373,0.8376479212316781,0.2961165048543686,0.7038834951456314,0.7857302667748243,-0.03125,0.06602009815377424,0.434,0.02825
APR,12903,1786553100000,1.2011952191235058,0.0,68.28163931006335,-1.486903042773946,0.7202072538860121,0.1606217616580308,0.5183395428093339,-0.013392857142857206,0.06777158961282963,0.442,0.028857142857142856
APR,12904,1786554000000,1.2384957941613064,0.0,73.15244892439529,4.870809614331932,0.3496503496503498,0.6503496503496502,0.9899277157918094,0.009821428571428648,0.0672952725393955,0.4524,0.02977142857142857
APR,12905,1786554900000,1.2257902659307574,0.0,67.19457593568075,-5.957872988714541,0.028089887640449448,0.7162921348314609,1.2079062875120539,-0.01945181255526085,0.0706541440105454,0.4436,0.03062857142857143
APR,12906,1786555800000,1.1994076999012835,0.0,66.99650059053027,-0.1980753451504711,0.5466666666666652,0.4488888888888884,0.7422531156720258,-0.015030946065428874,0.06217847249703207,0.4456,0.02693571428571429
APR,12907,1786556700000,1.1470878578479762,0.0,64.40665441621425,-2.5898461743160226,0.2098765432098741,0.3086419753086424,0.3341966316752014,-0.03846153846153855,0.05838711823807306,0.435,0.025071428571428574
APR,12908,1786557600000,1.0988851187590885,0.0,64.56194773561259,0.15529331939833924,0.4102564102564092,0.5897435897435909,0.28024268527759416,-0.04288240495137052,0.055790068470384896,0.433,0.02397857142857143
APR,12909,1786558500000,1.140427599611273,0.0,67.84773525531122,3.28578751969863,0.17391304347826086,0.8260869565217391,0.29723362803009223,-0.026304155614500502,0.0536895259814302,0.4405,0.023542857142857143
APR,12910,1786559400000,1.2022417153996101,0.0,70.58253382332421,2.734798568012991,0.3925925925925942,0.6074074074074057,0.5555384656282714,-0.001105216622457994,0.05010875823683706,0.4519,0.02237857142857143
APR,12911,1786560300000,1.2206527033609351,0.0,66.59130320228712,-3.99123062103709,0.5438596491228087,0.14619883040935683,0.5135368333779228,0.007736516357206069,0.04603282509468778,0.4559,0.02031428571428572
APR,12912,1786561200000,1.1897989210397255,0.0,66.43862781104724,-0.15267539123988172,0.49999999999999734,0.4807692307692303,0.37635852948427234,-0.020618556701030966,0.041972989603912304,0.4465,0.018514285714285716
APR,12913,1786562100000,1.1900341963849534,0.0,68.75316170710666,2.314533896059416,0.1333333333333317,0.8666666666666684,0.28852200656332383,-0.01667032243913147,0.03995590631689938,0.4483,0.017864285714285714
APR,12914,1786563000000,1.1889266634288491,0.0,68.49879430690036,-0.25436740020629145,0.41860465116278994,0.5465116279069748,0.2980641598099767,-0.01140601008993214,0.03787249008824658,0.4507,0.01692142857142857
APR,12915,1786563900000,1.1835443037974684,0.0,67.86784523459374,-0.6309490723066205,0.5312500000000049,0.25000000000000433,0.1196622204832253,-0.016231629743364784,0.03455343132545554,0.4485,0.015414285714285717
APR,12916,1786564800000,1.2125181950509463,0.0,66.82615833424452,-1.0416869003492195,0.5505617977528096,0.3820224719101131,0.5185225568302426,0.00021934634788323137,0.03418940609951847,0.456,0.01521428571428572
APR,12917,1786565700000,1.1565973900434994,0.0,61.81057251071932,-5.015585823525207,0.08552631578947162,0.5657894736842106,0.47526484167818506,-0.02149122807017556,0.03394319511243989,0.4462,0.014921428571428577
APR,12918,1786566600000,1.1459040232670867,0.0,60.809353321919104,-1.0012191888002135,0.5263157894736863,0.26315789473684315,0.2141708177300851,-0.029166666666666785,0.03029809415214205,0.4427,0.01328571428571429
APR,12919,1786567500000,1.1306873184898354,0.0,52.41419833951442,-8.395154982404684,0.12977099236641063,0.09923664122137582,0.43989901427851774,-0.034649122807017596,0.027260904361744703,0.4402,0.01167857142857143
APR,12920,1786568400000,1.7244056283357594,0.0,76.13109637501171,23.716898035497287,0.48023426061493407,0.519765739385066,4.098519246825627,0.23135964912280693,0.03998502002131766,0.5615,0.019828571428571428
APR,12921,1786569300000,1.4000967585873245,0.0,68.11495122830485,-8.016145146706862,0.006072874493926457,0.6963562753036445,2.079664771197652,-0.11647373107747105,0.047346853935920655,0.4961,0.02277857142857143
APR,12922,1786570200000,1.376333656644035,0.0,64.32035464300904,-3.794596585295807,0.47089947089946965,0.12169312169312022,0.7880726694818904,-0.12733748886910068,0.04979177982980265,0.49,0.023571428571428573
APR,12923,1786571100000,1.3407658749394087,0.0,65.81204364462367,1.4916890016146311,0.22159090909090987,0.7784090909090902,0.5133415769502759,-0.13998219056099737,0.05011929615269908,0.4829,0.02400714285714286
APR,12924,1786572000000,1.4752186588921279,0.0,70.54792025249199,4.73587660786832,0.28032345013477017,0.7196765498652298,0.8958351542937234,-0.09278717720391816,0.05148869166905238,0.5094,0.02569285714285714
APR,12925,1786572900000,1.5872093023255816,0.0,73.65298353089158,3.1050632783995837,0.476426799007444,0.523573200992556,1.9354247474520514,-0.04897595725734638,0.053127428127428114,0.534,0.027349999999999996
APR,12926,1786573800000,1.64437984496124,0.0,77.3339828417912,3.6809993108996224,0.17987152034261178,0.8201284796573882,1.9966496796887079,-0.027960819234194245,0.05571800733691317,0.5458,0.029942857142857136
APR,12927,1786574700000,1.8460793804453046,0.0,81.53761295720837,4.20363011541717,0.2586750788643528,0.7413249211356472,2.4135493866638282,0.047195013357079096,0.05918224532640207,0.588,0.03382857142857142
APR,12928,1786575600000,1.929229277750848,0.0,83.14231159987132,1.604698642662953,0.27938671209539995,0.7206132879046,3.06719984533055,0.02772108843537402,0.06362841105144218,0.6043,0.037407142857142854
APR,12929,1786576500000,2.0043646944713873,0.0,84.44634310292018,1.3040315030488614,0.3828828828828823,0.6171171171171177,2.105034400661183,0.025153069667383843,0.06697095435684648,0.6195,0.040350000000000004
APR,12930,1786577400000,2.045960328979197,0.0,86.15997837034551,1.7136352674253317,0.11111111111111238,0.8888888888888876,1.7488274858887938,0.016303470540758758,0.06816725408522911,0.6296,0.04255000000000001
APR,12931,1786578300000,2.0149541726965747,0.0,78.09007270564126,-8.069905664704251,0.030726256983239893,0.44972067039106084,1.1511400375436653,-0.007306226175349484,0.07272662906233039,0.625,0.044021428571428586
APR,12932,1786579200000,1.9581931763575207,0.0,75.54991723644699,-2.540155469194275,0.1844484629294753,0.6998191681735976,2.135859635534207,-0.022236340533672183,0.0794061531123301,0.6156,0.047564285714285726
APR,12933,1786580100000,1.9613339777670373,0.0,76.3392996574199,0.7893824209729132,0.3756097560975616,0.6243902439024385,1.010880627345219,-0.02684243964421862,0.07949232585596225,0.6127,0.04809285714285716
APR,12934,1786581000000,1.9841116995666828,0.0,62.77143663732409,-13.567863020095807,0.21267605633802802,0.2661971830985917,1.7874452748129552,-0.015565438373570606,0.07646141070484919,0.6198,0.04340714285714288
APR,12935,1786581900000,1.7642822851656264,0.0,39.99225885561096,-22.77917778171313,0.05453306066803004,0.18813905930470357,3.60058864687033,-0.08545108005082602,0.11026306734649197,0.5758,0.05035714285714288
APR,12936,1786582800000,1.4737854737854739,0.0,48.68278098371707,8.69052212810611,0.10857142857142807,0.8914285714285719,2.5203364763447693,-0.18313214739517159,0.10946343672175689,0.5143,0.05525714285714288
APR,12937,1786583700000,1.504335260115607,0.0,47.035646458202315,-1.6471345255147583,0.2889733840304179,0.5076045627376423,0.9281254609935907,-0.17423761118170267,0.11691729323308274,0.5199,0.057757142857142875
APR,12938,1786584600000,1.4149139579349903,0.0,47.61882800091021,0.5831815427078979,0.42473118279569677,0.5752688172043032,0.49831246308136257,-0.19758576874205858,0.11348424348625438,0.5052,0.056435714285714304
APR,12939,1786585500000,1.8033573141486814,0.0,58.609734007376275,10.990906006466062,0.14761376248612626,0.8523862375138738,1.2592807294432613,-0.07163278271918683,0.10502951180472192,0.5845,0.05999285714285717
APR,12940,1786586400000,1.8346909439386683,0.0,58.81124427632797,0.20151026895169366,0.6123778501628665,0.3876221498371335,0.7731179799766942,-0.060355781448538814,0.10274092178770955,0.5916,0.05885000000000003
APR,12941,1786587300000,1.9277456647398843,0.0,60.972570479429876,2.1613262031019076,0.45939086294416265,0.5406091370558374,0.7252453343039217,-0.03462515883100392,0.09688945953148097,0.6078,0.057135714285714324
APR,12942,1786588200000,1.8809638554216868,0.0,52.63080494304584,-8.341765536384038,0.10419313850063515,0.29479034307496826,0.984655612918616,-0.05050825921219826,0.107992413266247,0.5978,0.05856428571428575
APR,12943,1786589100000,1.7625240847784198,0.0,54.59267627953322,1.961871336487384,0.5372670807453409,0.46273291925465904,0.6514737023288674,-0.08910419313850071,0.10372681974623725,0.5735,0.057692857142857164
APR,12944,1786590000000,1.7378547378547382,0.0,54.752386519938845,0.15971024040562298,0.5693779904306222,0.43062200956937774,0.3533134502690838,-0.09593392630241426,0.09997180282484432,0.5692,0.05571428571428574
APR,12945,1786590900000,1.690567853705486,0.0,40.67571169963807,-14.076674820300774,0.015711645101663906,0.05452865064694972,1.3536139069850681,-0.11197585768742058,0.13328746559919946,0.5591,0.06088571428571431
APR,12946,1786591800000,1.3219277108433736,0.0,40.60858662667906,-0.06712507295900849,0.5143442622950821,0.47540983606557363,1.4607114459772208,-0.23475222363405346,0.13244504290098333,0.4818,0.06042142857142859
APR,12947,1786592700000,1.2435158501440924,0.0,39.87628595177158,-0.732300674907485,0.2809278350515469,0.5592783505154638,0.9046478234623329,-0.25810038119440915,0.13717460317460317,0.4671,0.06172857142857143
APR,12948,1786593600000,1.4288452323909921,0.0,45.30698437312934,5.430698421357761,0.2377358490566037,0.7622641509433963,1.608806304656224,-0.19488564167725542,0.13333728758266852,0.5069,0.06422857142857143
APR,12949,1786594500000,1.1911960871498444,0.0,45.01689611597592,-0.2900882571534211,0.38513513513513564,0.5540540540540546,0.6989761327958466,-0.21728081321473958,0.11648099606815207,0.4928,0.055864285714285734
APR,12950,1786595400000,1.0800326663944464,0.0,45.07100309715094,0.05410698117502477,0.6263269639065815,0.37367303609341856,0.7340292357288496,-0.1909148665819569,0.11039502277260146,0.5094,0.052978571428571444
APR,12951,1786596300000,1.0200327064595256,0.0,44.42754006155321,-0.6434630355977333,0.5799999999999991,0.2679999999999997,0.5691660616032341,-0.20944000000000007,0.10720290638323428,0.4941,0.05100714285714287
BASED,1557,1776341700000,1.1132026143790852,0.0,84.91602554924938,2.934585148353534,0.30749354005167884,0.6925064599483212,2.19578991037634,0.07946047008546997,0.0545479377219339,0.16166,0.00855857142857143
BASED,1558,1776342600000,1.583419288292934,0.0,90.83408939256222,5.9180638433128365,0.26407391491190363,0.7359260850880963,3.5369385550783554,0.2394531733267351,0.06024032326669503,0.20037,0.011330000000000002
BASED,1559,1776343500000,1.5611675126903557,0.0,72.6348115389239,-18.19927785363832,0.39982527664531126,0.06144437973209086,2.9554572553394505,0.007236612267305542,0.07845391827348312,0.20182,0.013305
BASED,1560,1776344400000,1.3385737643063766,0.0,76.39247505812915,3.757663519205252,0.15148127445500234,0.8485187255449976,1.7997201899733362,-0.07868397582003772,0.07834415761611088,0.18594,0.014354999999999998
BASED,1561,1776345300000,1.4150247870852928,0.0,76.54504731475132,0.15257225662216456,0.4816262705238468,0.5183737294761532,1.2328291886387919,-0.05861658903973843,0.08044311125962651,0.18999,0.014787857142857143
BASED,1562,1776346200000,1.3158291457286433,0.0,75.21878794689545,-1.3262593678558687,0.044776119402985946,0.8217734855136083,1.1477027801839064,-0.08661183232583491,0.08148992689061801,0.18434,0.01485642857142857
BASED,1563,1776347100000,1.3157093952073033,0.0,65.33029397489032,-9.888493972005122,0.012555391432791989,0.5324963072378136,1.4840698173126838,-0.0950351798632445,0.09600289109643152,0.18264,0.01631857142857143
BASED,1564,1776348000000,1.29889439573008,0.0,67.16630045538918,1.8360064804988525,0.38412698412698376,0.6158730158730162,1.1567259867763933,-0.10365672381329893,0.09630703868622083,0.1809,0.016839285714285713
BASED,1565,1776348900000,1.4035493827160495,0.0,70.98841541522096,3.8221149598317794,0.06462035541195661,0.9353796445880433,1.0253897064998894,-0.0739272619165593,0.09124126813541109,0.1869,0.016980000000000002
BASED,1566,1776349800000,1.673604903588303,0.0,76.38979596475939,5.40138054953843,0.10877332274712162,0.8912266772528784,1.9185413367684017,0.037409572886730746,0.0886747187865128,0.20937,0.01832285714285714
BASED,1567,1776350700000,1.879734727713302,0.0,77.93891509275691,1.5491191279975283,0.5884086444007857,0.4115913555992143,2.2129810243152908,0.0784735157854517,0.08959805978326228,0.2258,0.019157857142857143
BASED,1568,1776351600000,1.772436284575432,0.0,74.53293544721996,-3.4059796455369593,0.5635319454414934,0.26920315865039485,1.9271885631050414,0.016519043401240108,0.09698194906398762,0.22953,0.02028571428571429
BASED,1569,1776352500000,1.6978266238577429,0.0,75.16140812635645,0.6284726791364932,0.42053184910327795,0.579468150896722,1.1666775356845138,-0.048185422384873444,0.09850576031423577,0.21847,0.020850714285714285
BASED,1570,1776353400000,1.9209940652818993,0.0,78.70818500615175,3.5467768797953028,0.2899446794663198,0.7100553205336803,1.0597479616130436,0.029277218664226723,0.09864080232251254,0.23625,0.022425
BASED,1571,1776354300000,2.0875632950475485,0.0,82.18102347760757,3.472838471455816,0.10610079575596806,0.8938992042440319,1.41515337542801,0.058201058201058364,0.09386846971798425,0.25,0.02320428571428571
BASED,1572,1776355200000,2.546604445536043,0.0,85.14836672916091,2.967343251553345,0.39761556159799266,0.6023844384020073,2.3016875741321177,0.1552,0.08634493494940511,0.2888,0.023295000000000003
BASED,1573,1776356100000,3.080990296093556,0.0,85.7306325842815,0.5822658551205819,0.7987364620938627,0.20126353790613727,2.2203033057014783,0.13583795013850408,0.09308083616089288,0.32803,0.025590714285714283
BASED,1574,1776357000000,2.7843308759215293,0.0,76.17020826076063,-9.560424323520863,0.36178756476683943,0.44028497409326406,2.03404026038358,-0.07673078681827872,0.11487441886055404,0.30286,0.029827142857142854
BASED,1575,1776357900000,2.3147849795513693,0.0,57.95466038138129,-18.215547879379343,0.10886426592797756,0.33781163434903044,1.5918574381744948,-0.18461726061640704,0.15510659330653867,0.26747,0.03407071428571428
BASED,1576,1776358800000,2.011461671185605,0.0,57.70936992979521,-0.24529045158607943,0.649552395997894,0.33254344391785146,0.9678240830429284,-0.2550986190287473,0.16424657534246573,0.24435,0.035969999999999995
BASED,1577,1776359700000,1.917064220183486,0.0,61.222888964447186,3.513519034651978,0.18616241571386688,0.8138375842861331,0.5848370824866833,-0.27302380879797583,0.15712624012210433,0.23847,0.036472142857142856
BASED,1578,1776360600000,1.7011817670230727,0.0,61.6801985475959,0.4573095831487137,0.26275182168881267,0.7372481783111874,0.45105657464939425,-0.2683596012559827,0.15826558100043367,0.24,0.03701357142857142
BASED,1579,1776361500000,1.5613959500215424,0.0,54.57468946804737,-7.105509079548533,0.1293103448275866,0.27486737400530553,0.48507220845074556,-0.27506630491113615,0.17729621372005477,0.2378,0.03828357142857143
BASED,1580,1776362400000,1.4088470382130738,0.0,50.70045570770676,-3.8742337603406085,0.14534075104311503,0.4742698191933244,0.7444536629858791,-0.3293296344846508,0.18810314051430801,0.22,0.03853857142857143
BASED,1581,1776363300000,1.2416737830913749,0.0,45.86453758054186,-4.835918127164902,0.21978494623655936,0.1243010752688174,0.5707358800750892,-0.3598146510989848,0.20430816283484493,0.21,0.038744999999999995
BASED,1582,1776364200000,1.1918011894647411,0.0,48.186889868014106,2.322352287472249,0.45573622402890723,0.5442637759710928,0.4547496288040826,-0.3708502271133737,0.19530505156364852,0.20638,0.03833642857142857
BASED,1583,1776365100000,1.1617003097297873,0.0,48.515945897451765,0.329056029437659,0.41553242594075257,0.5844675740592474,0.33827593313452375,-0.38298326372587876,0.19306105891471742,0.2024,0.03807357142857142
BASED,1584,1776366000000,1.1075303126994256,0.0,41.87038184981228,-6.645564047639482,0.03470149253731294,0.1682835820895518,0.511525092762382,-0.3959393957869707,0.21490308849571896,0.19815,0.037792857142857135
BASED,1591,1776372300000,1.0529094456559163,0.0,45.88624706914343,6.574661982879078,0.11124401913875592,0.8887559808612441,0.42090348305595354,-0.4547145078194067,0.10422736407144069,0.17887,0.018449285714285717
BASED,1592,1776373200000,1.1340147643384442,0.0,44.46163102085809,-1.424616048285337,0.6545562835020846,0.12567004169148308,0.576027148912678,-0.42718653781666305,0.10381100829663352,0.1879,0.01798214285714286
BASED,1594,1776375000000,1.0514029180695847,0.0,45.10463525778274,2.654035768181835,0.53156146179402,0.46843853820597997,0.6266039186028801,-0.396486825595985,0.09356491181759688,0.18278,0.01620357142857143
BASED,1595,1776375900000,1.065919130139314,0.0,47.81782292924014,2.7131876714573977,0.3795620437956203,0.6204379562043797,0.3673588571091552,-0.3180543612367741,0.08518604353802385,0.1824,0.015227857142857144
BASED,1596,1776376800000,1.1006482429205051,0.0,47.29450773663915,-0.5233151926009896,0.5393665158371057,0.35656108597285047,0.727148270572411,-0.24407612031921422,0.08128217503217502,0.18471,0.014435714285714286
BASED,1597,1776377700000,1.1449173408371438,0.0,46.93684361070358,-0.35766412593556396,0.42385173247381025,0.5092667203867863,0.682228159639456,-0.23775000000000002,0.08159457167090754,0.18294,0.01443
BASED,1598,1776378600000,1.0697647601476015,0.0,43.43697626709168,-3.4998673436119034,0.21306122448979584,0.17877551020408128,0.6551796190860254,-0.25212499999999993,0.07903390359271845,0.17949,0.013390714285714287
BASED,1599,1776379500000,1.0018165304268845,0.0,43.4040950997823,-0.032881167309376735,0.7289029535864966,0.2658227848101285,0.558679658103147,-0.25853658536585367,0.07701683649369055,0.17632,0.013043571428571432
BASED,1602,1776382200000,1.00518971283589,0.0,44.54948792023675,0.10090460098567888,0.623376623376624,0.37662337662337597,0.3375485046773886,-0.15752495396840782,0.06972421110674812,0.17387,0.011922142857142862
BASED,1603,1776383100000,1.0015211794991812,0.0,41.48328238649351,-3.0662055337432434,0.0070093457943930385,0.3749999999999984,0.6899821329159581,-0.15489130434782605,0.06964393482196744,0.17105,0.011540000000000005
BASED,1604,1776384000000,1.1007635354002776,0.0,51.91880549995292,10.43552311345941,0.020942408376963945,0.9790575916230361,1.2457722698691591,-0.08357305071915211,0.06618151427467617,0.18159,0.011991428571428575
BASED,1605,1776384900000,1.4194113524877365,0.0,61.88519424878174,9.96638874882882,0.184120982986768,0.8158790170132321,2.604197510506779,0.1024481106971793,0.06271716715161448,0.20715,0.012686428571428574
BASED,1606,1776385800000,1.528893466071633,0.0,67.56958046634023,5.68438621755849,0.08734330772341266,0.9126566922765873,1.7361014614939438,0.06685976345643252,0.06056283782019481,0.221,0.013253571428571432
BASED,1607,1776386700000,1.6170953611142314,0.0,61.29752858101711,-6.2720518853231155,0.3711313394018206,0.3573472041612483,2.3254482242697327,0.05429864253393668,0.07134283931057663,0.233,0.014860000000000007
BASED,1608,1776387600000,1.4610507246376812,0.0,59.19964516652578,-2.097883414491335,0.44530493707647595,0.37996127783155864,1.475167924116444,-0.06712446351931334,0.07355519083702904,0.21736,0.01504571428571429
BASED,1609,1776388500000,1.4586602979642898,0.0,58.066610668401914,-1.1330344981238625,0.60826359832636,0.28765690376569064,1.2501924264129645,-0.07214592274678122,0.07763453903059966,0.21619,0.015726428571428575
BASED,1610,1776389400000,1.3325426409126848,0.0,48.8946950384696,-9.171915629932315,0.16484899328859015,0.079278523489933,1.2256238715925034,-0.11373390557939922,0.09016526686534818,0.2065,0.016640000000000005
BASED,1611,1776390300000,1.1241670368725014,0.0,47.72339501959043,-1.1713000188791725,0.34805194805194833,0.5163636363636361,1.1152969048981458,-0.17914163090128754,0.09413889216032666,0.19126,0.017128571428571434
BASED,1612,1776391200000,1.276295133437991,0.0,54.935852574341276,7.2124575547508485,0.21895861148197615,0.7810413885180238,0.9739267372339196,-0.1287553648068669,0.09015837756750522,0.203,0.017858571428571435
BASED,1613,1776392100000,1.22996632996633,0.0,47.86390967692556,-7.071942897415717,0.03127917833800206,0.222689075630252,0.8458609635851747,-0.14725321888412024,0.10278745644599306,0.19869,0.018711428571428577
BASED,1614,1776393000000,1.1063018614039022,0.0,46.69749068400122,-1.166418992924342,0.45843230403800606,0.31195566112430706,0.6538739777522055,-0.19381974248927036,0.10679398748056299,0.18784,0.019132142857142858
BASED,1615,1776393900000,1.0817037536525063,0.0,48.9238371639614,2.226346479960185,0.1336116910229648,0.8663883089770352,0.5031027491715026,-0.20502145922746784,0.10518386207432144,0.18523,0.01934857142857143
BASED,1616,1776394800000,1.0404018344616728,0.0,48.31263756459817,-0.611199599363232,0.3419506462984723,0.4994124559341961,0.5009888954175691,-0.1980257510729614,0.1074831794711313,0.18686,0.019626428571428576
BASED,1617,1776395700000,1.0293368758994799,0.0,46.54978989649099,-1.7628476681071774,0.07415485278080841,0.5081788440567058,0.6234305033330081,-0.2132618025751073,0.11001118568232665,0.18331,0.019670000000000003
BASED,1619,1776397500000,1.0415262528535711,0.0,50.10399997095666,1.8784383489007652,0.3051282051282042,0.6948717948717958,0.6333097952775552,-0.19399141630901295,0.09360987410820223,0.1878,0.01735714285714286
BASED,1620,1776398400000,1.0461135942439768,0.0,48.08524367258853,-2.0187562983681246,0.25993189557321117,0.31668558456299567,0.4838054288466756,-0.19446351931330474,0.08928276545384489,0.18769,0.016220000000000002
BASED,1621,1776399300000,1.0494002181025084,0.0,50.62744825086741,2.542204578278877,0.2593123209169058,0.7406876790830942,0.420003142115003,-0.19343347639484976,0.075070614964232,0.18793,0.01397214285714286
BASED,1622,1776400200000,1.1030128489144881,0.0,52.202147181391084,1.5746989305236738,0.13278008298755004,0.8672199170124499,0.6933866591344315,-0.18515021459227476,0.06888754443015958,0.18986,0.013012857142857147
BASED,1623,1776401100000,1.2577399380804954,0.0,59.59543106850539,7.393283887114308,0.029666254635352794,0.9703337453646472,1.2416017531020358,-0.12364806866952793,0.06284844702202713,0.20419,0.012802857142857147
BASED,1624,1776402000000,1.293828509011469,0.0,52.13633456425946,-7.4590965042459345,0.24120603015075356,0.26517201391573264,1.3377004498173848,-0.09871244635193144,0.06779337736455913,0.21,0.012947857142857148
BASED,1625,1776402900000,1.0869470234844347,0.0,46.02525290309729,-6.111081661162167,0.0062695924764900705,0.2100313479623834,1.0112083353007704,-0.18000000000000005,0.07123244904820611,0.19106,0.012712142857142863
BEAT,6621,1780899300000,1.111709286675639,0.0,67.5082678963211,1.337040971342887,0.7551379917792103,0.24486200822078968,1.9288559051205012,0.03352118861157849,0.03832871367014562,4.2363,0.15744285714285716
BEAT,6622,1780900200000,1.0325803649000869,0.0,70.07180433442181,2.563536438100712,0.1655530809205668,0.8344469190794331,0.9500141618114195,-0.0059485872105374815,0.03764971897850051,4.2111,0.1577071428571429
BEAT,6623,1780901100000,1.0389560173997103,0.0,66.20160631396858,-3.8701980204532305,0.2798861480075941,0.18785578747628054,0.9025523561186599,-0.004178174350258357,0.03574366596384503,4.2186,0.14772857142857151
BEAT,6624,1780902000000,1.1068533529845248,0.0,69.93803184611346,3.736425532144878,0.18392434988179637,0.8160756501182036,1.1455581124154386,0.012322073507541997,0.035125995051635134,4.2885,0.14927142857142867
BEAT,6625,1780902900000,1.0472812113132082,0.0,69.75285710215144,-0.1851747439620226,0.5463467829880032,0.4252998909487452,0.629800412699675,0.002611635770082721,0.03340509267045647,4.2997,0.14187142857142862
BEAT,6626,1780903800000,1.1296074318249922,0.0,66.33375461019833,-3.4191024919531117,0.10122282608695608,0.5658967391304381,1.0276961964765665,-0.008326162290392403,0.03288605442176871,4.2639,0.1381214285714286
BEAT,6627,1780904700000,1.0182546113149993,0.0,64.50091960228477,-1.832835007913559,0.28908296943231654,0.4777292576419189,0.6550110080255281,-0.015163848640602828,0.03297756211738055,4.2345,0.13767142857142858
BICO,7749,1781914500000,1.2288049029622061,0.0,81.3821523131765,15.86742416665922,0.12295081967213088,0.8770491803278692,5.926440576290771,0.16965960868399876,0.04361922588408319,0.04364,0.0018642857142857157
BICO,7750,1781915400000,1.2843287391526288,0.0,69.59819287447334,-11.783959438703164,0.43383947939262396,0.09110629067245057,3.5909706120652483,0.025435380384967843,0.05299027895181743,0.04475,0.002149285714285715
BICO,7751,1781916300000,1.0889115993868166,0.0,66.6426699326905,-2.9555229417828457,0.12840466926069907,0.6342412451361886,2.627503090121276,-0.08648044692737422,0.056245081908577174,0.04088,0.0022464285714285724
BICO,7752,1781917200000,1.1033776867963154,0.0,62.53724498549557,-4.105424947194926,0.47058823529411814,0.19607843137254943,1.5906205701847536,-0.08156424581005584,0.05814889336016097,0.0411,0.002270714285714286
BICO,7753,1781918100000,1.0408788962698008,0.0,63.54275404514196,1.0055090596463927,0.26943005181347474,0.7305699481865252,1.2826524376178825,-0.10748603351955299,0.058690294991664865,0.03994,0.0023135714285714287
BICO,7754,1781919000000,1.0234693877551022,0.0,50.67633257602867,-12.866421469113291,0.06052631578947399,0.08157894736842052,1.3912304925933212,-0.1137430167597765,0.06842687309925354,0.03966,0.002475
BICO,7855,1782009900000,1.0181533646322376,0.0,65.35677453009954,-0.05640106765376629,0.3442028985507221,0.6557971014492779,1.4038321074239708,-0.014067278287461793,0.03538260889118751,0.06448,0.0022478571428571426
BICO,7859,1782013500000,1.0124921923797627,0.0,63.98622765638323,2.8688846987895644,0.2849740932642459,0.7150259067357541,1.0014357572535175,-0.014678899082568808,0.033897547123404065,0.06444,0.0021657142857142856
BIO,1511,1776300300000,1.0274185204345576,0.0,85.98286574327902,1.274526023219778,0.4160305343511446,0.5839694656488553,2.109264004580759,0.02484309623430958,0.04345706786651669,0.03919,0.0016557142857142858
BIO,1515,1776303900000,1.0234096692111958,0.0,81.4183204312962,2.1313423320681437,0.4838709677419337,0.5161290322580663,1.6560360788193986,0.014544526664965307,0.051001955936081464,0.03976,0.0019742857142857136
BIO,1516,1776304800000,1.2014134275618376,0.0,86.58747124148749,5.169150810191297,0.176043557168785,0.8239564428312149,2.7853188593005243,0.09683098591549322,0.05353792548914499,0.04361,0.002282857142857142
BIO,1517,1776305700000,1.3263157894736843,0.0,87.39463399914094,0.8071627576534439,0.7650130548302877,0.23498694516971227,2.6527219818373444,0.0642054574638844,0.057349848863188314,0.04641,0.002493571428571428
BIO,1518,1776306600000,1.231425702811245,0.0,87.51026922937035,0.11563523022941524,0.3811659192825123,0.6188340807174877,1.2556281361364017,-0.042232277526395134,0.059452817824377446,0.04445,0.0025921428571428567
BIO,1519,1776307500000,1.1963129048330843,0.0,78.58249781352364,-8.927771415846706,0.16151202749140817,0.3608247422680417,1.4650877998170122,-0.050204697263520726,0.06476280706503348,0.04408,0.002734285714285714
BIO,1520,1776308400000,1.1057356608478806,0.0,70.00009332373743,-8.582404489786214,0.0,0.13966480446927387,0.9968701766117322,-0.090282266752855,0.06856651215058295,0.04222,0.002789285714285714
BIO,1521,1776309300000,1.2286570144782827,0.0,76.05369249367342,6.053599169935993,0.15476190476190416,0.8452380952380959,1.335377052887809,-0.03813833225597929,0.06883057837820285,0.04464,0.0030278571428571433
BIO,1522,1776310200000,1.3708542713567837,0.0,79.71587096840015,3.66217847472673,0.10161662817552028,0.8983833718244797,1.65456221879092,0.016591251885369473,0.06962528271899261,0.04718,0.0032542857142857143
BIO,1523,1776311100000,1.4112619406737053,0.0,75.59591422850045,-4.119956739899706,0.37770897832817474,0.34055727554179643,1.72455248255102,0.016532428995337023,0.06728281537358562,0.04796,0.003083571428571429
BIO,1524,1776312000000,1.2869955156950672,0.0,69.51581319033778,-6.080101038162667,0.028225806451613118,0.39516129032258085,1.1785589817598932,-0.04295246038365308,0.06690797940797942,0.0459,0.002970714285714286
BIO,1525,1776312900000,1.2788270377733602,0.0,65.9979862135244,-3.5178269768133816,0.5234657039711188,0.15884476534296124,0.9726399631582164,-0.04399499582985822,0.06850709033613446,0.04585,0.002981428571428572
BIO,1526,1776313800000,1.25012309207287,0.0,68.81739547090245,2.819409257378055,0.2962962962962963,0.7037037037037037,0.8689136706270625,-0.04712260216847386,0.06620402718668615,0.0457,0.002977857142857143
BIO,1527,1776314700000,1.2957677165354329,0.0,68.06801750920768,-0.7493779616947762,0.6721311475409825,0.24180327868852491,0.8674502595286943,-0.027314428690575543,0.06721938775510204,0.04665,0.0030114285714285716
BIO,1528,1776315600000,1.256523879862137,0.0,66.5929163145235,-1.4751011946841714,0.5885714285714299,0.21714285714285603,0.6893543952709535,-0.044412010008340275,0.06760490971017287,0.04583,0.003005714285714286
BIO,1529,1776316500000,1.2602739726027394,0.0,68.01976992868131,1.4268536141578068,0.592391304347826,0.40760869565217395,0.6372237283759181,-0.03669724770642213,0.06609240903189033,0.0462,0.0029814285714285724
BIO,1530,1776317400000,1.2599418040737151,0.0,55.782793249078296,-12.236976679603018,0.256013745704468,0.21134020618556712,1.5638110805323366,-0.028356964136780682,0.07149658244635634,0.0466,0.0030035714285714297
BIO,1531,1776318300000,1.020066889632107,0.0,47.19885783115295,-8.583935417925346,0.06235011990407586,0.23741007194244718,1.5039178623090148,-0.11843202668890751,0.0774388016075996,0.04228,0.003027857142857144
BIO,1532,1776319200000,1.0518844836025454,0.0,51.25196294607806,4.05310511492511,0.4610169491525422,0.5389830508474578,1.0903131118989637,-0.12593828190158474,0.07591927303465767,0.04192,0.0030792857142857154
BIO,1533,1776320100000,1.0352595494613124,0.0,50.53660655315091,-0.7153563929271485,0.46511627906976805,0.41860465116278994,0.6713043372847706,-0.13344453711426196,0.07504341354502607,0.04156,0.0030250000000000008
BIO,1536,1776322800000,1.0158883004333172,0.0,50.47634110762704,-1.3372695378458914,0.6333333333333321,0.15,0.6518524786244653,-0.12698081734778988,0.06434591684963524,0.04187,0.002595714285714286
BSB,2108,1777021200000,1.026315789473684,0.0,93.94461858240723,3.452840308602404,0.3228915662650602,0.6771084337349398,4.568647851687117,0.19662162162162167,0.05339504853123532,0.7084,0.03567857142857144
BSB,2109,1777022100000,1.0200406622131863,0.0,94.53451664965687,0.589898067249635,0.08316831683168283,0.9168316831683172,2.656886765111645,-0.018210050818746493,0.054834576677481366,0.6955,0.03790714285714287
BSB,2110,1777023000000,1.0662967289719627,0.0,67.82716011235695,-26.707356537299916,0.10471881060116345,0.3348416289592763,3.9940128522256813,-0.0012704686617730498,0.07878880960257079,0.7075,0.0476357142857143
BSB,4644,1779303600000,1.1326382153249273,0.0,96.5496691508537,1.3870371653552525,0.8459950454170106,0.15400495458298935,5.598298335329329,0.820408444873741,0.10554080368206763,2.6385,0.17034285714285716
BSB,4916,1779548400000,1.0120753501851554,0.0,50.87078775537677,0.7000000371937247,0.33715925394548124,0.6628407460545187,0.7508786078533362,-0.17221964628734188,0.07226739986485543,1.2497,0.08861428571428573
BSB,4917,1779549300000,1.2030008826125331,0.0,52.63894087612321,1.7681531207464403,0.2124183006535934,0.7875816993464065,0.44079277521954363,-0.17334569782075915,0.05945572751855475,1.248,0.07381428571428572
BSB,4918,1779550200000,1.1654083733699383,0.0,49.728931225603375,-2.9100096505198323,0.3311258278145698,0.27814569536423717,0.508860708179112,-0.12037359726772157,0.05559398743082264,1.262,0.0677357142857143
BSB,4919,1779551100000,1.3143939393939394,0.0,48.65061345515824,-1.0783177704451319,0.11006289308176267,0.6163522012578626,0.4860940406603665,-0.09842113029364019,0.05203929811302931,1.222,0.06295714285714286
BSB,4920,1779552000000,1.2517203911626225,0.0,52.10963786452335,3.4590244093651066,0.20527859237536988,0.7947214076246301,0.4942793042036892,-0.07896296296296301,0.04816402458751216,1.2434,0.059550000000000027
BSB,4921,1779552900000,1.1967815287738324,0.0,52.536799629636675,0.4271617651133255,0.32727272727272644,0.6727272727272735,0.6155808843039968,-0.06970370370370371,0.044774657463211166,1.2559,0.05550714285714288
BSB,4922,1779553800000,1.136340161817869,0.0,50.38104417414674,-2.1557554554899383,0.01874163319946538,0.7858099062918344,0.852479430991647,-0.07937685459940647,0.044215743440233275,1.241,0.05416428571428576
BSB,6362,1780849800000,1.0245245245245247,0.0,87.97458023606511,0.4267076786698425,0.25274725274725296,0.747252747252747,1.4256856221427716,0.01658708218145266,0.0581165564817476,0.4045,0.023107142857142847
BSB,6363,1780850700000,1.0347394540942925,0.0,85.8873014948862,-2.087278741178906,0.6944444444444435,0.16111111111110915,1.0103658274736693,0.013597033374536327,0.059128893390731796,0.41,0.023349999999999985
CHIP,99,1776869100000,1.0052521008403361,0.0,61.99342122884254,5.140581472979839,0.360353721444363,0.639646278555637,0.8905290791488283,-0.03989941324392288,0.09973291642238291,0.11454,0.010935714285714286
CHIP,100,1776870000000,1.0818630910374027,0.0,64.45662094255187,2.4631997137093222,0.3393889347646565,0.6606110652353435,1.1033915876495275,-0.010896898575021075,0.09945059769451725,0.118,0.01132642857142857
CHIP,105,1776874500000,1.120141969831411,0.0,59.57042287585177,0.68935627032036,0.6361344537815128,0.3638655462184872,0.8059950180912697,0.0014249790444258448,0.10266819864675092,0.11947,0.011488571428571428
CHIP,106,1776875400000,1.067183918180215,0.0,60.35374583816517,0.7833229623133988,0.540856031128406,0.45914396887159403,0.691410161002652,-0.0187494768561145,0.09903085592984762,0.11723,0.01119642857142857
CHIP,107,1776876300000,1.0256997007569089,0.0,54.68769513675245,-5.666050701412715,0.17028380634390647,0.3505843071786317,0.8853134325851554,-0.036745626517117325,0.10483291172946342,0.11508,0.011248571428571425
CHIP,108,1776877200000,1.0296323394914944,0.0,53.504385630684524,-1.1833095060679284,0.5897435897435893,0.2115384615384615,0.41766751588954365,-0.07123127144889929,0.10064935064935064,0.11096,0.010672857142857142
CHIP,112,1776880800000,1.014893989837042,0.0,60.54187832271065,2.93328217649632,0.11089866156787712,0.8891013384321229,0.5107205138390822,-0.03749895371222911,0.08202954287212658,0.11499,0.009385000000000001
CHIP,113,1776881700000,1.0167627029858566,0.0,58.19544414162464,-2.3464341810860105,0.33333333333333476,0.08256880733945125,0.407341960414337,-0.03323009960659584,0.07688253968253969,0.1155,0.008649285714285715
CHIP,114,1776882600000,1.1330066503325167,0.0,59.06318409841726,0.8677399567926187,0.7344978165938865,0.2655021834061136,1.0980683291094855,0.020172428224658923,0.07580984275264703,0.12188,0.008602142857142859
CHIP,115,1776883500000,1.002081526452732,0.0,59.73134120611027,0.6681571076930126,0.19462025316455642,0.8053797468354436,0.5959789786646096,-0.05300295372497543,0.0723418362878911,0.11542,0.008260714285714286
CHIP,138,1776904200000,1.2152560083594568,0.0,66.13419144472915,4.028704411001392,0.6137820512820522,0.38621794871794785,3.6494722832417574,0.08532423208191142,0.046696861779679265,0.1272,0.005582142857142859
CHIP,139,1776905100000,1.151100329232369,0.0,68.46144804876664,2.327256604037487,0.43090909090909,0.56909090909091,1.1555428107117276,-0.024056603773584984,0.04608219242365585,0.12414,0.005611428571428573
CHIP,140,1776906000000,1.4409290416971472,0.0,73.50055955198476,5.039111503218123,0.424307036247335,0.575692963752665,1.7289477945184075,0.04929245283018857,0.049579831932773114,0.13347,0.0063214285714285725
CHIP,141,1776906900000,1.4234234234234235,0.0,78.01056489809046,4.5100053461057,0.2555853440571939,0.7444146559428061,2.222858725992288,0.02787143178242313,0.051663812997841146,0.13719,0.006940000000000002
CHIP,142,1776907800000,1.4687609687609684,0.0,73.40137715460591,-4.609187743484554,0.5253112033195032,0.27966804979253035,2.1178567689298875,0.02536628034113253,0.05517734027469613,0.14067,0.007282857142857142
CHIP,143,1776908700000,1.3876404494382024,0.0,74.5435242120682,1.1421470574622958,0.2651685393258422,0.7348314606741577,1.141715560541144,-0.03319826544394666,0.056313336468978493,0.136,0.007525714285714287
CHIP,144,1776909600000,1.3972626776627477,0.0,69.8822218541097,-4.661302357958505,0.4627329192546556,0.16770186335403686,0.8867455490023449,-0.028790786948176605,0.05883089179599922,0.13662,0.007722142857142857
CHIP,145,1776910500000,1.3052539404553416,0.0,50.774708892263526,-19.107512961846176,0.019874476987447254,0.28504184100418395,2.1851820581854295,-0.06426388000284344,0.07487404931453762,0.13163,0.008832142857142856
CHIP,147,1776912300000,1.055126050420168,0.0,52.97549716652217,4.240069343620313,0.35804416403785405,0.6419558359621459,0.6458053962007745,-0.13073149925357208,0.0754579975478234,0.12228,0.009055714285714287
COAI,7153,1781378100000,1.0149047750483025,0.0,76.84163848789957,8.14294600510523,0.18716577540106905,0.812834224598931,1.1288119860348798,0.09906654622101763,0.0709874686716792,0.73,0.05057857142857143
EDGE,5985,1780436700000,1.0545607162842754,0.0,59.87664693439167,5.4141019626758435,0.25174825174825155,0.7482517482517484,0.7002409493754247,-0.017790262172284743,0.022211525237243852,0.7343,0.016150000000000005
ENJ,849,1775704500000,1.0213082259663033,0.0,80.12802952538993,-6.921166953963564,0.5180722891566262,0.20240963855421693,3.5572613139548324,0.032135627530364363,0.05303781064186615,0.04079,0.001987857142857143
H,5928,1780275600000,1.013813997442882,0.0,94.40171557109794,4.092473613514073,0.5849018621036739,0.41509813789632616,7.552561356656146,0.36312838651414814,0.05622016030360459,0.72453,0.03419928571428571
H,5964,1780308000000,1.0315636252202558,0.0,70.50856319609606,9.222615515714011,0.07620202911336539,0.9237979708866346,2.3302092202525553,0.0337595509122095,0.051492552183624044,0.79554,0.04060857142857143
H,5965,1780308900000,1.0553003623743176,0.0,67.04475191042627,-3.4638112856697916,0.3776192599197517,0.2949175211769942,1.8556266901053546,0.012381527013098026,0.05358435247548152,0.80539,0.04146142857142858
H,5967,1780310700000,1.0239370737188698,0.0,59.65350121274527,-2.839921718180314,0.38569063821960575,0.36472319293728034,1.0646401015757623,-0.03835408932318518,0.05750407357926683,0.7745,0.04255071428571428
H,5968,1780311600000,1.0206376016045606,0.0,62.649709592875894,2.996208380130625,0.07350133638793474,0.9264986636120652,0.9939822622931858,-0.049330138193918516,0.05660766557840631,0.76566,0.04312428571428571
H,5969,1780312500000,1.0170037492739081,0.0,52.92360294968429,-9.726106643191606,0.039168937329701635,0.10899182561307837,0.9569189358670791,-0.051490582202411206,0.06366738938408414,0.76392,0.04530571428571428
H,5972,1780315200000,1.0776381707611113,0.0,60.3577911233331,4.306051752789713,0.31540730655774996,0.68459269344225,1.0274364788109227,-0.037087622145792754,0.0619253320928697,0.77552,0.047163571428571416
H,5973,1780316100000,1.1473103149691526,0.0,62.78454700976763,2.4267558864345276,0.34507772020725314,0.6549222797927469,0.9222763388547066,-0.01468853598877562,0.06043287047208916,0.79356,0.04715214285714285
H,5974,1780317000000,1.1994329172960225,0.0,67.78393872553647,4.999391715768844,0.11075831154277176,0.8892416884572283,1.5705839807047413,0.03055662474080867,0.057909435571527376,0.83,0.04772142857142856
H,5975,1780317900000,1.1754070111365449,0.0,67.80412986540307,0.02019113986659704,0.4231599607458293,0.5768400392541707,1.2691728801144242,0.01906024096385539,0.05935020503239269,0.84582,0.04892
H,5976,1780318800000,1.1208676102396407,0.0,65.18070610434134,-2.62342376106173,0.20926916221034003,0.38609625668449193,0.78265716733272,-0.018526400416164157,0.06069403269654213,0.83015,0.049339999999999995
H,5977,1780319700000,1.1201866379531351,0.0,64.70242449020469,-0.47828161413664816,0.315706570657066,0.6381638163816379,0.8778851912061006,-0.022250597053746768,0.05951265229615743,0.827,0.04825999999999998
H,5978,1780320600000,1.2526107964877644,0.0,67.06665525779815,2.3642307675934546,0.5652562574493444,0.43474374255065557,1.6874049626397876,0.025182662977938586,0.05617253534472953,0.86712,0.04657714285714284
H,5979,1780321500000,1.1708213820078224,0.0,62.386658133649775,-4.679997124148372,0.08996926515786537,0.3763621123218772,0.7772016238656303,-0.03991373742965221,0.056689524326745205,0.83251,0.04592928571428569
H,5980,1780322400000,1.193487592922207,0.0,64.94214483585222,2.555486702202444,0.22442638623326988,0.7755736137667301,0.8182839814377137,-0.033582433803856504,0.05518881017607799,0.838,0.04572999999999998
H,5981,1780323300000,1.1786159600997506,0.0,60.7122216935976,-4.22992314225462,0.3327820046311599,0.08666887198147395,0.6367104869084974,-0.03279822861887627,0.05425637033266459,0.83868,0.044005714285714266
H,5982,1780324200000,1.1000436087525332,0.0,57.49550684340408,-3.2167148501935188,0.3150457190357442,0.10307564422277761,0.600852684921076,-0.055886151859027566,0.052670819921284105,0.81866,0.041982857142857134
H,5983,1780325100000,1.058608986373537,0.0,53.75933465926911,-3.736172184134972,0.37066473988439075,0.21146435452793858,0.7323320233756876,-0.06266722022326787,0.05224640494626648,0.81278,0.0407542857142857
H,5984,1780326000000,1.0230985624693525,0.0,44.693783449176316,-9.065551210092792,0.05205645773258359,0.19198664440734634,1.7571495549504696,-0.09598440815573395,0.05844502448895797,0.78389,0.04270285714285714
H,6786,1781047800000,1.427233611743862,0.0,69.23608825327636,5.4632511928642415,0.23133826496301277,0.7686617350369872,2.1753090912347193,0.05384615384615388,0.05769347450171407,0.1918,0.010867142857142862
H,6787,1781048700000,1.7603610997127617,0.0,70.86381986345091,1.6277316101745498,0.6436931079323802,0.35630689206761984,2.8743774462797487,0.05218978102189786,0.056421536881127325,0.20181,0.010827857142857144
H,6788,1781049600000,2.359404741304724,0.0,59.80545642259198,-11.058363440858933,0.1424010217113671,0.1219667943805871,1.948166477714331,-0.0380060452901243,0.058381443380611873,0.19414,0.010531428571428575
H,6789,1781050500000,2.0840257093588335,0.0,62.44092855199878,2.6354721294068,0.5524676569238134,0.4475323430761866,1.9116493608196699,-0.025172191665427834,0.06187904967602592,0.19673,0.011460000000000001
H,6790,1781051400000,2.184563758389262,0.0,50.28925787971777,-12.151670672281007,0.2184235517568848,0.0,1.3143049700577716,-0.059511421634210415,0.07318528928698421,0.1898,0.012349285714285715
H,6791,1781052300000,1.6373445227034318,0.0,50.889555454946795,0.6002975752290212,0.2710038776389494,0.7289961223610506,2.8322727182592846,-0.12794212377979275,0.0808696018183349,0.17599,0.01372357142857143
H,6792,1781053200000,1.6113966142684402,0.0,51.29859282944945,0.40903737450265254,0.2086882453151625,0.7913117546848375,1.3994598604033524,-0.14389772558346947,0.08195497550828693,0.17277,0.01395857142857143
H,6793,1781054100000,1.064904413500118,0.0,51.39703313136111,0.09844030191166553,0.44841269841269776,0.5515873015873022,0.8581665089351209,-0.13294683117784056,0.08021571881128375,0.17498,0.013673571428571429
H,6797,1781057700000,1.216774357025212,0.0,52.150554444501445,1.5336149725066122,0.5552631578947337,0.4447368421052663,0.6367076487585301,-0.13299638273623704,0.08029700899393431,0.17497,0.013710714285714284
H,6798,1781058600000,1.5959021058622653,0.0,56.92833682214576,4.777782377644314,0.3576702214930279,0.642329778506972,0.9251980365451539,-0.09598136861404294,0.07819118213323063,0.18244,0.01392428571428571
H,6799,1781059500000,1.821653120687011,0.0,49.154858771105175,-7.773478051040584,0.2523285351397118,0.29297205757832384,1.3383560998106452,-0.08825132550418713,0.08948424558107759,0.184,0.014970714285714282
H,6800,1781060400000,1.4641703377386195,0.0,46.41936491083985,-2.735493860265322,0.07566765578634763,0.283382789317511,0.5824104022930344,-0.16847529854813936,0.08829304209105408,0.16781,0.014389999999999997
H,6801,1781061300000,1.610319721430833,0.0,47.816570000531215,1.3972050896913615,0.0015290519877691091,0.9984709480122309,0.5458672461149847,-0.18279569892473113,0.08343078908842051,0.16492,0.013758571428571427
H,6802,1781062200000,1.3229469602548125,0.0,46.490697361837725,-1.3258726386934896,0.42026825633382886,0.28614008941877894,0.41338653939482384,-0.16882215945691492,0.08051111208521455,0.16774,0.013119285714285712
H,6803,1781063100000,1.2611491108071133,0.0,43.09007061691956,-3.4006267449181635,0.14067995310668152,0.559202813599062,1.3180106580992872,-0.18096229126406027,0.08142956745352636,0.16529,0.012847142857142854
H,6805,1781064900000,1.012172400943982,0.0,43.90749738985206,3.2824156962040263,0.5305389221556909,0.46946107784430907,0.43092406847136244,-0.19726475397651244,0.06846390266457537,0.162,0.01078785714285714
H,6809,1781068500000,1.067838312829526,0.0,58.07276164307947,10.072297625537736,0.0514997170345214,0.9485002829654786,1.4309447454548867,-0.10288212270624708,0.0602981140058256,0.17649,0.01058714285714286
H,7195,1781415900000,1.0970896758419433,0.0,86.70646896366117,2.5708213782523046,0.28088926891834176,0.7191107310816582,2.0842901612935547,0.06356000000000006,0.048118981512086566,0.53178,0.024956428571428577
H,7196,1781416800000,1.1461198529715442,0.0,76.90936230136091,-9.797106662300251,0.026595744680851113,0.46303191489361695,1.585952642677412,-0.02282898943171996,0.05388927820602663,0.51964,0.026915
H,7197,1781417700000,1.3371897349600337,0.0,80.48861650193035,3.579254200569437,0.4792732404304118,0.5207267595695881,1.5920227314374067,0.04469893565008087,0.05729237075048802,0.55555,0.03027214285714286
H,7198,1781418600000,1.3243901378440666,0.0,80.89755291278281,0.408936410852462,0.10311447811448077,0.8968855218855193,1.0386322929367429,-0.03781837818378175,0.05878838971924729,0.53454,0.03128071428571429
H,7199,1781419500000,1.4131036046248013,0.0,72.18461173126897,-8.712941181513841,0.0007933359777829835,0.20825069416898,1.20015994705954,-0.042012420124201255,0.060430872202468094,0.53221,0.03095571428571428
H,7200,1781420400000,1.1960095369557036,0.0,72.80155914440385,0.6169474131348807,0.15782918149466263,0.8421708185053374,2.2245944035685286,-0.05499054990549901,0.06549706469300369,0.525,0.033804999999999995
H,7201,1781421300000,1.2394378122089575,0.0,74.12981448999844,1.3282553455945845,0.16599486991572107,0.8340051300842789,1.0964876593168678,-0.04779047790477897,0.06162003001669713,0.529,0.03231785714285714
H,7202,1781422200000,1.3310225303292897,0.0,71.00876308325137,-3.121051406747071,0.47203038674033415,0.2921270718232015,1.0525597042041983,-0.03159031590315897,0.06321325051759834,0.538,0.03271285714285714
H,7203,1781423100000,1.2887347484539529,0.0,73.86651755706266,2.8577544738112977,0.42513453624564895,0.5748654637543511,0.7775425044370821,-0.014058140581405754,0.06156270971640328,0.54774,0.03289357142857143
H,7204,1781424000000,1.5287757237530517,0.0,79.22877965970265,5.362262102639988,0.09307275541795638,0.9069272445820437,1.4735450597921376,0.04401044010440103,0.06152749526243502,0.58,0.03539
H,7205,1781424900000,1.5295109612141649,0.0,75.36289972918392,-3.86587993051873,0.43600000000000005,0.14222222222222158,1.0505013032757442,0.008620689655172376,0.06197631253314477,0.585,0.035059999999999994
H,7206,1781425800000,1.5909512565356718,0.0,78.47279391922771,3.1098941900437893,0.4369100366018092,0.5630899633981907,1.432003791704945,0.05037606837606834,0.06298445635879522,0.61447,0.03727357142857143
H,7207,1781426700000,1.5466848242403608,0.0,76.44929115752939,-2.0235027616983245,0.38448176027793973,0.3219455703532097,0.8577328806215594,-0.02612007095545754,0.06010270345291052,0.59842,0.03526285714285713
H,7208,1781427600000,1.5206654090207512,0.0,70.27231451050577,-6.176976647023622,0.029918404351767597,0.6081142339075247,1.5548186380712967,-0.043207967842205375,0.06528623751692988,0.58792,0.0372542857142857
H,7209,1781428500000,1.3977715185154502,0.0,69.70276941492835,-0.5695450955774106,0.3691363437088989,0.5725558965366051,0.8970830580393274,-0.05793610753983103,0.062451052251094395,0.57887,0.03554214285714284
H,7210,1781429400000,1.354930506866829,0.0,66.83987436532718,-2.8628950496011782,0.10146500271296434,0.49593054801953684,0.6925202587845167,-0.07074389311113649,0.060837188483126754,0.571,0.03417285714285713
H,7211,1781430300000,1.3988252812706818,0.0,68.78340633580181,1.9435319704746377,0.31784841075794734,0.6821515892420527,0.8595086760717583,-0.05619476947613378,0.05571438558994051,0.57994,0.03187642857142856
H,7212,1781431200000,1.3868241890268322,0.0,71.8697692729819,3.086362937180084,0.15831718793246774,0.8416828120675323,0.9505336404725069,-0.030074698520676235,0.055500025412099536,0.59599,0.03275999999999999
H,7213,1781432100000,1.4243020686884917,0.0,68.36471601890639,-3.5050532540755057,0.5405625764370168,0.10354667753770817,0.9828417959351806,-0.017803961137240143,0.056249662226895085,0.60353,0.032711428571428565
H,7214,1781433000000,1.3810718911917097,0.0,67.95994721139817,-0.4047688075082192,0.5155185465556406,0.4193792581377754,0.5404058026077181,-0.042719742216869805,0.05105626437983683,0.58822,0.029640714285714274
H,7215,1781433900000,1.26067519654694,0.0,65.20905412008379,-2.7508930913143814,0.19516908212560583,0.5942028985507232,0.9454399967332898,-0.045356160593682304,0.052106769537083104,0.5866,0.0299092857142857
H,7216,1781434800000,1.283808205483139,0.0,66.9468699419694,1.7378158218856044,0.4471243042671611,0.5528756957328389,0.9711955199536099,-0.03339463277295873,0.051152628090246226,0.59395,0.029765714285714277
H,7217,1781435700000,1.2703387518029081,0.0,61.6299115467926,-5.316958395176798,0.015713898672447168,0.6429151991330271,1.1836513984490191,-0.05217504516087035,0.05295875882457755,0.58241,0.030145714285714276
H,7218,1781436600000,1.2972653479391596,0.0,63.875852288900596,2.2459407421079973,0.25531914893617086,0.7446808510638291,0.4889801548382723,-0.05121486809771025,0.04793928497337666,0.583,0.027729999999999994
H,7219,1781437500000,1.3376995660309752,0.0,58.81574820584876,-5.060104083051833,0.3580912863070549,0.11659751037344307,0.5612506660540764,-0.04444480609305568,0.049206152851866525,0.58716,0.02784428571428571
H,7220,1781438400000,1.201283547257876,0.0,39.90219382671613,-18.913554379132634,0.0009218477926858909,0.28382669261497523,2.5562958496970882,-0.07896235780428662,0.06271798076729228,0.56595,0.031109999999999992
HMSTR,9137,1783163700000,1.1435,0.0,73.81892250048088,10.754520956246346,0.3889655172413796,0.6110344827586204,2.5065182086194144,0.12815789473684203,0.05996076333154986,0.0004287,2.4014285714285717e-05
HMSTR,9138,1783164600000,1.0909090909090908,0.0,74.50521064306471,0.6862881425838339,0.6958333333333325,0.3041666666666675,1.4985892272399952,-0.018194541637508777,0.0616561815225843,0.0004209,2.4921428571428574e-05
HMSTR,9139,1783165500000,1.0255653883972466,0.0,75.22354188854034,0.7183312454756248,0.3809523809523805,0.6190476190476195,0.9825735071418289,-0.038954980172614895,0.061712184873949576,0.000412,2.5178571428571428e-05
HMSTR,9140,1783166400000,1.1488736532810968,0.0,78.10788007015438,2.8843381816140408,0.4468749999999995,0.5531250000000005,1.7487166387907211,0.02355959878703051,0.06283022042739356,0.0004388,2.667142857142857e-05
HMSTR,9141,1783167300000,1.0452358036573628,0.0,70.06875070597343,-8.039129364180951,0.027777777777775965,0.27777777777777724,1.1911773452303487,-0.031449407474931634,0.06750296601298067,0.000425,2.7635714285714285e-05
IOST,15590,1788971400000,1.032982844493636,0.0,82.54745855114756,5.826152806108993,0.17457886676876,0.82542113323124,1.7892555815924056,0.04091578828063014,0.06342426019559053,0.0018368,0.00011432857142857147
IOST,15591,1788972300000,1.1407918149466192,0.0,83.64469729162502,1.097238740477465,0.5900000000000005,0.4099999999999995,1.6365002601274417,0.0480182926829269,0.06229064574157933,0.001925,0.00011476428571428575
IOST,15592,1788973200000,1.0842596709648733,0.0,76.89489180091387,-6.749805490711154,0.22724113968033272,0.4148714384989576,1.128976179546855,-0.025974025974026094,0.0675675675675676,0.001875,0.00012100000000000004
IOST,15593,1788974100000,1.077879221207788,0.0,77.43083941899489,0.5359476180810248,0.6238872403560841,0.37611275964391594,0.9236910214429964,-0.018701298701298663,0.06928361682087654,0.001889,0.00012505000000000006
IOST,15594,1788975000000,1.056272362571831,0.0,79.8351470396846,2.404307620689707,0.2314285714285702,0.7685714285714298,0.6746234447508667,-0.014805194805194821,0.06657179483266441,0.0018965,0.00012463571428571432
IOST,15595,1788975900000,1.1136563876651984,0.0,76.44688203332188,-3.3882650063627153,0.49415515409139343,0.22422954303932024,0.5719243439545583,-0.003012987012987023,0.06990807372672828,0.0019192,0.00012906428571428575
IOST,15596,1788976800000,1.0878400524418224,0.0,77.48012181887529,1.0332397855534055,0.368922783603432,0.631077216396568,0.5824466080182408,-0.0072727272727273196,0.07081435362159608,0.001911,0.00013258571428571432
IOST,15597,1788977700000,1.1984825159445789,0.0,80.60767358107951,3.12755176220422,0.28432108027006786,0.7156789197299321,1.2114393784260513,0.03859740259740252,0.07004107852991305,0.0019993,0.00013737857142857144
IOST,15598,1788978600000,1.4517387427552388,0.0,82.8578542298713,2.2501806487917833,0.6025592773805047,0.3974407226194952,1.9291817964203255,0.10023508227879785,0.0735333258622139,0.0021997,0.00014997857142857145
IOST,15599,1788979500000,1.354827894501565,0.0,83.92394223686301,1.0660880069917198,0.3381014304291324,0.6618985695708677,0.6690309271772439,-0.042096649543119535,0.07179239001352311,0.0021071,0.00014940714285714292
IOST,15600,1788980400000,1.4098003213220105,0.0,62.999751602758984,-20.92419063410403,0.06454989532449353,0.21632937892533208,1.2868125056455404,-0.04536982315770344,0.08068042446541888,0.0020999,0.00015130000000000005
IOST,15601,1788981300000,1.2200662024883004,0.0,65.10748359371343,2.1077319909544414,0.1624999999999989,0.8375000000000011,0.6009185669086001,-0.11578851661590228,0.07955052337337935,0.001945,0.00015286428571428576
IOST,15602,1788982200000,1.315705493503533,0.0,67.13252423744184,2.025040643728417,0.5577933450087561,0.44220665499124384,0.5941308230699038,-0.07632859026230865,0.07461148170461723,0.0020318,0.00014684285714285718
IOST,15603,1788983100000,1.3167255729107286,0.0,65.4179175635071,-1.714606673934739,0.4063694267515932,0.46878980891719774,0.46038288836550695,-0.07623766877301463,0.0768427149162036,0.002032,0.00014973571428571433
IOST,15604,1788984000000,1.2812075983717777,0.0,67.00938627727339,1.5914687137662895,0.2953191489361727,0.7046808510638273,0.41408714918207384,-0.08282947674682906,0.0726930170898297,0.0020175,0.0001441357142857143
IOST,15605,1788984900000,1.4391185824625166,0.0,70.73310376723647,3.7237174899630787,0.46460980036297533,0.5353901996370247,0.6656602948805279,-0.02377596945037974,0.07048336576009714,0.0021474,0.00014594285714285716
IOST,15606,1788985800000,1.3809849521203832,0.0,60.981876748154434,-9.751227019082037,0.08941058941058916,0.33316683316683343,0.6593318550139132,-0.05050688730281416,0.0767041510481744,0.0020886,0.00014996428571428574
IOST,15607,1788986700000,1.284857401539158,0.0,62.11648373779507,1.1346069896406377,0.47647058823529487,0.5235294117647051,0.4237566534498723,-0.08219302632177117,0.07400280168678877,0.0020189,0.0001464071428571429
IOST,15608,1788987600000,1.4033556286135358,0.0,66.50964736164059,4.393163623845517,0.2857142857142841,0.7142857142857159,0.6006317591844104,-0.036232213483657016,0.07220960638590697,0.00212,0.00014990714285714288
IOST,15609,1788988500000,1.4263038548752833,0.0,64.40010381435448,-2.1095435472861084,0.619637750238323,0.145853193517634,0.5484124378512453,-0.027140064554257437,0.07348740315478514,0.00214,0.00015067857142857144
IOST,15610,1788989400000,1.396950939935809,0.0,61.315765068415665,-3.0843387459388154,0.3369028006589788,0.35420098846787595,0.4482951594456931,-0.04937036868663924,0.07544946731114566,0.0020911,0.00015185714285714287
IOST,15611,1788990300000,1.3923875432525952,0.0,63.0930991813025,1.7773341128868339,0.26565656565656465,0.7343434343434353,0.5205727443814235,-0.057053234531981745,0.07295626879102635,0.0020742,0.00014940714285714286
IOST,15612,1788991200000,1.4320874065554916,0.0,59.575899823034455,-3.5171993582680443,0.45068493150684824,0.25479452054794643,0.8654152905958975,-0.03864163294994771,0.07022141824474944,0.0021147,0.0001408571428571429
IOST,15613,1788992100000,1.357009781089893,0.0,47.92927040701866,-11.646629416015791,0.060471037555696765,0.4007001909611712,2.1316086051370036,-0.07978360685548047,0.08595628457821387,0.0020242,0.00015780714285714285
IOST,15614,1788993000000,1.1654651162790697,0.0,39.65040840432893,-8.278862002689735,0.12139534883720852,0.09302325581395376,1.608230416468072,-0.1533845524389691,0.09158091353856962,0.0018623,0.00015269285714285713
IOST,15615,1788993900000,1.2224936031635267,0.0,48.815806317946425,9.165397913617497,0.31161364507474143,0.6883863549252586,1.4379839177396283,-0.13129063054052825,0.08802080079955027,0.0019109,0.00016104285714285717
IOST,15616,1788994800000,1.1393394795191973,0.0,45.44093007160703,-3.3748762463393973,0.0373443983402498,0.19813278008298696,0.775877959727613,-0.16661362913124522,0.09099118888970249,0.0018332,0.0001597714285714286
IOST,15617,1788995700000,1.1369158878504675,0.0,47.95413944604557,2.5132093744385458,0.25499999999999906,0.745000000000001,0.5415070878297846,-0.1684320589171251,0.08632255918389979,0.0018292,0.00015570000000000007
IOST,15618,1788996600000,1.1985724315469226,0.0,50.25658290358405,2.302443457538473,0.2956521739130431,0.7043478260869569,0.6140226687316395,-0.14583806882756745,0.08369853378780504,0.0018789,0.00015470000000000005
IOST,15619,1788997500000,1.2114506498068143,0.0,47.23428825180081,-3.022294651783234,0.3744207599629278,0.06950880444856469,0.7179210277855455,-0.12042469963677005,0.08420934913889513,0.0018888,0.00015060000000000006
IOST,15620,1788998400000,1.116331096196868,0.0,44.58768422735059,-2.6466040244502196,0.06323337679269933,0.5834419817470664,1.4713973942989351,-0.16298779919903128,0.08494787589105443,0.0017974,0.00014725714285714287
IOST,15621,1788999300000,1.1299564796905224,0.0,38.68586727537665,-5.901816951973942,0.148070907194995,0.1282586027111566,1.201108047725095,-0.1795194188320759,0.09712529898144749,0.0017619,0.0001548857142857143
IOST,15623,1789001100000,1.0609318996415769,0.0,36.698106282436356,-2.188601677575768,0.43903979785217906,0.21857233101705553,1.0100374675296642,-0.2234795566731862,0.09988803138822573,0.0016675,0.00015420714285714287
KAT,2325,1777032900000,1.115642607995707,0.0,78.12219687449361,7.0199556125155596,0.2294776119402982,0.7705223880597017,2.5910849520170363,0.06578058121198471,0.06161676609379188,0.023655,0.0014120714285714285
KAT,2326,1777033800000,1.0223241325603531,0.0,72.23102436754628,-5.891172506947328,0.305745554035567,0.23734610123118996,1.3595841273130507,-0.011963644049883704,0.0629914184301568,0.023372,0.001402
KAT,2330,1777037400000,1.0228936958168506,0.0,70.48397374375722,4.24742418822774,0.3415233415233421,0.6584766584766578,1.4509524622403547,0.01602198266751209,0.06802647783251231,0.024034,0.0015782142857142854
KAT,2361,1777065300000,1.1551812149055642,0.0,78.18076128709781,21.352762509061904,0.13525659611481583,0.8647434038851841,2.4765214367783215,0.23203268300817093,0.04621232162198584,0.029554,0.0013226428571428567
KAT,2362,1777066200000,1.2037010471955245,0.0,75.52663544923699,-2.6541258378608177,0.48794622160408013,0.423968474733426,2.5866866716265036,0.0395885497732964,0.056224168196971756,0.030724,0.0015877142857142854
KAT,2363,1777067100000,1.032517985611511,0.0,67.02685590857345,-8.499779540663539,0.0,0.44665012406947935,1.3216115843856049,-0.08045827366228364,0.064196541364558,0.028252,0.001727785714285714
LAB,3057,1777691700000,1.0187527256868734,0.0,70.5558469613694,6.15893254041832,0.16952789699570836,0.8304721030042916,1.117710382453828,0.0073993471164308655,0.07499738356881212,1.3887,0.10237142857142854
LAB,3058,1777692600000,1.0843111690569316,0.0,73.32859485221081,2.7727478908414156,0.12611607142857223,0.8738839285714277,1.2032709461339557,0.036076906459278524,0.07301476107080308,1.4388,0.1042285714285714
LAB,3059,1777693500000,1.1378807753971723,0.0,73.77957923734476,0.4509843851339497,0.4533965244865736,0.5466034755134264,0.9164647839170037,0.019460661662496603,0.06832924394290084,1.4668,0.09826428571428569
LAB,3060,1777694400000,1.2326906222611744,0.0,76.78640446747966,3.0068252301348934,0.1485148514851476,0.8514851485148525,1.2078896494663374,0.04206435778565565,0.06382085044126667,1.5285,0.09659285714285712
LAB,3061,1777695300000,1.314868804664723,0.0,78.80981994794739,2.023415480467733,0.1381074168797951,0.8618925831202049,1.6094898535170132,0.038927052666012596,0.06304418955519604,1.588,0.09909285714285714
LAB,3062,1777696200000,1.4744280926708435,0.0,81.57735101572705,2.7675310677796574,0.24999999999999958,0.7500000000000004,1.9261429273918738,0.06939546599496205,0.06353114785040795,1.6982,0.10578571428571427
LAB,3063,1777697100000,1.6229364499634773,0.0,84.09287308527232,2.51552206954527,0.18392469225199182,0.8160753077480082,2.200801873714681,0.057237074549523204,0.06138014527845037,1.7954,0.10864285714285715
LAB,3064,1777698000000,1.8890515222482436,0.0,86.9936310795332,2.9007579942608857,0.18765743073047847,0.8123425692695215,2.551090189595371,0.09936504400133672,0.0564178706576716,1.9738,0.10883571428571429
LAB,3065,1777698900000,1.9260023584905661,0.0,75.6078922553903,-11.385738824142905,0.13739342265529841,0.5666260657734467,3.031139166956853,0.0056743337724187715,0.07220724602164479,1.985,0.1304857142857143
LAB,3066,1777699800000,1.7337969813554306,0.0,76.06959779018919,0.4617055347988952,0.16469770674079115,0.8353022932592089,1.3603059578768122,-0.0692695214105794,0.07254868171635362,1.8475,0.13231428571428575
LAB,3067,1777700700000,2.504163623082542,0.0,81.16445401564009,5.094856225450897,0.5912286575159024,0.40877134248409763,3.7959189287461945,0.20836272040302273,0.08213901577057928,2.3986,0.16800714285714285
LAB,3068,1777701600000,2.1787693205016043,0.0,69.74791261100555,-11.416541404634543,0.4075757575757577,0.1127272727272724,2.2580677483143026,-0.09113649628950216,0.09897883485738511,2.18,0.18679285714285718
LAB,3069,1777702500000,1.806451612903226,0.0,61.18296378781037,-8.564948823195174,0.06559220389805126,0.3841829085457274,1.4577548255070027,-0.20566163595430675,0.11584885533765489,1.9053,0.20169285714285717
LAB,3070,1777703400000,1.6108338226658834,0.0,51.88555710497238,-9.297406682837995,0.14557453416149013,0.0854037267080746,1.2822881102095347,-0.258525806720587,0.14008407173874804,1.7785,0.21613571428571435
LAB,3071,1777704300000,1.5295162006213938,0.0,56.92116509320017,5.035607988227795,0.08949416342412489,0.9105058365758751,1.5201158978755904,-0.2872092053697991,0.13437595413373143,1.7097,0.2263428571428572
LAB,3072,1777705200000,1.7414353219137624,0.0,47.75406303036446,-9.16710206283571,0.3344947735191639,0.200348432055749,1.9661604635658487,-0.22600683732177107,0.17794295215661435,1.8565,0.25684285714285715
LAB,3073,1777706100000,1.4422735346358793,0.0,53.74576171447602,5.9916986841115545,0.10318076027928617,0.8968192397207139,1.2123409999826453,-0.312098724255816,0.1667707985005016,1.65,0.2707357142857143
LAB,3074,1777707000000,1.6835311572700293,0.0,57.76247905856346,4.016717344087439,0.2166048237476807,0.7833951762523192,0.7997125937387254,-0.245935128825148,0.15829820009729206,1.8087,0.2789214285714286
LAB,3075,1777707900000,1.7743992880450903,0.0,59.318865041787824,1.5563859832243665,0.25243664717348957,0.7475633528265104,0.9088241807976583,-0.22017009922454767,0.15681530763732338,1.8705,0.2852
LAB,3076,1777708800000,1.8626958321016849,0.0,59.198713104100015,-0.12015193768780819,0.8354700854700847,0.13746438746438805,0.7917376135275579,-0.1924872842491453,0.15738045410916873,1.9369,0.2857714285714286
LAB,3077,1777709700000,1.8406245396965684,0.0,62.150995198874696,2.952282094774681,0.07003891050583747,0.9299610894941626,0.46635826311814516,-0.1959893271074793,0.14852082015405796,1.9285,0.2850857142857143
LAB,3078,1777710600000,1.9182481751824816,0.0,57.65405483022597,-4.49694036864873,0.3274877650897227,0.2524469820554651,0.8871979095920997,-0.1665971816893187,0.15728683939291419,1.999,0.2855857142857143
LAB,3079,1777711500000,1.7272464605605315,0.0,54.12716893785046,-3.5268858923755033,0.35434243176178615,0.21141439205955428,0.6549221236278402,-0.21295755857583598,0.15654875519529346,1.8878,0.2706571428571429
LAB,3080,1777712400000,1.7613835376532396,0.0,58.9277689863314,4.800600048480938,0.052964881980425316,0.9470351180195747,0.5000478064496187,-0.2111648461602602,0.14487530632838402,1.8921,0.2727857142857143
LAB,3081,1777713300000,2.0536052439912598,0.0,62.34986418607845,3.422095199747048,0.3953900709219859,0.604609929078014,0.7264769152535345,-0.12603185191361632,0.12267877605927528,2.0963,0.2462285714285714
LAB,3082,1777714200000,2.1483364811855292,0.0,65.11929090663396,2.769426720555515,0.24582104228121865,0.7541789577187814,0.6338704138668285,-0.09655632452263829,0.11203859909575546,2.167,0.2371857142857143
LAB,3083,1777715100000,2.1589316987740803,0.0,63.06465542408066,-2.0546354825533015,0.24446731857951567,0.5229027277406082,0.5482916087577868,-0.09759859918285674,0.11198336849944147,2.1645,0.23200714285714286
LAB,3084,1777716000000,2.2661408121530826,0.0,63.98781177136928,0.923156347288618,0.6671794871794867,0.3328205128205133,0.7739383835771179,-0.06778954390060865,0.10804678013472353,2.236,0.2275357142857143
LAB,3085,1777716900000,2.18197598727036,0.0,65.38405321333141,1.3962414419621325,0.4051233396584439,0.5948766603415561,0.4949410099693585,-0.08292337196698074,0.09961586860056958,2.1997,0.21487142857142857
LAB,3086,1777717800000,2.116107000569152,0.0,63.85529318273368,-1.5287600305977307,0.3148688046647229,0.3945578231292514,0.5095031575234537,-0.08696739764862838,0.08709941653965717,2.19,0.18532142857142855
LAB,3087,1777718700000,2.0956112852664575,0.0,64.21510067688331,0.35980749414962787,0.25758754863813016,0.7424124513618698,0.6645350857077517,-0.09426332027015771,0.08230612054113969,2.1725,0.17608571428571426
LAB,3088,1777719600000,2.057199211045365,0.0,62.05446783994893,-2.160632836934383,0.30150753768844046,0.31055276381909497,0.4245861175796678,-0.02951699463327384,0.07984812845857864,2.17,0.16779285714285713
LAB,3089,1777720500000,2.088636690130728,0.0,62.79243906432282,0.7379712243738936,0.2650142993326988,0.7349857006673012,0.46836068198510383,-0.03846153846153855,0.07568964820873215,2.15,0.16062857142857137
LAB,3090,1777721400000,2.1172928018353883,0.0,63.97148270169135,1.1790436373685296,0.0994845360824736,0.9005154639175263,0.8630859867564684,-0.027728085867620877,0.07632484469167068,2.174,0.16445714285714283
LAB,3091,1777722300000,2.237815366972477,0.0,62.694366979716875,-1.277115721974475,0.7679231337767949,0.0879526977087938,0.6787390648242988,0.010152057245080393,0.07724575335683842,2.2587,0.16494285714285709
LAB,3092,1777723200000,2.175965665236052,0.0,65.28362995460327,2.5892629748863953,0.1371158392435012,0.8628841607564988,0.8000633839266175,-0.01713374950192592,0.07104914970619136,2.22,0.15649285714285707
LAB,3093,1777724100000,2.2642634118648877,0.0,66.06014271838424,0.7765127637809712,0.5813777441332327,0.41862225586676727,0.9569490625951124,0.018284854119626104,0.06816108055312804,2.3,0.15153571428571425
LAB,3094,1777725000000,2.247244094488189,0.0,62.15715515229859,-3.902987566085649,0.3379099923722367,0.2471395881006864,0.7953618914202477,-0.013826086956521544,0.0684456589734303,2.2682,0.14849285714285707
LAB,3095,1777725900000,2.190743136409372,0.0,60.41064405291606,-1.7465110993825306,0.5457481162540399,0.19590958019375385,0.6499841689797811,-0.03486956521739115,0.06480550357292698,2.2198,0.13901428571428567
LAB,3096,1777726800000,2.14293841558811,0.0,62.1744398014504,1.763795748534335,0.27938144329896814,0.7206185567010319,0.6107455145310731,-0.03921739130434776,0.06020721387010843,2.2098,0.13141428571428568
LAB,3097,1777727700000,2.25597367291458,0.0,65.56651145809946,3.3920716566490583,0.13305084745762577,0.8669491525423743,0.7393172328746432,-0.010608695652173927,0.05573887593003482,2.2756,0.1259642857142857
LAB,3098,1777728600000,2.3751789292871455,0.0,66.62288224944876,1.056370791349309,0.5462058602554462,0.4537941397445538,1.204675745372168,0.02517391304347827,0.05318696706759018,2.3579,0.12154285714285708
LAB,3099,1777729500000,2.29915014164306,0.0,67.35609510858316,0.7332128591343974,0.2838983050847466,0.7161016949152533,0.7608993528722673,-0.012171847830696692,0.05244837684900226,2.3292,0.12075714285714281
LAB,3100,1777730400000,2.673096014749681,0.0,73.95761054566202,6.601515437078859,0.34194831013916555,0.6580516898608345,2.321591747893869,0.09839263751643412,0.054274454383032,2.5899,0.13496428571428568
LAB,3101,1777731300000,2.954937138013844,0.0,77.57935284986712,3.6217423042050996,0.5167057444314179,0.483294255568582,2.9042030443477143,0.08100698868682188,0.0572376087737832,2.7997,0.15015714285714285
LAB,3102,1777732200000,2.891006635606381,0.0,79.22920142556073,1.6498485756936105,0.3376404494382014,0.6623595505617986,1.6466194118336606,-0.015608815230203299,0.05777821347760886,2.756,0.15576428571428572
LAB,3103,1777733100000,3.0462427745664735,0.0,79.83747183275426,0.6082704071935296,0.5658555426805717,0.43414445731942836,1.5911748381506292,0.02510983319641391,0.061231608486978416,2.87,0.16676428571428573
LAB,3104,1777734000000,2.907134767836919,0.0,79.74634843578906,-0.09112339696520166,0.44999999999999696,0.5312500000000022,0.9586585245282696,-0.03832752613240431,0.05826315099042371,2.76,0.15862142857142855
LAB,3105,1777734900000,3.1358307120388904,0.0,82.07127705916051,2.3249286233714486,0.2697286012526095,0.7302713987473904,1.4032214525657891,0.007874564459930289,0.05872145888058194,2.8926,0.16606428571428572
LAB,3106,1777735800000,3.2447924148829186,0.0,75.10159663065645,-6.969680428504063,0.5970079476390828,0.03693314633006187,1.7518802467603811,0.021503145958653214,0.06267410194578414,2.9548,0.17227857142857145
LAB,3107,1777736700000,3.1271393643031784,0.0,76.28462437690447,1.1830277462480296,0.5132275132275147,0.4867724867724853,0.9751020674608134,-0.028834438879111968,0.06219300040933281,2.8696,0.17364285714285718
LAB,3108,1777737600000,3.6791769308795823,0.0,83.61221947581967,7.327595098915197,0.1352700862460274,0.8647299137539726,2.586413427918642,0.09283200216596721,0.06176053005205869,3.2291,0.19575000000000004
LAB,3109,1777738500000,4.079027797991558,0.0,75.62623467604872,-7.9859847997709466,0.5788514129443939,0.19762989972652706,2.7543780704451644,0.08073457000402584,0.07485748012685088,3.4898,0.22829285714285713
LAB,3110,1777739400000,3.9136522753792296,0.0,80.09108880536971,4.464854129320983,0.1206249999999992,0.8793750000000008,2.1991646383075776,-0.0346724740672818,0.07721465462563049,3.3688,0.25565
LAB,3111,1777740300000,3.9292693597783286,0.0,77.17105212254476,-2.920036682824943,0.2220083413538656,0.6175810073788909,1.1466876059064588,-0.03146312109576477,0.08264404878732651,3.38,0.2694857142857143
LAB,3112,1777741200000,3.7586759988334792,0.0,66.89097881319215,-10.280073309352616,0.012055641421948177,0.38547140649149986,1.1370378927478701,-0.06484612298699055,0.09236979615809518,3.2635,0.28308571428571433
LAB,3113,1777742100000,3.7479912344777206,0.0,67.4435320748602,0.5525532616680522,0.685412262156449,0.31458773784355104,0.6724748815195737,-0.06871453951515838,0.09496282725661916,3.25,0.29323571428571427
LAB,3114,1777743000000,3.5732595397611417,0.0,46.47013037813398,-20.97340169672622,0.07690032534753037,0.06137237503697143,1.8965159610553655,-0.10023497048541452,0.1277206607705949,3.14,0.31997857142857145
LAB,3115,1777743900000,3.0159767610748007,0.0,40.95840891123022,-5.511721466903758,0.49113207547169785,0.06830188679245282,1.9632428388024359,-0.20769098515674245,0.14682295073718113,2.765,0.33346428571428577
LAB,3116,1777744800000,2.740897174482959,0.0,46.16091801140288,5.202509100172655,0.182066040593759,0.817933959406241,2.6258310803116496,-0.26399793684451833,0.15027045004988884,2.5685,0.3679071428571429
LAB,3117,1777745700000,2.6034482758620685,0.0,35.813766666749245,-10.347151344653632,0.0526168876482904,0.19330076762037696,1.7621057323542437,-0.28732305576250783,0.20983335453504642,2.4871,0.40059285714285714
LAB,3118,1777746600000,1.7719837830280998,0.0,31.83583559211023,-3.9779310746390166,0.18474404460212873,0.10593005575266055,1.4215831569522197,-0.43182990429250956,0.25954864154250656,1.9828,0.42306428571428567
LAB,3119,1777747500000,1.601007979840403,0.0,36.06135319564574,4.225517603535508,0.2198687350835324,0.7801312649164676,0.9901269854216805,-0.46761992091237314,0.24094832417890372,1.8579,0.4299
LAB,3120,1777748400000,1.8555586359855836,0.0,35.90280814109545,-0.158545054550288,0.959567793656326,0.0031369815266647696,0.9251147187551227,-0.4097082927388388,0.24527299081977771,2.06,0.4351142857142857
LAB,3121,1777749300000,1.5614867536575718,0.0,34.97734964680508,-0.9254584942903676,0.5683890577507602,0.2353934481594059,0.8486057826221824,-0.4431199495673104,0.2594433813129212,1.9434,0.44546428571428576
LAB,3122,1777750200000,1.4961099585062243,0.0,40.8116049218045,5.834255274999421,0.020363636363636535,0.9796363636363634,0.5870365777704227,-0.44839245802051686,0.22592253531609582,1.925,0.43363571428571435
LAB,3123,1777751100000,1.7319714496677334,0.0,46.5942435896772,5.782638667872696,0.19030428055698886,0.8096957194430111,0.7238967604060672,-0.3638603931457389,0.1966998149553364,2.22,0.42215714285714295
LAB,3124,1777752000000,1.6925483833584423,0.0,45.76830911437986,-0.8259344752973377,0.5144188756189925,0.3705214098456161,0.6938462067372839,-0.3342311880336982,0.1956972700340992,2.3234,0.4123928571428572
LAB,3125,1777752900000,1.7851868943239504,0.0,52.58376414726738,6.81545503288752,0.04472843450479306,0.955271565495207,0.4096750600939637,-0.30821250501461395,0.17185472639184832,2.4142,0.41248571428571434
LAB,3126,1777753800000,2.0673881512886307,0.0,58.83586182366346,6.252097676396076,0.05242868157286038,0.9475713184271396,0.6186949962771513,-0.21218981030431538,0.1528716437287657,2.7493,0.4171714285714287
LAB,3127,1777754700000,2.158319513543394,0.0,55.72557302788028,-3.110288795783177,0.37193185099624626,0.2578688997978624,0.7369556001592811,-0.1814144077024471,0.16348589672434738,2.8567,0.4250142857142859
LAB,3128,1777755600000,2.3508211678832116,0.0,60.881212756797744,5.155639728917464,0.10007658922644909,0.8999234107735509,0.5183148397535473,-0.15811794372170318,0.1396070295097479,2.938,0.40469285714285724
LAB,3129,1777756500000,2.9639671780235464,0.0,65.86591902491534,4.984706268117598,0.19016104125303293,0.8098389587469671,0.7064504358768651,-0.044844976789500834,0.12294486948793873,3.3333,0.39921428571428585
LAB,3130,1777757400000,3.722842990438889,0.0,64.26569176831622,-1.6002272565991262,0.7313599313599314,0.21407121407121396,1.4634883392668407,0.2129881656804733,0.13672136149286815,4.0999,0.4353071428571429
LAB,3131,1777758300000,3.1884542516438206,0.0,66.05330328643288,1.7876115181166625,0.6548542978474154,0.34514570215258455,0.773675411523699,-0.08331910534403275,0.13074420671593817,3.7583,0.4329071428571429
LAB,3132,1777759200000,2.8941609914033712,0.0,64.47495010379671,-1.5783531826361639,0.545649509803922,0.28094362745098006,0.616733771478018,-0.14924754262299078,0.1315697028511709,3.488,0.42803571428571424
LAB,3133,1777760100000,2.499252615844544,0.0,61.045088648671936,-3.4298614551247795,0.0389967045038449,0.7248260710362504,0.8948511962776374,-0.20061464913778382,0.14169906394331586,3.2774,0.443107142857143
LAB,3134,1777761000000,2.3588516746411483,0.0,42.669024268781435,-18.3760643798905,0.09084255786295849,0.03869728295672857,0.9384877072847321,-0.21237103343983998,0.22984431561827817,3.2292,0.5006928571428572
LAB,3135,1777761900000,1.584639175257732,0.0,46.95911591646143,4.2900916476799935,0.13537374926427323,0.8646262507357267,0.9992408908010687,-0.3884972804214737,0.21865997858710376,2.5071,0.5280857142857143
LAB,3136,1777762800000,1.454718779790277,0.0,42.87218487152788,-4.08693104493355,0.3159539152509282,0.14098808826401096,0.726451859503264,-0.371935900875631,0.25526740132613396,2.575,0.5450214285714287
LAB,3137,1777763700000,1.1247370827617744,0.0,41.580542804360775,-1.2916420671671034,0.4468587623996222,0.3360888049126124,0.8051482852188485,-0.4333032512988122,0.2681115828792468,2.3234,0.5475642857142857
LAB,3242,1777858200000,1.0507453219156355,0.0,59.966896025994565,3.479908405909633,0.22758037225042263,0.7724196277495774,1.0920320083635613,-0.05949090909090915,0.09930224162633548,2.5864,0.25149285714285724
LAB,3245,1777860900000,1.1857577073382548,0.0,49.05197568280977,-9.512025845418385,0.05662355819643474,0.13317022020272629,1.1599545112091234,-0.08476363636363626,0.1125687085623619,2.5169,0.2554071428571429
LAB,3247,1777862700000,1.556726378644187,0.0,42.825198665777904,-1.3728757628054566,0.26240208877284504,0.5465622280243687,1.1616171407481695,-0.20592727272727274,0.12929962559681243,2.1837,0.26887857142857147
LAB,3248,1777863600000,1.8176334702258727,0.0,42.74032955021857,-0.08486911555933574,0.6313513513513512,0.3589189189189201,1.072529493618374,-0.18546412406321877,0.12855698396648851,2.1955,0.267
LAB,3249,1777864500000,1.191078901704603,0.0,43.66062385718015,0.9202943069615799,0.44743935309972926,0.5525606469002707,0.6118983253532273,-0.2036061438005491,0.11911007249141549,2.1466,0.24975
LAB,3259,1777873500000,1.007574358026972,0.0,43.479203679632164,-0.9473468291756078,0.6363636363636337,0.18019480519480668,0.7866708994810496,-0.19366327817763596,0.07314845451788125,2.1734,0.1515928571428571
LAB,3261,1777875300000,1.0495095749649694,0.0,46.33256715159617,-0.9578631014166135,0.6809895833333308,0.06770833333333168,0.6828337069288208,-0.18602062773614303,0.06435100425394431,2.194,0.1365785714285714
LAB,3262,1777876200000,1.0122524182404424,0.0,44.44243839257057,-1.8901287590256004,0.47040971168437007,0.23596358118361135,0.8029880711591632,-0.1896193514877198,0.06372555741436522,2.1843,0.13277857142857138
LAB,3264,1777878000000,1.091965340685309,0.0,38.70209064000025,-3.7457221116040316,0.37163702690378525,0.244870041039672,1.5253559632783518,-0.21176819767010457,0.06711150003646174,2.1246,0.13147142857142854
LAB,3266,1777879800000,1.0251848890665602,0.0,37.96176828719873,-2.357821437183233,0.4031657355679707,0.1108007448789572,0.7286198183527348,-0.14411218111167412,0.06485132765623731,2.0264,0.12522142857142862
LAB,5965,1780308900000,1.0219275210084033,0.0,84.14624599955512,2.593766430085026,0.06250950570342141,0.9374904942965786,2.2299195826089733,0.03724210398690553,0.05845184555489154,15.399,0.8928928571428567
LAB,5966,1780309800000,1.2299627774951127,0.0,86.43826522345232,2.2920192238971993,0.3432646401160322,0.6567353598839678,2.154899629971642,0.08154425612052729,0.06039594376543529,16.6547,0.971571428571428
LAB,5967,1780310700000,1.2061341036461175,0.0,61.82876923892712,-24.609495984525196,0.1700456245068777,0.12205413193372448,2.1501278252935787,-0.004923535098200316,0.08234669265539715,16.5727,1.1539571428571425
LAB,5972,1780315200000,1.0715549609425574,0.0,58.47274406326146,2.4443845397573725,0.5441891505386599,0.4558108494613401,0.8650347569196075,-0.13537920226722777,0.10024131134535204,14.4,1.3862571428571424
LAB,5973,1780316100000,1.1472454729470978,0.0,66.32300458941761,7.850260526156148,0.2259684744857069,0.7740315255142931,0.8181697056170446,-0.05733516664965432,0.0923453056575614,15.6998,1.4107499999999997
LAB,5974,1780317000000,1.1007380073800737,0.0,60.754368806757185,-5.568635782660422,0.09076018884285643,0.2812409673378937,0.6522356551301354,-0.07707133722012394,0.09652144014644097,15.3711,1.4116357142857139
LAB,5975,1780317900000,1.1042738425009895,0.0,61.33949192336946,0.585123116612273,0.3231732776617956,0.6768267223382044,0.2986124418696836,-0.10601812101088581,0.09281806952532204,14.889,1.3676
LAB,5976,1780318800000,1.0359653088906242,0.0,58.056827191894854,-3.282664731474604,0.15530256156416147,0.36901373592377146,0.47595644388832403,-0.10776537553963739,0.09722150323544052,14.8599,1.3951285714285713
LAB,5978,1780320600000,1.025845311430527,0.0,55.99446608457965,-1.0080452373100783,0.6323172078639272,0.2427656284515143,0.5161501053929554,-0.11143400961890626,0.09807687635891017,14.7988,1.384178571428571
LAB,5981,1780323300000,1.00237960963398,0.0,56.97170025575056,2.6722472306392078,0.3955764075067027,0.6044235924932972,0.44997976879038604,-0.1259224122920256,0.07293703323824481,14.5575,1.0402571428571428
LAB,5982,1780324200000,1.001491080626796,0.0,60.5323932350273,3.5606929792767374,0.0511862203444905,0.9488137796555095,0.4805530764473644,-0.1134394495247587,0.06122566714467025,14.7654,0.902092857142857
LAB,5983,1780325100000,1.0538930912088058,0.0,63.368993535405934,2.8366003003786346,0.3498915153591412,0.6501084846408588,0.6984733230196261,-0.07233393576587988,0.05856835325059525,15.45,0.8869357142857142
LAB,5984,1780326000000,1.0333091962346126,0.0,68.88060390287856,5.511610367472628,0.16395144545599832,0.8360485545440016,0.9232160816349989,-0.02211387776423457,0.056011182603890805,16.2864,0.9007214285714283
LAB,5985,1780326900000,1.0011847911503358,0.0,69.04911429888284,0.16851039600427953,0.328335943909898,0.671664056090102,1.188543081115258,-0.006118393006178224,0.05633789704951404,16.5528,0.90775
LAB,5990,1780331400000,1.0388304878351846,0.0,65.0903514534295,5.357730492700988,0.24673773987206865,0.7532622601279314,1.3047857872231718,-0.00874172345464208,0.053985319715398876,16.4081,0.8701785714285715
LAB,5991,1780332300000,1.0523184294429244,0.0,63.90189281493825,-1.1884586384912552,0.32083100948131565,0.5398773006134955,0.765989380599171,-0.012251703639263423,0.0541885143570537,16.35,0.8681000000000002
LAB,6036,1780372800000,1.000082161673633,0.0,79.54031359579658,1.1658727867934857,0.3668388429752068,0.6331611570247931,1.7939301100302731,0.00905186037233352,0.0364302712638182,19.4746,0.6965285714285719
LAB,6205,1780524900000,1.2339702760084923,0.0,51.722624780149175,3.8424686115694016,0.07047619047618858,0.9295238095238114,0.5743261476448875,-0.08029835091195159,0.06426575456805357,15.783,1.0119285714285715
LAB,9149,1783174500000,1.0819200484554816,0.0,76.02619549944343,2.3601688228566218,0.24028268551236898,0.759717314487631,0.48324960485963675,-0.02323103154305195,0.06261871530364883,13.749,0.8524285714285715
LAB,9150,1783175400000,1.2195082757512452,0.0,77.03706815273515,1.0108726532917132,0.03333333333332972,0.9666666666666703,0.416855139323615,-0.018755328218243883,0.06206004140786749,13.812,0.8564285714285714
LAB,9151,1783176300000,1.30089058524173,0.0,79.79883703685348,2.7617688841183394,0.1550960118168397,0.8449039881831603,1.237395593836955,0.02784882068769523,0.06167633104902477,14.468,0.8858571428571428
LAB,9152,1783177200000,1.473498233215548,0.0,76.17141048986403,-3.6274265469894544,0.32684824902723636,0.4708171206225687,1.1411810212599944,0.016035388443461418,0.06522221773705242,14.7,0.9232857142857142
LAB,9153,1783178100000,1.520040760869565,0.0,78.2916871214326,2.120276631568572,0.3938506588579772,0.6061493411420228,0.8700623182282337,0.009387755102040707,0.06276046007667943,14.838,0.9143571428571426
LAB,9154,1783179000000,1.5797270306258322,0.0,81.04100055394511,2.7493134325125084,0.23940345368916757,0.7605965463108324,1.7976342354187138,0.044547782720043116,0.05215404576994677,15.499,0.7924285714285713
LAB,9155,1783179900000,1.4536098796706778,0.0,81.16022806738266,0.11922751343755067,0.5744234800838552,0.42557651991614476,0.8866917807706695,-0.00012904058326346224,0.04961946678428317,15.497,0.7553571428571427
LAB,9156,1783180800000,1.609582228116711,0.0,82.15222168555063,0.9919936181679674,0.2755905511811017,0.7244094488188982,1.3599120307177557,0.015613910574875822,0.05032940024208376,15.741,0.778142857142857
LAB,9157,1783181700000,1.6733607964297974,0.0,78.39781776312314,-3.7544039224274854,0.20582877959927076,0.4262295081967217,0.586638502732454,-0.010545708658916242,0.04970979217375022,15.575,0.7585714285714283
LAB,9158,1783182600000,1.570539767950227,0.0,75.1588751909611,-3.2389425721620455,0.04173354735152734,0.6741573033707852,0.8154135785867377,-0.028841877898481583,0.05058813501534265,15.287,0.7630714285714285
LAB,9159,1783183500000,1.5039774610540273,0.0,52.226023310344736,-22.93285188061636,0.013844515441959424,0.061767838125665414,1.9616161310209301,-0.04014992694237973,0.06485138447377153,15.109,0.8655714285714285
LAB,9160,1783184400000,1.4232365145228214,0.0,60.355691001485276,8.12966769114054,0.0786046511627909,0.9213953488372091,2.214154704551844,-0.07248586493869513,0.06240038805349595,14.6,0.9005000000000001
LAB,9161,1783185300000,1.4146626586506343,0.0,56.26546619098224,-4.090224810503038,0.03091190108191587,0.29211746522411125,0.6403569776545522,-0.08144336446223244,0.06575040558327468,14.459,0.9205714285714287
LAB,9162,1783186200000,1.387639513576545,0.0,57.568955511951444,1.3034893209692058,0.16575192096597133,0.8342480790340286,0.9514780387441976,-0.08944793850454225,0.06466446400870318,14.333,0.9170714285714286
LAB,9163,1783187100000,1.7995664498916129,0.0,68.24132171221966,10.672366200268215,0.25230333097094243,0.7476966690290576,1.3348661652062204,0.06657772695508557,0.06706563946720692,16.789,1.0782142857142858
LAB,9164,1783188000000,1.6862483311081444,0.0,62.644808083497416,-5.596513628722242,0.025608194622278563,0.17541613316261248,0.7234313454246407,-0.04127702662457566,0.07172441847564809,16.096,1.1082857142857143
LAB,9165,1783188900000,1.6682043396548782,0.0,61.92722813311219,-0.7175799503852289,0.2881944444444448,0.571180555555553,0.37142232104503364,-0.06980761212698794,0.07163769867088021,15.617,1.1010714285714287
LAB,9166,1783189800000,1.6740415470359737,0.0,63.66544136927441,1.738213236162224,0.1785714285714282,0.8214285714285718,0.5353081658910472,-0.05694204538686054,0.06920211990966708,15.833,1.0856428571428574
LAB,9167,1783190700000,1.6815016137251573,0.0,60.22042222428294,-3.4450191449914698,0.21019108280254817,0.006369426751592597,0.2679963137644459,-0.05974149740901791,0.06988510249379816,15.786,1.0705000000000002
LAB,9168,1783191600000,1.605788423153693,0.0,61.709966921063796,1.4895446967808539,0.25505050505050675,0.7449494949494933,0.22647851433965513,-0.06688903448686645,0.06474691386352166,15.666,1.0077857142857145
LAB,9169,1783192500000,1.5929905769548687,0.0,60.09123048656128,-1.618736434502516,0.34472934472934513,0.18803418803418964,0.17312527833111246,-0.06575734111620712,0.06485621521335809,15.685,0.9987857142857146
LAB,9170,1783193400000,1.6176323259308734,0.0,61.28434114912654,1.1931106625652603,0.238916256157635,0.761083743842365,0.20585316426366318,-0.06623384358806372,0.06131028791490924,15.677,0.9552142857142859
LAB,9171,1783194300000,1.6255594231725508,0.0,61.76984091136674,0.4854997622402024,0.5478260869565209,0.4521739130434791,0.23543595469645884,-0.05652510572398606,0.06010113456921969,15.84,0.9406428571428574
LAB,9172,1783195200000,1.7091514143094844,0.0,63.49861176149104,1.7287708501242989,0.4510035419126327,0.5489964580873673,0.40824115967541663,-0.030198344153910428,0.06016621743036839,16.282,0.9566428571428574
LAB,9173,1783196100000,1.6695969480842594,0.0,63.21425763165461,-0.28435412983643005,0.4266958424507636,0.522975929978121,0.3265465002655301,-0.04133658943355789,0.05386048101926417,16.095,0.8551428571428572
LAB,9174,1783197000000,1.7323755429335117,0.0,65.23351954365383,2.019261911999216,0.35191637630662226,0.6480836236933778,0.3744404178221115,-0.025790696289237025,0.04596826968994854,16.356,0.7425714285714288
LAB,9175,1783197900000,1.6881050041017227,0.0,65.57150184046311,0.3379822968092867,0.43809523809524065,0.5619047619047594,0.41684304563275626,-0.024122937637739095,0.04483686067019402,16.384,0.726357142857143
LAB,9176,1783198800000,1.600352112676056,0.0,64.77540848841656,-0.7960933520465545,0.212962962962959,0.532407407407414,0.21948732044782077,-0.03228304246828284,0.04191219408610714,16.247,0.6767142857142859
LAB,9177,1783199700000,1.6323744514870797,0.0,58.24582360951607,-6.5295848789004864,0.08660130718954406,0.16013071895424713,0.516063679217383,-0.03526118291738656,0.03308404915240343,16.197,0.5188571428571429
LAB,9178,1783200600000,1.5859779792746114,0.0,50.59441497398493,-7.651408635531141,0.25398230088495627,0.17433628318584143,0.4869697092130709,-0.04872237774733468,0.03616077365911121,15.971,0.5437857142857144
LAB,9179,1783201500000,1.5328249336870026,0.0,49.48729306461332,-1.1071219093716138,0.3926788685524132,0.4309484193011647,0.6884237780546241,-0.08999940437191023,0.03652727829214172,15.278,0.5455714285714287
LAB,9180,1783202400000,1.6127062706270627,0.0,56.01181177925496,6.524518714641644,0.27960526315789536,0.7203947368421046,0.8142350399991821,-0.05694204538686054,0.0354804394475726,15.833,0.5527142857142859
LAB,9181,1783203300000,1.7116060961313009,0.0,58.955428199424894,2.9436164201699313,0.44339622641509213,0.5566037735849079,0.7329359707040008,-0.035618559771278924,0.03548305990319945,16.191,0.5645000000000001
LAB,9182,1783204200000,1.6493851777999335,0.0,47.298252247252634,-11.65717595217226,0.020706455542022332,0.28928136419001177,2.231076156230838,-0.05033057358985049,0.044224132097178064,15.944,0.6535000000000002
LAB,9183,1783205100000,1.5626046200200867,0.0,51.04616072494266,3.747908477690025,0.2371916508538903,0.7628083491461097,0.9257860433303592,-0.08815295729346606,0.043890185157308456,15.309,0.6664285714285716
LAB,9184,1783206000000,1.584365584198192,0.0,48.54331419864682,-2.5028465262958406,0.4525939177101976,0.05366726296958747,0.895101378359212,-0.05767822265625,0.04542972118424836,15.439,0.677357142857143
LAB,9185,1783206900000,1.5488069414316703,0.0,51.51459311389523,2.971278915248412,0.1080459770114955,0.8919540229885045,0.6604020596798583,-0.06768798828125,0.04490318586063268,15.275,0.6837857142857144
LAB,9186,1783207800000,1.6388703208556152,0.0,53.07456371597857,1.5599706020833395,0.6390243902439033,0.36097560975609666,0.9590303213250153,-0.03619384765625,0.04333123040097973,15.791,0.6672142857142859
LAB,9187,1783208700000,1.6076987447698747,0.0,54.35831786438215,1.283754148403581,0.1939655172413796,0.8060344827586204,0.3939908910362676,-0.04901123046875,0.04191187288509638,15.581,0.6511428571428574
LAB,9188,1783209600000,1.541291905151267,0.0,50.19013199434412,-4.16818587003803,0.005706134094150594,0.4393723252496439,1.2374890503182994,-0.05151367187500011,0.04358713182242594,15.54,0.6602142857142858
LAB,9189,1783210500000,1.4761286131860993,0.0,50.0308212593985,-0.15931073494562042,0.2624309392265161,0.6795580110497248,0.6183436404824334,-0.06933593750000011,0.04335655753181527,15.248,0.6560714285714286
LAB,9190,1783211400000,1.5308064785439974,0.0,47.549399172055224,-2.481422087343276,0.06896551724137776,0.4160919540229902,0.6992109100721218,-0.07489013671875,0.045072420701488675,15.157,0.6717142857142857
LAB,9191,1783212300000,1.5417708854427215,0.0,48.592574530831925,1.0431753587767005,0.6277915632754338,0.3722084367245662,0.7031362279362958,-0.06964111328125,0.04381492423520443,15.243,0.6567857142857144
LAB,9192,1783213200000,1.5479891855356538,0.0,48.81937834037688,0.22680380954495405,0.2806324110671995,0.7193675889328005,0.6114686202726292,-0.07965087890625,0.03958840999086202,15.079,0.5941428571428572
LAB,9193,1783214100000,1.6382623224728485,0.0,57.21118939695097,8.391811056574092,0.044930875576036595,0.9550691244239634,1.5480393331361921,-0.03625488281250011,0.03893176850449404,15.79,0.6132142857142856
LAB,9194,1783215000000,1.6604397421061332,0.0,58.627064162952145,1.4158747660011741,0.36000000000000026,0.6399999999999998,1.2392778912190552,-0.01776123046875,0.03695232103536602,16.093,0.5873571428571428
LAB,9195,1783215900000,1.7679782903663503,0.0,61.09194700896329,2.464882846011143,0.2743506493506503,0.7256493506493498,1.340211535919405,-0.00390625,0.036278160573869817,16.32,0.5859285714285714
LAB,9196,1783216800000,1.7255230125523013,0.0,58.637701145487945,-2.454245863475343,0.31455399061032935,0.29342723004694826,0.9662959065930504,-0.002144607843137303,0.031223187473187464,16.285,0.49907142857142844
LAB,9197,1783217700000,1.6937317310815199,0.0,61.66656589078996,3.028864745302016,0.4403534609720167,0.5596465390279832,1.3336221705943065,0.016421568627450922,0.03128316216903606,16.588,0.5095714285714285
LAB,9198,1783218600000,1.5279069767441857,0.0,59.99134376083262,-1.6752221299573407,0.06995884773662371,0.4897119341563806,0.6278397890146713,-0.01706052568121541,0.030097027377788754,16.305,0.4869999999999998
LAB,9199,1783219500000,1.3819962004968582,0.0,58.734435853633755,-1.2569079071988654,0.30389610389610494,0.48571428571428676,0.8609988678034645,-0.017361948396431126,0.030022889791862586,16.3,0.4834285714285714
LAB,9200,1783220400000,1.4340116279069766,0.0,63.918026826644514,5.183590973010759,0.18951612903225576,0.8104838709677442,1.2091772572134591,0.009524957800819633,0.029668344302490636,16.746,0.49264285714285705
LAB,9201,1783221300000,1.2434841323430113,0.0,59.921402849377195,-3.996623977267319,0.013297872340422843,0.3191489361702144,0.7610329213716662,-0.007942195151080855,0.030746993423523356,16.613,0.5029285714285715
LAB,9202,1783222200000,1.2480693672944043,0.0,60.78388966912945,0.8624868197522559,0.39845758354756144,0.6015424164524386,0.8807321037282824,-0.009136510211393722,0.029239740670571678,16.593,0.4806428571428572
LAB,9203,1783223100000,1.1957839262187089,0.0,62.64363500480581,1.859745335676358,0.23175965665236875,0.7682403433476312,0.7697579363046408,-0.00477726024125158,0.028378796739018275,16.666,0.47142857142857153
LAB,9204,1783224000000,1.2217037728302893,0.0,60.80538874268622,-1.8382462621195899,0.1682539682539721,0.504761904761905,0.9385160022993881,-0.004836975994267245,0.028036655330858487,16.665,0.46285714285714274
LAB,9205,1783224900000,1.1533177812337998,0.0,58.42143375135564,-2.383954991330576,0.3633217993079503,0.17301038062284108,0.7206372101902464,-0.007822763645049524,0.02776711563961196,16.615,0.45471428571428546
LAB,9206,1783225800000,1.131865284974093,0.0,55.59743956159141,-2.8239941897642353,0.11699164345403877,0.6629526462395572,2.054354103473262,-0.01719813686850591,0.030089329762492043,16.458,0.487928571428571
LAB,9207,1783226700000,1.0958129976881583,0.0,55.525178183324805,-0.07226137826660306,0.24250000000000196,0.7349999999999973,0.8529252840875133,-0.02555834229069609,0.02803478904515173,16.318,0.45449999999999985
LAB,9208,1783227600000,1.1906864712966678,0.0,55.540735633324964,0.015557450000159179,0.4730538922155625,0.5269461077844375,0.6851638742959089,-0.022393407380867036,0.027081442581350045,16.371,0.43907142857142833
LAB,9209,1783228500000,1.301974448315912,0.0,68.27052828063935,12.72979264731439,0.344615384615386,0.655384615384614,3.086006434453673,0.06520960229308503,0.029583450465496985,17.838,0.5111428571428569
LAB,9210,1783229400000,1.3413974861467768,0.0,63.10027498533034,-5.170253295309017,0.12324929971988832,0.07843137254902527,1.2767133937910917,-0.028814889561610046,0.029786071533644348,17.324,0.5062142857142857
LAB,9211,1783230300000,1.338907014681892,0.0,59.75922122699226,-3.3410537583380773,0.5023923444976021,0.03349282296650567,0.9740917948616369,-0.035486041035990734,0.029020381439880276,17.205,0.4875714285714285
LAB,9212,1783231200000,1.1727214786488211,0.0,61.87701592651791,2.1177946995256534,0.1762820512820611,0.8237179487179389,0.7607242980647898,-0.044455656463729065,0.028987639788110663,17.045,0.4925000000000001
MMT,11726,1785493800000,1.3377712031558184,0.0,84.50800744404292,0.43369734954451644,0.9575163398692812,0.04248366013071881,7.5388431621667245,0.31804281345565744,0.05942040587599568,0.4741,0.02120714285714286
MUBARAK,16848,1790103600000,1.010487353485503,0.0,72.62387509168626,0.4348931326297105,0.8965306122448993,0.1034693877551007,0.9081301805025863,0.018449287607495535,0.051691729323308275,0.087993,0.0043214285714285715
NEIRO,1574,1776357000000,1.0490823730260348,0.0,87.50007540958478,0.9660100389872213,0.5843949044585985,0.4156050955414015,6.41433030629357,0.04143167028199568,0.06605003037163841,0.00014403,8.543571428571429e-06
NEIRO,1577,1776359700000,1.033988764044944,0.0,89.9741922136917,1.4681781328666972,0.3277216610549948,0.6722783389450052,2.464531677952304,0.005484968409359414,0.07855189852599553,0.00014482,1.0917142857142859e-05
NEIRO,1578,1776360600000,1.0621989232077071,0.0,85.81588937551226,-4.158302838179438,0.5243415802075013,0.30726256983240346,2.428196832977817,0.005040740229249829,0.08449101858906784,0.00014555,1.1564285714285716e-05
NEIRO,1579,1776361500000,1.0158463048660775,0.0,85.85925205594076,0.04336268042850122,0.5696202531645576,0.43037974683544244,1.7251094556912576,-0.012366884232222541,0.08940041710114703,0.00014375,1.2247857142857144e-05
ONE,16350,1789655400000,1.0604343720491025,0.0,71.50586135315055,-1.9505371460411567,0.7030201342281885,0.21140939597315428,4.065429317265831,0.05819592628516013,0.046941126681087166,0.0013092,5.7042857142857126e-05
ONE,16352,1789657200000,1.043212775951151,0.0,74.40403720182046,5.18219803417702,0.3383128295254823,0.6616871704745176,2.25413279295881,-0.0032080659945004086,0.05046528678585529,0.001305,6.391428571428572e-05
ONE,16353,1789658100000,1.005638214565388,0.0,65.91399751603282,-8.490039685787636,0.15474919957310546,0.38100320170757584,1.3760058809793434,-0.021845401772074502,0.05502325255310697,0.0012806,6.727142857142858e-05
ONE,16355,1789659900000,1.019930401771591,0.0,69.49979258278928,2.0548448759715683,0.30212765957446885,0.6978723404255311,1.1275198579642525,-0.024595172624503503,0.056801212724557675,0.001277,7.172857142857143e-05
ONE,16356,1789660800000,1.1426095178064921,0.0,73.1500153181646,3.6502227353753227,0.44572953736654813,0.5542704626334519,2.35059447993081,0.038573174457684045,0.05792390260930272,0.0013597,7.585714285714284e-05
ONE,16357,1789661700000,1.2097868981846882,0.0,74.81463452902975,1.6646192108651405,0.5862068965517232,0.4137931034482768,1.306957752692266,0.029565345296756584,0.06109670922958262,0.0013999,8.14785714285714e-05
ONE,16358,1789662600000,1.2079428117553612,0.0,77.58346153423741,2.768827005207669,0.17321688500727542,0.8267831149927246,1.0020225175737845,-0.007143367383384502,0.0604862119013062,0.0013899,8.334999999999995e-05
ONE,16359,1789663500000,1.4055205047318609,0.0,83.31421557541113,5.730754041173711,0.12432065217391285,0.8756793478260871,2.3548630068944756,0.08943495963997439,0.060255413553794185,0.0015251,9.079285714285708e-05
ONE,16360,1789664400000,1.5202020202020203,0.0,83.72472430854346,0.4105087331323318,0.6920353982300887,0.3079646017699112,1.9825286016908972,0.0470133106025834,0.06326315591428192,0.0015968,9.607142857142852e-05
ONE,16361,1789665300000,1.51821349382325,0.0,84.22417168078053,0.49944737223707136,0.6000000000000009,0.3999999999999991,1.1129690598913238,-0.004258517034068099,0.062494757151245674,0.00159,9.578571428571424e-05
ONE,16362,1789666200000,1.6003187250996014,0.0,85.097402262235,0.8732305814544645,0.6105610561056104,0.38943894389438954,1.0314467093123378,0.021856212424849808,0.06196406790231016,0.0016317,9.652142857142854e-05
ONE,16363,1789667100000,1.5527192008879025,0.0,85.59542579811207,0.49802353587708126,0.6585365853658541,0.34146341463414587,0.7206475311498892,-0.013299013299013285,0.059720682574009115,0.00161,9.389285714285713e-05
ONE,16364,1789668000000,1.5821596244131455,0.0,86.3797192929502,0.7842934948381242,0.6013215859030825,0.39867841409691746,0.8513774493089474,0.011215296929582674,0.05758072315048621,0.00165,9.18642857142857e-05
ONE,16365,1789668900000,1.5234082397003745,0.0,75.17052310660593,-11.209196186344272,0.16155572176514485,0.39715781600598454,0.9628611583587937,-0.020000000000000018,0.06385055975006508,0.001617,9.809999999999999e-05
ONE,16366,1789669800000,1.6414504532666458,0.0,78.74932517914624,3.578802072540313,0.493716337522442,0.506283662477558,1.1429994788661,0.0242424242424244,0.06339480115529882,0.00169,0.00010190714285714285
ONE,16367,1789670700000,1.550093926111459,0.0,76.25226393405985,-2.4970612450863854,0.38939670932358195,0.33272394881169853,0.392587388558688,-0.03609467455621307,0.06224265530387979,0.001629,9.912142857142856e-05
ONE,16368,1789671600000,1.4914356898162566,0.0,64.72886667787539,-11.523397256184467,0.07142857142857317,0.1945488721804513,0.6156420526043525,-0.053254437869822535,0.06736728898783974,0.0016,0.00010201428571428573
ONE,16369,1789672500000,1.3868954758190326,0.0,65.3348738894694,0.6060072115940187,0.16258351893095374,0.8374164810690462,0.43770784189551626,-0.0946745562130179,0.06689714698514855,0.00153,0.00010186428571428571
ONE,16370,1789673400000,1.385669781931464,0.0,57.89943428518827,-7.435439604281136,0.11097256857855173,0.16209476309226944,0.45590566943050814,-0.09372781065088764,0.06798981542903967,0.0015316,9.956428571428571e-05
ONE,16371,1789674300000,1.3746289642243399,0.0,61.76557261183321,3.8661383266449363,0.12998266897747154,0.8700173310225284,0.3366376122593305,-0.10059171597633132,0.06321133412042504,0.00152,9.560714285714287e-05
ONE,16372,1789675200000,1.4180747170981243,0.0,64.28430642412667,2.518733812293462,0.17101827676239983,0.8289817232376002,0.4588271854311626,-0.07698224852071012,0.06217444308988143,0.0015599,9.61714285714286e-05
ONE,16373,1789676100000,1.3985439900867411,0.0,63.39271372932131,-0.891592694805361,0.03791469194312884,0.7985781990521319,0.2888333334371677,-0.08372781065088764,0.05757884972170689,0.0015485,8.867142857142861e-05
ONE,16374,1789677000000,1.45667701863354,0.0,64.7999031329482,1.4071894036268944,0.4867617107942964,0.5132382892057036,0.3554211708792561,-0.063846153846154,0.05397711645305024,0.0015821,8.410714285714289e-05
ONE,16375,1789677900000,1.4287925696594428,0.0,60.326634172812554,-4.473268960135648,0.20000000000000265,0.11428571428571264,0.257774389946684,-0.07159763313609468,0.052953404749419446,0.001569,8.078571428571431e-05
ONE,16376,1789678800000,1.4026356589147286,0.0,55.86755248884759,-4.4590816839649605,0.3956228956228968,0.005050505050504257,0.3281446394819163,-0.08301775147929003,0.05123536064096913,0.0015497,7.637142857142858e-05
ONE,16377,1789679700000,1.34666046799938,0.0,57.8609812730603,1.9934287842127034,0.027965284474446666,0.9720347155255533,0.7302543969691729,-0.10396449704142008,0.05271838787122631,0.0015143,7.967857142857144e-05
ONE,16378,1789680600000,1.3613615169412494,0.0,56.12829536226466,-1.732685910795638,0.19761904761904628,0.4976190476190514,0.22220735877923642,-0.10100591715976337,0.05085626561397486,0.0015193,7.619285714285714e-05
ONE,16379,1789681500000,1.3297213622291024,0.0,53.78913826202205,-2.339157100242609,0.153153153153152,0.4459459459459446,0.32181213051235136,-0.10946745562130178,0.047159068977496436,0.001505,6.981428571428572e-05
ONE,16380,1789682400000,1.4964163290744783,0.0,63.425918189719845,9.636779927697795,0.13145896656534992,0.8685410334346501,1.4992203142801377,-0.05195266272189358,0.04244972643609781,0.0016022,6.727857142857141e-05
ONE,16381,1789683300000,2.1891637958033194,0.0,78.95622853511888,15.530310345399037,0.22978994271164857,0.7702100572883515,3.97347700540495,0.20508875739644972,0.050321897155896016,0.0020366,9.703571428571428e-05
ONE,16382,1789684200000,2.060790748554462,0.0,73.9073372893086,-5.048891245810282,0.23589341692789892,0.3605015673981192,1.7892124503549087,-0.038299125994304184,0.052503995737879595,0.0019586,9.855e-05
ONE,16383,1789685100000,1.9216783216783218,0.0,77.28842025973594,3.381082970427343,0.37583643122676647,0.6241635687732335,1.5987575731677208,0.025729156437199308,0.05762721608589108,0.002089,0.00011455714285714287
ONE,16384,1789686000000,1.8647066648929096,0.0,70.21971882770633,-7.068701432029613,0.4888366627497063,0.27878965922444154,2.6470291563227866,0.030828147438966003,0.0697850291644516,0.0021534,0.0001331428571428572
ONE,16385,1789686900000,1.3206495395055744,0.0,67.7506945139614,-2.4690243137449244,0.12500000000000192,0.35387323943662113,1.0052446727700948,-0.11070864679112113,0.07085054114282674,0.001915,0.00013307857142857147
ONE,16386,1789687800000,1.4305804142163128,0.0,67.44869873514934,-0.3019957788120706,0.18515624999999974,0.7937500000000002,1.5491865422694335,-0.11711711711711714,0.07294111371879669,0.0019012,0.00013675000000000004
ONE,16387,1789688700000,1.006066411238825,0.0,57.86209363089208,-9.586605104257252,0.0772946859903371,0.09661835748792214,1.177082158159959,-0.12468654221231557,0.08214692946733997,0.0018849,0.0001440857142857143
ONE,16546,1789831800000,1.0105518323114215,0.0,75.86962805445344,7.660097310623442,0.13438368860055586,0.8656163113994442,4.26939410035304,0.07412203854650712,0.03635153810718123,0.00282,0.00010145714285714282
ONE,16548,1789833600000,1.0211187932118166,0.0,82.27172246290299,2.4332036189755115,0.5553083280356004,0.4446916719643996,5.143292470236223,0.07476854172933578,0.04054250856184494,0.0032156,0.00012328571428571426
ONE,16551,1789836300000,1.0229446628718972,0.0,74.98340737882388,-12.257552541959583,0.30537229029217705,0.17656299088909883,2.153397025178216,0.027388686892769742,0.0524972641323263,0.0034473,0.00016721428571428573
ONE,16556,1789840800000,1.0324261047702663,0.0,75.38505883970703,4.959242621478353,0.30338508526342556,0.6966149147365744,1.1244735805477741,0.007281060540133,0.06617559346296074,0.0034724,0.0002219
ONE,16557,1789841700000,1.3630378556313194,0.0,83.69768371219025,8.312624872483227,0.159047358335615,0.840952641664385,2.529441417592881,0.1577007257228431,0.0679155108941471,0.00402,0.00026512857142857145
ONE,16558,1789842600000,1.407177852547075,0.0,83.77164618373514,0.07396247154488833,0.38879851266558296,0.611201487334417,1.845426352811208,0.014427860696517358,0.07354730062940873,0.004078,0.0002876214285714287
ONE,16559,1789843500000,1.3646372277704248,0.0,78.84725167677722,-4.924394506957924,0.11549622751015556,0.3731863029599527,0.6973820559143835,-0.03616969102501233,0.07614874334298795,0.0039305,0.0002910785714285714
ONE,16560,1789844400000,1.4294150212216272,0.0,79.2639821658351,0.41673048905788335,0.5521472392638024,0.44785276073619756,0.5910643072470876,-0.03151054438450229,0.07491791418554176,0.0039495,0.00028847142857142856
ONE,16561,1789845300000,1.441697817436392,0.0,81.08427721238735,1.8202950465522463,0.3129870129870124,0.6870129870129875,0.6493693128862855,-0.006915154487493802,0.07303223489270003,0.0040498,0.00029048571428571434
ONE,16562,1789846200000,1.525252525252525,0.0,82.79411773144929,1.7098405190619417,0.29411764705882276,0.7058823529411772,0.8848742159166588,0.029916625796959195,0.07045209716092715,0.0042,0.0002896285714285715
ONE,16563,1789847100000,1.494290179108066,0.0,76.60494442545979,-6.189173305989499,0.13947001394700165,0.4776847977684793,0.6893768987130291,-0.011904761904761862,0.07471947831179872,0.00415,0.0002988928571428572
ONE,16564,1789848000000,1.465846153846154,0.0,63.409967668967376,-13.194976756492416,0.01173020527859303,0.4942211488701055,1.0473825666204128,-0.045952380952380856,0.08489187047536986,0.004007,0.0003152714285714286
ONE,16565,1789848900000,1.483493077742279,0.0,67.59129791631119,4.181330247343816,0.1673177083333337,0.8326822916666663,0.5431075803724565,-0.05609523809523809,0.08036763900551276,0.0039644,0.00031447857142857143
ONE,16566,1789849800000,1.488679945564766,0.0,66.96248396389109,-0.6288139524201029,0.6055798687089706,0.31400437636761425,0.4612003136770351,-0.04209523809523796,0.07904275671990796,0.0040232,0.0003080928571428572
ONE,16567,1789850700000,1.4638728323699417,0.0,66.99946187907483,0.036977915183740606,0.1292596944770828,0.8707403055229173,0.3516263608342349,-0.06630952380952382,0.07704467605736999,0.0039215,0.0003004357142857143
ONE,16568,1789851600000,1.4763566132951218,0.0,67.54484640522185,0.5453845261470178,0.18541142651814524,0.8145885734818548,0.5755112838789126,-0.05361904761904768,0.07973083197389885,0.0039748,0.00031279999999999996
ONE,16569,1789852500000,1.5806189941345314,0.0,69.04425205807681,1.4994056528549606,0.6365591397849447,0.3634408602150553,0.6134674227085735,-0.015309523809523773,0.08018406600295909,0.0041357,0.00031975
ONE,16570,1789853400000,1.9047231270358305,0.0,76.37404726680214,7.329795208725329,0.37625570776255657,0.6237442922374434,1.5325360349693697,0.10407142857142859,0.07713485175386356,0.0046371,0.00033861428571428567
ONE,16571,1789854300000,1.8260025062656644,0.0,75.42246367013716,-0.9515835966649746,0.33793686583991017,0.6045659526493787,0.8286829023083498,-0.02734467662979012,0.07134357633213467,0.0045103,0.00031177142857142853
ONE,16572,1789855200000,1.8872709013306554,0.0,71.41608396635455,-4.006379703782613,0.6573306659045443,0.10488711060303114,1.0779247437697757,-0.008000690086476414,0.07138858155933828,0.0046,0.00030602857142857136
ONE,16573,1789856100000,1.7114430869722996,0.0,73.57961741257404,2.163533446219489,0.37992125984252034,0.6200787401574797,0.6073930856923355,-0.0332104116797135,0.06995976174804563,0.0044831,0.00030823571428571425
ONE,16574,1789857000000,1.4410145081012389,0.0,73.75207449148499,0.17245707891095208,0.767955801104971,0.232044198895029,0.9279589065797201,-0.005822604645144613,0.07100635747448113,0.0046101,0.00031352857142857144
ONE,16575,1789857900000,1.592733220398388,0.0,67.13075559406994,-6.621318897415051,0.05394896719319568,0.6167679222357242,1.0560023568994277,-0.04282849194539695,0.07625243612675867,0.0044385,0.00032642142857142853
ONE,16576,1789858800000,1.716917080530584,0.0,65.00768966701594,-2.123065927054,0.15101289134438073,0.6813996316758757,0.8997129902400612,-0.06799508313385527,0.07654711590678347,0.0043218,0.0003242
ONE,16577,1789859700000,1.4880903849513714,0.0,52.17434646875646,-12.833343198259477,0.09069381955955441,0.13426474070565916,1.0694073805831257,-0.07866985831662032,0.08546306894017236,0.0042723,0.00033387857142857136
ONE,16578,1789860600000,1.1511033808022613,0.0,45.70185102989286,-6.472495438863604,0.10832824272042388,0.45062105477499503,2.027050641795684,-0.14653555023613885,0.08881989261890555,0.0039576,0.0003275499999999999
ONE,16580,1789862400000,1.0759527643585614,0.0,48.212229810042295,3.6446292429676177,0.24182015167930654,0.7581798483206934,1.4311360845558205,-0.16596579758901042,0.09234803908517267,0.0038675,0.00034685
ONE,16582,1789864200000,1.0650219298245616,0.0,41.341733835107405,-4.788152137169881,0.2660642570281128,0.14658634538152635,0.6612079142689524,-0.1877250867999396,0.09975509739150246,0.0037666,0.00035030000000000006
ONE,16614,1789893000000,1.121101918356214,0.0,68.36362246353377,6.204099050106116,0.4572490706319707,0.5427509293680294,2.908517221437952,0.09790818607496643,0.05250994786611038,0.004666,0.0002333857142857142
ONE,16615,1789893900000,1.0863640548752413,0.0,66.74454859653815,-1.6190738669956204,0.42843137254901925,0.4009803921568637,1.1974693703538946,-0.02871838834119167,0.05200754164425984,0.004532,0.00022934285714285704
ONE,16616,1789894800000,1.00986336078183,0.0,57.629783806085136,-9.114764790453016,0.10546875000000026,0.1920572916666664,1.3834871671247038,-0.04796399485640801,0.054365079365079345,0.0044422,0.00022800714285714277
OPN,6186,1780507800000,1.0675675675675675,0.0,88.48501439443578,3.1056448321644865,0.3901734104046239,0.6098265895953761,4.240883415655655,0.13860465116279075,0.06830955469087766,0.2448,0.0158
OPN,6187,1780508700000,1.0841666666666665,0.0,89.99912799902688,1.5141136045911026,0.20481927710843364,0.7951807228915664,2.641534176321728,0.021650326797385544,0.07107871720116617,0.2501,0.017414285714285712
OPN,6188,1780509600000,1.160100586756077,0.0,90.38665186627664,0.3875238672497545,0.45360824742267974,0.5463917525773203,2.4122739600162983,0.030387844862055147,0.07349480571658153,0.2577,0.018292857142857142
OPN,6189,1780510500000,1.2024793388429753,0.0,83.83810449048323,-6.5485473757934045,0.5102639296187689,0.2697947214076249,2.3963619295195175,0.03414823438106329,0.08387535477767263,0.2665,0.02026428571428571
OPN,6190,1780511400000,1.0981193785772687,0.0,85.25634583679329,1.4182413463100545,0.32258064516129054,0.6774193548387095,1.562822301753889,-0.03714821763602261,0.08471097936381256,0.2566,0.021228571428571427
OPN,6191,1780512300000,1.1426242868785659,0.0,83.16064582079619,-2.095700015997096,0.7935483870967757,0.05161290322580609,1.3037844077744456,-0.013508442776735463,0.08872453090825372,0.2629,0.022021428571428574
OPN,6192,1780513200000,1.1220504475183075,0.0,84.4630760737427,1.3024302529465075,0.24999999999999756,0.7500000000000024,1.4435317216036874,-0.021388367729831326,0.0901653077180833,0.2608,0.02306428571428571
OPN,6193,1780514100000,1.2334983498349836,0.0,85.16232905427418,0.6992529805314831,0.4510638297872341,0.5489361702127659,1.055487047976734,0.01575984990619128,0.08881199538638981,0.2707,0.023099999999999992
OPN,6194,1780515000000,1.2149377593360997,0.0,85.72546784297703,0.5631387887028438,0.20121951219512316,0.7987804878048769,0.8759770693146349,-0.01403768008865891,0.08229460221114243,0.2669,0.021692857142857146
OPN,6195,1780515900000,1.1586655817737999,0.0,76.84167608861816,-8.883791754358867,0.07391304347826,0.49565217391304334,1.0573049858014774,-0.019948282231252334,0.08615349963398838,0.2653,0.021857142857142853
OPN,6196,1780516800000,1.1204918032786884,0.0,77.12532789723059,0.2836518086124329,0.21311475409835862,0.7868852459016413,0.9245125011429286,-0.04432951606944957,0.08552926665171563,0.2587,0.021792857142857145
OPN,6197,1780517700000,1.0957015409570157,0.0,74.61989321059058,-2.5054346866400152,0.3303571428571457,0.4285714285714279,0.5558825445446892,-0.04543775397118577,0.08441043083900227,0.2584,0.02127142857142857
OPN,6198,1780518600000,1.0263578274760379,0.0,71.83745612568514,-2.782437084905439,0.1808510638297852,0.4893617021276622,0.4541838105966326,-0.0628001477650536,0.08322332548929573,0.2537,0.02071428571428571
OPN,6201,1780521300000,1.00546875,0.0,68.70265159682916,1.11904641038646,0.6605504587155953,0.3394495412844047,0.19873553445210387,-0.051717768747691184,0.0707987403378185,0.2567,0.017664285714285716
OPN,6202,1780522200000,1.0606060606060606,0.0,73.54915643615291,4.846504839323757,0.11377245508982117,0.8862275449101789,0.3343364455592475,-0.020317694865164437,0.06635559654929198,0.2652,0.017471428571428575
OPN,6203,1780523100000,1.0999231360491932,0.0,73.73956212373318,0.19040568758026666,0.5568862275449089,0.4431137724550911,0.6286074346085545,0.009235315847802017,0.0614951550912142,0.2732,0.01622857142857143
OPN,6204,1780524000000,1.0625476735316552,0.0,71.70146656542994,-2.0380955583032403,0.5641025641025642,0.2564102564102569,0.41148743118927716,-0.01024890190336758,0.06012882799279437,0.2704,0.015735714285714287
OPN,6207,1780526700000,1.0064672594987876,0.0,50.42735724689788,-8.069272578088714,0.15238095238095284,0.2619047619047609,0.9091188187926427,-0.09150805270863838,0.0632021609675241,0.2482,0.014707142857142858
OPN,6209,1780528500000,1.0346248969497114,0.0,55.30424287442805,7.81186764559677,0.24615384615384622,0.7538461538461538,1.200833459547432,-0.09663250366032217,0.05826446280991736,0.2468,0.0141
OPN,6210,1780529400000,1.0394088669950738,0.0,54.58052690700785,-0.7237159674201976,0.6018518518518522,0.2962962962962944,0.6814154024106663,-0.0907759882869692,0.05633009017560513,0.2484,0.013564285714285714
OPN,6211,1780530300000,1.0116375727348297,0.0,47.74047073232885,-6.840056174678999,0.06711409395973161,0.10067114093959743,0.8797901897825297,-0.11420204978038073,0.06049243844519435,0.242,0.013828571428571428
OPN,6263,1780577100000,1.0739817123857023,0.0,69.25543358157535,11.131866458118068,0.10135135135135148,0.8986486486486485,2.1974579599992907,0.09670329670329658,0.05583888727904955,0.2495,0.013764285714285715
OPN,6264,1780578000000,1.1395154553049291,0.0,62.76507218212047,-6.490361399454876,0.431718061674009,0.15859030837004373,2.3479374631388885,0.026452905811623184,0.06006630500301387,0.2561,0.014235714285714286
ORDI,1538,1776324600000,1.0417479516191959,0.0,78.61975692649878,5.9544287017980935,0.1039999999999992,0.8960000000000008,2.649775048760085,0.07343589743589729,0.042035459232911444,5.233,0.2177857142857142
ORDI,1539,1776325500000,1.0766835344492018,0.0,75.47898458499657,-3.1407723415022133,0.44927536231884163,0.35362318840579704,2.628727877086468,0.019491687368622168,0.04548122065727697,5.335,0.23249999999999987
ORDI,1542,1776328200000,1.078197226502311,0.0,71.90802471622973,1.676316496177492,0.6545454545454539,0.3454545454545461,1.7130091693196137,0.011246485473289436,0.051847604128786806,5.395,0.26478571428571424
ORDI,1543,1776329100000,1.0285493827160495,0.0,72.09198661502586,0.18396189879612734,0.5640000000000001,0.43599999999999994,1.0621965521652559,-0.025393883225208413,0.053672631843435036,5.258,0.2746428571428571
ORDI,1544,1776330000000,1.0479846449136279,0.0,73.96478742721382,1.8728008121879611,0.4496124031007739,0.5503875968992261,1.3921684849842328,-0.011121408711770031,0.053335340650918335,5.335,0.2783571428571428
ORDI,1545,1776330900000,1.0614439324116742,0.0,63.36894151690612,-10.595845910307702,0.3616504854368933,0.06553398058252245,1.5396257834056744,-0.005004633920296486,0.059717324617986865,5.368,0.29757142857142854
ORDI,1556,1776340800000,1.1677018633540373,0.0,75.10957352619263,6.4479475878641495,0.13550600343053124,0.8644939965694688,2.1552380986190465,0.08108600583090375,0.047269266435648404,5.933,0.27671428571428575
ORDI,1557,1776341700000,1.3076640997433078,0.0,77.82830463019476,2.7187311040021314,0.475225225225226,0.5247747747747741,2.4811601710020663,0.060677566155401985,0.04777563771315827,6.293,0.2905714285714286
ORDI,1558,1776342600000,1.6955093099671412,0.0,85.24860473498053,7.420300104785767,0.23813002191380547,0.7618699780861945,3.313926552582545,0.17320832671221997,0.05242008947549545,7.383,0.36992857142857144
ORDI,1559,1776343500000,1.5807030129124824,0.0,81.053870699937,-4.194734035043538,0.23310810810810773,0.530405405405405,2.4053786651515487,-0.02546390356223749,0.055339845928251315,7.195,0.38278571428571434
ORDI,1560,1776344400000,1.520987654320988,0.0,82.0396002991009,0.9857295991639035,0.15287769784172653,0.8471223021582734,1.8419776160810597,-0.03196532574834077,0.057733543714852134,7.147,0.4077142857142858
ORDI,1561,1776345300000,1.6240418118466895,0.0,82.9800761162615,0.9404758171606034,0.5719298245614034,0.42807017543859655,1.9924970079140012,0.020046051740484794,0.06052344601962923,7.531,0.4360714285714286
ORDI,1562,1776346200000,1.5470505617977528,0.0,76.43891940384512,-6.541156712416381,0.10958904109588855,0.3926940639269422,1.1075425984271208,-0.036781303943699384,0.06481519339275493,7.254,0.45292857142857146
ORDI,1563,1776347100000,1.5202393523407252,0.0,66.45572957417559,-9.983189829669527,0.18901098901098867,0.38901098901098907,1.7808081509095148,-0.04926304607621823,0.07637146318248682,7.16,0.504357142857143
ORDI,1564,1776348000000,1.4505689900426746,0.0,68.85159979784771,2.3958702236721194,0.12854757929883126,0.8714524207011687,1.1983045219560287,-0.08498207409374581,0.0774980083022349,6.891,0.5280714285714286
ORDI,1565,1776348900000,1.4481546572934971,0.0,69.44475985595699,0.5931600581092766,0.261333333333333,0.738666666666667,0.7199197320634368,-0.07515602177665648,0.07761759137905927,6.965,0.533
ORDI,1566,1776349800000,1.5131124913733611,0.0,70.31764463277082,0.8728847768138337,0.7606263982102924,0.23937360178970762,0.8193181054513029,-0.03293055371132647,0.07920618917306228,7.283,0.5499285714285714
ORDI,1567,1776350700000,1.4803418803418804,0.0,72.88598187124867,2.5683372384778522,0.1979695431472088,0.8020304568527912,0.5770152688407921,-0.03664851945292791,0.07857441429964769,7.255,0.5639285714285714
ORDI,1568,1776351600000,1.5045359385903696,0.0,66.1669905938227,-6.718991277425971,0.0,0.2147239263803665,0.5494329767583565,-0.046872925242331664,0.08318198703925372,7.178,0.5757857142857142
ORDI,1569,1776352500000,1.5634000702493855,0.0,68.9586188640366,2.7916282702138915,0.37958115183246227,0.6204188481675378,0.4788219844390503,-0.030938786349754333,0.07973677378123065,7.298,0.5703571428571428
ORDI,1570,1776353400000,1.802174675552438,0.0,75.9376987216119,6.9790798575753,0.08604407135361997,0.9139559286463801,1.1854261840231384,0.06081529677333686,0.07547561834902167,7.989,0.5967857142857144
ORDI,1571,1776354300000,2.0591510090466247,0.0,80.25030470629777,4.312605984685874,0.20019531250000006,0.7998046874999999,1.644774806863943,0.10051320565777955,0.0743233126486882,8.792,0.6382142857142856
ORDI,1572,1776355200000,2.35431969220007,0.0,82.72203717946897,2.471732473171201,0.37406296851574267,0.6259370314842574,1.9152051498644151,0.09076433121019112,0.06992787214984991,9.59,0.6357142857142856
ORDI,1573,1776356100000,2.340220385674931,0.0,74.530403804076,-8.191633375392968,0.5170068027210873,0.13265306122449028,1.3680651661163843,0.011470281543274119,0.07804476629361422,9.7,0.6774285714285714
ORDI,1574,1776357000000,1.9939839572192515,0.0,69.97320834636292,-4.557195457713078,0.3232558139534891,0.38488372093023226,1.268009766186204,-0.07649484536082463,0.08294493500330491,8.958,0.6991428571428571
ORDI,1575,1776357900000,1.717948717948718,0.0,66.50137519207746,-3.471833154285463,0.16202270381836942,0.6326109391124873,0.9827968071531273,-0.11484536082474217,0.08841346988370076,8.586,0.7276428571428573
ORDI,1576,1776358800000,1.737870195337114,0.0,69.29617583414586,2.7948006420683953,0.16689655172413617,0.8331034482758638,0.6279922914452544,-0.10412371134020615,0.08730807062000898,8.69,0.748142857142857
ORDI,1577,1776359700000,1.8600064662140317,0.0,68.82192402240804,-0.4742518117378154,0.5207547169811323,0.42830188679245057,0.5022333892895435,-0.08804123711340195,0.08439658199695656,8.846,0.7209999999999999
ORDI,1578,1776360600000,1.907948476280239,0.0,72.88761577054562,4.065691748137581,0.2503401360544234,0.7496598639455766,0.7763677408454709,-0.045773195876288586,0.0805461073318216,9.256,0.7307142857142855
ORDI,1579,1776361500000,1.9040199439077594,0.0,67.34539588044971,-5.542219890095907,0.3828125000000012,0.12968750000000018,0.6171808362332818,-0.0392783505154638,0.08555613525939934,9.319,0.749642857142857
ORDI,1580,1776362400000,1.874114616870573,0.0,62.24808971415369,-5.097306166296022,0.1990291262135919,0.42354368932038866,0.6876875362781476,-0.07969072164948454,0.09188019741734837,8.927,0.7765714285714285
ORDI,1581,1776363300000,1.7784219001610309,0.0,62.63129234757768,0.3832026334239842,0.35051546391752847,0.6494845360824716,0.34910814703630905,-0.11061855670103082,0.09140770900280969,8.627,0.776142857142857
ORDI,1582,1776364200000,1.8474847805190646,0.0,62.84996183554224,0.21866948796456143,0.6672597864768669,0.33274021352313304,0.48134423815568345,-0.0838144329896906,0.0931625939849624,8.887,0.793
ORDI,1583,1776365100000,1.8699710331509491,0.0,64.8338975012271,1.9839356656848608,0.41972920696325094,0.580270793036749,0.38346326815678516,-0.08072164948453608,0.09225779967159277,8.917,0.802642857142857
ORDI,1584,1776366000000,1.9824000000000002,0.0,68.87989111279758,4.045993611570481,0.2876106194690266,0.7123893805309733,0.6730581153652538,-0.039175257731958624,0.08580821917808219,9.32,0.783
ORDI,1585,1776366900000,1.9739102768055998,0.0,60.517067697053285,-8.362823415744295,0.25780346820809125,0.19537572254335311,0.6672877619380212,-0.036391752577319525,0.08919695493501989,9.347,0.7716428571428571
ORDI,1586,1776367800000,1.769515581610614,0.0,61.043619968137,0.526552271083716,0.6174496644295324,0.3825503355704676,0.4006544546260877,-0.07463917525773178,0.08141215106732348,8.976,0.7082857142857143
ORDI,1587,1776368700000,1.7946484131922835,0.0,62.975287548566016,1.9316675804290142,0.3219814241486057,0.6780185758513942,0.2626470067325319,-0.07402061855670106,0.07291700189875454,8.982,0.6473571428571427
ORDI,1588,1776369600000,1.7736612702366128,0.0,55.73531625345052,-7.239971295115495,0.03409090909091035,0.4727272727272727,0.7270592422201478,-0.08154639175257716,0.07682483295271927,8.909,0.6487857142857143
ORDI,1589,1776370500000,1.6328339957199636,0.0,56.38382287326674,0.6485066198162173,0.3506097560975623,0.6493902439024377,0.31596296610942165,-0.11216494845360814,0.07096622337295516,8.612,0.603
ORDI,1590,1776371400000,1.7278637770897833,0.0,57.82967468155254,1.445851808285802,0.431330472103006,0.568669527896994,0.3366894769078815,-0.09164948453608246,0.06788617886178862,8.811,0.5845
ORDI,1591,1776372300000,1.7263945154253664,0.0,55.08028866725992,-2.749386014292618,0.3629242819843363,0.22454308093994804,0.2840817601870541,-0.09804123711340196,0.06791292001893044,8.749,0.5740000000000001
ORDI,1592,1776373200000,1.6340030911901087,0.0,53.51941961118046,-1.5608690560794614,0.23232323232323468,0.46464646464646336,0.2887668753543783,-0.1215463917525772,0.0649024498582021,8.521,0.5427142857142859
ORDI,1593,1776374100000,1.5783206106870233,0.0,37.3650974097913,-16.154322201389164,0.04364023416711055,0.27780734433209114,2.041528615928156,-0.12948453608247412,0.08906650003023649,8.444,0.631214285714286
ORDI,1594,1776375000000,1.1967312348668284,0.0,37.34605479553826,-0.019042614253038437,0.3380566801619431,0.6497975708502022,0.5271536983521093,-0.22349416925216647,0.08576469402157477,7.258,0.6076428571428573
ORDI,1595,1776375900000,1.1652505127453852,0.0,41.593449035833785,4.247394240295527,0.060606060606060726,0.9393939393939392,1.0266760701564694,-0.2093719910131593,0.08531584062196311,7.39,0.6270714285714288
ORDI,1596,1776376800000,1.2397884219806055,0.0,44.51313738481546,2.9196883489816727,0.17999999999999886,0.8200000000000012,0.8719380849977396,-0.18455119289611632,0.08209407619300207,7.622,0.6190714285714287
ORDI,1597,1776377700000,1.2017872585759584,0.0,45.1011318516501,0.587994466834644,0.18042813455657544,0.8195718654434245,0.5466242140397728,-0.18283941371563062,0.07989180630690067,7.638,0.6055000000000001
ORDI,1598,1776378600000,1.393141457440294,0.0,47.224951320921306,2.1238194692712042,0.30746268656716347,0.6925373134328365,0.6100101461649142,-0.16379587033272702,0.07532736937637756,7.816,0.5810000000000001
ORDI,1599,1776379500000,1.4291411042944784,0.0,46.502054627319,-0.7228966936023085,0.6509433962264154,0.1949685534591206,0.6506744583108353,-0.1527762918583503,0.07072015808802967,7.919,0.5419285714285714
ORDI,1600,1776380400000,1.3924551262549438,0.0,47.129584811424614,0.6275301841056162,0.4700854700854702,0.5299145299145298,0.8059956970973371,-0.1586605327912699,0.06949882173937245,7.864,0.5350714285714285
ORDI,1601,1776381300000,1.6359461114513167,0.0,57.816640286260935,10.68705547483632,0.2054644808743176,0.7945355191256824,1.5776794651495483,-0.07895581469990365,0.06856158922421837,8.609,0.5773571428571429
ORDI,1602,1776382200000,1.5570489844683393,0.0,59.24212432266051,1.425484036399574,0.055427251732099635,0.9445727482679004,0.7773155001638303,-0.08409115224136088,0.06388995799795845,8.561,0.5454285714285714
ORDI,1603,1776383100000,1.4997086247086249,0.0,59.09381109973466,-0.14831322292585014,0.0760233918128684,0.9025341130604274,0.7650891919350249,-0.08216540066331435,0.0654992211446661,8.579,0.5586428571428571
ORDI,1604,1776384000000,1.542034097589653,0.0,58.11454927632447,-0.9792618234101909,0.24691358024691254,0.6522633744855949,0.9016509307327504,-0.07478335294746974,0.06605394841035837,8.648,0.5600714285714286
ORDI,1605,1776384900000,1.90842713720718,0.0,67.8199749856249,9.705425709300428,0.21811460258780083,0.7818853974121992,2.0531478414199764,0.022788060340216187,0.06542256542256543,9.56,0.61
ORDI,1606,1776385800000,1.8051801801801801,0.0,68.42604351512796,0.6060685295030623,0.7151741293532349,0.28482587064676507,2.01127896595688,0.04225941422594137,0.06882674254066308,9.964,0.6462142857142856
ORDI,1607,1776386700000,1.8617909588252233,0.0,72.50177000976,4.075726494632036,0.12998266897746844,0.8700173310225315,1.1621422303147757,-0.0025090325170614713,0.056084173328698854,9.939,0.5532142857142855
ORDI,1608,1776387600000,2.038917089678511,0.0,76.17619100524946,3.67442099548947,0.40104166666666685,0.5989583333333331,2.06552326007502,0.08149337615415497,0.05644307573861995,10.776,0.5864999999999999
ORDI,1609,1776388500000,1.9108085579327594,0.0,62.281749308376135,-13.89444169687333,0.08548707753479153,0.1033797216699793,1.4348736895625298,-0.027839643652561197,0.06384105762630934,10.476,0.6112142857142856
ORDI,1610,1776389400000,1.809851403412218,0.0,58.23534765257567,-4.046401655800466,0.3856882959369319,0.43844754396604024,1.9560567831394833,-0.05243132887899027,0.07505192707131318,10.211,0.6968571428571428
ORDI,1611,1776390300000,1.5514526201466197,0.0,56.28668467181087,-1.9486629807648015,0.14231257941550188,0.6759847522236334,1.213033929104697,-0.12796956198960652,0.07981998312341781,9.397,0.7297142857142856
ORDI,1612,1776391200000,1.382697201017812,0.0,56.102892371912304,-0.18379229989856327,0.6666666666666702,0.29429429429429105,0.590251374433768,-0.1310319227913882,0.07991800071984102,9.364,0.7295714285714286
ORDI,1613,1776392100000,1.3187817258883245,0.0,51.06151154271448,-5.041380829197827,0.014362657091560394,0.33213644524236835,0.954427963910816,-0.15219005196733493,0.0851943013627176,9.136,0.746642857142857
ORDI,1614,1776393000000,1.1266620013995805,0.0,53.11265329103798,2.051141748323502,0.5207756232686989,0.4792243767313012,0.4581069779160163,-0.15395322939866363,0.08369998240084477,9.117,0.7473571428571429
ORDI,1615,1776393900000,1.1765821284664613,0.0,53.993624910729395,0.8809716196914152,0.6524822695035435,0.3475177304964565,0.528773825279951,-0.14782850779510026,0.07802454240947407,9.183,0.7021428571428572
ORDI,1617,1776395700000,1.1798715203426124,0.0,51.36954900126719,-3.916589392771691,0.1620253164556958,0.20253164556961975,0.4538883799626331,-0.1497772828507794,0.07814594131989862,9.162,0.691357142857143
ORDI,1618,1776396600000,1.2012701514411335,0.0,45.30689850778773,-6.06265049347946,0.17857142857142932,0.3430735930735928,1.2324023393875703,-0.1636971046770601,0.08597773434180339,9.012,0.7226428571428575
ORDI,1619,1776397500000,1.0777616279069768,0.0,45.16404047463951,-0.1428580331482152,0.6477272727272719,0.30681818181818077,0.44892328289985806,-0.20406458797327398,0.07912965043057969,8.577,0.664214285714286
ORDI,1621,1776399300000,1.0524946795932841,0.0,49.1812694481456,2.359225834171859,0.13666666666666838,0.8633333333333316,0.550008876814008,-0.19450631031922794,0.07165181155226301,8.68,0.6190000000000001
ORDI,1622,1776400200000,1.0349162011173183,0.0,45.13771413029753,-4.043555317848067,0.19360902255639384,0.2988721804511258,0.6272592774258349,-0.18875278396436512,0.07031049963299936,8.742,0.5884285714285716
PIEVERSE,1870,1776623400000,1.1128974633797788,0.0,88.64365707602317,6.343406166549499,0.17300299017513868,0.8269970098248614,3.242496350847824,0.16600946372239767,0.07549305286327086,1.1828,0.08623571428571432
PIEVERSE,1871,1776624300000,1.147694524495677,0.0,89.16383281855144,0.5201757425282665,0.23594548551958985,0.7640545144804102,2.5785454322136188,0.008116334122421298,0.0790638913760748,1.1924,0.09208571428571431
PIEVERSE,1872,1776625200000,1.55622161671208,0.0,92.58930066129103,3.425467842739593,0.13045218087234878,0.8695478191276512,2.8432679672256125,0.1801408923180141,0.07824613913658,1.4072,0.10755714285714288
PIEVERSE,1873,1776626100000,1.528739800543971,0.0,84.66608070944902,-7.9232199518420146,0.11340206185567027,0.5549828178694155,1.863350014814292,-0.008953951108584435,0.0897453977414491,1.3946,0.11818571428571431
PIEVERSE,1874,1776627000000,1.439468414345531,0.0,78.09295063906444,-6.573130070384579,0.210575139146569,0.2968460111317254,1.1284514191564479,-0.04775440591245017,0.09577485479241533,1.34,0.12107857142857147
PIEVERSE,1875,1776627900000,1.473475993526344,0.0,80.4943233940951,2.401372755030664,0.2195439739413671,0.780456026058633,1.0877653730010786,-0.02252700397953389,0.09547409662926135,1.3755,0.1281071428571429
PIEVERSE,1876,1776628800000,1.4532374100719423,0.0,67.57299659409077,-12.921326800004337,0.08937397034596392,0.3908566721581546,1.3200000475935694,-0.030699260943718,0.11698403561737171,1.364,0.14226428571428573
PIEVERSE,1877,1776629700000,1.248619768477293,0.0,67.80764621853204,0.2346496244412748,0.4182741116751258,0.5817258883248743,0.7802241542583185,-0.10275724843661171,0.11857002502982528,1.2626,0.1448214285714286
PIEVERSE,1878,1776630600000,1.6035087719298247,0.0,75.07220671555837,7.264560497026324,0.24329429542878742,0.7567057045712126,1.5460306677250992,0.054576463899943084,0.11257698345610434,1.484,0.15981428571428571
PIEVERSE,1879,1776631500000,1.510020732550104,0.0,71.8732274975446,-3.1989792180137613,0.28981723237598006,0.3951261966927753,0.9183836832787925,-0.021024258760107717,0.11802521919633176,1.4528,0.16326428571428572
PIEVERSE,1880,1776632400000,1.4831710234067996,0.0,73.12032489922714,1.247097401682538,0.33366633366633436,0.6663336663336656,0.6651671415698691,-0.020619946091644192,0.1158299798792757,1.4534,0.16447857142857147
PIEVERSE,1881,1776633300000,1.4594413781568822,0.0,65.08429555377315,-8.036029345453997,0.23867924528301881,0.31415094339622646,0.7161614155454085,-0.009097035040431356,0.1255646474120552,1.4705,0.16638571428571433
PIEVERSE,1882,1776634200000,1.197983804329863,0.0,63.56226809710249,-1.5220274566706564,0.04498594189315967,0.7741330834114338,0.604991989709469,-0.10377358490566035,0.12613085666152518,1.33,0.16471428571428576
PIEVERSE,1883,1776635100000,1.2483144219700706,0.0,62.05639625349546,-1.5058718436070322,0.4267123287671237,0.4534246575342471,0.4370548548090306,-0.0787061994609165,0.1288865709403227,1.3672,0.16592857142857145
PIEVERSE,1884,1776636000000,1.0663675742574261,0.0,63.77974124329475,1.723344989799294,0.14886731391585797,0.851132686084142,0.47836745465011005,-0.09993261455525593,0.11788226902834666,1.3357,0.15582857142857146
PIEVERSE,1885,1776636900000,1.0990177439797213,0.0,58.52729739534729,-5.252443847947461,0.030185004868548006,0.3544303797468353,0.47391757454515815,-0.10721024258760115,0.12297677691766365,1.3249,0.15477857142857146
PIEVERSE,1886,1776637800000,1.0497765449221759,0.0,60.06054513902814,1.5332477436808531,0.4762419006479484,0.5237580993520516,0.4832992365615364,-0.10370619946091642,0.11161964007998224,1.3301,0.14354285714285717
PIEVERSE,1889,1776640500000,1.1065040650406508,0.0,56.77979147352713,2.745578861558023,0.4083011583011578,0.5916988416988422,0.6061196435750412,-0.12702156334231796,0.10730244858875564,1.2955,0.13447142857142858
PIEVERSE,1892,1776643200000,1.081044650379107,0.0,46.511641192457496,-4.772075276947881,0.3111653447223924,0.2977425259304462,0.942852068743292,-0.16772237196765494,0.10526785714285715,1.2351,0.11790000000000002
PIEVERSE,1904,1776654000000,1.100490948143602,0.0,56.66463020194607,-5.523363865137647,0.3586550435865495,0.20734744707347505,1.8577880890391456,0.025005615033315776,0.09061730667464282,1.3691,0.11252857142857145
PIEVERSE,1906,1776655800000,1.0046465316959838,0.0,49.71203515463071,0.2360307477716006,0.5294117647058825,0.47058823529411753,1.487002135769357,-0.11766854137754734,0.10138613364136308,1.208,0.1153571428571429
PIEVERSE,1909,1776658500000,1.0760904684975765,0.0,58.30695932821375,6.2926806075158055,0.11210398050365405,0.887896019496346,1.0738616296192187,-0.06135417427507128,0.08614916115112765,1.2851,0.10952142857142859
PIEVERSE,1910,1776659400000,1.2178613005155499,0.0,60.67147884812455,2.3645195199108002,0.21212121212121082,0.7878787878787892,0.9577636550871371,-0.02592944269958375,0.08196890628397478,1.3336,0.10770714285714286
PIEVERSE,1911,1776660300000,1.4825629901551807,0.0,67.15467039888694,6.483191550762385,0.16046615867324088,0.8395338413267591,1.6549441255790323,0.08669929150536859,0.07631837859110588,1.4878,0.11081428571428573
PIEVERSE,1912,1776661200000,1.93754141815772,0.0,69.07236973193359,1.9176993330466559,0.6301085199722929,0.36989148002770716,2.955344157662117,0.19175964511359056,0.09032129049460073,1.7731,0.1355
PIEVERSE,1913,1776662100000,1.7679069005081138,0.0,73.48281242505237,4.410442693118782,0.25825571549534343,0.7417442845046566,1.6362498685353128,-0.047600248152952385,0.09118475675580794,1.6887,0.14842142857142857
PIEVERSE,1914,1776663000000,1.7633349745609719,0.0,70.92834112183832,-2.554471303214058,0.41735228122662754,0.35751682872101787,1.608842420691851,-0.05042016806722682,0.09577901757774082,1.6837,0.1530357142857143
PIEVERSE,1915,1776663900000,1.681355366382908,0.0,60.84880289588313,-10.079538225955183,0.05199115044247827,0.22068584070796476,1.4205917310607523,-0.09401612994190955,0.10778378905298044,1.6064,0.15795714285714285
PIEVERSE,1916,1776664800000,1.6110160793705095,0.0,53.07600142174208,-7.772801474141055,0.2554438860971523,0.21482412060301476,1.7101632470100023,-0.13913484857030056,0.12583890827224908,1.5264,0.1684857142857143
PIEVERSE,1917,1776665700000,1.292821368948247,0.0,45.36616245803271,-7.709838963709366,0.13353917406406784,0.2632188344268625,1.8347006789428715,-0.22542439794709823,0.1483841739655693,1.3734,0.1754642857142857
PIEVERSE,1918,1776666600000,1.078379275988044,0.0,45.117959368638715,-0.24820308939399638,0.5878839590443684,0.36348122866894184,1.315463125967496,-0.2941176470588235,0.1464437431727151,1.2516,0.1723642857142857
PIEVERSE,1919,1776667500000,1.0620142219282287,0.0,41.5401193165386,-3.5778400521001146,0.3607496095783443,0.21759500260281142,1.0899231649580468,-0.29676837177824156,0.1611734973033532,1.2469,0.17674285714285712
RAVE,911,1775760300000,1.0474209101116174,0.0,88.91849714738933,11.306322769086563,0.15315315315315273,0.8468468468468473,4.1177770256150765,0.23552739084514074,0.059692587098737246,0.62,0.03587285714285714
RAVE,914,1775763000000,1.17691570564716,0.0,83.43478795717482,2.998616981811921,0.4362170087976545,0.5637829912023455,1.945007561189313,0.06258064516129047,0.05319245574392224,0.6588,0.03346071428571429
RAVE,915,1775763900000,1.1847951291755803,0.0,83.99496183911069,0.5601738819358673,0.6698860822189193,0.3301139177810807,1.0038622045663734,0.007665452337583423,0.05442166188083275,0.66385,0.0346557142857143
RAVE,916,1775764800000,1.1895669740314752,0.0,84.20134476033033,0.2063829212196424,0.7047826086956517,0.2952173913043484,1.2375796797814165,0.012276869774798582,0.055846917396684445,0.672,0.03571857142857144
RAVE,917,1775765700000,1.2148717449816782,0.0,85.52988417450965,1.3285394141793176,0.5327659574468093,0.4672340425531906,0.9095412817487193,0.016369047619047672,0.05760445706643046,0.683,0.037901428571428586
RAVE,918,1775766600000,1.168023069528997,0.0,72.88236600195363,-12.647518172556019,0.3422343324250673,0.02089009990917318,0.938674195619274,-0.00931185944363111,0.06393633665047099,0.67664,0.0398157142857143
RAVE,919,1775767500000,1.2325283863745402,0.0,78.33399976081245,5.451633758858819,0.26146666666666557,0.7385333333333345,1.5885373293080562,0.02196193265007307,0.06379284566610444,0.698,0.04327642857142859
RAVE,920,1775768400000,1.2107823011085492,0.0,79.04961712851366,0.7156173677012134,0.36120495495495525,0.6387950450450448,1.240199905853628,0.002865329512893977,0.06378022489756124,0.7,0.043827857142857155
RAVE,921,1775769300000,1.2073719663823224,0.0,74.55235344916913,-4.4972636793445275,0.2984758679085524,0.3865368331922092,0.8847027256781125,0.0018000000000000238,0.06824643643379885,0.70126,0.045880714285714295
RAVE,922,1775770200000,1.1867868801492305,0.0,76.29080680063237,1.7384533514632352,0.4091189155884147,0.5908810844115854,0.7092275726265944,0.003023129794940571,0.06835551783385434,0.70338,0.04717214285714288
RAVE,923,1775771100000,1.1931914893617024,0.0,72.17573609662873,-4.115070704003642,0.2289105553200539,0.17337855023314655,0.3800576629121688,-0.010790753220165428,0.07021607383138682,0.69579,0.04748642857142859
RAVE,924,1775772000000,1.2151185015290524,0.0,73.66139025834684,1.4856541617181165,0.1911021233569278,0.8088978766430722,0.5502691817031239,-0.011387869999146871,0.07108370098800725,0.69537,0.049026428571428596
RAVE,925,1775772900000,1.5086668567988086,0.0,79.24361900684357,5.582228748496732,0.3827919227392455,0.6172080772607546,2.067716958961731,0.1255082601154427,0.06308786506016781,0.79166,0.04746857142857146
RAVE,926,1775773800000,2.5437513775622658,0.0,88.26331205951743,9.019693052673858,0.4228649058181151,0.5771350941818849,3.6043518649152415,0.4216456559634185,0.07465605171084624,1.12546,0.07193857142857144
RAVE,927,1775774700000,2.2174291397314767,0.0,85.66080667274073,-2.6025053867766985,0.6855758266818701,0.1889965792474343,1.8458846275569736,-0.08016277788637538,0.08203130287266347,1.03524,0.0779207142857143
RAVE,928,1775775600000,2.0016420869996283,0.0,79.21206046980818,-6.448746202932554,0.08875309180852604,0.7377661380280326,2.50298562154309,-0.13918753220905222,0.09595857058524047,0.96881,0.08777714285714287
RAVE,929,1775776500000,2.010452418096724,0.0,77.01300003113806,-2.1990604386701165,0.5902064896755157,0.2626548672566379,1.2230899562293158,-0.142706093508432,0.10078730060223033,0.96485,0.09094642857142857
RAVE,930,1775777400000,1.9872902737479503,0.0,78.79743634287999,1.7844363117419277,0.15467904098994603,0.845320959010054,0.8216461906822461,-0.15837968475112396,0.09846093343922006,0.94721,0.09227857142857143
RAVE,931,1775778300000,2.2864116136803068,0.0,81.12274185268757,2.3253055098075777,0.46727976766698887,0.5327202323330111,1.3510426397220439,-0.07875002221313954,0.09741442097596502,1.03683,0.09629999999999998
RAVE,932,1775779200000,2.930408279890787,0.0,83.85029919348786,2.7275573408002884,0.6857977790765633,0.3142022209234367,2.5981586704022988,0.09999466884651609,0.10423826966355615,1.238,0.11069999999999999
RAVE,933,1775780100000,2.4648185580902875,0.0,72.05762947345792,-11.792669720029934,0.15591728992520873,0.1630444346678394,1.2647794450684744,-0.1277221324717286,0.11519775666877496,1.07988,0.11344214285714282
RAVE,934,1775781000000,2.4052456474692336,0.0,72.65975674517117,0.6021272717132433,0.6917686186007835,0.30823138139921646,0.8094470703898308,-0.14844103392568664,0.11738930253172361,1.05423,0.1169185714285714
RAVE,935,1775781900000,2.31481422010983,0.0,73.28145713230197,0.6217003871308009,0.22820817707856964,0.7717918229214303,0.9483365414691768,-0.16623586429725368,0.12048009077048538,1.0322,0.1213535714285714
RAVE,936,1775782800000,2.651530396961927,0.0,76.61564049702277,3.3341833647208006,0.44071947306198256,0.5592805269380174,0.9377163022093766,-0.09127625201938605,0.11884077462791305,1.125,0.1274935714285714
RAVE,937,1775783700000,2.580585844248016,0.0,74.46343070413532,-2.1522097928874473,0.4792043399638322,0.33867217773185376,0.8594908973654368,-0.10346526655896615,0.12405528561038565,1.10991,0.1313385714285714
RAVE,938,1775784600000,2.441457068516913,0.0,70.57065855720734,-3.8927721469279817,0.1851592088651997,0.4619161172674971,0.8208130858896415,-0.13460420032310172,0.1300207440188079,1.07136,0.13431142857142855
RAVE,939,1775785500000,2.517917924346542,0.0,72.07029296283895,1.4996344056316104,0.5979559748427665,0.40204402515723353,0.752997658810181,-0.11506462035541187,0.12437792463229333,1.09555,0.13153214285714285
RAVE,940,1775786400000,2.455564864342334,0.0,65.89003674663111,-6.180256216207837,0.22977598008711766,0.11652146857498419,0.6697843980356735,-0.13376413570274637,0.1071108566702348,1.0724,0.10878285714285715
RAVE,941,1775787300000,2.372627115922012,0.0,66.92707487202227,1.0370381253911631,0.3432073544433087,0.6567926455566914,0.5938316415055889,-0.1518578352180937,0.1024056441499928,1.05,0.1054614285714286
RAVE,942,1775788200000,2.3956022572484916,0.0,66.91629724385021,-0.010777628172064624,0.48480585256049247,0.5151941474395075,0.5799552485312848,-0.1542810985460421,0.09057570414475355,1.047,0.09327214285714287
RAVE,943,1775789100000,2.536533904632064,0.0,62.865322849210116,-4.050974394640093,0.6693854748603348,0.042011173184357424,0.9263245955317313,-0.11995153473344111,0.09326076808343485,1.0895,0.09361142857142857
RAVE,944,1775790000000,2.3740769034886684,0.0,64.86280134214923,1.9974784929391092,0.36371518370001094,0.6362848162999891,0.803043007218061,-0.14378029079159926,0.09312213642715182,1.06,0.09558428571428572
RAVE,945,1775790900000,2.2514819527637258,0.0,65.42011160301641,0.5573102608671832,0.4194092827004217,0.5805907172995783,0.3658532248825838,-0.1537479806138934,0.08786734446865166,1.04766,0.090745
RAVE,946,1775791800000,2.2619897320310547,0.0,65.85818828173714,0.4380766787207335,0.14317389927146232,0.8568261007285377,0.4656538685386748,-0.15831179321486255,0.0719697126168514,1.04201,0.07466785714285716
RAVE,947,1775792700000,2.2446376086548687,0.0,61.07166383202499,-4.786524449712154,0.003499562554684149,0.19976669582968773,0.42553291105454105,-0.16179321486268172,0.06829854266652718,1.0377,0.06899928571428575
RAVE,948,1775793600000,2.3211842968237613,0.0,65.6326009489687,4.5609371169437125,0.08480136070951265,0.9151986392904874,1.0276399479016247,-0.1410258481421648,0.06518652442660662,1.06341,0.06886500000000004
RAVE,949,1775794500000,2.3494211490114534,0.0,60.41680677457035,-5.215794174398354,0.35759195221628487,0.14633762967620131,0.627446281364345,-0.12831179321486264,0.06400999180359865,1.07915,0.06560000000000003
RAVE,950,1775795400000,2.2372093023255815,0.0,61.652070428094795,1.2352636535244486,0.1964864864864887,0.8035135135135113,0.5250936168140353,-0.15670436187399028,0.057666205969042816,1.044,0.059784285714285755
RAVE,951,1775796300000,2.3138495904690988,0.0,61.767699190544924,0.11562876245012887,0.8029661016949123,0.19703389830508766,0.6425028228487695,-0.137221324717286,0.05487707513145944,1.06812,0.05695142857142861
RAVE,952,1775797200000,2.266146202980837,0.0,61.92599666023231,0.15829746968738334,0.5475447062162957,0.45245529378370425,0.6171176402668129,-0.14502423263327946,0.052326100912953914,1.05846,0.05437571428571431
RAVE,953,1775798100000,2.3615108465527297,0.0,62.388715960803054,0.46271930057074684,0.8806294994140286,0.11937050058597143,1.4758724916974137,-0.026177777777777744,0.051871408710183364,1.09555,0.05409928571428574
RAVE,954,1775799000000,2.140014914243102,0.0,63.05643122425787,0.6677152634548165,0.1632358252076511,0.8367641747923489,0.6354893573603064,-0.06427555555555564,0.04911962208965559,1.05269,0.0514857142857143
RAVE,955,1775799900000,2.0849763464872324,0.0,60.01220660988531,-3.0442246143725598,0.06211393273849934,0.46499656829100816,0.5503716200711575,-0.06674666666666673,0.04773322431300621,1.04991,0.04937142857142858
RAVE,956,1775800800000,2.0926173301273483,0.0,46.758264504147725,-13.253942105737586,0.07746478873239376,0.14043082021541048,1.7092778800314854,-0.07394666666666672,0.05603821403614898,1.04181,0.05373000000000001
RAVE,957,1775801700000,2.0789675742720455,0.0,55.06267794601102,8.304413441863296,0.2910776361529554,0.7089223638470447,1.5799370712276153,-0.06064455676586389,0.05258229013978514,1.0426,0.05350142857142858
RAVE,958,1775802600000,1.8975337472233296,0.0,52.50421529063648,-2.558462655374541,0.011224891689640807,0.6656163844033081,1.1942101159856406,-0.07129752179270699,0.05051747624664084,1.01744,0.050540714285714286
RAVE,959,1775803500000,2.0102215127838923,0.0,59.37640435103104,6.872189060394561,0.20461966380457147,0.7953803361954286,1.145497683547564,-0.01883072429373367,0.05095260599513909,1.07492,0.05390785714285716
RAVE,960,1775804400000,2.2623871670905182,0.0,65.93141036761415,6.555006016583107,0.30956226780810825,0.6904377321918918,3.095730505381779,0.06556524120304874,0.05358234166524322,1.16738,0.06049714285714287
RAVE,961,1775805300000,2.2701928374655647,0.0,67.49061008737542,1.559199719761267,0.39136192319445806,0.6086380768055419,2.248834251912419,0.016875396186331715,0.056639910852645685,1.18708,0.06505999999999999
RAVE,962,1775806200000,2.2913716380733815,0.0,63.56073539155316,-3.9298746958222566,0.3241738288342816,0.37077835613122057,1.5978130621154256,-0.009300131414900381,0.05789853617371721,1.17604,0.06508142857142857
RAVE,963,1775807100000,2.2050372975579315,0.0,60.698315806939675,-2.862419584613484,0.10222851078882057,0.5677396533427683,1.071419132597331,-0.04808437510530039,0.058409959012368624,1.13,0.06457571428571426
RAVE,964,1775808000000,2.1803744097144144,0.0,62.26336151826745,1.5650457113277767,0.16755407653910176,0.8324459234608982,1.273436091224353,-0.046862890453886696,0.05905733496737436,1.13145,0.06622571428571426
RAVE,965,1775808900000,2.2489263204863628,0.0,63.54507301033901,1.2817114920715582,0.47153846153846296,0.5284615384615371,1.085957695434805,-0.018600262829800762,0.06009734964643059,1.165,0.06817142857142854
RAVE,966,1775809800000,2.19520728625774,0.0,58.02099986084011,-5.5240731494989035,0.28390045708481404,0.15185373285931825,0.9762767636210383,-0.030655052734440802,0.06348802525398713,1.15069,0.0698742857142857
RAVE,967,1775810700000,2.068243355252252,0.0,57.48538025065119,-0.5356196101889168,0.34782608695652073,0.5340112201963506,0.7361670111167437,-0.0644943895946356,0.06165070222287029,1.11052,0.06764499999999997
RAVE,968,1775811600000,2.1353573149644247,0.0,56.412132088369,-1.0732481622821908,0.32948192322027264,0.43123369362653835,0.6552246976016405,-0.06825150790174195,0.06195780292314943,1.10606,0.0675835714285714
RAVE,969,1775812500000,2.2633899178427273,0.0,60.193573825541876,3.7814417371728766,0.3136666666666648,0.6863333333333351,0.8431753824108135,-0.039660343026586276,0.06224500717356456,1.14,0.06978785714285711
RAVE,970,1775813400000,2.295978905735003,0.0,58.04265978945537,-2.1509140360865047,0.593891869583158,0.1566240198101526,0.8133705397424764,-0.031236310947872048,0.05982359403960116,1.15,0.06635214285714283
RAVE,971,1775814300000,2.13319197611807,0.0,58.77207002849237,0.7294102390370014,0.41654210264075286,0.5834578973592471,0.42774919995600524,-0.05395592546416417,0.055282216773958705,1.12303,0.06162142857142855
RAVE,972,1775815200000,2.291003195972509,0.0,60.28983027314012,1.5177602446477465,0.645283018867924,0.3547169811320759,0.8787219964530147,-0.019779627320820836,0.055201437224208484,1.1636,0.062155714285714266
RAVE,973,1775816100000,2.765883011474951,0.0,73.13553883637222,12.845708563232101,0.37762237762237805,0.622377622377622,3.8684759686407455,0.13349563635138328,0.05701826354318847,1.34555,0.07197928571428569
RAVE,974,1775817000000,2.5193873863857466,0.0,52.18792777295588,-20.94761106341634,0.01230028310175431,0.47626175523087455,3.7446471716511516,-0.05899446323064916,0.07698531901857933,1.26617,0.08508571428571425
RAVE,975,1775817900000,2.4631843405759093,0.0,60.43432361185869,8.246395838902806,0.27836787564766874,0.7216321243523313,1.6832663696857728,-0.06774181561443282,0.07355181758361495,1.2544,0.08910214285714282
RAVE,976,1775818800000,2.560689942968424,0.0,60.060363970025655,-0.3739596418330322,0.5717604114816653,0.4024390243902429,1.3840261449633195,-0.04879788933893203,0.07601164751827905,1.27989,0.09181142857142853
RAVE,977,1775819700000,2.4136577273983963,0.0,60.990644554894146,0.9302805848684912,0.29826784959865127,0.7017321504013487,0.5174834929548596,-0.0823678049868084,0.0746798998150792,1.23472,0.09115428571428567
RAVE,978,1775820600000,2.582164549972391,0.0,64.95164295206973,3.9609983971755867,0.20430446194225743,0.7956955380577425,0.7959616186647495,-0.03574003195719222,0.0732902973395931,1.29746,0.09366499999999997
RAVE,979,1775821500000,2.5794245280411285,0.0,62.881615467637964,-2.070027484431769,0.34668916069169137,0.2770982707718293,0.5520638297499713,-0.03756828062873929,0.07329881790904061,1.295,0.09240928571428568
RAVE,980,1775822400000,2.5510971093793176,0.0,61.95864021370853,-0.9229752539294367,0.45830188679245193,0.4003773584905668,0.7510575634838434,-0.04500018579762932,0.07339151488622449,1.285,0.09197571428571426
RAVE,981,1775823300000,2.8636035535813433,0.0,66.71800496875275,4.759364755044224,0.46844933979165315,0.5315506602083468,1.398892700042409,0.03427594663892086,0.07622879289407178,1.39167,0.1007035714285714
RAVE,982,1775824200000,3.0909340508483885,0.0,73.47275869288768,6.754753724134929,0.2262493746178219,0.7737506253821781,2.0969937794052114,0.07065611818893847,0.07702782624123958,1.49,0.11163642857142853
RAVE,983,1775825100000,3.2247654681009106,0.0,75.92132077205991,2.448562079172234,0.19404069767441828,0.8059593023255817,2.2642412218483754,0.030644295302013402,0.0776556606631625,1.53566,0.11717928571428568
RAVE,984,1775826000000,3.218604902278372,0.0,70.59311471445554,-5.328206057604376,0.47472059606173483,0.12116373957778959,1.8472519846315174,0.01763411171743745,0.08319603889271707,1.56274,0.12177071428571426
RAVE,985,1775826900000,3.116256131371294,0.0,73.5553705360832,2.9622558216276644,0.1182068842835544,0.8817931157164456,1.0389685409727962,-0.011934166911962363,0.08385671357646794,1.54409,0.12836785714285712
RAVE,986,1775827800000,3.3847354084574084,0.0,77.56679105844401,4.011420522360808,0.12648251587726633,0.8735174841227337,2.021630947685025,0.06095703699911681,0.08135303808694122,1.658,0.1335385714285714
RAVE,987,1775828700000,3.516897920051133,0.0,65.34572065417301,-12.221070404271003,0.17324784154393116,0.4245810055865918,2.389255553682764,0.022949336550060373,0.09262886680580454,1.69605,0.14031142857142853
RAVE,988,1775829600000,3.1912977635955544,0.0,50.32329373492293,-15.02242691925008,0.11740644332510779,0.12768331023292,2.097732442381512,-0.08617080864361315,0.10797609648104282,1.5499,0.13948999999999998
RAVE,989,1775830500000,2.942909217615053,0.0,52.36747228183866,2.044178546915731,0.6428244763559863,0.35717552364401367,1.0382566399054747,-0.13265528728516263,0.10829011649755729,1.47106,0.14407999999999999
RAVE,990,1775831400000,2.661715702735515,0.0,52.46233611796685,0.09486383612819083,0.763421617752326,0.23657838224767405,0.6367936059297475,-0.16419916865658446,0.1076779387669317,1.41756,0.1434528571428571
RAVE,991,1775832300000,2.4479481641468683,0.0,48.387470714419536,-4.074865403547314,0.19148623853210972,0.31728440366972394,0.9216158374932981,-0.19994103947407216,0.11852298517989385,1.35694,0.14980357142857142
RAVE,992,1775833200000,2.6013905562224893,0.0,56.518724718706366,8.13125400428683,0.13060767292075054,0.8693923270792494,0.8040644462925979,-0.15098021874355116,0.10994421486353212,1.43998,0.1557535714285714
RAVE,993,1775834100000,2.961580764803683,0.0,60.4916940384029,3.9729693196965314,0.3134373351420606,0.6865626648579394,0.8901294173422911,-0.08683116653400547,0.1073814752713896,1.54878,0.1618442857142857
RAVE,994,1775835000000,2.4225890879806724,0.0,59.5231644054893,-0.9685296329136008,0.33411180849511096,0.4485476572763117,0.6361183895349677,-0.09790395330326351,0.1092011518791752,1.53,0.16295214285714282
RAVE,995,1775835900000,2.3257714247957186,0.0,58.40313241382631,-1.1200319916629837,0.25068870523416026,0.5007974481658696,0.5907769786610695,-0.10969605848884179,0.10647652868286249,1.51,0.1571135714285714
RAVE,996,1775836800000,2.3016366443643848,0.0,59.48738476007428,1.0842523462479647,0.7390064013359312,0.26099359866406885,1.0888037438769766,-0.05440877332625815,0.10318785223964318,1.60377,0.15453000000000003
RAVE,997,1775837700000,2.24395093770931,0.0,60.76649278242869,1.2791080223544142,0.44167217448777407,0.5583278255122259,0.5080698337989469,-0.08621208101176259,0.09784274552838665,1.54983,0.1490242857142857
RAVE,998,1775838600000,2.239449405704393,0.0,53.351243151151166,-7.415249631277526,0.07635651057503791,0.2179877018717492,0.5598598574270708,-0.09529200200465793,0.1068176096829089,1.53443,0.15154214285714288
RAVE,999,1775839500000,2.1835458969625776,0.0,57.27656536865173,3.9253222175005646,0.22982300884955797,0.770176991150442,0.5531934843836357,-0.1051796822027653,0.10161820293952306,1.51766,0.15158285714285716
RAVE,1000,1775840400000,2.1529264334285187,0.0,56.63599409003292,-0.6405712786188076,0.6201359756979586,0.2453348763199776,0.34488939110213523,-0.09510332832168866,0.09927674343759817,1.53475,0.14718571428571428
RAVE,1001,1775841300000,2.084088179616097,0.0,57.271510636881764,0.6355165468488408,0.5788471995649813,0.42115280043501874,0.23599846009509473,-0.10667727956133366,0.08522388759095748,1.51512,0.12731
RAVE,1002,1775842200000,2.188403449811718,0.0,58.27082684019642,0.9993162033146561,0.7687132043734236,0.23128679562657645,0.48614799582701174,-0.07144246926682585,0.07421120807843955,1.57488,0.1121257142857143
RAVE,1003,1775843100000,2.17525666070909,0.0,57.5927062516339,-0.6781205885625212,0.4725336322869962,0.3007286995515718,0.2559844687154265,-0.09915981250552752,0.06590884031466367,1.52787,0.09905571428571432
RAVE,1004,1775844000000,2.136965334657069,0.0,57.888335549524776,0.29562929789087633,0.2164876226062569,0.7835123773937431,0.3335026180696876,-0.10576928746204428,0.06244663197409337,1.51666,0.0941314285714286
RAVE,1005,1775844900000,2.145985549191443,0.0,56.27405089256586,-1.6142846569589153,0.47051756932625804,0.35839423365702316,0.4391598249646428,-0.08351758497685802,0.061419627939345335,1.5544,0.09153428571428575
RAVE,1006,1775845800000,2.052225423626363,0.0,57.858951370377206,1.5849004778113454,0.08420208500400939,0.9157979149959906,0.31163730828984626,-0.10683647298133903,0.053881628063013276,1.51485,0.08145285714285717
RAVE,1007,1775846700000,1.575579073482428,0.0,58.61419668487678,0.7552453144995752,0.4517468004150801,0.5482531995849199,0.40579929155497063,-0.08739718758291326,0.05001314319511074,1.54782,0.07610500000000002
RAVE,1008,1775847600000,1.7658681284368658,0.0,58.35627347920763,-0.25792320566915095,0.7311193358007404,0.24947484245273516,0.6889302572892703,-0.005817542415682997,0.05156747872999578,1.59444,0.07835214285714288
RAVE,1009,1775848500000,1.7488945147679322,0.0,62.7679630193385,4.4116895401308724,0.4537133891213386,0.5462866108786615,1.0653120362970958,0.015557093598209226,0.05176733241578772,1.62872,0.08162000000000003
RAVE,1010,1775849400000,1.5515777760114458,0.0,62.172123269874824,-0.5958397494636785,0.4569866538028607,0.465991316931983,0.5896269153428968,-0.014520605137776865,0.0482208520933344,1.60507,0.07579642857142861
RAVE,1011,1775850300000,1.4679962311557788,0.0,60.9670616429016,-1.205061626973226,0.0,0.7134724857684986,0.2962882025140075,-0.035058205216366156,0.04719773046429305,1.57162,0.07374928571428574
RAVE,1012,1775851200000,1.4817849213546386,0.0,62.61183301309645,1.644771370194853,0.07773744706593959,0.9222625529340605,0.5874697101415913,-0.02543101331106634,0.042916916475848575,1.5873,0.06790142857142858
RAVE,1013,1775852100000,1.445027053316311,0.0,62.685267854000024,0.07343484090357322,0.42365343436007163,0.5763465656399284,0.5788203582297041,-0.012273441721106115,0.04053444297346738,1.60873,0.0641664285714286
RAVE,1014,1775853000000,1.5672190641359158,0.0,62.5048392561577,-0.18042859784232235,0.34550252914009394,0.6292060699362205,0.5777323507507212,-0.01842551205854892,0.03949579831932774,1.59871,0.06247642857142859
RAVE,1015,1775853900000,1.4530432347174926,0.0,65.67899463882253,3.1741553826648286,0.536409679234665,0.463590320765335,0.994997020390374,0.021734859275995833,0.04095103762896349,1.66412,0.06619571428571432
RAVE,1016,1775854800000,1.3813030254522172,0.0,64.29365123650655,-1.385343402315982,0.3123716226892091,0.5563280139042491,0.7115109984690576,-0.01668148931567437,0.040273726323419176,1.63636,0.06477142857142859
RAVE,1017,1775855700000,1.4668144225620279,0.0,66.82520578673756,2.5315545502310073,0.2628949814126388,0.7371050185873612,0.7769609070995501,-0.0034432613032714388,0.041797958485003034,1.65839,0.06837142857142857
RAVE,1018,1775856600000,1.4003767569917405,0.0,62.875268354481,-3.9499374322565544,0.3848011891490155,0.19453734671125944,0.6138115997592006,-0.0045789967069682636,0.04287086932842133,1.6565,0.06915714285714288
RAVE,1019,1775857500000,1.4028153602744386,0.0,57.95279128990148,-4.922477064579525,0.16928571428571293,0.399714285714287,0.628981432614108,-0.023507920101915714,0.04233922276790792,1.625,0.06702214285714288
RAVE,1020,1775858400000,1.3619399739016966,0.0,57.66915000701472,-0.28364128288675516,0.5326162387231081,0.4470275271801999,0.8748700888797681,-0.021086219743768564,0.04460208844165537,1.62903,0.0705257142857143
RAVE,1021,1775859300000,1.149065681401345,0.0,56.224443751262704,-1.444706255752017,0.5158501440922205,0.36080691642651275,0.8010737257434517,-0.02831526572602938,0.04537138642210369,1.617,0.07135285714285715
RAVE,1038,1775874600000,1.0152072792953768,0.0,70.64357840880152,2.490553679069194,0.30121832358674633,0.6987816764132536,3.1510782815432816,0.0551149074639008,0.05953250133215268,2.0752,0.11986214285714288
RAVE,1039,1775875500000,1.0611002630110784,0.0,66.43152597945935,-4.212052429342165,0.4232061068702292,0.1932061068702289,1.4320579185685092,-0.003059946029298488,0.06418769447508826,2.06885,0.12601071428571428
RAVE,1050,1775885400000,1.0246906513256437,0.0,70.63917790593806,2.425001949871472,0.28985194767859684,0.7101480523214031,1.2742106931845971,0.022658057054741665,0.050356372609229386,2.12222,0.10483642857142857
RAVE,1051,1775886300000,1.0768620929692942,0.0,70.36315500365973,-0.2760229022783278,0.6801848049281303,0.29774127310061854,1.3364135602190181,0.012213625354581703,0.04390349617878059,2.14814,0.09130785714285715
RAVE,1052,1775887200000,1.232673835274976,0.0,72.04508437293376,1.6819293692740303,0.31158524015666816,0.6884147598433318,1.0523523658160345,-0.003458806223058164,0.039602703785733245,2.14071,0.0835807142857143
RAVE,1053,1775888100000,1.1405236466564452,0.0,72.39686590046357,0.35178152752980907,0.6239779231398174,0.37602207686018263,1.0685663118427156,0.013872466412803597,0.03836389366341325,2.17794,0.08121214285714289
RAVE,1054,1775889000000,1.138996061811567,0.0,66.23795865980723,-6.158907240656333,0.30773340456791615,0.10418057967143057,0.9215093061330475,-0.017429313938859603,0.03879501349724372,2.13998,0.08041857142857148
RAVE,1055,1775889900000,1.0062287334593574,0.0,63.52011140020629,-2.717847259600944,0.3801535823454855,0.47647804368895674,1.5767317320373953,-0.025413923248574277,0.041360545543514544,2.12259,0.08488714285714294
RAVE,1062,1775896200000,1.0080138834625063,0.0,63.520231180955385,-8.463651007627426,0.20945454545454523,0.25790909090908926,1.3995285175689505,0.0,0.042670816500084946,2.21,0.0908192857142858
RAVE,1070,1775903400000,1.0649644414686668,0.0,58.51281569692492,2.6537373665738,0.5891733804215882,0.4108266195784119,1.6524216238740117,0.03268778280542972,0.07532526632996875,2.28224,0.1638678571428571
RAVE,1196,1776016800000,1.719886038152885,0.0,90.47902298731337,1.4650159707850463,0.5805052487106079,0.41949475128939206,2.9360093761185175,0.3124186651794012,0.08435892004410028,5.36522,0.3612628571428572
RAVE,1197,1776017700000,1.1901434214608893,0.0,90.94166683388227,0.4626438465688949,0.39999576432716355,0.6000042356728365,1.3196085636757673,-0.11852076895262442,0.09703710926022772,4.72933,0.42226571428571436
RAVE,1198,1776018600000,1.1029613686124615,0.0,91.40367830017146,0.46201146628919787,0.4362091348990901,0.5637908651009099,0.9894047647277413,-0.15502439788116795,0.09750243877228007,4.53348,0.4312142857142858
RAVE,1199,1776019500000,1.0759579929988328,0.0,69.86567608444545,-21.53800221572601,0.06195559923169625,0.05373654352972805,1.0167583203583075,-0.17100510323900986,0.11007273393395868,4.44774,0.4429392857142858
RAVE,1200,1776020400000,1.1108853592423724,0.0,74.26084164727855,4.3951655628331,0.16389037195230585,0.8361096280476942,1.1105529432275845,-0.18282381710349238,0.10758734699963524,4.38433,0.46179071428571433
RAVE,1201,1776021300000,1.1104148312350204,0.0,75.14660634076446,0.8857646934859105,0.5105132037867467,0.4894867962132533,0.48795637282899856,-0.16954943133739164,0.10576903828249423,4.45555,0.46042214285714284
RAVE,1202,1776022200000,1.1608417888012021,0.0,77.83128548766896,2.6846791469045,0.1438145100972328,0.8561854899027672,0.6588765719020659,-0.14262602465509344,0.10341233592909257,4.6,0.4707257142857143
RAVE,1203,1776023100000,1.159646227848338,0.0,77.84554292319416,0.014257435525195206,0.44544244843646336,0.5545575515635367,0.5386758892414125,-0.1389020394317474,0.10412438059301796,4.61998,0.47408142857142854
RAVE,1204,1776024000000,1.440531140142296,0.0,84.11033681683185,6.2647938936376875,0.059805300162249206,0.9401946998377508,1.1869494576458672,-0.024364331751540513,0.10292923879455414,5.2345,0.5330921428571428
RAVE,1205,1776024900000,1.5140461469700917,0.0,82.04194826601598,-2.068388550815868,0.404048538536156,0.5010707030034594,1.0091212010709563,0.006476901226790233,0.10925233459983243,5.39997,0.5601771428571428
RAVE,1206,1776025800000,1.467073812194816,0.0,83.03482167040958,0.992873404393606,0.1872963643988523,0.8127036356011477,0.6272580546465522,-0.018514917675468423,0.1070088416180409,5.29999,0.5609328571428571
RAVE,1207,1776026700000,1.4388645784821392,0.0,77.87091646719642,-5.163905203213162,0.16200788763578516,0.39510828201757503,0.6802315947081731,-0.020514928786641407,0.10511815796368637,5.28919,0.5376099999999998
RAVE,1208,1776027600000,1.637743954716842,0.0,82.60182589346167,4.730909426265242,0.12472317572804802,0.875276824271952,1.418975827316946,0.0597244058763291,0.09907209829711368,5.72248,0.5580107142857141
RAVE,1209,1776028500000,1.7404843173431734,0.0,83.81208801374999,1.21026212028832,0.27470340305963226,0.7252965969403677,1.1682634383550676,0.038250898211964035,0.09929457914749064,5.94137,0.5759671428571427
RAVE,1210,1776029400000,1.718267680258005,0.0,81.38558468206969,-2.426503331680294,0.3480237224333272,0.4092119748570624,0.7836196630012427,-0.006963040510858609,0.08072545787418013,5.9,0.46285071428571417
RAVE,1211,1776030300000,1.7077827818513418,0.0,79.86840488899898,-1.51717979307071,0.27292157787207266,0.6003457488605995,0.5176632779224906,-0.020427948436135046,0.07344676718540423,5.82,0.4181214285714285
RAVE,1212,1776031200000,1.6372181838308553,0.0,77.05624795053605,-2.812156938462934,0.03928881864875456,0.8435401027261948,1.0144715329474845,-0.03764619944558245,0.07922854549476364,5.7177,0.44516142857142843
RAVE,1213,1776032100000,1.6174573950372855,0.0,66.57404206003358,-10.48220589050247,0.10281476919918928,0.10858799681831043,0.6493520163760368,-0.04765904160151613,0.0830416993942263,5.65821,0.4410178571428571
RAVE,1214,1776033000000,1.6506219752314006,0.0,72.19058310791264,5.616541047879068,0.039056612138138214,0.9609433878618617,0.7752183506236751,-0.030238816973189753,0.07832548217847625,5.76171,0.4492185714285713
RAVE,1215,1776033900000,1.6458953656175224,0.0,66.58353331676498,-5.607049791147659,0.16127875544767659,0.2937882716389918,0.5743934524919448,-0.024842755122135074,0.08320697097165475,5.79377,0.46077857142857137
RAVE,1216,1776034800000,1.5758856710306115,0.0,67.92094435463565,1.337411037870666,0.042296881274261136,0.9577031187257389,0.5767418726818446,-0.049236118942264206,0.0813046530843983,5.64884,0.45824928571428564
RAVE,1217,1776035700000,1.7631350852927619,0.0,71.3629430013846,3.4419986467489423,0.17802866764528072,0.8219713323547193,0.8436996623619972,0.008730309676051151,0.08130956590378965,5.99324,0.4806021428571428
RAVE,1218,1776036600000,1.8300447893242895,0.0,71.56945566402467,0.20651266264007972,0.5545114733672525,0.4454885266327476,0.8939150335935321,0.024762899533474325,0.07457512384865991,6.14165,0.4420835714285714
RAVE,1219,1776037500000,1.9523645038871082,0.0,74.93660792887815,3.3671522648534733,0.36010266256538853,0.6398973374346114,1.426354664335288,0.043760227300481125,0.07058656315394733,6.41041,0.439515
RAVE,1220,1776038400000,2.081641847671441,0.0,75.44974428584311,0.5131363569649636,0.500101184988644,0.499898815011356,1.3199465598319402,0.013655912804329207,0.07156982279043488,6.49795,0.44913928571428574
RAVE,1221,1776039300000,2.0740391806447227,0.0,73.50707199112664,-1.9426722947164734,0.2814444557788431,0.4230847699683783,0.6771177138649043,-0.02584661316261283,0.07117649316160149,6.33,0.4424964285714287
RAVE,1222,1776040200000,2.052207358805396,0.0,71.96612089529053,-1.5409510958361068,0.6189662228856205,0.26865204516455105,0.8759492618929361,-0.0034734031502242635,0.06814440339620198,6.47538,0.4205600000000001
RAVE,1223,1776041100000,2.0089721459584475,0.0,72.37550534869861,0.40938445340808016,0.43398973258754603,0.566010267412454,0.4876955005554198,-0.03693164767349699,0.06341807782708365,6.25797,0.3932764285714287
RAVE,1224,1776042000000,1.9602194067044123,0.0,65.55235262104466,-6.823152727653948,0.0,0.5998981047483178,1.0126263240507152,-0.04571595657091854,0.06798904261332817,6.20089,0.4082442857142858
RAVE,1225,1776042900000,1.8570685480820153,0.0,52.49800786152216,-13.0543447595225,0.05881524596319906,0.18750782325697823,0.8704507801957253,-0.07018367331235242,0.0780735799829998,6.0419,0.43117071428571435
RAVE,1226,1776043800000,1.7656510247369943,0.0,55.47592360105948,2.977915739537316,0.4555131964809373,0.5444868035190626,0.7293475652392467,-0.10306327380173752,0.07233160851403309,5.82825,0.4103314285714286
RAVE,1227,1776044700000,1.7780377625182653,0.0,57.609311629363326,2.133388028303848,0.1267080745341606,0.8732919254658393,0.5287528821123607,-0.10470225224878627,0.06929928148657406,5.8176,0.40089357142857146
RAVE,1228,1776045600000,1.9326061346064876,0.0,63.12420310047169,5.514891471108363,0.07142857142857224,0.9285714285714277,0.8473289765171447,-0.05376464885079135,0.06407326453384513,6.14859,0.3914671428571429
RAVE,1229,1776046500000,1.9571975222110667,0.0,63.75428368982262,0.630080589350932,0.3020880035867552,0.6979119964132448,0.7648388977599977,-0.03903538808393425,0.06306952949131692,6.2443,0.3878757142857143
RAVE,1230,1776047400000,2.014095464958242,0.0,61.289885144924256,-2.4643985448983656,0.5006986864694394,0.145167085878549,0.8497760409376257,-0.03415077062765959,0.06341556472702824,6.27604,0.3844207142857143
RAVE,1231,1776048300000,1.8921380769890752,0.0,55.63394578266567,-5.655939362258586,0.01831302116741393,0.292270686337395,0.7948870365267335,-0.06623011872975326,0.06389750012460774,6.06759,0.3736035714285714
RAVE,1232,1776049200000,1.8582515991471213,0.0,57.43661406288188,1.80266828021621,0.39178745979364066,0.6082125402063593,0.6549631453836746,-0.07165490654744966,0.06115730511416326,6.03234,0.3631857142857142
RAVE,1233,1776050100000,1.8928266722281206,0.0,59.73569592178877,2.299081858906888,0.2731958762886636,0.7268041237113364,0.7546538358402746,-0.06075454566440186,0.0558764812468932,6.10317,0.3385064285714286
RAVE,1234,1776051000000,1.9293613796807856,0.0,59.571660794908034,-0.16403512688073363,0.27705963938973327,0.6914840499306535,0.7181100315470693,-0.060000461684069695,0.05280745349824698,6.10807,0.3196149999999999
RAVE,1235,1776051900000,1.9320305125883692,0.0,58.07395087141371,-1.4977099234943267,0.2380826271186454,0.43511652542372714,0.5614830184534595,-0.06302449233989182,0.05270598286123597,6.08842,0.31639928571428566
RAVE,1236,1776052800000,2.15796954213105,0.0,63.934780884738316,5.860830013324609,0.031935655568039845,0.9680643444319601,1.0682040176731302,-0.028899883809509253,0.04935195230717313,6.31016,0.31088571428571415
RAVE,1237,1776053700000,2.267164616581934,0.0,62.7658621244988,-1.1689187602395137,0.5089420180722892,0.365304969879519,1.632141721508862,-0.005070830031009832,0.05178737091678931,6.465,0.3243292857142856
RAVE,1238,1776054600000,2.1715937307959416,0.0,63.61211898753208,0.8462568630332754,0.30852781447233274,0.6914721855276672,0.8965151787769947,-0.023070352957471285,0.04741210185311041,6.34804,0.2989807142857142
RAVE,1239,1776055500000,2.1385317764541685,0.0,64.61680814275084,1.0046891552187631,0.14281659491934012,0.8571834050806598,0.8960455250091225,-0.0171654137074001,0.04223084969188783,6.38641,0.2684285714285713
RAVE,1240,1776056400000,2.266185573359886,0.0,64.67202930484586,0.055221162095023146,0.061455386988945614,0.9385446130110544,0.8495276239182765,-0.02066959579559713,0.039256587321806556,6.36364,0.24962714285714283
RAVE,1241,1776057300000,2.2645580527033817,0.0,58.88703361193778,-5.784995692908083,0.034012505390254556,0.13421733505821767,0.8188340797963836,-0.017019850572476125,0.03940311085067755,6.36517,0.2444785714285714
RAVE,1242,1776058200000,2.2205775568340504,0.0,60.05845994399089,1.1714263320531089,0.2662193049287948,0.7337806950712052,1.1549581281604822,-0.02053933514326567,0.036782081460744125,6.34238,0.2299442857142857
RAVE,1243,1776059100000,2.201447221941099,0.0,61.67020130345697,1.6117413594660803,0.09241970021413368,0.9075802997858663,0.686640993833955,-0.021392111368909505,0.034196067663137326,6.3267,0.21597928571428568
RAVE,1244,1776060000000,2.127565699231962,0.0,60.250443219303584,-1.4197580841533863,0.0,0.777636189869383,0.7488847203859144,-0.023062645011600935,0.033322719312211424,6.3159,0.20929999999999996
RAVE,1245,1776060900000,1.5485565569425033,0.0,61.95430104130356,1.703857821999975,0.008297413793105167,0.9917025862068949,0.7472868908575365,-0.018468677494199448,0.03157058954135274,6.3456,0.20028571428571423
RAVE,1246,1776061800000,1.7699441184128828,0.0,71.03828683415874,9.08398579285518,0.2367413523321237,0.7632586476678763,2.1694944155107874,0.06956689868522803,0.03338433769528206,6.91475,0.2260964285714286
RAVE,1247,1776062700000,1.4681446907817968,0.0,72.66802466180536,1.629737827646622,0.41296056144633514,0.5870394385536648,1.4780181845031837,0.009459488773997604,0.033912795460928506,6.98016,0.23304499999999997
RAVE,1248,1776063600000,1.7388715419058096,0.0,78.26090191471346,5.592877252908096,0.41441085660946353,0.5855891433905365,3.319279577653834,0.09453078439462703,0.0383696558894092,7.64,0.2798571428571428
RAVE,1249,1776064500000,1.8374676692385763,0.0,82.29482800827643,4.033926093562968,0.1381353596598293,0.8618646403401707,2.091567165291353,0.020942408376963373,0.039503178872349984,7.8,0.3053528571428571
RAVE,1250,1776065400000,2.3239838775966373,0.0,88.63268270933155,6.337854701055122,0.16175739644970405,0.838242603550296,3.8666276240338564,0.18205128205128207,0.04492322009197078,9.22,0.4019114285714286
RAVE,1251,1776066300000,2.4809025030853453,0.0,90.73522011417383,2.1025374048422805,0.1693394575365556,0.8306605424634443,3.7591692270123573,0.07375271149674623,0.049585248973323406,9.9,0.4791392857142857
RAVE,1252,1776067200000,2.603129341229802,0.0,75.86916176806051,-14.86605834611332,0.14583333333333276,0.3379867256637175,2.399082282049675,-0.004444444444444473,0.06321098191830506,9.856,0.5662635714285714
RAVE,1253,1776068100000,2.3949790047351023,0.0,77.11845669455685,1.249294926496347,0.4979230769230777,0.5020769230769223,1.1846351565091686,-0.04040404040404044,0.06512315431983928,9.5,0.5975928571428571
RAVE,1254,1776069000000,2.378204896132765,0.0,73.4498517130276,-3.6686049815292563,0.32185532303983727,0.27227198104777384,0.8915775863430087,-0.05745353535353537,0.06974812278719854,9.33121,0.6264092857142858
RAVE,1255,1776069900000,2.3006228338761034,0.0,72.1686095933883,-1.2812421196393018,0.3926781032976132,0.4511566941084492,0.6164648371731486,-0.07555555555555571,0.07227593791706194,9.152,0.6442192857142857
RAVE,1256,1776070800000,2.230593158205325,0.0,64.23705622345068,-7.9315533699376175,0.08172276413447138,0.6194764835550044,1.9044002292341013,-0.08758585858585866,0.08570699813458202,9.0329,0.7258028571428571
RAVE,1257,1776071700000,2.166335264113426,0.0,62.37157304707551,-1.8654831763751716,0.43098610368786794,0.42008284339925195,0.9282467546338196,-0.11212121212121229,0.09225965017738343,8.79,0.7709207142857142
RAVE,1258,1776072600000,2.3024472958462407,0.0,63.749031450585974,1.3774584035104667,0.1305069711374446,0.8694930288625554,0.6540006956776219,-0.13636666666666664,0.09315347682088568,8.54997,0.7911142857142854
RAVE,1259,1776073500000,2.6315094052547705,0.0,67.09619558000264,3.3471641294166687,0.29243699665630135,0.7075630033436986,0.7514145379794231,-0.08385454545454551,0.09414938006628062,9.06984,0.8327578571428568
RAVE,1260,1776074400000,2.430361521245961,0.0,67.25976718769374,0.1635716076910967,0.31207623236210086,0.6879237676378991,0.538540963013164,-0.09272828282828294,0.09219825575528862,8.98199,0.8171328571428569
RAVE,1261,1776075300000,2.671063314075939,0.0,70.31995920036474,3.0601920126709956,0.3110730366179205,0.6889269633820795,0.7207610700146206,-0.054545454545454675,0.09064224916812848,9.36,0.8342585714285711
RAVE,1262,1776076200000,2.814077981128142,0.0,71.76017071940139,1.4402115190366516,0.4044858680003015,0.5955141319996985,0.8410996520091201,-0.02051010101010109,0.08863807727050217,9.69695,0.8311299999999997
RAVE,1263,1776077100000,2.7249261635403648,0.0,65.21251446652411,-6.547656252877275,0.16236075457478893,0.05369633310567364,0.5824878830993898,-0.04581313131313125,0.09123359249234904,9.44645,0.8251749999999998
RAVE,1264,1776078000000,2.5329311424040055,0.0,60.430663388364955,-4.781851078159157,0.24969841269841142,0.32898412698412716,0.903189664474276,-0.07070707070707083,0.08538663709240855,9.2,0.7494607142857139
RAVE,1265,1776078900000,2.4919320978856665,0.0,62.7232366193132,2.2925732309482427,0.15001878287002215,0.8499812171299779,0.5378352751555235,-0.08430606060606072,0.07651168151863713,9.06537,0.687495714285714
RAVE,1266,1776079800000,2.610557433094699,0.0,62.780112771173556,0.05687615186035799,0.6988776260672144,0.30112237393278557,0.3895560891275131,-0.06978181818181817,0.06817970197444309,9.20916,0.6129764285714281
RAVE,1267,1776080700000,2.6224916305921973,0.0,64.17866667710734,1.3985539059337881,0.3615179963915508,0.6384820036084492,0.3884275225018673,-0.06767676767676767,0.06474099619237009,9.23,0.5899057142857139
RAVE,1268,1776081600000,2.6315016729902867,0.0,62.56167704432605,-1.6169896327812907,0.4668021129622113,0.40739536773669305,0.7750836195139305,-0.05060808080808088,0.06635541121803594,9.39898,0.5994799999999996
RAVE,1269,1776082500000,2.3231102291178063,0.0,64.02000219363833,1.4583251493122802,0.25533001404315114,0.7446699859568489,0.32327048851358237,-0.06969696969696959,0.06395667447306788,9.21,0.5852035714285712
RAVE,1270,1776083400000,2.367830712303423,0.0,64.95171624501734,0.9317140513790036,0.452707446061687,0.547292553938313,0.38981646135878684,-0.05858585858585863,0.05361508755261728,9.32,0.49450642857142835
RAVE,1271,1776084300000,2.7244302059496563,0.0,72.63365173773695,7.681935492719617,0.22207759489418907,0.7779224051058109,1.8877679252741744,0.027510101010100874,0.05110990192544969,10.17235,0.509095
RAVE,1272,1776085200000,2.6751883107072714,0.0,67.60845773338664,-5.025194004350311,0.3223808107840231,0.39488551888195106,1.5604801621597093,0.004384434275265914,0.05502787451073681,10.21695,0.5353414285714286
RAVE,1273,1776086100000,2.614242636796853,0.0,68.92426461341852,1.3158068800318716,0.3943322191541914,0.6056677808458085,0.6639070580224186,-0.02160625235515501,0.05121587929712848,9.9962,0.5050157142857143
RAVE,1274,1776087000000,2.607743872007813,0.0,69.52499392742025,0.6007293140017396,0.4447914497883273,0.5552085502116727,0.7706307499384262,-0.016518628357778065,0.050233366935483886,10.04818,0.4983150000000001
RAVE,1275,1776087900000,2.6873393091627342,0.0,69.93264341446849,0.4076494870482321,0.339509340997745,0.660490659002255,0.7324741076885853,-0.01879915238892238,0.04783534504041036,10.02488,0.4763792857142858
RAVE,1276,1776088800000,2.6260354900592953,0.0,55.920822003114125,-14.011821411354362,0.024619251157069554,0.38501429190892067,1.7531482879615494,-0.02319087398881281,0.05390758651100255,9.98001,0.5005357142857144
RAVE,1277,1776089700000,2.3882554773222777,0.0,57.852133762852205,1.9313117597380796,0.18525000000000272,0.8147499999999973,0.6243166571798121,-0.07213013668462709,0.05199402517481502,9.48,0.4902064285714287
RAVE,1278,1776090600000,2.4397440455030215,0.0,59.96311997065527,2.110986207803066,0.2763959550279526,0.7236040449720474,0.6914526001448617,-0.05294632938401389,0.048805924316328506,9.676,0.4679507142857145
RAVE,1279,1776091500000,2.3740002450165387,0.0,58.43029297964476,-1.5328269910105092,0.23688130399625257,0.45052559901263817,0.5311897584581433,-0.056533505596092826,0.04697102431544468,9.63935,0.4467057142857146
RAVE,1280,1776092400000,2.4004565743296196,0.0,63.08720606485111,4.656913085206348,0.16958146487294498,0.830418535127055,1.0723723982057884,-0.023191852754491316,0.04785396835049452,9.98,0.47215357142857173
RAVE,1281,1776093300000,2.142499944471063,0.0,59.78615288677201,-3.3010531780791013,0.0960778593969601,0.469251372351431,0.5088292395756092,-0.03066766500765894,0.04902681453310716,9.90362,0.4757307142857147
RAVE,1282,1776094200000,2.12083690369663,0.0,61.61920685183448,1.8330539650624686,0.11320452818112615,0.8867954718188739,0.4021620370189906,-0.03395925398479982,0.045687347832101474,9.86999,0.4496407142857147
RAVE,1283,1776095100000,2.2017131688121725,0.0,58.168941650525966,-3.450265201308511,0.23867457087241437,0.030348610865332082,0.4558480464892068,-0.03162196154429653,0.046409903425477086,9.89387,0.4490014285714289
RAVE,1284,1776096000000,2.2120480910378153,0.0,59.707343501632444,1.538401851106478,0.14358077234392355,0.8564192276560765,1.2384040383269377,-0.03196061446909315,0.049941786082732864,9.89041,0.48845214285714306
RAVE,1285,1776096900000,2.6025848352852186,0.0,68.94624719839604,9.238903696763593,0.3603782749931686,0.6396217250068313,2.2257822487468633,0.08149300916614055,0.048655367143103034,11.04956,0.5145178571428574
RAVE,1286,1776097800000,2.6854646544876886,0.0,74.6159979745099,5.669750776113858,0.25650501672240794,0.743494983277592,1.4403596889558836,0.04981555826657358,0.04801951967640762,11.6,0.5422950000000001
RAVE,1287,1776098700000,2.7233873873873873,0.0,75.56990941104785,0.9539114365379504,0.48979502260457397,0.510204977395426,1.7553053797978877,0.02433275862068962,0.05096356961098696,11.88226,0.5828142857142858
RAVE,1288,1776099600000,2.4903781512605043,0.0,75.7606298911241,0.19072048007625142,0.438196621959895,0.5618033780401049,0.6891232029590802,-0.021235017580830684,0.05140931302298897,11.62994,0.5893378571428572
RAVE,1289,1776100500000,2.1672772362447015,0.0,76.93741556093785,1.1767856698137535,0.14699461952344395,0.853005380476556,0.9944463922576677,-0.00899071388776218,0.05546055217134998,11.77543,0.6451171428571429
RAVE,1290,1776101400000,1.9785463638620642,0.0,71.76481972103733,-5.172595839900524,0.01577258688416393,0.2882245344688028,0.5412078321358733,-0.02061813156756387,0.05159894886295995,11.63727,0.5882228571428572
RAVE,1291,1776102300000,1.8368460191191862,0.0,72.86586944892736,1.1010497278900289,0.17928935636295557,0.8207106436370444,0.5214334831534472,-0.023995435211820015,0.05160280292891103,11.59714,0.5949792857142856
RAVE,1292,1776103200000,1.8488365304907237,0.0,76.87325325639311,4.007383807465757,0.16801542883073523,0.8319845711692648,1.4747343928866419,0.026740704209468502,0.05211865655888922,12.2,0.6289007142857141
RAVE,1293,1776104100000,1.9547728531410358,0.0,80.39927336742721,3.5260201110341,0.20510935899149146,0.7948906410085085,1.7404270786440408,0.053931147540983604,0.0533587566501188,12.85796,0.6762571428571427
RAVE,1294,1776105000000,1.9520101297879076,0.0,78.79786608342219,-1.6014072840050204,0.289539072707636,0.6549125046258879,1.5633952685694248,0.015367912172693066,0.057390945145099535,13.05556,0.7230478571428568
RAVE,1295,1776105900000,2.154689542402449,0.0,75.83939279981614,-2.958473283606054,0.1380073588593784,0.6655887087501429,0.7151368376137097,-0.027643394844801716,0.05984678209499443,12.69466,0.7458099999999996
RAVE,1296,1776106800000,1.9189514099863945,0.0,76.20425176041533,0.364858960599193,0.060062340153457565,0.9399376598465424,0.2376026104066837,-0.04034449690400099,0.05960038206931836,12.52884,0.7458278571428567
RAVE,1297,1776107700000,2.082490828354112,0.0,81.46577464643957,5.261522886024238,0.0,1.0,0.9666370230033597,0.02778892671015254,0.059194481079867946,13.41836,0.7942928571428568
RAVE,1298,1776108600000,1.9532571898074007,0.0,80.11205279353061,-1.3537218529089614,0.14434558651370158,0.47992273472254326,0.2225452327953517,0.001837780473917805,0.05629573812096573,13.44302,0.7517828571428569
RAVE,1299,1776109500000,1.958548483098069,0.0,77.42409956683834,-2.6879532266922723,0.08435213149030053,0.825241026832385,1.293599919552325,0.0020337691976950456,0.05714894736364706,13.47036,0.7560599999999997
RAVE,1300,1776110400000,1.5583515632693015,0.0,67.84672880851694,-9.577370758321393,0.018664955836713588,0.2434053473382674,0.7547243448360177,-0.016341062896611525,0.05638372601146295,13.25024,0.718505714285714
RAVE,1301,1776111300000,1.5100587630695657,0.0,56.57412395349419,-11.272604855022756,0.12356190476190486,0.1861619047619052,0.7222131285082568,-0.044568964749271744,0.060622799488611614,12.87,0.7284114285714283
RAVE,1302,1776112200000,1.2921843672082614,0.0,40.36107571837717,-16.213048235117014,0.0,0.5438760096829046,2.2672675336410797,-0.10800676448142432,0.09219280223236169,12.01547,0.9571299999999997
RAVE,1303,1776113100000,1.0539756840569847,0.0,30.66077942722079,-9.700296291156384,0.038010503776588225,0.4571256859316438,1.879675451918539,-0.22015966908085594,0.12908294461428255,10.50473,1.1239471428571426
RAVE,1309,1776118500000,1.0273386307147696,0.0,45.93089678225065,-1.6322169050114184,0.1995934330600788,0.2123207459619513,0.5080584992004701,-0.200705103649791,0.13287624068282858,10.76679,1.3832828571428573
RAVE,1410,1776209400000,1.0854808193536902,0.0,65.11106550524016,0.6541399446682874,0.4892673364371493,0.5107326635628507,0.7390182215162457,-0.0076330330330329765,0.0330774667634262,16.52291,0.539931428571429
RAVE,1411,1776210300000,1.0212665168638604,0.0,65.53142553054826,0.42036002530809924,0.4623197903014423,0.5376802096985577,0.5765234677814707,-0.010794594594594531,0.030781368980189232,16.47027,0.5035028571428575
RAVE,1412,1776211200000,1.080517989541082,0.0,65.61047686523477,0.07905133468651115,0.14561191159157905,0.8483527051450017,1.46669851177749,-0.01171771771771768,0.030818222993279108,16.4549,0.5042921428571431
RAVE,1413,1776212100000,1.1703769819132979,0.0,75.45812088112481,9.84764401589004,0.13413874186767163,0.8658612581323284,2.416529957108873,0.051518318318318324,0.0325661946966499,17.50778,0.564904285714286
RAVE,1414,1776213000000,1.3799599482983287,0.0,77.87200190592807,2.41388102480326,0.4844221705148842,0.5155778294851159,1.8220508994631681,0.03382610473743686,0.033887902949671256,18.1,0.5996135714285717
RAVE,1415,1776213900000,1.5274230634856578,0.0,81.8556306174118,3.983628711483732,0.24121992728397842,0.7587800727160215,1.930774875071397,0.031169060773480473,0.034642975448961985,18.66416,0.6379400000000003
RAVE,1416,1776214800000,1.3975947379865734,0.0,82.0277051078437,0.17207449043189627,0.6407282051282068,0.3592717948717931,2.1435401950151016,0.02201224164387794,0.036072216596208365,19.075,0.6655428571428572
RAVE,1417,1776215700000,1.398296146570266,0.0,78.03346635925602,-3.9942387485876765,0.11643150106952765,0.5336263908785868,1.2529584719636861,-0.02964246395806025,0.03576788083260309,18.50957,0.6535478571428571
RAVE,1418,1776216600000,1.1929960713747363,0.0,78.93212458178925,0.8986582225332285,0.35287835463533795,0.6471216453646621,1.1504339806939374,-0.02375517693315843,0.03535272167259663,18.62187,0.6510914285714289
RAVE,1419,1776217500000,1.2724078604458704,0.0,80.74543333028039,1.8133087484911385,0.12142127924009004,0.87857872075991,1.137908702803399,-0.015367758846657753,0.03499857540675286,18.78186,0.6554235714285719
RAVE,1420,1776218400000,1.3384333032016755,0.0,71.87236146677306,-8.873071863507334,0.09064217302559166,0.26696498665410645,1.3515204221248958,-0.015415989515071948,0.036875629346336314,18.78094,0.6753428571428576
RAVE,1421,1776219300000,1.168409690629995,0.0,65.49620673302866,-6.3761547337444,0.03023028552005348,0.6099698334466365,1.6253607139975934,-0.03845609436435127,0.03927779422987572,18.34145,0.705989285714286
RAVE,1422,1776220200000,1.2390176944708493,0.0,64.11432975069769,-1.3818769823309651,0.13275951707006925,0.777909999422334,0.9695346469879697,-0.051647182175622586,0.039637916336747486,18.08983,0.7094235714285718
RAVE,1423,1776221100000,1.2359207380578954,0.0,62.04671276461513,-2.0676169860825624,0.4907196232222644,0.3008102946357399,1.6676767192798665,-0.04785058977719525,0.03947911980278273,18.16225,0.7021428571428574
RAVE,1424,1776222000000,1.1927601465783857,0.0,52.648714179049215,-9.397998585565915,0.10379205753996108,0.14703661517590794,1.3601199298489575,-0.06297352555701174,0.042354407722303915,17.87378,0.7288050000000001
RAVE,1425,1776222900000,1.1379013782363532,0.0,56.205294374467414,3.5565801954181993,0.22420065916192045,0.7757993408380796,0.46111040492940847,-0.07733892529488862,0.04256877475196995,17.59976,0.7447407142857143
RAVE,1985,1776726900000,1.245077720207254,0.0,89.16729129717218,2.9452505382841565,0.10346666666666711,0.8965333333333328,3.694412833214716,0.1311347024016707,0.06976069615663524,1.2999,0.08932857142857142
RAVE,1986,1776727800000,1.1883838383838388,0.0,66.93387451879806,-22.23341677837412,0.0693106004447745,0.15530022238695346,2.892888729512699,0.0,0.09975346481876331,1.2999,0.10693571428571427
RAVE,1988,1776729600000,1.2387947269303203,0.0,66.21809998607287,-2.028501786209759,0.5692204301075267,0.2762096774193542,1.5966845666589917,-0.08546811293176393,0.11765133395879858,1.1888,0.12719285714285714
RAVE,1989,1776730500000,1.1312380952380954,0.0,67.41967929031534,1.2015793042424718,0.12229437229437319,0.8777056277056268,1.1206522759209028,-0.13924148011385495,0.11978924831037507,1.1189,0.13267857142857142
RAVE,1990,1776731400000,1.2099236641221371,0.0,67.602315027494,0.1826357371786571,0.5535714285714294,0.4464285714285706,0.8901641430466607,-0.10916224324948087,0.12382237645395539,1.158,0.1376285714285714
RAVE,1991,1776732300000,1.3002032520325204,0.0,64.73638893362298,-2.8659260938710247,0.2674418604651158,0.36950904392764844,0.6995650608162821,-0.12939456881298572,0.1304038098755986,1.1317,0.1412142857142857
RAVE,1992,1776733200000,1.2040485829959513,0.0,63.889878677651545,-0.846510255971431,0.09589041095890494,0.7568493150684934,0.6665804605563954,-0.1623971074698054,0.13345164978330806,1.0888,0.14340714285714284
RAVE,1993,1776734100000,1.176458752515091,0.0,57.19424386940073,-6.695634808250816,0.062146892655368706,0.28342749529190203,0.9628899508233711,-0.1678590660820063,0.14299210137515622,1.0817,0.1437928571428571
RAVE,1994,1776735000000,1.146484375,0.0,61.473112798475505,4.2788689290747755,0.2724358974358985,0.7275641025641014,0.6780433053940842,-0.1545503500269252,0.13184509947434958,1.099,0.14153571428571426
RAVE,1995,1776735900000,1.0664761904761901,0.0,56.47683826205771,-4.996274536417793,0.1426799007444177,0.16625310173697366,0.6194846660141139,-0.16539733825678904,0.13219584778000815,1.0849,0.1345357142857143
RAVE,1996,1776736800000,1.224590163934426,0.0,65.1780612195216,8.701222957463884,0.21155682903533907,0.788443170964661,1.0887948479174976,-0.06046618970690054,0.11861269571549947,1.2213,0.13960714285714287
RAVE,1997,1776737700000,1.3539888682745822,0.0,67.22459452241941,2.0465333028978137,0.3462414578587691,0.653758542141231,1.4401823609256812,-0.02392491730133095,0.10937354012893581,1.2688,0.13378571428571429
RAVE,1998,1776738600000,1.6513416815742392,0.0,74.5037709165751,7.279176394155698,0.18885564697083013,0.8111443530291699,2.1956330350498265,0.1401646280483113,0.0989103101424979,1.4821,0.1416
RAVE,1999,1776739500000,1.6347442680776019,0.0,71.15555242513489,-3.348218491440221,0.3436464088397791,0.42928176795580153,1.4781315939557822,0.007961676000269868,0.10149267530973269,1.4939,0.14113571428571428
RAVE,2000,1776740400000,1.5576719576719578,0.0,72.36575447484715,1.2102020497122652,0.2516778523489931,0.7483221476510069,1.044944407949663,-0.0292522926568044,0.08982979617566716,1.4502,0.12825
RAVE,2001,1776741300000,2.047467166979362,0.0,77.21384190574871,4.848087430901558,0.10433539780848039,0.8956646021915197,1.7652570099761986,0.08728830577682589,0.08158298266885385,1.6243,0.13072857142857142
RAVE,2002,1776742200000,2.2003710575139146,0.0,79.38126136539096,2.1674194596422467,0.1410327595780126,0.8589672404219874,1.6922137022335875,0.06199593671119863,0.07823269340685203,1.725,0.1329642857142857
RAVE,2003,1776743100000,3.8990942028985502,0.0,86.63778786008466,7.256526494693702,0.47593114849752,0.52406885150248,4.417792673269524,0.5677101449275361,0.09021368265577935,2.7043,0.1998142857142857
RAVE,2004,1776744000000,2.7777777777777777,0.0,57.01477002038543,-29.62301783969923,0.18868355007985402,0.005817932922655583,3.044396017894299,-0.11992012720482192,0.16998910933282824,2.38,0.2564285714285714
RAVE,2005,1776744900000,1.7506920415224916,0.0,54.227662412601134,-2.787107607784293,0.17044273539804627,0.6258574101018497,2.5296970649922583,-0.4120844580852716,0.20232944585735563,1.5899,0.2852642857142857
RAVE,2006,1776745800000,1.8423636363636358,0.0,57.375117240936376,3.147454828335242,0.08023379383634377,0.9197662061636562,1.2403113133235437,-0.4219206448988648,0.1902439699558935,1.5633,0.2945357142857143
RAVE,2007,1776746700000,2.1063670411985016,0.0,53.30765648329826,-4.067460757638116,0.3134539287733182,0.2846240814019219,1.4679465736576203,-0.38660651554931036,0.2221109970629783,1.6588,0.3122214285714286
RAVE,2008,1776747600000,1.807427536231884,0.0,55.20596280671581,1.8983063234175503,0.29716117216117277,0.7028388278388272,0.8353514148551667,-0.42694967274340856,0.2162821351600985,1.5497,0.32113571428571425
RAVE,2009,1776748500000,1.8848484848484848,0.0,55.983172560882615,0.7772097541668046,0.48544152744630126,0.5145584725536987,0.7214267670293466,-0.4015456864992789,0.2178036903427554,1.6184,0.3303428571428571
RAVE,2010,1776749400000,1.8648897058823528,0.0,56.28023506929438,0.29706250841176285,0.32299465240641745,0.6770053475935826,0.4326568320142271,-0.42369559590282146,0.210733681681794,1.5585,0.32206428571428575
RAVE,2011,1776750300000,1.8715341959334566,0.0,55.18757716503375,-1.0926579042606264,0.18494152046783693,0.5847953216374256,0.44890540477971824,-0.4255445031986096,0.21542631885385946,1.5535,0.32242857142857145
RAVE,2012,1776751200000,2.3303085299455533,0.0,62.29507092734135,7.107493762307598,0.1565982404692079,0.8434017595307921,0.8793914196631311,-0.32145102244573454,0.1839277695811149,1.835,0.3276857142857143
RAVE,2013,1776752100000,2.5027624309392262,0.0,63.43925484157661,1.1441839142352634,0.2370524852276672,0.7629475147723328,1.2067639167928463,-0.2966756646821729,0.18284826200084134,1.902,0.33530714285714286
RAVE,2014,1776753000000,2.6052631578947367,0.0,58.320317827982514,-5.118937013594099,0.28383395207559853,0.24265946675666578,0.8712783901681151,-0.2907591613356506,0.20671097914839065,1.918,0.3500857142857144
RAVE,2015,1776753900000,2.438269230769231,0.0,58.813010093635995,0.49269226565348134,0.5530973451327432,0.4469026548672567,0.5651071308415511,-0.3388677291720593,0.20128353752616698,1.7879,0.34477857142857143
RAVE,2016,1776754800000,3.0413240131578947,0.0,64.44398913376358,5.630979040127585,0.047798268724124696,0.9522017312758753,0.7325934496358304,-0.27312058573383124,0.1796686416502085,1.9657,0.3508928571428572
RAVE,2017,1776755700000,3.1436041834271924,0.0,64.04340754577848,-0.40058158798510135,0.5821138211382108,0.36368563685636923,0.800227252481335,-0.23817623784343445,0.14958895849877935,2.0602,0.29062142857142853
RAVE,2018,1776756600000,2.886517750299163,0.0,60.08438125565694,-3.9590262901215354,0.018608113137328294,0.6043915147004094,0.760801012978299,-0.2794068705395111,0.13417281806339557,1.9487,0.2472
RAVE,2019,1776757500000,3.134396809571286,0.0,63.61631601332566,3.531934757668715,0.3016042780748664,0.6983957219251337,0.7375890268661737,-0.2332951225825537,0.11709142627284219,2.0734,0.23287142857142853
RAVE,2020,1776758400000,3.1078665077473184,0.0,60.00729481079223,-3.6090212025334267,0.3081440877055592,0.3285043069694602,0.7928040840377072,-0.23532892060792077,0.12532768855274654,2.0679,0.23767142857142856
RAVE,2021,1776759300000,2.7840952746830583,0.0,55.7257940684082,-4.281500742384033,0.21558823529411736,0.44176470588235317,0.926722907874279,-0.27153052545945344,0.13295456369268302,1.97,0.2366857142857143
RAVE,2022,1776760200000,2.3938706015891036,0.0,55.20740455813336,-0.5183895102748366,0.10534846029173522,0.7730956239870338,0.5937399648509996,-0.33661206227119767,0.13018120045300113,1.794,0.22990000000000002
RAVE,2023,1776761100000,2.044966785896781,0.0,46.258752101401086,-8.948652456732276,0.04954128440366985,0.3213302752293579,1.19874940460044,-0.3389416854638908,0.16495413019746039,1.7877,0.24607857142857142
RAVE,2024,1776762000000,1.31465392412395,0.0,45.81541633521407,-0.443335766187019,0.6450450450450443,0.26786786786786754,0.8456055315716472,-0.32836134453781507,0.17018343298310792,1.5985,0.25129285714285715
RAVE,2025,1776762900000,1.1379026730637425,0.0,46.41216303722123,0.5967467020071595,0.5796344647519581,0.4203655352480419,0.7112425050833302,-0.2478055367994597,0.16726629030714765,1.5596,0.24972857142857147
RAVE,2026,1776763800000,1.3965985422323852,0.0,51.127131394290835,4.714968357069608,0.26233766233766215,0.7376623376623379,0.9158010578974147,-0.19123179318992956,0.14702498067598907,1.6769,0.23912142857142862
RAVE,2027,1776764700000,1.5538638322321172,0.0,52.52980227178307,1.402670877492234,0.6547619047619057,0.3452380952380944,0.9686339146760229,-0.1424713031735313,0.13823227132579655,1.778,0.23057142857142862
RAVE,2028,1776765600000,1.6149999999999998,0.0,49.28198831779074,-3.2478139539923276,0.33086138049058783,0.16371933827723872,0.8143683092472186,-0.16759911256872762,0.14052337835026374,1.7259,0.2219285714285715
RAVE,2029,1776766500000,1.5505930590130328,0.0,54.28223036302321,5.0002420452324685,0.09200438116100722,0.9079956188389928,0.6686822706343266,-0.1599305488569499,0.13060041407867498,1.7418,0.22528571428571434
RAVE,2030,1776767400000,1.4255491173696266,0.0,52.90964678038492,-1.372583582638292,0.5505780346820809,0.2008670520231216,0.7825568780012969,-0.13186071187421622,0.1279702007475182,1.8,0.21619285714285721
RAVE,2031,1776768300000,1.2327575009741527,0.0,51.97535795825045,-0.9342888221344694,0.2765757290686743,0.5004703668861701,0.5715090347678685,-0.17092697983987648,0.1264224400367026,1.719,0.21060714285714285
RAVE,2032,1776769200000,1.319157720891825,0.0,52.11099146859314,0.1356335103426929,0.12549960031974458,0.8745003996802554,0.5635303363003834,-0.1872769364329121,0.12001317838744459,1.6851,0.20035
RAVE,2033,1776770100000,1.547126103952512,0.0,54.42395602153369,2.3129645529405494,0.3336864406779668,0.6663135593220332,0.6619197491556196,-0.1514903057779492,0.10826319183767963,1.7593,0.18705714285714287
RAVE,2034,1776771000000,1.4527696386214597,0.0,50.347812588147136,-4.076143433386555,0.19595035924232543,0.20966688438928816,0.6319805195159315,-0.1521655252242693,0.10981122854175579,1.7579,0.17975000000000005
RAVE,2035,1776771900000,1.4569440417512323,0.0,51.15823805523522,0.8104254670880877,0.3531531531531543,0.6468468468468457,0.5888322382884014,-0.18259863026912315,0.09869102267628484,1.6948,0.16339285714285717
RAVE,2036,1776772800000,1.4417625596407522,0.0,53.52178626296822,2.363548207732997,0.23561430793157062,0.7643856920684293,0.7253184665989293,-0.1607986881450757,0.09578539259184989,1.74,0.16376428571428575
RAVE,2037,1776773700000,1.6012605042016808,0.0,55.075386775448976,1.553600512480756,0.658220388921626,0.34177961107837396,0.9667994900664295,-0.10422494453554543,0.08291868534764964,1.8573,0.1447428571428572
RAVE,2038,1776774600000,1.5914195220270662,0.0,50.726471649719585,-4.348915125729391,0.30617977528089896,0.21404494382022368,1.0511976968587726,-0.13186071187421622,0.0876840465720654,1.8,0.14556428571428576
RAVE,2039,1776775500000,1.3668531468531468,0.0,49.99551714877274,-0.7309545009468437,0.19961977186311708,0.7027883396704692,0.9905645936220061,-0.18380437928040905,0.09032975047318063,1.6923,0.14862857142857142
RAVE,2040,1776776400000,1.6058426966292134,0.0,49.457749572362445,-0.537767576410296,0.7578947368421053,0.15546558704453506,0.8386166686402627,-0.15885681125779771,0.0878845330560822,1.7394,0.1437
RAVE,2041,1776777300000,1.4809193408499568,0.0,51.60749107923096,2.1497415068685157,0.47876004592422355,0.5212399540757765,0.5613538450201303,-0.12878172588832493,0.08236081964136426,1.7163,0.13792142857142858
RAVE,2042,1776778200000,1.454183832930814,0.0,52.94968989584968,1.342198816618719,0.3502475247524752,0.6497524752475248,0.593468589825412,-0.06988639422818066,0.07719599139090665,1.7275,0.13117142857142858
RAVE,2043,1776779100000,1.5583527357392315,0.0,53.61428109859645,0.6645912027467702,0.5346197502837672,0.4653802497162329,0.8399645579663252,-0.05341086523448013,0.07271854387576188,1.7581,0.12442142857142859
RAVE,2044,1776780000000,1.7132922396080286,0.0,50.14912410345761,-3.465156995138841,0.043412033511042024,0.548362528560549,1.078689919810991,-0.07570128681419264,0.07476426071816443,1.7167,0.12391428571428573
RAVE,2045,1776780900000,1.6016347933374462,0.0,49.67181026016289,-0.4773138432947164,0.38866930171278063,0.5138339920948601,0.6602719402376853,-0.0917460830237441,0.0737835497835498,1.6869,0.12174285714285715
RAVE,2046,1776781800000,1.5407771463676854,0.0,43.01631977669665,-6.655490483466245,0.022828507795101392,0.3541202672605792,1.3723715178479559,-0.10929844397781718,0.0816717898236458,1.6543,0.12563571428571432
RAVE,2047,1776782700000,1.3978710274606603,0.0,34.92652875000492,-8.089791026691728,0.04698581560283695,0.4228723404255319,3.123980294065915,-0.16314004199644638,0.10527173341742879,1.5543,0.14306428571428573
RAVE,2048,1776783600000,1.3425449871465296,0.0,39.2496533691996,4.3231246191946795,0.17037387600567924,0.8296261239943208,1.7304817779677932,-0.21498950088838642,0.10353124372111717,1.458,0.14722142857142861
RAVE,2049,1776784500000,1.318833801060181,0.0,37.45874552241589,-1.7909078467837105,0.4821693907875181,0.20208023774145528,1.1052921308722545,-0.19921391266892796,0.10791154638534887,1.4873,0.1489071428571429
RAVE,2050,1776785400000,1.1668496158068056,0.0,34.267062394053966,-3.191683128361923,0.01006036217303712,0.45204560697518525,1.5089498362492493,-0.25601679857858184,0.11566143263704992,1.3818,0.1503714285714286
RAVE,2051,1776786300000,1.2472458293988038,0.0,40.29480839102763,6.027745996973664,0.3103180760279289,0.6896819239720712,1.0255634723437628,-0.23119582189199372,0.10624478914701557,1.4279,0.1474571428571429
RAVE,2052,1776787200000,1.3879658009356346,0.0,43.88012179654453,3.5853134055168994,0.271963330786859,0.7280366692131409,1.1669908610208173,-0.2029828245302321,0.09973894728515068,1.4803,0.1440928571428572
RAVE,2053,1776788100000,1.4836516672062157,0.0,46.16044183289194,2.280320036347412,0.4130605822187254,0.5869394177812747,1.015272535360798,-0.17385452000215362,0.09575544908563334,1.5344,0.14190000000000005
RAVE,2054,1776789000000,1.4695423114916033,0.0,43.81046524889155,-2.3499765840003874,0.21258907363420446,0.24346793349168586,0.6805367467366464,-0.19237602972056211,0.09684108970469762,1.5,0.13909285714285718
RAVE,2055,1776789900000,1.6547173176386658,0.0,42.75663467422096,-1.0538305746705916,0.4358108108108103,0.385979729729729,0.7891973040959889,-0.19856781349270447,0.09982241236655703,1.4885,0.14132857142857144
RAVE,2056,1776790800000,1.4988054607508534,0.0,42.7710980330383,0.014463358817337735,0.7944078947368427,0.20559210526315727,0.4547128655988091,-0.21159748021321279,0.09879943502824862,1.4643,0.13990000000000002
RAVE,2057,1776791700000,1.5855320636030052,0.0,44.22795360420748,1.4568555711691786,0.4635416666666661,0.5364583333333339,0.47971375045436426,-0.20330587411834378,0.09787087912087913,1.4797,0.14046428571428574
RAVE,2058,1776792600000,1.5140464142383525,0.0,42.26079315461969,-1.9671604495877872,0.09650924024640925,0.21560574948665576,0.4997786010163257,-0.19955555555555549,0.0959391741867145,1.4408,0.13456428571428575
RAVE,2059,1776793500000,1.409827760891591,0.0,39.16487782972117,-3.0959153248985203,0.2032312925170072,0.33418367346938704,0.6963862991313797,-0.1882714293839941,0.10197424165395697,1.4271,0.13754285714285716
RAVE,2060,1776794400000,1.2122741331596942,0.0,39.49316957714449,0.32829174742332157,0.05767524401064728,0.9423247559893527,0.901945418047472,-0.22700642739320853,0.09816213361499869,1.359,0.13276428571428572
RAVE,2061,1776795300000,1.3725062866722548,0.0,42.12917449234675,2.636004915202257,0.3842645381984039,0.6157354618015961,0.711390019640413,-0.19504010010807116,0.08313944470296264,1.4152,0.11485714285714288
RAVE,2062,1776796200000,1.3429967426710099,0.0,44.44789664287056,2.3187221505238114,0.5139573070607556,0.4860426929392444,0.42308752397708493,-0.18173027700358335,0.0739815858127519,1.4386,0.10411428571428574
RAVE,2063,1776797100000,1.3238265971316818,0.0,39.67678699860116,-4.771109644269401,0.16335350043215152,0.2178046672428687,0.5206937479454435,-0.18895398441499345,0.07695393568540193,1.4259,0.10276428571428574
RAVE,2064,1776798000000,1.192644483362522,0.0,40.138754011566704,0.46196701296554465,0.759753593429157,0.24024640657084295,0.38673304258786545,-0.1977631502300926,0.07132730722493445,1.3772,0.09559285714285716
RAVE,2065,1776798900000,1.0848221221065715,0.0,34.19823029095538,-5.940523720611324,0.010401188707280776,0.49034175334323976,1.1108613004249366,-0.20445788132076592,0.08135513102828092,1.342,0.10080714285714289
RAVE,2067,1776800700000,1.0684136199592031,0.0,37.168019555196416,-0.8323917168271535,0.6128048780487797,0.17378048780487895,0.4659294368680071,-0.15190117737888442,0.07452531645569622,1.3182,0.09420000000000003
RAVE,2068,1776801600000,1.0932419509085114,0.0,38.8976886327822,1.7296690775857826,0.6605691056910575,0.3394308943089424,0.4222931717920053,-0.14409541188738273,0.0716014544481128,1.3133,0.09170714285714288
RAVE,2069,1776802500000,1.194529859200518,0.0,38.774526646584725,-0.12316198619747354,0.7497527200791291,0.23837784371908965,0.5839255566189152,-0.11626694473409793,0.07073606612308728,1.356,0.09047142857142862
RAVE,2070,1776803400000,1.0530386740331492,0.0,35.666508831569615,-3.10801781501511,0.2774936061381079,0.13554987212276418,0.6117464862855508,-0.15237226277372262,0.07438303788668756,1.3006,0.09171428571428576
RAVE,2071,1776804300000,1.0789847075516317,0.0,39.81167699282797,4.145168161258354,0.5337690631808278,0.46623093681917216,0.5636137914152555,-0.1405761209593327,0.07199675963950992,1.3187,0.09141428571428575
RAVE,2072,1776805200000,1.0613312202852616,0.0,40.642165112574816,0.8304881197468461,0.37048665620094373,0.6295133437990563,0.49414061330975395,-0.15230709071949944,0.07241853753481661,1.3007,0.0924857142857143
RAVE,2073,1776806100000,1.0343915343915344,0.0,40.832263783621976,0.19009867104715994,0.5489443378119013,0.4510556621880986,0.6331809300351808,-0.14800573514077164,0.06866907238378264,1.3073,0.08780714285714286
RAVE,2074,1776807000000,1.0278450363196123,0.0,46.62004274528152,5.787778961659548,0.16200294550810176,0.8379970544918982,0.6442130912124091,-0.10666666666666658,0.06366225948618726,1.34,0.08460714285714287
RAVE,2075,1776807900000,1.427931596091205,0.0,61.97994999462136,15.359907249339834,0.5526806044297247,0.44731939557027534,2.1639949678690886,0.20181390661740006,0.07415073263683553,1.7889,0.11284999999999999
RAVE,2076,1776808800000,1.0496863854384455,0.0,67.35972376957695,5.379773774955588,0.2744458930899611,0.7255541069100389,1.2317309811358599,-0.06836603499357141,0.07353471397792725,1.6666,0.11945714285714283
RE,236,1781904600000,1.0180224719101125,0.0,65.65633033254889,-3.3292773647397667,0.5251565536601159,0.14770028071690902,1.402443516474843,0.020488869191695347,0.04509097564831068,0.89802,0.03871285714285714
RE,240,1781908200000,1.115339905142751,0.0,66.55921116027727,3.8350063878276757,0.3301677746122206,0.6698322253877794,1.5238456551474115,0.01317342598160387,0.04896568015388251,0.90985,0.043530000000000006
RE,241,1781909100000,1.0482178868420458,0.0,64.34067765418004,-2.2185335060972307,0.3941717791411047,0.3553169734151313,1.0377866171997798,-0.006495576193878194,0.04942578815940069,0.90394,0.04343142857142857
RE,242,1781910000000,1.1045809950926295,0.0,65.37422283483978,1.0335451806597433,0.2849056603773567,0.7150943396226433,0.997799256310101,-0.014870583063142373,0.04738424233837078,0.89632,0.04204214285714286
RE,243,1781910900000,1.1495353355649711,0.0,66.95865881385606,1.584435979016277,0.3974216492553905,0.6025783507446095,1.2726075372218775,0.009243281859647068,0.04814792484443078,0.91826,0.04335142857142858
RE,244,1781911800000,1.1354293188825562,0.0,65.33174772583119,-1.626911088024869,0.47078804347826,0.3046875000000009,0.739433344915378,-0.004399625378433081,0.049144455544455554,0.91422,0.04392285714285715
RE,245,1781912700000,1.0891971106136484,0.0,63.51196149682073,-1.819786229010461,0.41678726483357365,0.32054992764109913,0.7935883663555353,-0.014146320214318275,0.04961622321096202,0.90527,0.04398428571428572
RE,246,1781913600000,1.0111575391180656,0.0,56.76631268680443,-6.745648810016299,0.2661547377571719,0.3171544479860906,1.9919683127235535,-0.014592816849258394,0.054008837279796676,0.90486,0.046325000000000005
RE,247,1781914500000,1.0058846162551207,0.0,58.42316262402665,1.6568499372222192,0.5732424899349645,0.42675751006503554,1.030596175314792,-0.034848517848975136,0.05317117339589251,0.88626,0.04613928571428572
RE,248,1781915400000,1.0067192320877614,0.0,57.29049708327834,-1.132665540748313,0.3705420827389439,0.4618402282453633,0.9611989985185093,-0.0438002308714307,0.05380132932714196,0.87804,0.04642785714285715
RE,250,1781917200000,1.1710886214442016,0.0,68.16269017848649,10.74623942127387,0.18294026890015486,0.8170597310998452,2.2129235429908953,0.037287914098403485,0.04809503457329081,0.9525,0.04501214285714287
RE,251,1781918100000,1.1348033644010003,0.0,65.88816181170718,-2.2745283667793075,0.10059729644766084,0.6108142093681215,1.2700747261847414,-0.014068241469816223,0.04563791806432519,0.9391,0.04229357142857144
RE,252,1781919000000,1.1233017000068273,0.0,59.88457006789475,-6.003591743812429,0.14484930274403943,0.2827260458839396,1.0284964162682977,-0.020472440944881876,0.04813111448261431,0.933,0.04337142857142858
RE,253,1781919900000,1.0220079557246629,0.0,64.01416348089633,4.1295934130015794,0.10268830225236175,0.8973116977476383,0.8387256700239824,-0.01805774278215222,0.04629055669267902,0.9353,0.04309928571428573
RE,254,1781920800000,1.043823568021704,0.0,60.234945646676174,-3.7792178342201552,0.09707822808671174,0.37040527803958395,0.7561791057833056,-0.019265091863516992,0.044699215630504004,0.93415,0.040860000000000014
RE,255,1781921700000,1.18889848106582,0.0,61.39202885439706,1.1570832077208877,0.4990665836963276,0.5009334163036724,0.6254572077584217,-0.015076115485564312,0.04377120547817871,0.93814,0.04036142857142859
RE,256,1781922600000,1.1688275412583504,0.0,59.90942399968868,-1.4826048547083843,0.5100956429330483,0.15196599362380347,0.4577203663967164,-0.02178477690288716,0.04306040218203488,0.93175,0.03943428571428572
RE,274,1781938800000,1.0479178172981332,0.0,61.34650887402089,4.379180996047779,0.27105666156202074,0.7289433384379793,1.3573010762215005,-0.011885219690024984,0.037746818762999186,0.92699,0.03445642857142855
RE,275,1781939700000,1.0494103430527892,0.0,59.71602049072829,-1.630488383292601,0.1482926829268262,0.5707317073170763,0.9076808493243232,-0.023791758159762977,0.034907089779088164,0.91582,0.03166142857142855
RE,276,1781940600000,1.0198762464387463,0.0,56.32254191960056,-3.39347857112773,0.02724520686175496,0.35923309788092805,0.5920178655569109,-0.026037027099543808,0.03354338527954682,0.90749,0.030014285714285698
RE,277,1781941500000,1.0671673965826316,0.0,57.08699598444691,0.7644540648463476,0.6080885893115064,0.3919114106884935,0.715116775749769,-0.017270952221706826,0.03266862263355834,0.91098,0.02934785714285713
RE,278,1781942400000,1.1126855443796604,0.0,51.316176054953004,-5.7708199294939035,0.2312642723686948,0.32779738426406385,1.435891103710817,-0.01887830505183441,0.03509333411512157,0.90949,0.03078071428571428
RE,279,1781943300000,1.083740745914234,0.0,53.28205769524533,1.9658816402923236,0.4330218068535835,0.5669781931464165,0.6824495597250652,-0.03445560362031952,0.03315911599357132,0.89505,0.02935642857142856
RE,280,1781944200000,1.1286854460093898,0.0,56.94253488515025,3.660477189904924,0.24200710479573528,0.7579928952042647,0.8308563399279107,-0.021758595022600025,0.03176910068641543,0.90682,0.02863571428571428
RE,281,1781945100000,1.0931321419465498,0.0,52.057319995813074,-4.885214889337178,0.05968028419182605,0.30657193605683924,0.8630937602845002,-0.02583630891379629,0.03170354297097324,0.90304,0.028010714285714278
RLS,455,1775349900000,1.3610991841992273,0.0,81.01878143930375,9.72935362888822,0.14421052631579032,0.8557894736842097,6.263144996790361,0.1613516367476242,0.04558533596206106,0.005499,0.0002444285714285714
RLS,456,1775350800000,1.6214317083882301,0.0,83.92886354130326,2.9100821019995067,0.37783711615487325,0.6221628838451267,4.492688935188287,0.08547008547008539,0.051856690618561886,0.005969,0.0002948571428571429
RLS,457,1775351700000,1.485630987088713,0.0,77.41927042564633,-6.509593115656926,0.43577981651376224,0.31651376146788945,3.5546335797221222,-0.00016753224995813554,0.06116904287525553,0.005968,0.00033771428571428575
RLS,458,1775352600000,1.3845172267120378,0.0,69.82016340015088,-7.5991070254954565,0.24147727272727282,0.14772727272727268,2.2097437238294484,-0.06081420673479654,0.06710731786118142,0.005606,0.00035607142857142863
RLS,459,1775353500000,1.414965986394558,0.0,73.64293825126202,3.8227748511111486,0.20204603580562688,0.7979539641943731,1.5522666099606217,-0.04841682023789584,0.06801081439538859,0.00568,0.0003809285714285715
RLS,460,1775354400000,1.428694900605013,0.0,72.1091247391219,-1.533813512140128,0.08372093023255718,0.6976744186046513,1.0457292606553568,-0.05846875523538286,0.06772534396296774,0.00562,0.00037621428571428577
RLS,461,1775355300000,1.5412170910660334,0.0,75.82265868682781,3.713533947705912,0.03805496828752595,0.961945031712474,1.3242785729707587,-0.013570112246607535,0.06887320515940619,0.005888,0.00040428571428571434
RLS,462,1775356200000,1.6578044596912527,0.0,76.1590804485653,0.3364217617374976,0.7261613691931541,0.2738386308068459,2.0453863279162,0.03836488524040882,0.07095649647759461,0.006198,0.00041871428571428577
RLS,463,1775357100000,1.727815699658703,0.0,77.66012657196146,1.5010461233961507,0.5100864553314122,0.48991354466858783,1.8876474738746474,0.03162310422716996,0.07436140018921476,0.006394,0.0004491428571428572
RLS,464,1775358000000,1.667520273154076,0.0,78.1190865560653,0.4589599841038421,0.6162361623616245,0.3837638376383755,0.84330932039703,-0.02252111354394748,0.07310772410229917,0.00625,0.0004447142857142858
RLS,465,1775358900000,1.6716092455298739,0.0,57.281615379457534,-20.837471176607764,0.041176470588235654,0.26470588235294057,2.1217248836749456,-0.04191429465123553,0.09474649234693878,0.006126,0.0005093571428571429
RLS,466,1775359800000,1.3979903888160772,0.0,57.591768242790465,0.3101528633329309,0.4726368159203965,0.5273631840796035,0.8803013199592015,-0.1415389427588365,0.09425817045394354,0.005489,0.0005084285714285715
RLS,467,1775360700000,1.4105815478793176,0.0,58.04735646906871,0.4555882262782447,0.35877862595419635,0.6412213740458037,0.8267148944151178,-0.13778542383484527,0.09307199536024044,0.005513,0.000504357142857143
RLS,468,1775361600000,1.3555941023417173,0.0,53.83685890884482,-4.210497560223892,0.029177718832892774,0.517241379310346,1.1815678222496437,-0.15045355020331563,0.09548299319727893,0.005432,0.0005012857142857144
RLS,469,1775362500000,1.2793103448275862,0.0,53.14899575473384,-0.6878631541109783,0.11046511627906912,0.808139534883721,1.1088792937779979,-0.1729746637472631,0.08770585982382233,0.005288,0.0004580000000000002
RLS,470,1775363400000,1.2613929492691316,0.0,50.39982933666224,-2.749166418071596,0.19999999999999812,0.1945945945945967,0.5238892286608517,-0.17735376915858625,0.08172848478072509,0.00526,0.0004177142857142859
RLS,471,1775364300000,1.37449483610238,0.0,51.91993327088969,1.5201039342274498,0.5560975609756108,0.44390243902438925,0.5354724695196756,-0.1729746637472631,0.07453476172069141,0.005288,0.00038564285714285735
RLS,472,1775365200000,1.3039332538736592,0.0,59.31580612139541,7.395872850505718,0.42313546423135506,0.5768645357686449,1.5145350703428198,-0.09305598999061615,0.07379615494087514,0.005799,0.00040742857142857166
RLS,474,1775367000000,1.0035906642728905,0.0,58.805369510774476,-1.1602543534062164,0.20799999999999966,0.4880000000000019,0.3698146421416608,-0.12730685017203636,0.07009478918470946,0.00558,0.0003866428571428574
RLS,2749,1777414500000,1.028201438848921,0.0,78.07821737573289,4.453786079821938,0.15577889447236073,0.8442211055276393,1.6306360115274483,0.027405247813411027,0.035448447916240654,0.007048,0.0002476428571428572
RLS,2750,1777415400000,1.2720777364961418,0.0,85.1338881335335,7.055670757800613,0.23626943005181414,0.7637305699481859,3.7792975439327066,0.1279795686719638,0.038813038813038825,0.00795,0.0002997142857142858
RLS,2751,1777416300000,1.5454017986655062,0.0,89.61759066531815,4.483702531784644,0.11852502194907785,0.8814749780509221,3.8616991119685546,0.10364779874213847,0.04223372414135235,0.008774,0.00036485714285714295
RLS,2752,1777417200000,1.9293540945790078,0.0,92.58907569857342,2.971485033255277,0.24479495268138773,0.7552050473186123,4.238256943747398,0.15785274675176653,0.04719505241457959,0.010159,0.0004611428571428572
RLS,2753,1777418100000,1.951793400286944,0.0,65.23531066036375,-27.353765038209673,0.22825607064017667,0.09227373068432711,3.7140784430028924,0.012599665321389786,0.07183643716264297,0.010287,0.0005912857142857143
RLS,2754,1777419000000,1.5596566523605153,0.0,67.76589350234497,2.5305828419812144,0.29130434782608694,0.7086956521739131,2.3023142959674057,-0.13035870516185466,0.07643877432519866,0.008946,0.0006582142857142857
RLS,2755,1777419900000,1.5222660653889517,0.0,69.26840149090295,1.50250798855798,0.168614357262104,0.831385642737896,1.3096523081957812,-0.13006707494896463,0.07762851976233533,0.008949,0.0006868571428571429
RLS,2756,1777420800000,1.6544221531506071,0.0,69.83699526446736,0.568593773564416,0.5593635250917981,0.4406364749082019,2.004057667250505,-0.08680859337027313,0.08257005386914754,0.009394,0.0007379285714285716
RLS,2757,1777421700000,1.5786931818181817,0.0,66.71534910051852,-3.1216461639488386,0.22742474916388095,0.41638795986621974,0.9537680511920621,-0.1176241858656556,0.08780443891580465,0.009077,0.000766357142857143
RLS,2758,1777422600000,1.5033651149747613,0.0,67.1765085756443,0.4611594751257826,0.22330097087378561,0.7766990291262144,0.9645855767275175,-0.13220569651015845,0.09120979146010436,0.008927,0.0008016428571428572
RLS,2759,1777423500000,1.5458600501812096,0.0,67.54956995599761,0.37306138035330605,0.5595463137996208,0.44045368620037917,1.0200553626837578,-0.11227763196267126,0.09098331501002392,0.009132,0.0008039285714285714
RLS,2760,1777424400000,1.4817981246552674,0.0,68.52499763723691,0.9754276812392959,0.11671087533156649,0.8832891246684336,0.6830014997353127,-0.12520657140079705,0.09109834888729362,0.008999,0.0008157857142857143
RLS,2761,1777425300000,1.4852780806979284,0.0,65.14048087765951,-3.3845167595773944,0.25996810207336757,0.4385964912280683,0.9200970656463797,-0.11383299309808481,0.09660461628740954,0.009116,0.0008466428571428572
RLS,2762,1777426200000,1.3104524180967236,0.0,62.295373900005025,-2.8451069776544884,0.2407045009784736,0.4403131115459879,0.7151323235222848,-0.13619130941965585,0.10114617940199334,0.008886,0.0008698571428571428
RLS,2763,1777427100000,1.2866930171277997,0.0,59.2695734717705,-3.0258004282345254,0.16142557651991757,0.4633123689727478,0.6682737766238651,-0.15641100418003295,0.10395393018285443,0.008678,0.0008755000000000001
RLS,2764,1777428000000,1.1642585551330802,0.0,56.18219768160228,-3.087375790168217,0.17692307692307738,0.533846153846153,1.0039390858164423,-0.1700204141149022,0.10358227079538558,0.008538,0.0008530000000000001
RLS,2765,1777428900000,1.1726315789473682,0.0,47.74589583385355,-8.43630184774873,0.028727770177838837,0.16552667578659436,1.3007310911081214,-0.19743365412656755,0.10775008407757557,0.008256,0.0008238571428571428
RLS,2766,1777429800000,1.030248654191233,0.0,46.89612144736538,-0.8497743864881713,0.4754385964912271,0.4035087719298247,1.2045972147304054,-0.2300962379702537,0.0991236336223144,0.00792,0.0007513571428571431
RLS,2767,1777430700000,1.11663179916318,0.0,51.03416003404909,4.138038586683706,0.4255725190839712,0.5744274809160288,0.795692520634403,-0.2131816856226304,0.07965950959217381,0.008094,0.0006270000000000001
RLS,2768,1777431600000,1.0126806999746387,0.0,46.66098139194193,-4.373178642107156,0.11985018726591713,0.2696629213483144,0.7166996720226365,-0.22854087683484003,0.07725947521865892,0.007936,0.0005830000000000002
RLS,2773,1777436100000,1.048158640226629,0.0,49.46008960019153,7.692916522726776,0.4323271665043816,0.5676728334956184,1.5165428935896952,-0.22688830562846307,0.08005631337632939,0.007953,0.0006011428571428574
RLS,2774,1777437000000,1.0257864878803509,0.0,51.64406172270219,2.18397212251066,0.30642201834862454,0.6935779816513754,1.2109007337688553,-0.16372152437726206,0.07974286085874073,0.007856,0.0006131428571428575
RLS,2813,1777472100000,1.0561419267909273,0.0,62.982950119708185,0.26079005523327936,0.8025936599423628,0.1974063400576373,1.3597981407978075,0.02565251484261233,0.059824232053561036,0.009156,0.0005144285714285714
RLS,2817,1777475700000,1.1096153846153847,0.0,72.13026762471236,6.2115712941784125,0.5344827586206893,0.4655172413793107,2.5758011949757056,0.07830930537352554,0.05412928456406718,0.009873,0.0005042142857142858
SOON,1626,1776403800000,1.095271700776288,0.0,93.31520346960124,0.8306323584520072,0.2774049217002241,0.7225950782997759,8.374738012695886,0.0855575868372942,0.054180266131057,0.2969,0.015414285714285715
SOON,1627,1776404700000,1.0141143260409318,0.0,66.50907226413989,-26.806131205461355,0.015100671140939801,0.1610738255033557,5.338907191864693,-0.038733580330077455,0.08286806651292633,0.2854,0.01950714285714286
SOPH,15443,1788839100000,1.071827057182706,0.0,89.24817897616445,5.368460074981698,0.3131782945736443,0.6868217054263557,4.654481061305202,0.1326725123903929,0.04371841579504057,0.008913,0.0003720000000000002
SOPH,15444,1788840000000,1.0673799226041427,0.0,90.34065683667535,1.092477860510897,0.4627092846270938,0.5372907153729062,2.2170786175750408,0.018961068102771206,0.04552778049018652,0.009082,0.00039964285714285725
SOPH,15446,1788841800000,1.2081468218442257,0.0,91.73587734577771,2.8772152020849546,0.24171686746987972,0.7582831325301203,3.1790940192016794,0.08632459810614401,0.05203921275162762,0.009866,0.0004967142857142857
SOPH,15447,1788842700000,1.2645828747523664,0.0,92.61306353147343,0.8771861856957202,0.47607655502392443,0.5239234449760756,2.7130400926757656,0.04277316034867229,0.05455005055611729,0.010288,0.0005394999999999999
SOPH,15448,1788843600000,1.2854743912678424,0.0,94.10212096763738,1.4890574361639466,0.1886490807354117,0.8113509192645884,2.5735620506565615,0.058320373250388746,0.0575344670350303,0.010888,0.0006128571428571427
SOPH,15449,1788844500000,1.4113341698034296,0.0,95.0757178928053,0.9735969251679251,0.1545530492898909,0.8454469507101091,2.491184612298718,0.059055841293166766,0.05774218730326609,0.011531,0.0006551428571428571
SOPH,15450,1788845400000,1.38483724763082,0.0,67.07101230143974,-28.004705591365564,0.09344608879492561,0.2135306553911207,2.897933509013954,0.003902523631948762,0.08330147621008055,0.011576,0.0008093571428571427
SOPH,15451,1788846300000,1.120294599018003,0.0,69.87344886381999,2.802436562380251,0.21303258145363407,0.7869674185463659,1.4311539148867973,-0.10469937802349683,0.08420919868830404,0.010364,0.0008584285714285713
SOPH,15452,1788847200000,1.2569289904916041,0.0,72.31526210891195,2.4418132450919643,0.45761166818596116,0.5423883318140388,1.3748677561126994,-0.03628196268140982,0.08651344900640937,0.011156,0.0009217142857142855
SOPH,15453,1788848100000,1.2273476112026356,0.0,63.964649401316926,-8.350612707595026,0.12412723041117057,0.34057408844065085,1.311478742930679,-0.06565307532826536,0.09825549726211974,0.010816,0.0009792142857142853
SOPH,15454,1788849000000,1.0965966985938458,0.0,65.1123477461574,1.147698344840471,0.20710059171597575,0.7928994082840243,0.887722314655226,-0.1112646855563234,0.0993158398558477,0.010288,0.0010078571428571426
SOPH,15455,1788849900000,1.159356136820926,0.0,66.84321772542629,1.7308699792688884,0.4819466248037673,0.5180533751962327,0.7716394556816334,-0.07290946786454733,0.09750599520383692,0.010732,0.0010164999999999998
SOPH,15456,1788850800000,1.1264717823792125,0.0,64.85422580662123,-1.9889919188050555,0.08116883116883064,0.6607142857142873,0.7374575953455031,-0.09511057360055286,0.10150705518911242,0.010475,0.0010420714285714282
SOPH,15457,1788851700000,1.1645338208409508,0.0,65.89221699860308,1.0379911919818454,0.40033500837521147,0.5996649916247886,0.836451111812022,-0.0794747753973738,0.09528380806099916,0.010656,0.0009925714285714282
SOPH,15458,1788852600000,1.2047774601878318,0.0,60.6894331841842,-5.202783814418872,0.3689788053949904,0.2398843930635833,0.9873926661571509,-0.06712163096060819,0.10187669473383756,0.010799,0.001019785714285714
SOPH,15459,1788853500000,1.1252313386798272,0.0,62.75169735222728,2.062264168043079,0.1268498942917566,0.8731501057082434,0.5330744986046446,-0.10720456116102273,0.0987000347584289,0.010335,0.001014142857142857
SOPH,15460,1788854400000,1.1393827917433068,0.0,60.90780693906928,-1.8438904131580003,0.3655303030303034,0.3655303030303034,0.7367749518988114,-0.0957152729785763,0.0944438961807954,0.010468,0.0009569999999999998
SOPH,15461,1788855300000,1.043313373253493,0.0,60.98605405790498,0.0782471188356979,0.12071156289707707,0.8792884371029229,0.9388472130116984,-0.11567035245335178,0.09401498718201537,0.010237,0.0009534999999999998
SOPH,15462,1788856200000,1.0661386138613862,0.0,61.61127440308152,0.6252203451765368,0.5614035087719303,0.43859649122806965,0.5410086882495002,-0.09865238424326184,0.08742829159087727,0.010434,0.0008926428571428569
SOPH,15463,1788857100000,1.1018081761006293,0.0,63.39501014318533,1.7837357401038147,0.5131810193321626,0.48681898066783735,0.5347117403927222,-0.07619212163096056,0.08150218364600213,0.010694,0.0008477857142857141
SOPH,15464,1788858000000,1.135140482785912,0.0,63.51861199566627,0.12360185248093813,0.8300220750551862,0.16997792494481376,0.8250279749775673,-0.06781271596406346,0.06828749742815993,0.010791,0.0007112142857142856
SOPH,15465,1788858900000,1.2233201581027666,0.0,69.27659265383389,5.757980658167618,0.1718750000000004,0.8281249999999996,1.1942885813234425,-0.02816171389080857,0.06520394355306397,0.01125,0.0007227857142857141
SOPH,15466,1788859800000,1.4259296082720225,0.0,73.55661855554287,4.2800259017089815,0.41156169111302837,0.5884383088869717,2.0970687796672562,0.05390463026952319,0.06203312170214839,0.0122,0.0007272142857142857
SOPH,15467,1788860700000,1.517846339987901,0.0,68.58902165315502,-4.967596902387854,0.5677083333333333,0.20312499999999925,1.897022473525343,0.02344262295081956,0.06405106063450347,0.012486,0.0007311428571428572
SOPH,15468,1788861600000,1.323529411764706,0.0,57.21354709407541,-11.375474559079606,0.17598533455545323,0.04674610449129303,1.7041005243212155,-0.06991830850552627,0.07195552012538677,0.011613,0.0007607857142857144
SOPH,15469,1788862500000,1.170902541524915,0.0,57.376293432261825,0.16274633818641604,0.40472440944881927,0.5952755905511807,1.3877629329293169,-0.13118692936088427,0.0718197391316077,0.010848,0.0007606428571428572
SOPH,15470,1788863400000,1.2298919567827133,0.0,58.60105005888873,1.224756626626906,0.5456885456885467,0.45431145431145326,0.9361608730778092,-0.1074002883229217,0.07202153317254521,0.011145,0.0007721428571428572
SOPH,15471,1788864300000,1.139925004933886,0.0,56.67199572657571,-1.9290543323130223,0.28893905191873465,0.4018058690744939,0.6111645326039565,-0.13158737786320684,0.07195527104772709,0.010843,0.0007611428571428572
SOPH,15472,1788865200000,1.0991523753203234,0.0,50.46654975836663,-6.205445968209077,0.0703933747412012,0.4130434782608697,1.2335083316508892,-0.14712477975332372,0.07498512199960325,0.010649,0.000756
SOPH,15473,1788866100000,1.0326,0.0,47.860855601310796,-2.6056941570558365,0.1268057784911732,0.5024077046548967,0.9586728812264533,-0.1860483741790806,0.07781531368256223,0.010163,0.0007667142857142857
SOPH,15474,1788867000000,1.0703156212544944,0.0,40.77244587308735,-7.088409728223446,0.34391891891891935,0.17094594594594573,1.5929236160587867,-0.169950344385712,0.09135539955283854,0.010364,0.0008347142857142857
SPK,2222,1776940200000,1.04155672823219,0.0,71.25051326768046,0.5519743931206733,0.4964788732394355,0.5035211267605645,1.6970316136408012,0.011603203137767526,0.045273126608884565,0.0619,0.0027385714285714275
SPK,2223,1776941100000,1.0637953367875643,0.0,75.05340010849746,3.8028868408169956,0.16353887399463804,0.8364611260053619,1.7507663494269365,0.029563812600969186,0.045808437443418414,0.06373,0.00289142857142857
SPK,2224,1776942000000,1.0546272493573263,0.0,68.08365481436273,-6.969745294134725,0.19239904988123316,0.3562945368171026,1.6708005491805402,0.0032951514200534326,0.049298896432654365,0.06394,0.003018571428571427
SPK,2225,1776942900000,1.0139837398373985,0.0,63.35670379664736,-4.726951017715372,0.2564102564102565,0.22710622710622577,1.206600379814898,-0.03143572098842662,0.05018627310502935,0.06193,0.0030021428571428556
TRUMP,13815,1787373900000,1.0586475164572113,0.0,94.51638364763797,1.6385852032307895,0.44526901669758756,0.5547309833024124,5.143482054497665,0.15127175368139212,0.051406250000000014,3.44,0.16450000000000006
TRUMP,13816,1787374800000,1.1980906921241052,0.0,79.43081826142284,-15.085565386215123,0.43525179856115104,0.387589928057554,6.250915843203089,0.07093023255813957,0.0805860805860806,3.684,0.24200000000000005
UB,277,1777632300000,1.1523449795404468,0.0,76.77571392989145,-9.177689136880986,0.7607329842931935,0.13219895287958114,5.132271178719582,0.25238095238095215,0.0869469301087871,0.13676,0.00900857142857143
UB,284,1777638600000,1.001389854065323,0.0,68.37680081460623,0.020173521012154083,0.8327759197324411,0.16722408026755883,1.199563115897674,-0.15764843521497507,0.10003182559573537,0.1152,0.010776428571428572
UB,297,1777650300000,1.086597040905135,0.0,77.36536474490565,4.831375360941394,0.3565270935960601,0.64347290640394,1.5557792490719273,0.03140460314046023,0.06501314128432772,0.14385,0.008975714285714285
UB,298,1777651200000,1.1172224628266205,0.0,77.37036106457045,0.004996319664797966,0.6229151559100797,0.3770848440899203,1.8249505151408298,0.01953423705248536,0.06750199174331864,0.14666,0.009320000000000004
UB,299,1777652100000,1.08455114822547,0.0,76.01510131032431,-1.3552597542461342,0.25,0.6409883720930231,0.7614832035614797,-0.04684303831992376,0.06732969913861263,0.13979,0.009245714285714286
UB,300,1777653000000,1.1403977441377262,0.0,77.7707057140402,1.7556044037158927,0.5417867435158501,0.4582132564841499,0.9416787803714485,-0.016637119869085115,0.06598726632900062,0.14422,0.009268571428571428
UB,301,1777653900000,1.1812785388127853,0.0,68.06521761211738,-9.705488101922825,0.23789649415692768,0.2879799666110193,0.9822338461305168,-0.022841947361243786,0.07196913488648166,0.14331,0.009699999999999999
UB,302,1777654800000,1.1409315560880637,0.0,72.97056741065381,4.9053497985364345,0.03612716763005786,0.9638728323699421,1.134361633401192,-0.025296604391108812,0.07170435741864313,0.14295,0.010214285714285714
UB,303,1777655700000,1.1832755632582321,0.0,74.30606469530618,1.3354972846523623,0.6380182002022249,0.36198179979777517,1.4560075994143145,0.030751397790808488,0.07254294787085067,0.15117,0.010508571428571426
UB,304,1777656600000,1.0919175911251982,0.0,59.83922147466614,-14.466843220640037,0.021840873634945593,0.11934477379095193,1.2457791418296873,-0.039491962691010185,0.08084321025848916,0.1452,0.010825714285714284
UB,347,1777695300000,1.0714960205045192,0.0,63.22516198581479,-3.0839725861834353,0.38555347091932474,0.5056285178236402,2.98699877024435,0.02006111332536209,0.06029126795453184,0.15356,0.008622857142857144
UB,350,1777698000000,1.0311037709881639,0.0,59.8875370343376,-1.1619589397088816,0.7758064516129023,0.07741935483871121,1.0637641004012446,-0.03894243292524102,0.06248615335038567,0.14758,0.008864285714285712
UB,351,1777698900000,1.008667691877534,0.0,51.10393981513512,-8.783597219202477,0.11096938775510151,0.3705357142857149,1.7248069967018755,-0.06433967178952849,0.0676278732104156,0.14368,0.009049285714285713
UB,353,1777700700000,1.0331944444444443,0.0,58.74214048471271,1.9570862279028916,0.5194401244167941,0.48055987558320584,0.9719618435262541,-0.046691846835113404,0.06344435012732806,0.14639,0.00907571428571428
UB,354,1777701600000,1.1364659538548114,0.0,63.0995980650092,4.357457580296483,0.23749999999999988,0.7625000000000002,1.262697242630907,-0.01107059129981769,0.062265415549597816,0.15186,0.009289999999999994
UB,355,1777702500000,1.2094811914417565,0.0,63.22203044639051,0.12243238138131574,0.769642857142857,0.230357142857143,1.3759521555364127,0.02891377963011199,0.06331407914618514,0.158,0.009457857142857138
UB,356,1777703400000,1.1771412284452043,0.0,63.39641669003679,0.17438624364627486,0.6057692307692302,0.39423076923076983,0.6431919013509932,-0.03310126582278494,0.06400977714973165,0.15277,0.00957714285714285
UB,357,1777704300000,1.2824909747292423,0.0,58.78148935248168,-4.614927337555109,0.22756410256410461,0.3792735042735037,0.9838395162917246,-0.03962025316455686,0.06764495697545785,0.15174,0.009871428571428564
UB,358,1777705200000,1.2759921533122078,0.0,59.317359173592806,0.5358698211111275,0.6266471449487521,0.37335285505124793,0.6909985231189273,-0.0453797468354431,0.06779743627235946,0.15083,0.00993571428571428
UB,359,1777706100000,1.2364126366222488,0.0,59.42730407901235,0.10994490541954605,0.4238618524332813,0.5761381475667187,0.5630862105238893,-0.05462025316455699,0.06638810156912014,0.14937,0.009737142857142852
UB,360,1777707000000,1.2886659679592753,0.0,61.46474106631325,2.0374369873009,0.5888399412628481,0.41116005873715183,0.5995168535200541,-0.03253164556962029,0.06319880992370071,0.15286,0.009407142857142852
UB,361,1777707900000,1.1481062747314867,0.0,59.77430823180329,-1.6904328345099628,0.6299999999999967,0.1420000000000031,0.5389546599276233,-0.03797468354430378,0.055794655550934706,0.152,0.008241428571428566
